Object,Property,Property split,Type,Access
_CheckBoxInOption,Application,Application,Application,R_O
_CheckBoxInOption,Parent,Parent,Object,R_O
_CheckBoxInOption,OldValue,Old Value,Variant,R_O
_CheckBoxInOption,Properties,Properties,Properties,R_O
_CheckBoxInOption,Controls,Controls,Children,R_O
_CheckBoxInOption,Value,Value,Variant,V
_CheckBoxInOption,EventProcPrefix,Event Proc Prefix,String,V
_CheckBoxInOption,ControlType,Control Type,Byte,V
_CheckBoxInOption,OptionValue,Option Value,Long,V
_CheckBoxInOption,ControlSource,Control Source,String,V
_CheckBoxInOption,DefaultValue,Default Value,String,V
_CheckBoxInOption,ValidationRule,Validation Rule,String,V
_CheckBoxInOption,ValidationText,Validation Text,String,V
_CheckBoxInOption,StatusBarText,Status Bar Text,String,V
_CheckBoxInOption,Visible,Visible,Boolean,V
_CheckBoxInOption,DisplayWhen,Display When,Byte,V
_CheckBoxInOption,Enabled,Enabled,Boolean,V
_CheckBoxInOption,Locked,Locked,Boolean,V
_CheckBoxInOption,TripleState,Triple State,Boolean,V
_CheckBoxInOption,TabStop,Tab Stop,Boolean,V
_CheckBoxInOption,TabIndex,Tab Index,Integer,V
_CheckBoxInOption,HideDuplicates,Hide Duplicates,Boolean,V
_CheckBoxInOption,Left,Left,Integer,V
_CheckBoxInOption,Top,Top,Integer,V
_CheckBoxInOption,Width,Width,Integer,V
_CheckBoxInOption,Height,Height,Integer,V
_CheckBoxInOption,SpecialEffect,Special Effect,Byte,V
_CheckBoxInOption,BorderStyle,Border Style,Byte,V
_CheckBoxInOption,OldBorderStyle,Old Border Style,Byte,V
_CheckBoxInOption,BorderWidth,Border Width,Byte,V
_CheckBoxInOption,BorderColor,Border Color,Long,V
_CheckBoxInOption,ShortcutMenuBar,Shortcut Menu Bar,String,V
_CheckBoxInOption,ControlTipText,Control Tip Text,String,V
_CheckBoxInOption,HelpContextId,Help Context Id,Long,V
_CheckBoxInOption,ColumnWidth,Column Width,Integer,V
_CheckBoxInOption,ColumnOrder,Column Order,Integer,V
_CheckBoxInOption,ColumnHidden,Column Hidden,Boolean,V
_CheckBoxInOption,AutoLabel,Auto Label,Boolean,V
_CheckBoxInOption,AddColon,Add Colon,Boolean,V
_CheckBoxInOption,LabelX,Label X,Integer,V
_CheckBoxInOption,LabelY,Label Y,Integer,V
_CheckBoxInOption,LabelAlign,Label Align,Byte,V
_CheckBoxInOption,Section,Section,Integer,V
_CheckBoxInOption,Tag,Tag,String,V
_CheckBoxInOption,IsVisible,Is Visible,Boolean,V
_CheckBoxInOption,InSelection,In Selection,Boolean,V
_CheckBoxInOption,BeforeUpdate,Before Update,String,V
_CheckBoxInOption,AfterUpdate,After Update,String,V
_CheckBoxInOption,OnEnter,On Enter,String,V
_CheckBoxInOption,OnExit,On Exit,String,V
_CheckBoxInOption,OnGotFocus,On Got Focus,String,V
_CheckBoxInOption,OnLostFocus,On Lost Focus,String,V
_CheckBoxInOption,OnClick,On Click,String,V
_CheckBoxInOption,OnDblClick,On Dbl Click,String,V
_CheckBoxInOption,OnMouseDown,On Mouse Down,String,V
_CheckBoxInOption,OnMouseMove,On Mouse Move,String,V
_CheckBoxInOption,OnMouseUp,On Mouse Up,String,V
_CheckBoxInOption,OnKeyDown,On Key Down,String,V
_CheckBoxInOption,OnKeyUp,On Key Up,String,V
_CheckBoxInOption,OnKeyPress,On Key Press,String,V
_CheckBoxInOption,ReadingOrder,Reading Order,Byte,V
_CheckBoxInOption,Name,Name,String,V
_CheckBoxInOption,Layout,Layout,AcLayoutType,R_O
_CheckBoxInOption,LeftPadding,Left Padding,Integer,V
_CheckBoxInOption,TopPadding,Top Padding,Integer,V
_CheckBoxInOption,RightPadding,Right Padding,Integer,V
_CheckBoxInOption,BottomPadding,Bottom Padding,Integer,V
_CheckBoxInOption,GridlineStyleLeft,Gridline Style Left,Byte,V
_CheckBoxInOption,GridlineStyleTop,Gridline Style Top,Byte,V
_CheckBoxInOption,GridlineStyleRight,Gridline Style Right,Byte,V
_CheckBoxInOption,GridlineStyleBottom,Gridline Style Bottom,Byte,V
_CheckBoxInOption,GridlineWidthLeft,Gridline Width Left,Byte,V
_CheckBoxInOption,GridlineWidthTop,Gridline Width Top,Byte,V
_CheckBoxInOption,GridlineWidthRight,Gridline Width Right,Byte,V
_CheckBoxInOption,GridlineWidthBottom,Gridline Width Bottom,Byte,V
_CheckBoxInOption,GridlineColor,Gridline Color,Long,V
_CheckBoxInOption,HorizontalAnchor,Horizontal Anchor,AcHorizontalAnchor,V
_CheckBoxInOption,VerticalAnchor,Vertical Anchor,AcVerticalAnchor,V
_CheckBoxInOption,LayoutID,Layout ID,Long,R_O
_CheckBoxInOption,BorderThemeColorIndex,Border Theme Color Index,Long,V
_CheckBoxInOption,BorderTint,Border Tint,Single,V
_CheckBoxInOption,BorderShade,Border Shade,Single,V
_CheckBoxInOption,GridlineThemeColorIndex,Gridline Theme Color Index,Long,V
_CheckBoxInOption,GridlineTint,Gridline Tint,Single,V
_CheckBoxInOption,GridlineShade,Gridline Shade,Single,V
_ChildLabel,Application,Application,Application,R_O
_ChildLabel,Parent,Parent,Object,R_O
_ChildLabel,Properties,Properties,Properties,R_O
_ChildLabel,Hyperlink,Hyperlink,_Hyperlink,R_O
_ChildLabel,EventProcPrefix,Event Proc Prefix,String,V
_ChildLabel,ControlType,Control Type,Byte,V
_ChildLabel,Caption,Caption,String,V
_ChildLabel,HyperlinkAddress,Hyperlink Address,String,V
_ChildLabel,HyperlinkSubAddress,Hyperlink Sub Address,String,V
_ChildLabel,Visible,Visible,Boolean,V
_ChildLabel,DisplayWhen,Display When,Byte,V
_ChildLabel,Vertical,Vertical,Boolean,V
_ChildLabel,Left,Left,Integer,V
_ChildLabel,Top,Top,Integer,V
_ChildLabel,Width,Width,Integer,V
_ChildLabel,Height,Height,Integer,V
_ChildLabel,BackStyle,Back Style,Byte,V
_ChildLabel,BackColor,Back Color,Long,V
_ChildLabel,SpecialEffect,Special Effect,Byte,V
_ChildLabel,BorderStyle,Border Style,Byte,V
_ChildLabel,OldBorderStyle,Old Border Style,Byte,V
_ChildLabel,BorderColor,Border Color,Long,V
_ChildLabel,BorderWidth,Border Width,Byte,V
_ChildLabel,ForeColor,Fore Color,Long,V
_ChildLabel,FontName,Font Name,String,V
_ChildLabel,FontSize,Font Size,Integer,V
_ChildLabel,FontWeight,Font Weight,Integer,V
_ChildLabel,FontItalic,Font Italic,Boolean,V
_ChildLabel,FontUnderline,Font Underline,Boolean,V
_ChildLabel,TextAlign,Text Align,Byte,V
_ChildLabel,FontBold,Font Bold,Integer,V
_ChildLabel,ControlTipText,Control Tip Text,String,V
_ChildLabel,HelpContextId,Help Context Id,Long,V
_ChildLabel,Section,Section,Integer,V
_ChildLabel,IsVisible,Is Visible,Boolean,V
_ChildLabel,InSelection,In Selection,Boolean,V
_ChildLabel,OnClick,On Click,String,V
_ChildLabel,OnDblClick,On Dbl Click,String,V
_ChildLabel,OnMouseDown,On Mouse Down,String,V
_ChildLabel,OnMouseMove,On Mouse Move,String,V
_ChildLabel,OnMouseUp,On Mouse Up,String,V
_ChildLabel,ShortcutMenuBar,Shortcut Menu Bar,String,V
_ChildLabel,Tag,Tag,String,V
_ChildLabel,ReadingOrder,Reading Order,Byte,V
_ChildLabel,NumeralShapes,Numeral Shapes,Byte,V
_ChildLabel,Name,Name,String,V
_ChildLabel,LeftMargin,Left Margin,Integer,V
_ChildLabel,TopMargin,Top Margin,Integer,V
_ChildLabel,LineSpacing,Line Spacing,Integer,V
_ChildLabel,RightMargin,Right Margin,Integer,V
_ChildLabel,BottomMargin,Bottom Margin,Integer,V
_ChildLabel,SmartTags,Smart Tags,_SmartTags,R_O
_ChildLabel,Layout,Layout,AcLayoutType,R_O
_ChildLabel,LeftPadding,Left Padding,Integer,V
_ChildLabel,TopPadding,Top Padding,Integer,V
_ChildLabel,RightPadding,Right Padding,Integer,V
_ChildLabel,BottomPadding,Bottom Padding,Integer,V
_ChildLabel,GridlineStyleLeft,Gridline Style Left,Byte,V
_ChildLabel,GridlineStyleTop,Gridline Style Top,Byte,V
_ChildLabel,GridlineStyleRight,Gridline Style Right,Byte,V
_ChildLabel,GridlineStyleBottom,Gridline Style Bottom,Byte,V
_ChildLabel,GridlineWidthLeft,Gridline Width Left,Byte,V
_ChildLabel,GridlineWidthTop,Gridline Width Top,Byte,V
_ChildLabel,GridlineWidthRight,Gridline Width Right,Byte,V
_ChildLabel,GridlineWidthBottom,Gridline Width Bottom,Byte,V
_ChildLabel,GridlineColor,Gridline Color,Long,V
_ChildLabel,HorizontalAnchor,Horizontal Anchor,AcHorizontalAnchor,V
_ChildLabel,VerticalAnchor,Vertical Anchor,AcVerticalAnchor,V
_ChildLabel,LayoutID,Layout ID,Long,R_O
_ChildLabel,BackThemeColorIndex,Back Theme Color Index,Long,V
_ChildLabel,BackTint,Back Tint,Single,V
_ChildLabel,BackShade,Back Shade,Single,V
_ChildLabel,BorderThemeColorIndex,Border Theme Color Index,Long,V
_ChildLabel,BorderTint,Border Tint,Single,V
_ChildLabel,BorderShade,Border Shade,Single,V
_ChildLabel,ForeThemeColorIndex,Fore Theme Color Index,Long,V
_ChildLabel,ForeTint,Fore Tint,Single,V
_ChildLabel,ForeShade,Fore Shade,Single,V
_ChildLabel,ThemeFontIndex,Theme Font Index,Long,V
_ChildLabel,GridlineThemeColorIndex,Gridline Theme Color Index,Long,V
_ChildLabel,GridlineTint,Gridline Tint,Single,V
_ChildLabel,GridlineShade,Gridline Shade,Single,V
_ControlInReportEvents,Application,Application,Application,R_O
_ControlInReportEvents,Parent,Parent,Object,R_O
_ControlInReportEvents,Column,Column,Variant,R_O
_ControlInReportEvents,Selected,Selected,Long,V
_ControlInReportEvents,OldValue,Old Value,Variant,R_O
_ControlInReportEvents,Form,Form,Form,R_O
_ControlInReportEvents,Report,Report,Report,R_O
_ControlInReportEvents,ItemData,Item Data,Variant,R_O
_ControlInReportEvents,Object,Object,Object,R_O
_ControlInReportEvents,ObjectVerbs,Object Verbs,String,R_O
_ControlInReportEvents,Properties,Properties,Properties,R_O
_ControlInReportEvents,ItemsSelected,Items Selected,_ItemsSelected,R_O
_ControlInReportEvents,Pages,Pages,Pages,R_O
_ControlInReportEvents,Controls,Controls,Children,R_O
_ControlInReportEvents,Hyperlink,Hyperlink,_Hyperlink,R_O
_ControlInReportEvents,SmartTags,Smart Tags,_SmartTags,R_O
_ControlInReportEvents,Layout,Layout,AcLayoutType,R_O
_ControlInReportEvents,LeftPadding,Left Padding,Integer,V
_ControlInReportEvents,TopPadding,Top Padding,Integer,V
_ControlInReportEvents,RightPadding,Right Padding,Integer,V
_ControlInReportEvents,BottomPadding,Bottom Padding,Integer,V
_ControlInReportEvents,GridlineStyleLeft,Gridline Style Left,Byte,V
_ControlInReportEvents,GridlineStyleTop,Gridline Style Top,Byte,V
_ControlInReportEvents,GridlineStyleRight,Gridline Style Right,Byte,V
_ControlInReportEvents,GridlineStyleBottom,Gridline Style Bottom,Byte,V
_ControlInReportEvents,GridlineWidthLeft,Gridline Width Left,Byte,V
_ControlInReportEvents,GridlineWidthTop,Gridline Width Top,Byte,V
_ControlInReportEvents,GridlineWidthRight,Gridline Width Right,Byte,V
_ControlInReportEvents,GridlineWidthBottom,Gridline Width Bottom,Byte,V
_ControlInReportEvents,GridlineColor,Gridline Color,Long,V
_ControlInReportEvents,HorizontalAnchor,Horizontal Anchor,AcHorizontalAnchor,V
_ControlInReportEvents,VerticalAnchor,Vertical Anchor,AcVerticalAnchor,V
_ControlInReportEvents,LayoutID,Layout ID,Long,R_O
_ControlInReportEvents,Name,Name,String,V
_CustomControlInReport,Application,Application,Application,R_O
_CustomControlInReport,Parent,Parent,Object,R_O
_CustomControlInReport,OldValue,Old Value,Variant,R_O
_CustomControlInReport,Object,Object,Object,R_O
_CustomControlInReport,ObjectVerbs,Object Verbs,String,R_O
_CustomControlInReport,Properties,Properties,Properties,R_O
_CustomControlInReport,Controls,Controls,Children,R_O
_CustomControlInReport,Value,Value,Variant,V
_CustomControlInReport,EventProcPrefix,Event Proc Prefix,String,V
_CustomControlInReport,ControlType,Control Type,Byte,V
_CustomControlInReport,ControlSource,Control Source,String,V
_CustomControlInReport,OLEClass,OLE Class,String,V
_CustomControlInReport,Verb,Verb,Long,V
_CustomControlInReport,Class,Class,String,V
_CustomControlInReport,Visible,Visible,Boolean,V
_CustomControlInReport,DisplayWhen,Display When,Byte,V
_CustomControlInReport,Enabled,Enabled,Boolean,V
_CustomControlInReport,Locked,Locked,Boolean,V
_CustomControlInReport,TabStop,Tab Stop,Boolean,V
_CustomControlInReport,TabIndex,Tab Index,Integer,V
_CustomControlInReport,Left,Left,Integer,V
_CustomControlInReport,Top,Top,Integer,V
_CustomControlInReport,Width,Width,Integer,V
_CustomControlInReport,Height,Height,Integer,V
_CustomControlInReport,SpecialEffect,Special Effect,Byte,V
_CustomControlInReport,BorderStyle,Border Style,Byte,V
_CustomControlInReport,OldBorderStyle,Old Border Style,Byte,V
_CustomControlInReport,BorderColor,Border Color,Long,V
_CustomControlInReport,BorderWidth,Border Width,Byte,V
_CustomControlInReport,ControlTipText,Control Tip Text,String,V
_CustomControlInReport,HelpContextId,Help Context Id,Long,V
_CustomControlInReport,Section,Section,Integer,V
_CustomControlInReport,Tag,Tag,String,V
_CustomControlInReport,ObjectPalette,Object Palette,Variant,V
_CustomControlInReport,ObjectVerbsCount,Object Verbs Count,Long,V
_CustomControlInReport,IsVisible,Is Visible,Boolean,V
_CustomControlInReport,InSelection,In Selection,Boolean,V
_CustomControlInReport,OnUpdated,On Updated,String,V
_CustomControlInReport,OnEnter,On Enter,String,V
_CustomControlInReport,OnExit,On Exit,String,V
_CustomControlInReport,OnGotFocus,On Got Focus,String,V
_CustomControlInReport,OnLostFocus,On Lost Focus,String,V
_CustomControlInReport,Default,Default,Boolean,V
_CustomControlInReport,Cancel,Cancel,Boolean,V
_CustomControlInReport,Custom,Custom,String,V
_CustomControlInReport,About,About,String,V
_CustomControlInReport,Name,Name,String,V
_CustomControlInReport,BorderThemeColorIndex,Border Theme Color Index,Long,V
_CustomControlInReport,BorderTint,Border Tint,Single,V
_CustomControlInReport,BorderShade,Border Shade,Single,V
_CustomControlInReport,Layout,Layout,AcLayoutType,R_O
_CustomControlInReport,LeftPadding,Left Padding,Integer,V
_CustomControlInReport,TopPadding,Top Padding,Integer,V
_CustomControlInReport,RightPadding,Right Padding,Integer,V
_CustomControlInReport,BottomPadding,Bottom Padding,Integer,V
_CustomControlInReport,GridlineStyleLeft,Gridline Style Left,Byte,V
_CustomControlInReport,GridlineStyleTop,Gridline Style Top,Byte,V
_CustomControlInReport,GridlineStyleRight,Gridline Style Right,Byte,V
_CustomControlInReport,GridlineStyleBottom,Gridline Style Bottom,Byte,V
_CustomControlInReport,GridlineWidthLeft,Gridline Width Left,Byte,V
_CustomControlInReport,GridlineWidthTop,Gridline Width Top,Byte,V
_CustomControlInReport,GridlineWidthRight,Gridline Width Right,Byte,V
_CustomControlInReport,GridlineWidthBottom,Gridline Width Bottom,Byte,V
_CustomControlInReport,GridlineColor,Gridline Color,Long,V
_CustomControlInReport,HorizontalAnchor,Horizontal Anchor,AcHorizontalAnchor,V
_CustomControlInReport,VerticalAnchor,Vertical Anchor,AcVerticalAnchor,V
_CustomControlInReport,LayoutID,Layout ID,Long,R_O
_CustomControlInReport,VarOleObject,Var Ole Object,Variant,V
_Help,FieldName,Field Name,HRESULT,V
_Help,DataType,Data Type,HRESULT,V
_Help,Description,Description,HRESULT,V
_Help,FieldSize,Field Size,HRESULT,V
_Help,NewValues,New Values,HRESULT,V
_Help,Required,Required,HRESULT,V
_Help,AllowZeroLength,Allow Zero Length,HRESULT,V
_Help,Indexed,Indexed,HRESULT,V
_Help,DisplayControl,Display Control,HRESULT,V
_Help,ReplicationConflictFunction,Replication Conflict Function,HRESULT,V
_Help,ProjectName,Project Name,HRESULT,V
_Help,MDE,MDE,HRESULT,V
_Help,AllowBreakIntoCode,Allow Break Into Code,HRESULT,V
_Help,AllowBuiltInToolbars,Allow Built In Toolbars,HRESULT,V
_Help,AllowBypassKey,Allow Bypass Key,HRESULT,V
_Help,AllowFullMenus,Allow Full Menus,HRESULT,V
_Help,AllowSpecialKeys,Allow Special Keys,HRESULT,V
_Help,AllowToolbarChanges,Allow Toolbar Changes,HRESULT,V
_Help,StartUpForm,Start Up Form,HRESULT,V
_Help,StartUpMenuBar,Start Up Menu Bar,HRESULT,V
_Help,StartUpShortcutMenuBar,Start Up Shortcut Menu Bar,HRESULT,V
_Help,StartUpShowDBWindow,Start Up Show DB Window,HRESULT,V
_Help,StartUpShowStatusBar,Start Up Show Status Bar,HRESULT,V
_Help,AppIcon,App Icon,HRESULT,V
_Help,AppTitle,App Title,HRESULT,V
_Help,ODBCConnectStr,ODBC Connect Str,HRESULT,V
_Help,LogMessages,Log Messages,HRESULT,V
_OptionButtonInOption,Application,Application,Application,R_O
_OptionButtonInOption,Parent,Parent,Object,R_O
_OptionButtonInOption,OldValue,Old Value,Variant,R_O
_OptionButtonInOption,Properties,Properties,Properties,R_O
_OptionButtonInOption,Controls,Controls,Children,R_O
_OptionButtonInOption,Value,Value,Variant,V
_OptionButtonInOption,EventProcPrefix,Event Proc Prefix,String,V
_OptionButtonInOption,ControlType,Control Type,Byte,V
_OptionButtonInOption,OptionValue,Option Value,Long,V
_OptionButtonInOption,ControlSource,Control Source,String,V
_OptionButtonInOption,DefaultValue,Default Value,String,V
_OptionButtonInOption,ValidationRule,Validation Rule,String,V
_OptionButtonInOption,ValidationText,Validation Text,String,V
_OptionButtonInOption,StatusBarText,Status Bar Text,String,V
_OptionButtonInOption,Visible,Visible,Boolean,V
_OptionButtonInOption,DisplayWhen,Display When,Byte,V
_OptionButtonInOption,Enabled,Enabled,Boolean,V
_OptionButtonInOption,Locked,Locked,Boolean,V
_OptionButtonInOption,TripleState,Triple State,Boolean,V
_OptionButtonInOption,TabStop,Tab Stop,Boolean,V
_OptionButtonInOption,TabIndex,Tab Index,Integer,V
_OptionButtonInOption,HideDuplicates,Hide Duplicates,Boolean,V
_OptionButtonInOption,Left,Left,Integer,V
_OptionButtonInOption,Top,Top,Integer,V
_OptionButtonInOption,Width,Width,Integer,V
_OptionButtonInOption,Height,Height,Integer,V
_OptionButtonInOption,SpecialEffect,Special Effect,Byte,V
_OptionButtonInOption,BorderStyle,Border Style,Byte,V
_OptionButtonInOption,OldBorderStyle,Old Border Style,Byte,V
_OptionButtonInOption,BorderWidth,Border Width,Byte,V
_OptionButtonInOption,BorderColor,Border Color,Long,V
_OptionButtonInOption,ShortcutMenuBar,Shortcut Menu Bar,String,V
_OptionButtonInOption,ControlTipText,Control Tip Text,String,V
_OptionButtonInOption,HelpContextId,Help Context Id,Long,V
_OptionButtonInOption,ColumnWidth,Column Width,Integer,V
_OptionButtonInOption,ColumnOrder,Column Order,Integer,V
_OptionButtonInOption,ColumnHidden,Column Hidden,Boolean,V
_OptionButtonInOption,AutoLabel,Auto Label,Boolean,V
_OptionButtonInOption,AddColon,Add Colon,Boolean,V
_OptionButtonInOption,LabelX,Label X,Integer,V
_OptionButtonInOption,LabelY,Label Y,Integer,V
_OptionButtonInOption,LabelAlign,Label Align,Byte,V
_OptionButtonInOption,Section,Section,Integer,V
_OptionButtonInOption,Tag,Tag,String,V
_OptionButtonInOption,IsVisible,Is Visible,Boolean,V
_OptionButtonInOption,InSelection,In Selection,Boolean,V
_OptionButtonInOption,BeforeUpdate,Before Update,String,V
_OptionButtonInOption,AfterUpdate,After Update,String,V
_OptionButtonInOption,OnEnter,On Enter,String,V
_OptionButtonInOption,OnExit,On Exit,String,V
_OptionButtonInOption,OnGotFocus,On Got Focus,String,V
_OptionButtonInOption,OnLostFocus,On Lost Focus,String,V
_OptionButtonInOption,OnClick,On Click,String,V
_OptionButtonInOption,OnDblClick,On Dbl Click,String,V
_OptionButtonInOption,OnMouseDown,On Mouse Down,String,V
_OptionButtonInOption,OnMouseMove,On Mouse Move,String,V
_OptionButtonInOption,OnMouseUp,On Mouse Up,String,V
_OptionButtonInOption,OnKeyDown,On Key Down,String,V
_OptionButtonInOption,OnKeyUp,On Key Up,String,V
_OptionButtonInOption,OnKeyPress,On Key Press,String,V
_OptionButtonInOption,ReadingOrder,Reading Order,Byte,V
_OptionButtonInOption,Name,Name,String,V
_OptionButtonInOption,Layout,Layout,AcLayoutType,R_O
_OptionButtonInOption,LeftPadding,Left Padding,Integer,V
_OptionButtonInOption,TopPadding,Top Padding,Integer,V
_OptionButtonInOption,RightPadding,Right Padding,Integer,V
_OptionButtonInOption,BottomPadding,Bottom Padding,Integer,V
_OptionButtonInOption,GridlineStyleLeft,Gridline Style Left,Byte,V
_OptionButtonInOption,GridlineStyleTop,Gridline Style Top,Byte,V
_OptionButtonInOption,GridlineStyleRight,Gridline Style Right,Byte,V
_OptionButtonInOption,GridlineStyleBottom,Gridline Style Bottom,Byte,V
_OptionButtonInOption,GridlineWidthLeft,Gridline Width Left,Byte,V
_OptionButtonInOption,GridlineWidthTop,Gridline Width Top,Byte,V
_OptionButtonInOption,GridlineWidthRight,Gridline Width Right,Byte,V
_OptionButtonInOption,GridlineWidthBottom,Gridline Width Bottom,Byte,V
_OptionButtonInOption,GridlineColor,Gridline Color,Long,V
_OptionButtonInOption,HorizontalAnchor,Horizontal Anchor,AcHorizontalAnchor,V
_OptionButtonInOption,VerticalAnchor,Vertical Anchor,AcVerticalAnchor,V
_OptionButtonInOption,LayoutID,Layout ID,Long,R_O
_OptionButtonInOption,BorderThemeColorIndex,Border Theme Color Index,Long,V
_OptionButtonInOption,BorderTint,Border Tint,Single,V
_OptionButtonInOption,BorderShade,Border Shade,Single,V
_OptionButtonInOption,GridlineThemeColorIndex,Gridline Theme Color Index,Long,V
_OptionButtonInOption,GridlineTint,Gridline Tint,Single,V
_OptionButtonInOption,GridlineShade,Gridline Shade,Single,V
_PageHdrFtrInReport,Application,Application,Application,R_O
_PageHdrFtrInReport,Parent,Parent,Object,R_O
_PageHdrFtrInReport,Properties,Properties,Properties,R_O
_PageHdrFtrInReport,Controls,Controls,Children,R_O
_PageHdrFtrInReport,EventProcPrefix,Event Proc Prefix,String,V
_PageHdrFtrInReport,ForceNewPage,Force New Page,Byte,V
_PageHdrFtrInReport,NewRowOrCol,New Row Or Col,Byte,V
_PageHdrFtrInReport,KeepTogether,Keep Together,Boolean,V
_PageHdrFtrInReport,Visible,Visible,Boolean,V
_PageHdrFtrInReport,DisplayWhen,Display When,Byte,V
_PageHdrFtrInReport,CanGrow,Can Grow,Boolean,V
_PageHdrFtrInReport,CanShrink,Can Shrink,Boolean,V
_PageHdrFtrInReport,RepeatSection,Repeat Section,Boolean,V
_PageHdrFtrInReport,Height,Height,Integer,V
_PageHdrFtrInReport,BackColor,Back Color,Long,V
_PageHdrFtrInReport,SpecialEffect,Special Effect,Byte,V
_PageHdrFtrInReport,Tag,Tag,String,V
_PageHdrFtrInReport,OnFormat,On Format,String,V
_PageHdrFtrInReport,OnPrint,On Print,String,V
_PageHdrFtrInReport,OnRetreat,On Retreat,String,V
_PageHdrFtrInReport,OnClick,On Click,String,V
_PageHdrFtrInReport,OnDblClick,On Dbl Click,String,V
_PageHdrFtrInReport,OnMouseDown,On Mouse Down,String,V
_PageHdrFtrInReport,OnMouseMove,On Mouse Move,String,V
_PageHdrFtrInReport,OnMouseUp,On Mouse Up,String,V
_PageHdrFtrInReport,HasContinued,Has Continued,Boolean,V
_PageHdrFtrInReport,WillContinue,Will Continue,Boolean,V
_PageHdrFtrInReport,InSelection,In Selection,Boolean,V
_PageHdrFtrInReport,Name,Name,String,V
_PageHdrFtrInReport,AutoHeight,Auto Height,Boolean,V
_PageHdrFtrInReport,AlternateBackColor,Alternate Back Color,Long,V
_PageHdrFtrInReport,OnPaint,On Paint,String,V
_PageHdrFtrInReport,BackThemeColorIndex,Back Theme Color Index,Long,V
_PageHdrFtrInReport,BackTint,Back Tint,Single,V
_PageHdrFtrInReport,BackShade,Back Shade,Single,V
_PageHdrFtrInReport,AlternateBackThemeColorIndex,Alternate Back Theme Color Index,Long,V
_PageHdrFtrInReport,AlternateBackTint,Alternate Back Tint,Single,V
_PageHdrFtrInReport,AlternateBackShade,Alternate Back Shade,Single,V
_SectionInReport,Application,Application,Application,R_O
_SectionInReport,Parent,Parent,Object,R_O
_SectionInReport,Properties,Properties,Properties,R_O
_SectionInReport,Controls,Controls,Children,R_O
_SectionInReport,EventProcPrefix,Event Proc Prefix,String,V
_SectionInReport,ForceNewPage,Force New Page,Byte,V
_SectionInReport,NewRowOrCol,New Row Or Col,Byte,V
_SectionInReport,KeepTogether,Keep Together,Boolean,V
_SectionInReport,Visible,Visible,Boolean,V
_SectionInReport,DisplayWhen,Display When,Byte,V
_SectionInReport,CanGrow,Can Grow,Boolean,V
_SectionInReport,CanShrink,Can Shrink,Boolean,V
_SectionInReport,RepeatSection,Repeat Section,Boolean,V
_SectionInReport,Height,Height,Integer,V
_SectionInReport,BackColor,Back Color,Long,V
_SectionInReport,SpecialEffect,Special Effect,Byte,V
_SectionInReport,Tag,Tag,String,V
_SectionInReport,OnFormat,On Format,String,V
_SectionInReport,OnPrint,On Print,String,V
_SectionInReport,OnRetreat,On Retreat,String,V
_SectionInReport,OnClick,On Click,String,V
_SectionInReport,OnDblClick,On Dbl Click,String,V
_SectionInReport,OnMouseDown,On Mouse Down,String,V
_SectionInReport,OnMouseMove,On Mouse Move,String,V
_SectionInReport,OnMouseUp,On Mouse Up,String,V
_SectionInReport,HasContinued,Has Continued,Boolean,V
_SectionInReport,WillContinue,Will Continue,Boolean,V
_SectionInReport,InSelection,In Selection,Boolean,V
_SectionInReport,Name,Name,String,V
_SectionInReport,AutoHeight,Auto Height,Boolean,V
_SectionInReport,AlternateBackColor,Alternate Back Color,Long,V
_SectionInReport,OnPaint,On Paint,String,V
_SectionInReport,BackThemeColorIndex,Back Theme Color Index,Long,V
_SectionInReport,BackTint,Back Tint,Single,V
_SectionInReport,BackShade,Back Shade,Single,V
_SectionInReport,AlternateBackThemeColorIndex,Alternate Back Theme Color Index,Long,V
_SectionInReport,AlternateBackTint,Alternate Back Tint,Single,V
_SectionInReport,AlternateBackShade,Alternate Back Shade,Single,V
_ToggleButtonInOption,Application,Application,Application,R_O
_ToggleButtonInOption,Parent,Parent,Object,R_O
_ToggleButtonInOption,OldValue,Old Value,Variant,R_O
_ToggleButtonInOption,Properties,Properties,Properties,R_O
_ToggleButtonInOption,Controls,Controls,Children,R_O
_ToggleButtonInOption,Value,Value,Variant,V
_ToggleButtonInOption,EventProcPrefix,Event Proc Prefix,String,V
_ToggleButtonInOption,ControlType,Control Type,Byte,V
_ToggleButtonInOption,ControlSource,Control Source,String,V
_ToggleButtonInOption,Caption,Caption,String,V
_ToggleButtonInOption,Picture,Picture,String,V
_ToggleButtonInOption,PictureType,Picture Type,Byte,V
_ToggleButtonInOption,PictureData,Picture Data,Variant,V
_ToggleButtonInOption,OptionValue,Option Value,Long,V
_ToggleButtonInOption,DefaultValue,Default Value,String,V
_ToggleButtonInOption,ValidationRule,Validation Rule,String,V
_ToggleButtonInOption,ValidationText,Validation Text,String,V
_ToggleButtonInOption,StatusBarText,Status Bar Text,String,V
_ToggleButtonInOption,Visible,Visible,Boolean,V
_ToggleButtonInOption,DisplayWhen,Display When,Byte,V
_ToggleButtonInOption,Enabled,Enabled,Boolean,V
_ToggleButtonInOption,Locked,Locked,Boolean,V
_ToggleButtonInOption,TripleState,Triple State,Boolean,V
_ToggleButtonInOption,TabStop,Tab Stop,Boolean,V
_ToggleButtonInOption,TabIndex,Tab Index,Integer,V
_ToggleButtonInOption,HideDuplicates,Hide Duplicates,Boolean,V
_ToggleButtonInOption,Left,Left,Integer,V
_ToggleButtonInOption,Top,Top,Integer,V
_ToggleButtonInOption,Width,Width,Integer,V
_ToggleButtonInOption,Height,Height,Integer,V
_ToggleButtonInOption,ForeColor,Fore Color,Long,V
_ToggleButtonInOption,FontName,Font Name,String,V
_ToggleButtonInOption,FontSize,Font Size,Integer,V
_ToggleButtonInOption,FontWeight,Font Weight,Integer,V
_ToggleButtonInOption,FontItalic,Font Italic,Boolean,V
_ToggleButtonInOption,FontUnderline,Font Underline,Boolean,V
_ToggleButtonInOption,FontBold,Font Bold,Integer,V
_ToggleButtonInOption,ShortcutMenuBar,Shortcut Menu Bar,String,V
_ToggleButtonInOption,ControlTipText,Control Tip Text,String,V
_ToggleButtonInOption,HelpContextId,Help Context Id,Long,V
_ToggleButtonInOption,ColumnWidth,Column Width,Integer,V
_ToggleButtonInOption,ColumnOrder,Column Order,Integer,V
_ToggleButtonInOption,ColumnHidden,Column Hidden,Boolean,V
_ToggleButtonInOption,AutoLabel,Auto Label,Boolean,V
_ToggleButtonInOption,AddColon,Add Colon,Boolean,V
_ToggleButtonInOption,LabelX,Label X,Integer,V
_ToggleButtonInOption,LabelY,Label Y,Integer,V
_ToggleButtonInOption,LabelAlign,Label Align,Byte,V
_ToggleButtonInOption,Section,Section,Integer,V
_ToggleButtonInOption,Tag,Tag,String,V
_ToggleButtonInOption,ObjectPalette,Object Palette,Variant,V
_ToggleButtonInOption,IsVisible,Is Visible,Boolean,V
_ToggleButtonInOption,InSelection,In Selection,Boolean,V
_ToggleButtonInOption,BeforeUpdate,Before Update,String,V
_ToggleButtonInOption,AfterUpdate,After Update,String,V
_ToggleButtonInOption,OnEnter,On Enter,String,V
_ToggleButtonInOption,OnExit,On Exit,String,V
_ToggleButtonInOption,OnGotFocus,On Got Focus,String,V
_ToggleButtonInOption,OnLostFocus,On Lost Focus,String,V
_ToggleButtonInOption,OnClick,On Click,String,V
_ToggleButtonInOption,OnDblClick,On Dbl Click,String,V
_ToggleButtonInOption,OnMouseDown,On Mouse Down,String,V
_ToggleButtonInOption,OnMouseMove,On Mouse Move,String,V
_ToggleButtonInOption,OnMouseUp,On Mouse Up,String,V
_ToggleButtonInOption,OnKeyDown,On Key Down,String,V
_ToggleButtonInOption,OnKeyUp,On Key Up,String,V
_ToggleButtonInOption,OnKeyPress,On Key Press,String,V
_ToggleButtonInOption,ReadingOrder,Reading Order,Byte,V
_ToggleButtonInOption,Name,Name,String,V
_ToggleButtonInOption,Layout,Layout,AcLayoutType,R_O
_ToggleButtonInOption,LeftPadding,Left Padding,Integer,V
_ToggleButtonInOption,TopPadding,Top Padding,Integer,V
_ToggleButtonInOption,RightPadding,Right Padding,Integer,V
_ToggleButtonInOption,BottomPadding,Bottom Padding,Integer,V
_ToggleButtonInOption,GridlineStyleLeft,Gridline Style Left,Byte,V
_ToggleButtonInOption,GridlineStyleTop,Gridline Style Top,Byte,V
_ToggleButtonInOption,GridlineStyleRight,Gridline Style Right,Byte,V
_ToggleButtonInOption,GridlineStyleBottom,Gridline Style Bottom,Byte,V
_ToggleButtonInOption,GridlineWidthLeft,Gridline Width Left,Byte,V
_ToggleButtonInOption,GridlineWidthTop,Gridline Width Top,Byte,V
_ToggleButtonInOption,GridlineWidthRight,Gridline Width Right,Byte,V
_ToggleButtonInOption,GridlineWidthBottom,Gridline Width Bottom,Byte,V
_ToggleButtonInOption,GridlineColor,Gridline Color,Long,V
_ToggleButtonInOption,HorizontalAnchor,Horizontal Anchor,AcHorizontalAnchor,V
_ToggleButtonInOption,VerticalAnchor,Vertical Anchor,AcVerticalAnchor,V
_ToggleButtonInOption,LayoutID,Layout ID,Long,R_O
_ToggleButtonInOption,ForeThemeColorIndex,Fore Theme Color Index,Long,V
_ToggleButtonInOption,ForeTint,Fore Tint,Single,V
_ToggleButtonInOption,ForeShade,Fore Shade,Single,V
_ToggleButtonInOption,ThemeFontIndex,Theme Font Index,Long,V
_ToggleButtonInOption,BackColor,Back Color,Long,V
_ToggleButtonInOption,BackThemeColorIndex,Back Theme Color Index,Long,V
_ToggleButtonInOption,BackTint,Back Tint,Single,V
_ToggleButtonInOption,BackShade,Back Shade,Single,V
_ToggleButtonInOption,BorderColor,Border Color,Long,V
_ToggleButtonInOption,BorderThemeColorIndex,Border Theme Color Index,Long,V
_ToggleButtonInOption,BorderTint,Border Tint,Single,V
_ToggleButtonInOption,BorderShade,Border Shade,Single,V
_ToggleButtonInOption,BorderWidth,Border Width,Byte,V
_ToggleButtonInOption,BorderStyle,Border Style,Byte,V
_ToggleButtonInOption,HoverColor,Hover Color,Long,V
_ToggleButtonInOption,HoverThemeColorIndex,Hover Theme Color Index,Long,V
_ToggleButtonInOption,HoverTint,Hover Tint,Single,V
_ToggleButtonInOption,HoverShade,Hover Shade,Single,V
_ToggleButtonInOption,HoverForeColor,Hover Fore Color,Long,V
_ToggleButtonInOption,HoverForeThemeColorIndex,Hover Fore Theme Color Index,Long,V
_ToggleButtonInOption,HoverForeTint,Hover Fore Tint,Single,V
_ToggleButtonInOption,HoverForeShade,Hover Fore Shade,Single,V
_ToggleButtonInOption,PressedColor,Pressed Color,Long,V
_ToggleButtonInOption,PressedThemeColorIndex,Pressed Theme Color Index,Long,V
_ToggleButtonInOption,PressedTint,Pressed Tint,Single,V
_ToggleButtonInOption,PressedShade,Pressed Shade,Single,V
_ToggleButtonInOption,PressedForeColor,Pressed Fore Color,Long,V
_ToggleButtonInOption,PressedForeThemeColorIndex,Pressed Fore Theme Color Index,Long,V
_ToggleButtonInOption,PressedForeTint,Pressed Fore Tint,Single,V
_ToggleButtonInOption,PressedForeShade,Pressed Fore Shade,Single,V
_ToggleButtonInOption,UseTheme,Use Theme,Boolean,V
_ToggleButtonInOption,Shape,Shape,Long,V
_ToggleButtonInOption,Bevel,Bevel,Long,V
_ToggleButtonInOption,Glow,Glow,Long,V
_ToggleButtonInOption,Shadow,Shadow,Long,V
_ToggleButtonInOption,SoftEdges,Soft Edges,Long,V
_ToggleButtonInOption,GridlineThemeColorIndex,Gridline Theme Color Index,Long,V
_ToggleButtonInOption,GridlineTint,Gridline Tint,Single,V
_ToggleButtonInOption,GridlineShade,Gridline Shade,Single,V
_ToggleButtonInOption,QuickStyle,Quick Style,Long,V
_ToggleButtonInOption,QuickStyleMask,Quick Style Mask,Long,V
_ToggleButtonInOption,Gradient,Gradient,Long,V
AccessField,Value,Value,Variant,V
AccessObject,Parent,Parent,Object,R_O
AccessObject,Name,Name,String,R_O
AccessObject,Type,Type,AcObjectType,R_O
AccessObject,Properties,Properties,AccessObjectProperties,R_O
AccessObject,IsLoaded,Is Loaded,Boolean,R_O
AccessObject,FullName,Full Name,String,V
AccessObject,DateCreated,Date Created,Date,R_O
AccessObject,DateModified,Date Modified,Date,R_O
AccessObject,CurrentView,Current View,AcCurrentView,R_O
AccessObject,IsWeb,Is Web,Boolean,R_O
AccessObjectProperties,Application,Application,Application,R_O
AccessObjectProperties,Parent,Parent,Object,R_O
AccessObjectProperties,Item,Item,AccessObjectProperty,R_O
AccessObjectProperties,Count,Count,Long,R_O
AccessObjectProperty,Name,Name,String,R_O
AccessObjectProperty,Value,Value,Variant,V
AccessProperty,Properties,Properties,Properties,R_O
AccessProperty,Value,Value,Variant,V
AccessProperty,Name,Name,String,V
AccessProperty,Type,Type,Integer,V
AccessProperty,Inherited,Inherited,Boolean,R_O
AccessProperty,Application,Application,Application,R_O
AccessProperty,Parent,Parent,Object,R_O
AccessProperty,Category,Category,Integer,R_O
AdditionalData,Name,Name,String,V
AdditionalData,Item,Item,_AdditionalData,R_O
AdditionalData,Count,Count,Long,R_O
AllDataAccessPages,Application,Application,Application,R_O
AllDataAccessPages,Parent,Parent,Object,R_O
AllDataAccessPages,Item,Item,AccessObject,R_O
AllDataAccessPages,Count,Count,Long,R_O
AllDatabaseDiagrams,Application,Application,Application,R_O
AllDatabaseDiagrams,Parent,Parent,Object,R_O
AllDatabaseDiagrams,Item,Item,AccessObject,R_O
AllDatabaseDiagrams,Count,Count,Long,R_O
AllForms,Application,Application,Application,R_O
AllForms,Parent,Parent,Object,R_O
AllForms,Item,Item,AccessObject,R_O
AllForms,Count,Count,Long,R_O
AllFunctions,Application,Application,Application,R_O
AllFunctions,Parent,Parent,Object,R_O
AllFunctions,Item,Item,AccessObject,R_O
AllFunctions,Count,Count,Long,R_O
AllMacros,Application,Application,Application,R_O
AllMacros,Parent,Parent,Object,R_O
AllMacros,Item,Item,AccessObject,R_O
AllMacros,Count,Count,Long,R_O
AllModules,Application,Application,Application,R_O
AllModules,Parent,Parent,Object,R_O
AllModules,Item,Item,AccessObject,R_O
AllModules,Count,Count,Long,R_O
AllObjects,Application,Application,Application,R_O
AllObjects,Parent,Parent,Object,R_O
AllObjects,Item,Item,AccessObject,R_O
AllObjects,Count,Count,Long,R_O
AllQueries,Application,Application,Application,R_O
AllQueries,Parent,Parent,Object,R_O
AllQueries,Item,Item,AccessObject,R_O
AllQueries,Count,Count,Long,R_O
AllReports,Application,Application,Application,R_O
AllReports,Parent,Parent,Object,R_O
AllReports,Item,Item,AccessObject,R_O
AllReports,Count,Count,Long,R_O
AllStoredProcedures,Application,Application,Application,R_O
AllStoredProcedures,Parent,Parent,Object,R_O
AllStoredProcedures,Item,Item,AccessObject,R_O
AllStoredProcedures,Count,Count,Long,R_O
AllTables,Application,Application,Application,R_O
AllTables,Parent,Parent,Object,R_O
AllTables,Item,Item,AccessObject,R_O
AllTables,Count,Count,Long,R_O
AllViews,Application,Application,Application,R_O
AllViews,Parent,Parent,Object,R_O
AllViews,Item,Item,AccessObject,R_O
AllViews,Count,Count,Long,R_O
Application,Application,Application,Application,R_O
Application,Parent,Parent,Object,R_O
Application,CodeContextObject,Code Context Object,Object,R_O
Application,MenuBar,Menu Bar,String,V
Application,CurrentObjectType,Current Object Type,AcObjectType,R_O
Application,CurrentObjectName,Current Object Name,String,R_O
Application,Forms,Forms,Forms,R_O
Application,Reports,Reports,Reports,R_O
Application,Screen,Screen,Screen,R_O
Application,DoCmd,Do Cmd,DoCmd,R_O
Application,ShortcutMenuBar,Shortcut Menu Bar,String,V
Application,Visible,Visible,Boolean,V
Application,UserControl,User Control,Boolean,V
Application,DBEngine,DB Engine,DBEngine,R_O
Application,CommandBars,Command Bars,CommandBars,R_O
Application,References,References,References,R_O
Application,Modules,Modules,Modules,R_O
Application,IsCompiled,Is Compiled,Boolean,R_O
Application,VBE,VBE,VBE,R_O
Application,CurrentProject,Current Project,CurrentProject,R_O
Application,CurrentData,Current Data,CurrentData,R_O
Application,CodeProject,Code Project,CodeProject,R_O
Application,CodeData,Code Data,CodeData,R_O
Application,ProductCode,Product Code,String,R_O
Application,COMAddIns,COM Add Ins,COMAddIns,R_O
Application,Name,Name,String,R_O
Application,LanguageSettings,Language Settings,LanguageSettings,R_O
Application,FeatureInstall,Feature Install,MsoFeatureInstall,V
Application,FileDialog,File Dialog,FileDialog,R_O
Application,BrokenReference,Broken Reference,Boolean,R_O
Application,Printers,Printers,Printers,R_O
Application,Printer,Printer,_Printer,V
Application,Version,Version,String,R_O
Application,Build,Build,Long,R_O
Application,NewFileTaskPane,New File Task Pane,NewFile,R_O
Application,AutoCorrect,Auto Correct,_AutoCorrect,R_O
Application,AutomationSecurity,Automation Security,MsoAutomationSecurity,V
Application,MacroError,Macro Error,MacroError,R_O
Application,TempVars,Temp Vars,TempVars,R_O
Application,Assistance,Assistance,IAssistance,R_O
Application,WebServices,Web Services,WebServices,R_O
Application,ReturnVars,Return Vars,ReturnVars,R_O
Attachment,Application,Application,Application,R_O
Attachment,Parent,Parent,Object,R_O
Attachment,OldValue,Old Value,Variant,R_O
Attachment,Properties,Properties,Properties,R_O
Attachment,Controls,Controls,Children,R_O
Attachment,EventProcPrefix,Event Proc Prefix,String,V
Attachment,ControlType,Control Type,Byte,V
Attachment,PictureSizeMode,Picture Size Mode,Byte,V
Attachment,PictureAlignment,Picture Alignment,Byte,V
Attachment,PictureTiling,Picture Tiling,Boolean,V
Attachment,Visible,Visible,Boolean,V
Attachment,DisplayWhen,Display When,Byte,V
Attachment,Left,Left,Integer,V
Attachment,Top,Top,Integer,V
Attachment,Width,Width,Integer,V
Attachment,Height,Height,Integer,V
Attachment,BackStyle,Back Style,Byte,V
Attachment,BackColor,Back Color,Long,V
Attachment,SpecialEffect,Special Effect,Byte,V
Attachment,BorderStyle,Border Style,Byte,V
Attachment,OldBorderStyle,Old Border Style,Byte,V
Attachment,BorderColor,Border Color,Long,V
Attachment,BorderWidth,Border Width,Byte,V
Attachment,ControlTipText,Control Tip Text,String,V
Attachment,HelpContextId,Help Context Id,Long,V
Attachment,Section,Section,Integer,V
Attachment,IsVisible,Is Visible,Boolean,V
Attachment,BeforeUpdate,Before Update,String,V
Attachment,AfterUpdate,After Update,String,V
Attachment,OnEnter,On Enter,String,V
Attachment,OnExit,On Exit,String,V
Attachment,OnDirty,On Dirty,String,V
Attachment,OnChange,On Change,String,V
Attachment,OnGotFocus,On Got Focus,String,V
Attachment,OnLostFocus,On Lost Focus,String,V
Attachment,OnClick,On Click,String,V
Attachment,OnDblClick,On Dbl Click,String,V
Attachment,OnMouseDown,On Mouse Down,String,V
Attachment,OnMouseMove,On Mouse Move,String,V
Attachment,OnMouseUp,On Mouse Up,String,V
Attachment,OnKeyDown,On Key Down,String,V
Attachment,OnKeyUp,On Key Up,String,V
Attachment,OnKeyPress,On Key Press,String,V
Attachment,OnAttachmentCurrent,On Attachment Current,String,V
Attachment,ShortcutMenuBar,Shortcut Menu Bar,String,V
Attachment,InSelection,In Selection,Boolean,V
Attachment,Tag,Tag,String,V
Attachment,Name,Name,String,V
Attachment,DisplayAs,Display As,AcDisplayAs,V
Attachment,AttachmentCount,Attachment Count,Long,R_O
Attachment,CurrentAttachment,Current Attachment,Long,V
Attachment,FileName,File Name,String,R_O
Attachment,FileType,File Type,String,R_O
Attachment,FileURL,File URL,String,R_O
Attachment,HorizontalAnchor,Horizontal Anchor,AcHorizontalAnchor,V
Attachment,VerticalAnchor,Vertical Anchor,AcVerticalAnchor,V
Attachment,Layout,Layout,AcLayoutType,R_O
Attachment,LeftPadding,Left Padding,Integer,V
Attachment,TopPadding,Top Padding,Integer,V
Attachment,RightPadding,Right Padding,Integer,V
Attachment,BottomPadding,Bottom Padding,Integer,V
Attachment,GridlineStyleLeft,Gridline Style Left,Byte,V
Attachment,GridlineStyleTop,Gridline Style Top,Byte,V
Attachment,GridlineStyleRight,Gridline Style Right,Byte,V
Attachment,GridlineStyleBottom,Gridline Style Bottom,Byte,V
Attachment,GridlineWidthLeft,Gridline Width Left,Byte,V
Attachment,GridlineWidthTop,Gridline Width Top,Byte,V
Attachment,GridlineWidthRight,Gridline Width Right,Byte,V
Attachment,GridlineWidthBottom,Gridline Width Bottom,Byte,V
Attachment,GridlineColor,Gridline Color,Long,V
Attachment,DefaultPicture,Default Picture,String,V
Attachment,LayoutID,Layout ID,Long,R_O
Attachment,AutoLabel,Auto Label,Boolean,V
Attachment,AddColon,Add Colon,Boolean,V
Attachment,LabelX,Label X,Integer,V
Attachment,LabelY,Label Y,Integer,V
Attachment,LabelAlign,Label Align,Byte,V
Attachment,ColumnWidth,Column Width,Integer,V
Attachment,ColumnOrder,Column Order,Integer,V
Attachment,ColumnHidden,Column Hidden,Boolean,V
Attachment,ControlSource,Control Source,String,V
Attachment,StatusBarText,Status Bar Text,String,V
Attachment,TabStop,Tab Stop,Boolean,V
Attachment,TabIndex,Tab Index,Integer,V
Attachment,Enabled,Enabled,Boolean,V
Attachment,Locked,Locked,Boolean,V
Attachment,BackThemeColorIndex,Back Theme Color Index,Long,V
Attachment,BackTint,Back Tint,Single,V
Attachment,BackShade,Back Shade,Single,V
Attachment,BorderThemeColorIndex,Border Theme Color Index,Long,V
Attachment,BorderTint,Border Tint,Single,V
Attachment,BorderShade,Border Shade,Single,V
Attachment,GridlineThemeColorIndex,Gridline Theme Color Index,Long,V
Attachment,GridlineTint,Gridline Tint,Single,V
Attachment,GridlineShade,Gridline Shade,Single,V
Attachment,DefaultPictureType,Default Picture Type,Byte,V
AutoCorrect,DisplayAutoCorrectOptions,Display Auto Correct Options,Boolean,V
BoundObjectFrame,Application,Application,Application,R_O
BoundObjectFrame,Parent,Parent,Object,R_O
BoundObjectFrame,OldValue,Old Value,Variant,R_O
BoundObjectFrame,Object,Object,Object,R_O
BoundObjectFrame,ObjectVerbs,Object Verbs,String,R_O
BoundObjectFrame,Properties,Properties,Properties,R_O
BoundObjectFrame,Controls,Controls,Children,R_O
BoundObjectFrame,Value,Value,Variant,V
BoundObjectFrame,EventProcPrefix,Event Proc Prefix,String,V
BoundObjectFrame,ControlType,Control Type,Byte,V
BoundObjectFrame,ControlSource,Control Source,String,V
BoundObjectFrame,SizeMode,Size Mode,Byte,V
BoundObjectFrame,Class,Class,String,V
BoundObjectFrame,SourceDoc,Source Doc,String,V
BoundObjectFrame,SourceItem,Source Item,String,V
BoundObjectFrame,AutoActivate,Auto Activate,Integer,V
BoundObjectFrame,DisplayType,Display Type,Boolean,V
BoundObjectFrame,UpdateOptions,Update Options,Integer,V
BoundObjectFrame,Verb,Verb,Long,V
BoundObjectFrame,OLETypeAllowed,OLE Type Allowed,Byte,V
BoundObjectFrame,StatusBarText,Status Bar Text,String,V
BoundObjectFrame,Visible,Visible,Boolean,V
BoundObjectFrame,DisplayWhen,Display When,Byte,V
BoundObjectFrame,Enabled,Enabled,Boolean,V
BoundObjectFrame,Locked,Locked,Boolean,V
BoundObjectFrame,TabStop,Tab Stop,Boolean,V
BoundObjectFrame,TabIndex,Tab Index,Integer,V
BoundObjectFrame,Left,Left,Integer,V
BoundObjectFrame,Top,Top,Integer,V
BoundObjectFrame,Width,Width,Integer,V
BoundObjectFrame,Height,Height,Integer,V
BoundObjectFrame,BackStyle,Back Style,Byte,V
BoundObjectFrame,BackColor,Back Color,Long,V
BoundObjectFrame,SpecialEffect,Special Effect,Byte,V
BoundObjectFrame,BorderStyle,Border Style,Byte,V
BoundObjectFrame,OldBorderStyle,Old Border Style,Byte,V
BoundObjectFrame,BorderColor,Border Color,Long,V
BoundObjectFrame,BorderWidth,Border Width,Byte,V
BoundObjectFrame,ShortcutMenuBar,Shortcut Menu Bar,String,V
BoundObjectFrame,ControlTipText,Control Tip Text,String,V
BoundObjectFrame,HelpContextId,Help Context Id,Long,V
BoundObjectFrame,ColumnWidth,Column Width,Integer,V
BoundObjectFrame,ColumnOrder,Column Order,Integer,V
BoundObjectFrame,ColumnHidden,Column Hidden,Boolean,V
BoundObjectFrame,AutoLabel,Auto Label,Boolean,V
BoundObjectFrame,AddColon,Add Colon,Boolean,V
BoundObjectFrame,LabelX,Label X,Integer,V
BoundObjectFrame,LabelY,Label Y,Integer,V
BoundObjectFrame,LabelAlign,Label Align,Byte,V
BoundObjectFrame,Section,Section,Integer,V
BoundObjectFrame,Tag,Tag,String,V
BoundObjectFrame,ObjectPalette,Object Palette,Variant,V
BoundObjectFrame,ObjectVerbsCount,Object Verbs Count,Long,V
BoundObjectFrame,Action,Action,Integer,V
BoundObjectFrame,Scaling,Scaling,Byte,V
BoundObjectFrame,OLEType,OLE Type,Byte,V
BoundObjectFrame,IsVisible,Is Visible,Boolean,V
BoundObjectFrame,InSelection,In Selection,Boolean,V
BoundObjectFrame,BeforeUpdate,Before Update,String,V
BoundObjectFrame,AfterUpdate,After Update,String,V
BoundObjectFrame,OnUpdated,On Updated,String,V
BoundObjectFrame,OnEnter,On Enter,String,V
BoundObjectFrame,OnExit,On Exit,String,V
BoundObjectFrame,OnGotFocus,On Got Focus,String,V
BoundObjectFrame,OnLostFocus,On Lost Focus,String,V
BoundObjectFrame,OnClick,On Click,String,V
BoundObjectFrame,OnDblClick,On Dbl Click,String,V
BoundObjectFrame,OnMouseDown,On Mouse Down,String,V
BoundObjectFrame,OnMouseMove,On Mouse Move,String,V
BoundObjectFrame,OnMouseUp,On Mouse Up,String,V
BoundObjectFrame,OnKeyDown,On Key Down,String,V
BoundObjectFrame,OnKeyUp,On Key Up,String,V
BoundObjectFrame,OnKeyPress,On Key Press,String,V
BoundObjectFrame,Name,Name,String,V
BoundObjectFrame,Layout,Layout,AcLayoutType,R_O
BoundObjectFrame,LeftPadding,Left Padding,Integer,V
BoundObjectFrame,TopPadding,Top Padding,Integer,V
BoundObjectFrame,RightPadding,Right Padding,Integer,V
BoundObjectFrame,BottomPadding,Bottom Padding,Integer,V
BoundObjectFrame,GridlineStyleLeft,Gridline Style Left,Byte,V
BoundObjectFrame,GridlineStyleTop,Gridline Style Top,Byte,V
BoundObjectFrame,GridlineStyleRight,Gridline Style Right,Byte,V
BoundObjectFrame,GridlineStyleBottom,Gridline Style Bottom,Byte,V
BoundObjectFrame,GridlineWidthLeft,Gridline Width Left,Byte,V
BoundObjectFrame,GridlineWidthTop,Gridline Width Top,Byte,V
BoundObjectFrame,GridlineWidthRight,Gridline Width Right,Byte,V
BoundObjectFrame,GridlineWidthBottom,Gridline Width Bottom,Byte,V
BoundObjectFrame,GridlineColor,Gridline Color,Long,V
BoundObjectFrame,HorizontalAnchor,Horizontal Anchor,AcHorizontalAnchor,V
BoundObjectFrame,VerticalAnchor,Vertical Anchor,AcVerticalAnchor,V
BoundObjectFrame,LayoutID,Layout ID,Long,R_O
BoundObjectFrame,BackThemeColorIndex,Back Theme Color Index,Long,V
BoundObjectFrame,BackTint,Back Tint,Single,V
BoundObjectFrame,BackShade,Back Shade,Single,V
BoundObjectFrame,BorderThemeColorIndex,Border Theme Color Index,Long,V
BoundObjectFrame,BorderTint,Border Tint,Single,V
BoundObjectFrame,BorderShade,Border Shade,Single,V
BoundObjectFrame,GridlineThemeColorIndex,Gridline Theme Color Index,Long,V
BoundObjectFrame,GridlineTint,Gridline Tint,Single,V
BoundObjectFrame,GridlineShade,Gridline Shade,Single,V
BoundObjectFrame,VarOleObject,Var Ole Object,Variant,V
Chart,Application,Application,Application,R_O
Chart,Parent,Parent,Object,R_O
Chart,Properties,Properties,Properties,R_O
Chart,EventProcPrefix,Event Proc Prefix,String,V
Chart,ControlType,Control Type,Byte,V
Chart,RowSource,Row Source,String,V
Chart,LinkChildFields,Link Child Fields,String,V
Chart,LinkMasterFields,Link Master Fields,String,V
Chart,Visible,Visible,Boolean,V
Chart,DisplayWhen,Display When,Byte,V
Chart,Enabled,Enabled,Boolean,V
Chart,StatusBarText,Status Bar Text,String,V
Chart,TabStop,Tab Stop,Boolean,V
Chart,TabIndex,Tab Index,Integer,V
Chart,Left,Left,Integer,V
Chart,Top,Top,Integer,V
Chart,Width,Width,Integer,V
Chart,Height,Height,Integer,V
Chart,BackStyle,Back Style,Byte,V
Chart,BackColor,Back Color,Long,V
Chart,SpecialEffect,Special Effect,Byte,V
Chart,BorderStyle,Border Style,Byte,V
Chart,OldBorderStyle,Old Border Style,Byte,V
Chart,BorderColor,Border Color,Long,V
Chart,BorderWidth,Border Width,Byte,V
Chart,ShortcutMenuBar,Shortcut Menu Bar,String,V
Chart,ControlTipText,Control Tip Text,String,V
Chart,HelpContextId,Help Context Id,Long,V
Chart,Section,Section,Integer,V
Chart,Tag,Tag,String,V
Chart,IsVisible,Is Visible,Boolean,V
Chart,InSelection,In Selection,Boolean,V
Chart,OnEnter,On Enter,String,V
Chart,OnExit,On Exit,String,V
Chart,OnGotFocus,On Got Focus,String,V
Chart,OnLostFocus,On Lost Focus,String,V
Chart,OnClick,On Click,String,V
Chart,OnDblClick,On Dbl Click,String,V
Chart,OnMouseDown,On Mouse Down,String,V
Chart,OnMouseMove,On Mouse Move,String,V
Chart,OnMouseUp,On Mouse Up,String,V
Chart,OnKeyDown,On Key Down,String,V
Chart,OnKeyUp,On Key Up,String,V
Chart,OnKeyPress,On Key Press,String,V
Chart,Name,Name,String,V
Chart,Layout,Layout,AcLayoutType,R_O
Chart,LeftPadding,Left Padding,Integer,V
Chart,TopPadding,Top Padding,Integer,V
Chart,RightPadding,Right Padding,Integer,V
Chart,BottomPadding,Bottom Padding,Integer,V
Chart,GridlineStyleLeft,Gridline Style Left,Byte,V
Chart,GridlineStyleTop,Gridline Style Top,Byte,V
Chart,GridlineStyleRight,Gridline Style Right,Byte,V
Chart,GridlineStyleBottom,Gridline Style Bottom,Byte,V
Chart,GridlineWidthLeft,Gridline Width Left,Byte,V
Chart,GridlineWidthTop,Gridline Width Top,Byte,V
Chart,GridlineWidthRight,Gridline Width Right,Byte,V
Chart,GridlineWidthBottom,Gridline Width Bottom,Byte,V
Chart,GridlineColor,Gridline Color,Long,V
Chart,HorizontalAnchor,Horizontal Anchor,AcHorizontalAnchor,V
Chart,VerticalAnchor,Vertical Anchor,AcVerticalAnchor,V
Chart,LayoutID,Layout ID,Long,R_O
Chart,BackThemeColorIndex,Back Theme Color Index,Long,V
Chart,BackTint,Back Tint,Single,V
Chart,BackShade,Back Shade,Single,V
Chart,BorderThemeColorIndex,Border Theme Color Index,Long,V
Chart,BorderTint,Border Tint,Single,V
Chart,BorderShade,Border Shade,Single,V
Chart,GridlineThemeColorIndex,Gridline Theme Color Index,Long,V
Chart,GridlineTint,Gridline Tint,Single,V
Chart,GridlineShade,Gridline Shade,Single,V
Chart,ChartAxis,Chart Axis,String,V
Chart,ChartLegend,Chart Legend,String,V
Chart,ChartValues,Chart Values,String,V
Chart,HasLegend,Has Legend,Boolean,V
Chart,HasTitle,Has Title,Boolean,V
Chart,ChartTitle,Chart Title,String,V
Chart,HasAxisTitles,Has Axis Titles,Boolean,V
Chart,CategoryAxisTitle,Category Axis Title,String,V
Chart,PrimaryValuesAxisTitle,Primary Values Axis Title,String,V
Chart,SecondaryValuesAxisTitle,Secondary Values Axis Title,String,V
Chart,TransformedRowSource,Transformed Row Source,String,R_O
Chart,ChartType,Chart Type,AcChartType,V
Chart,LegendPosition,Legend Position,AcLegendPosition,V
Chart,PrimaryValuesAxisMinimum,Primary Values Axis Minimum,Single,V
Chart,PrimaryValuesAxisMaximum,Primary Values Axis Maximum,Single,V
Chart,SecondaryValuesAxisMinimum,Secondary Values Axis Minimum,Single,V
Chart,SecondaryValuesAxisMaximum,Secondary Values Axis Maximum,Single,V
Chart,PrimaryValuesAxisRange,Primary Values Axis Range,AcAxisRange,V
Chart,SecondaryValuesAxisRange,Secondary Values Axis Range,AcAxisRange,V
Chart,PrimaryValuesAxisFontSize,Primary Values Axis Font Size,Integer,V
Chart,PrimaryValuesAxisFontColor,Primary Values Axis Font Color,Long,V
Chart,PrimaryValuesAxisThemeColorIndex,Primary Values Axis Theme Color Index,Long,V
Chart,PrimaryValuesAxisFontTint,Primary Values Axis Font Tint,Single,V
Chart,PrimaryValuesAxisFontShade,Primary Values Axis Font Shade,Single,V
Chart,SecondaryValuesAxisFontSize,Secondary Values Axis Font Size,Integer,V
Chart,SecondaryValuesAxisThemeColorIndex,Secondary Values Axis Theme Color Index,Long,V
Chart,SecondaryValuesAxisFontTint,Secondary Values Axis Font Tint,Single,V
Chart,SecondaryValuesAxisFontShade,Secondary Values Axis Font Shade,Single,V
Chart,SecondaryValuesAxisFontColor,Secondary Values Axis Font Color,Long,V
Chart,CategoryAxisFontSize,Category Axis Font Size,Integer,V
Chart,CategoryAxisFontColor,Category Axis Font Color,Long,V
Chart,CategoryAxisThemeColorIndex,Category Axis Theme Color Index,Long,V
Chart,CategoryAxisFontTint,Category Axis Font Tint,Single,V
Chart,CategoryAxisFontShade,Category Axis Font Shade,Single,V
Chart,ChartTitleFontColor,Chart Title Font Color,Long,V
Chart,ChartTitleThemeColorIndex,Chart Title Theme Color Index,Long,V
Chart,ChartTitleFontTint,Chart Title Font Tint,Single,V
Chart,ChartTitleFontShade,Chart Title Font Shade,Single,V
Chart,ChartTitleFontSize,Chart Title Font Size,Integer,V
Chart,ChartSeriesCollection,Chart Series Collection,ChartSeriesCollection,R_O
Chart,ChartAxisCollection,Chart Axis Collection,ChartAxisCollection,R_O
Chart,ChartValuesCollection,Chart Values Collection,ChartValuesCollection,R_O
Chart,PrimaryValuesAxisFormat,Primary Values Axis Format,String,V
Chart,SecondaryValuesAxisFormat,Secondary Values Axis Format,String,V
Chart,PrimaryValuesAxisDisplayUnits,Primary Values Axis Display Units,AcAxisUnits,V
Chart,SecondaryValuesAxisDisplayUnits,Secondary Values Axis Display Units,AcAxisUnits,V
Chart,ChartTitleFontName,Chart Title Font Name,String,V
Chart,LegendTextFontSize,Legend Text Font Size,Integer,V
Chart,LegendTextFontColor,Legend Text Font Color,Long,V
Chart,LegendTextThemeColorIndex,Legend Text Theme Color Index,Long,V
Chart,LegendTextFontTint,Legend Text Font Tint,Single,V
Chart,LegendTextFontShade,Legend Text Font Shade,Single,V
Chart,HasSubtitle,Has Subtitle,Boolean,V
Chart,ChartSubtitle,Chart Subtitle,String,V
Chart,ChartSubtitleFontSize,Chart Subtitle Font Size,Integer,V
Chart,ChartSubtitleFontColor,Chart Subtitle Font Color,Long,V
Chart,ChartSubtitleThemeColorIndex,Chart Subtitle Theme Color Index,Long,V
Chart,ChartSubtitleFontTint,Chart Subtitle Font Tint,Single,V
Chart,ChartSubtitleFontShade,Chart Subtitle Font Shade,Single,V
ChartAxis,Name,Name,String,R_O
ChartAxis,GroupType,Group Type,AcDateGroupType,V
ChartAxisCollection,Application,Application,Application,R_O
ChartAxisCollection,Parent,Parent,Object,R_O
ChartAxisCollection,Item,Item,_ChartAxis,R_O
ChartAxisCollection,Count,Count,Long,R_O
ChartSeries,Name,Name,String,R_O
ChartSeries,PlotSeriesOn,Plot Series On,AcValueAxis,V
ChartSeries,DisplayDataLabel,Display Data Label,Boolean,V
ChartSeries,FillColor,Fill Color,Long,V
ChartSeries,BorderColor,Border Color,Long,V
ChartSeries,TrendlineOptions,Trendline Options,AcTrendlineOptions,V
ChartSeries,TrendlineName,Trendline Name,String,V
ChartSeries,ComboChartType,Combo Chart Type,AcChartType,V
ChartSeries,DisplayName,Display Name,String,V
ChartSeries,DashType,Dash Type,AcDashType,V
ChartSeries,LineWeight,Line Weight,Long,V
ChartSeries,MissingDataPolicy,Missing Data Policy,AcMissingDataPolicy,V
ChartSeries,MarkerType,Marker Type,AcMarkerType,V
ChartSeries,GridlinesType,Gridlines Type,AcGridlineType,V
ChartSeries,DisplayBoxWhiskerDataPoints,Display Box Whisker Data Points,Boolean,V
ChartSeries,DisplayBoxWhiskerMeanMarker,Display Box Whisker Mean Marker,Boolean,V
ChartSeries,DataLabelPosition,Data Label Position,AcDataLabelPosition,V
ChartSeries,WordCloudShape,Word Cloud Shape,AcWordCloudShape,V
ChartSeries,WordCloudWordOrientation,Word Cloud Word Orientation,AcWordCloudWordOrientation,V
ChartSeries,ShowWaterfallConnectorLines,Show Waterfall Connector Lines,Boolean,V
ChartSeries,ShowWaterfallTotal,Show Waterfall Total,Boolean,V
ChartSeries,ShowFunnelPercentages,Show Funnel Percentages,Boolean,V
ChartSeries,PercentageDataLabelDecimalPlaces,Percentage Data Label Decimal Places,AcPercentageDataLabelDecimalPlaces,V
ChartSeries,DataLabelDisplayFormat,Data Label Display Format,AcDataLabelDisplayFormat,V
ChartSeries,SortOrderType,Sort Order Type,AcSortOrderType,V
ChartSeries,GridlinesColor,Gridlines Color,Long,V
ChartSeries,ParetoLineColor,Pareto Line Color,Long,V
ChartSeriesCollection,Application,Application,Application,R_O
ChartSeriesCollection,Parent,Parent,Object,R_O
ChartSeriesCollection,Item,Item,_ChartSeries,R_O
ChartSeriesCollection,Count,Count,Long,R_O
ChartValues,Name,Name,String,R_O
ChartValues,AggregateType,Aggregate Type,AcAggregateType,V
ChartValuesCollection,Application,Application,Application,R_O
ChartValuesCollection,Parent,Parent,Object,R_O
ChartValuesCollection,Item,Item,_ChartValues,R_O
ChartValuesCollection,Count,Count,Long,R_O
CheckBox,Application,Application,Application,R_O
CheckBox,Parent,Parent,Object,R_O
CheckBox,OldValue,Old Value,Variant,R_O
CheckBox,Properties,Properties,Properties,R_O
CheckBox,Controls,Controls,Children,R_O
CheckBox,Value,Value,Variant,V
CheckBox,EventProcPrefix,Event Proc Prefix,String,V
CheckBox,ControlType,Control Type,Byte,V
CheckBox,OptionValue,Option Value,Long,V
CheckBox,ControlSource,Control Source,String,V
CheckBox,DefaultValue,Default Value,String,V
CheckBox,ValidationRule,Validation Rule,String,V
CheckBox,ValidationText,Validation Text,String,V
CheckBox,StatusBarText,Status Bar Text,String,V
CheckBox,Visible,Visible,Boolean,V
CheckBox,DisplayWhen,Display When,Byte,V
CheckBox,Enabled,Enabled,Boolean,V
CheckBox,Locked,Locked,Boolean,V
CheckBox,TripleState,Triple State,Boolean,V
CheckBox,TabStop,Tab Stop,Boolean,V
CheckBox,TabIndex,Tab Index,Integer,V
CheckBox,HideDuplicates,Hide Duplicates,Boolean,V
CheckBox,Left,Left,Integer,V
CheckBox,Top,Top,Integer,V
CheckBox,Width,Width,Integer,V
CheckBox,Height,Height,Integer,V
CheckBox,SpecialEffect,Special Effect,Byte,V
CheckBox,BorderStyle,Border Style,Byte,V
CheckBox,OldBorderStyle,Old Border Style,Byte,V
CheckBox,BorderWidth,Border Width,Byte,V
CheckBox,BorderColor,Border Color,Long,V
CheckBox,ShortcutMenuBar,Shortcut Menu Bar,String,V
CheckBox,ControlTipText,Control Tip Text,String,V
CheckBox,HelpContextId,Help Context Id,Long,V
CheckBox,ColumnWidth,Column Width,Integer,V
CheckBox,ColumnOrder,Column Order,Integer,V
CheckBox,ColumnHidden,Column Hidden,Boolean,V
CheckBox,AutoLabel,Auto Label,Boolean,V
CheckBox,AddColon,Add Colon,Boolean,V
CheckBox,LabelX,Label X,Integer,V
CheckBox,LabelY,Label Y,Integer,V
CheckBox,LabelAlign,Label Align,Byte,V
CheckBox,Section,Section,Integer,V
CheckBox,Tag,Tag,String,V
CheckBox,IsVisible,Is Visible,Boolean,V
CheckBox,InSelection,In Selection,Boolean,V
CheckBox,BeforeUpdate,Before Update,String,V
CheckBox,AfterUpdate,After Update,String,V
CheckBox,OnEnter,On Enter,String,V
CheckBox,OnExit,On Exit,String,V
CheckBox,OnGotFocus,On Got Focus,String,V
CheckBox,OnLostFocus,On Lost Focus,String,V
CheckBox,OnClick,On Click,String,V
CheckBox,OnDblClick,On Dbl Click,String,V
CheckBox,OnMouseDown,On Mouse Down,String,V
CheckBox,OnMouseMove,On Mouse Move,String,V
CheckBox,OnMouseUp,On Mouse Up,String,V
CheckBox,OnKeyDown,On Key Down,String,V
CheckBox,OnKeyUp,On Key Up,String,V
CheckBox,OnKeyPress,On Key Press,String,V
CheckBox,ReadingOrder,Reading Order,Byte,V
CheckBox,Name,Name,String,V
CheckBox,Layout,Layout,AcLayoutType,R_O
CheckBox,LeftPadding,Left Padding,Integer,V
CheckBox,TopPadding,Top Padding,Integer,V
CheckBox,RightPadding,Right Padding,Integer,V
CheckBox,BottomPadding,Bottom Padding,Integer,V
CheckBox,GridlineStyleLeft,Gridline Style Left,Byte,V
CheckBox,GridlineStyleTop,Gridline Style Top,Byte,V
CheckBox,GridlineStyleRight,Gridline Style Right,Byte,V
CheckBox,GridlineStyleBottom,Gridline Style Bottom,Byte,V
CheckBox,GridlineWidthLeft,Gridline Width Left,Byte,V
CheckBox,GridlineWidthTop,Gridline Width Top,Byte,V
CheckBox,GridlineWidthRight,Gridline Width Right,Byte,V
CheckBox,GridlineWidthBottom,Gridline Width Bottom,Byte,V
CheckBox,GridlineColor,Gridline Color,Long,V
CheckBox,HorizontalAnchor,Horizontal Anchor,AcHorizontalAnchor,V
CheckBox,VerticalAnchor,Vertical Anchor,AcVerticalAnchor,V
CheckBox,LayoutID,Layout ID,Long,R_O
CheckBox,BorderThemeColorIndex,Border Theme Color Index,Long,V
CheckBox,BorderTint,Border Tint,Single,V
CheckBox,BorderShade,Border Shade,Single,V
CheckBox,GridlineThemeColorIndex,Gridline Theme Color Index,Long,V
CheckBox,GridlineTint,Gridline Tint,Single,V
CheckBox,GridlineShade,Gridline Shade,Single,V
Children,Item,Item,Object,R_O
Children,Count,Count,Long,R_O
CodeData,AllTables,All Tables,AllTables,R_O
CodeData,AllQueries,All Queries,AllQueries,R_O
CodeData,AllViews,All Views,AllViews,R_O
CodeData,AllStoredProcedures,All Stored Procedures,AllStoredProcedures,R_O
CodeData,AllDatabaseDiagrams,All Database Diagrams,AllDatabaseDiagrams,R_O
CodeData,AllFunctions,All Functions,AllFunctions,R_O
CodeProject,AllForms,All Forms,AllForms,R_O
CodeProject,AllReports,All Reports,AllReports,R_O
CodeProject,AllMacros,All Macros,AllMacros,R_O
CodeProject,AllModules,All Modules,AllModules,R_O
CodeProject,ProjectType,Project Type,AcProjectType,R_O
CodeProject,BaseConnectionString,Base Connection String,String,R_O
CodeProject,IsConnected,Is Connected,Boolean,R_O
CodeProject,Name,Name,String,R_O
CodeProject,Path,Path,String,R_O
CodeProject,FullName,Full Name,String,R_O
CodeProject,Connection,Connection,Connection,R_O
CodeProject,Properties,Properties,AccessObjectProperties,R_O
CodeProject,Application,Application,Application,R_O
CodeProject,Parent,Parent,Object,R_O
CodeProject,RemovePersonalInformation,Remove Personal Information,Boolean,V
CodeProject,FileFormat,File Format,AcFileFormat,R_O
CodeProject,AccessConnection,Access Connection,Connection,R_O
CodeProject,ImportExportSpecifications,Import Export Specifications,ImportExportSpecifications,R_O
CodeProject,IsTrusted,Is Trusted,Boolean,R_O
CodeProject,WebSite,Web Site,String,R_O
CodeProject,IsWeb,Is Web,Boolean,R_O
CodeProject,Resources,Resources,SharedResources,R_O
CodeProject,IsSQLBackend,Is SQL Backend,Boolean,R_O
ComboBox,Application,Application,Application,R_O
ComboBox,Parent,Parent,Object,R_O
ComboBox,Column,Column,Variant,R_O
ComboBox,OldValue,Old Value,Variant,R_O
ComboBox,ItemData,Item Data,Variant,R_O
ComboBox,Properties,Properties,Properties,R_O
ComboBox,Controls,Controls,Children,R_O
ComboBox,Hyperlink,Hyperlink,_Hyperlink,R_O
ComboBox,FormatConditions,Format Conditions,FormatConditions,R_O
ComboBox,Value,Value,Variant,V
ComboBox,EventProcPrefix,Event Proc Prefix,String,V
ComboBox,ControlType,Control Type,Byte,V
ComboBox,ControlSource,Control Source,String,V
ComboBox,Format,Format,String,V
ComboBox,DecimalPlaces,Decimal Places,Byte,V
ComboBox,InputMask,Input Mask,String,V
ComboBox,RowSourceType,Row Source Type,String,V
ComboBox,RowSource,Row Source,String,V
ComboBox,ColumnCount,Column Count,Integer,V
ComboBox,ColumnHeads,Column Heads,Boolean,V
ComboBox,ColumnWidths,Column Widths,String,V
ComboBox,BoundColumn,Bound Column,Long,V
ComboBox,ListRows,List Rows,Integer,V
ComboBox,ListWidth,List Width,String,V
ComboBox,StatusBarText,Status Bar Text,String,V
ComboBox,LimitToList,Limit To List,Boolean,V
ComboBox,AutoExpand,Auto Expand,Boolean,V
ComboBox,DefaultValue,Default Value,String,V
ComboBox,IMEHold,IME Hold,Boolean,V
ComboBox,ValidationRule,Validation Rule,String,V
ComboBox,ValidationText,Validation Text,String,V
ComboBox,Visible,Visible,Boolean,V
ComboBox,DisplayWhen,Display When,Byte,V
ComboBox,Enabled,Enabled,Boolean,V
ComboBox,Locked,Locked,Boolean,V
ComboBox,AllowAutoCorrect,Allow Auto Correct,Boolean,V
ComboBox,TabStop,Tab Stop,Boolean,V
ComboBox,TabIndex,Tab Index,Integer,V
ComboBox,HideDuplicates,Hide Duplicates,Boolean,V
ComboBox,Left,Left,Integer,V
ComboBox,Top,Top,Integer,V
ComboBox,Width,Width,Integer,V
ComboBox,Height,Height,Integer,V
ComboBox,BackStyle,Back Style,Byte,V
ComboBox,BackColor,Back Color,Long,V
ComboBox,SpecialEffect,Special Effect,Byte,V
ComboBox,BorderStyle,Border Style,Byte,V
ComboBox,OldBorderStyle,Old Border Style,Byte,V
ComboBox,BorderColor,Border Color,Long,V
ComboBox,BorderWidth,Border Width,Byte,V
ComboBox,ForeColor,Fore Color,Long,V
ComboBox,FontName,Font Name,String,V
ComboBox,FontSize,Font Size,Integer,V
ComboBox,FontWeight,Font Weight,Integer,V
ComboBox,FontItalic,Font Italic,Boolean,V
ComboBox,FontUnderline,Font Underline,Boolean,V
ComboBox,TextAlign,Text Align,Byte,V
ComboBox,FontBold,Font Bold,Integer,V
ComboBox,ShortcutMenuBar,Shortcut Menu Bar,String,V
ComboBox,ControlTipText,Control Tip Text,String,V
ComboBox,HelpContextId,Help Context Id,Long,V
ComboBox,ColumnWidth,Column Width,Integer,V
ComboBox,ColumnOrder,Column Order,Integer,V
ComboBox,ColumnHidden,Column Hidden,Boolean,V
ComboBox,AutoLabel,Auto Label,Boolean,V
ComboBox,AddColon,Add Colon,Boolean,V
ComboBox,LabelX,Label X,Integer,V
ComboBox,LabelY,Label Y,Integer,V
ComboBox,LabelAlign,Label Align,Byte,V
ComboBox,Section,Section,Integer,V
ComboBox,Tag,Tag,String,V
ComboBox,Text,Text,String,V
ComboBox,SelText,Sel Text,String,V
ComboBox,SelStart,Sel Start,Integer,V
ComboBox,SelLength,Sel Length,Integer,V
ComboBox,ListCount,List Count,Long,V
ComboBox,ListIndex,List Index,Long,V
ComboBox,IsVisible,Is Visible,Boolean,V
ComboBox,InSelection,In Selection,Boolean,V
ComboBox,BeforeUpdate,Before Update,String,V
ComboBox,AfterUpdate,After Update,String,V
ComboBox,OnChange,On Change,String,V
ComboBox,OnNotInList,On Not In List,String,V
ComboBox,OnEnter,On Enter,String,V
ComboBox,OnExit,On Exit,String,V
ComboBox,OnGotFocus,On Got Focus,String,V
ComboBox,OnLostFocus,On Lost Focus,String,V
ComboBox,OnClick,On Click,String,V
ComboBox,OnDblClick,On Dbl Click,String,V
ComboBox,OnMouseDown,On Mouse Down,String,V
ComboBox,OnMouseMove,On Mouse Move,String,V
ComboBox,OnMouseUp,On Mouse Up,String,V
ComboBox,OnKeyDown,On Key Down,String,V
ComboBox,OnKeyUp,On Key Up,String,V
ComboBox,OnKeyPress,On Key Press,String,V
ComboBox,ReadingOrder,Reading Order,Byte,V
ComboBox,KeyboardLanguage,Keyboard Language,Byte,V
ComboBox,ScrollBarAlign,Scroll Bar Align,Byte,V
ComboBox,NumeralShapes,Numeral Shapes,Byte,V
ComboBox,IMEMode,IME Mode,AcImeMode,V
ComboBox,Name,Name,String,V
ComboBox,IMESentenceMode,IME Sentence Mode,AcImeSentenceMode,V
ComboBox,IsHyperlink,Is Hyperlink,Boolean,V
ComboBox,OnDirty,On Dirty,String,V
ComboBox,OnUndo,On Undo,String,V
ComboBox,Recordset,Recordset,Object,V
ComboBox,SmartTags,Smart Tags,_SmartTags,R_O
ComboBox,Layout,Layout,AcLayoutType,R_O
ComboBox,LeftPadding,Left Padding,Integer,V
ComboBox,TopPadding,Top Padding,Integer,V
ComboBox,RightPadding,Right Padding,Integer,V
ComboBox,BottomPadding,Bottom Padding,Integer,V
ComboBox,GridlineStyleLeft,Gridline Style Left,Byte,V
ComboBox,GridlineStyleTop,Gridline Style Top,Byte,V
ComboBox,GridlineStyleRight,Gridline Style Right,Byte,V
ComboBox,GridlineStyleBottom,Gridline Style Bottom,Byte,V
ComboBox,GridlineWidthLeft,Gridline Width Left,Byte,V
ComboBox,GridlineWidthTop,Gridline Width Top,Byte,V
ComboBox,GridlineWidthRight,Gridline Width Right,Byte,V
ComboBox,GridlineWidthBottom,Gridline Width Bottom,Byte,V
ComboBox,GridlineColor,Gridline Color,Long,V
ComboBox,Selected,Selected,Long,V
ComboBox,ItemsSelected,Items Selected,_ItemsSelected,R_O
ComboBox,CanGrow,Can Grow,Boolean,V
ComboBox,CanShrink,Can Shrink,Boolean,V
ComboBox,SeparatorCharacters,Separator Characters,AcSeparatorCharacters,V
ComboBox,HorizontalAnchor,Horizontal Anchor,AcHorizontalAnchor,V
ComboBox,VerticalAnchor,Vertical Anchor,AcVerticalAnchor,V
ComboBox,AllowValueListEdits,Allow Value List Edits,Boolean,V
ComboBox,ListItemsEditForm,List Items Edit Form,String,V
ComboBox,InheritValueList,Inherit Value List,Boolean,V
ComboBox,LeftMargin,Left Margin,Integer,V
ComboBox,TopMargin,Top Margin,Integer,V
ComboBox,RightMargin,Right Margin,Integer,V
ComboBox,BottomMargin,Bottom Margin,Integer,V
ComboBox,LayoutID,Layout ID,Long,R_O
ComboBox,ShowOnlyRowSourceValues,Show Only Row Source Values,Boolean,V
ComboBox,DisplayAsHyperlink,Display As Hyperlink,AcDisplayAsHyperlink,V
ComboBox,BackThemeColorIndex,Back Theme Color Index,Long,V
ComboBox,BackTint,Back Tint,Single,V
ComboBox,BackShade,Back Shade,Single,V
ComboBox,BorderThemeColorIndex,Border Theme Color Index,Long,V
ComboBox,BorderTint,Border Tint,Single,V
ComboBox,BorderShade,Border Shade,Single,V
ComboBox,ForeThemeColorIndex,Fore Theme Color Index,Long,V
ComboBox,ForeTint,Fore Tint,Single,V
ComboBox,ForeShade,Fore Shade,Single,V
ComboBox,ThemeFontIndex,Theme Font Index,Long,V
ComboBox,GridlineThemeColorIndex,Gridline Theme Color Index,Long,V
ComboBox,GridlineTint,Gridline Tint,Single,V
ComboBox,GridlineShade,Gridline Shade,Single,V
CommandButton,Application,Application,Application,R_O
CommandButton,Parent,Parent,Object,R_O
CommandButton,OldValue,Old Value,Variant,R_O
CommandButton,Properties,Properties,Properties,R_O
CommandButton,Controls,Controls,Children,R_O
CommandButton,Hyperlink,Hyperlink,_Hyperlink,R_O
CommandButton,EventProcPrefix,Event Proc Prefix,String,V
CommandButton,ControlType,Control Type,Byte,V
CommandButton,Caption,Caption,String,V
CommandButton,Picture,Picture,String,V
CommandButton,PictureType,Picture Type,Byte,V
CommandButton,PictureData,Picture Data,Variant,V
CommandButton,Transparent,Transparent,Boolean,V
CommandButton,Default,Default,Boolean,V
CommandButton,Cancel,Cancel,Boolean,V
CommandButton,AutoRepeat,Auto Repeat,Boolean,V
CommandButton,StatusBarText,Status Bar Text,String,V
CommandButton,OnPush,On Push,String,V
CommandButton,HyperlinkAddress,Hyperlink Address,String,V
CommandButton,HyperlinkSubAddress,Hyperlink Sub Address,String,V
CommandButton,Visible,Visible,Boolean,V
CommandButton,DisplayWhen,Display When,Byte,V
CommandButton,Enabled,Enabled,Boolean,V
CommandButton,TabStop,Tab Stop,Boolean,V
CommandButton,TabIndex,Tab Index,Integer,V
CommandButton,Left,Left,Integer,V
CommandButton,Top,Top,Integer,V
CommandButton,Width,Width,Integer,V
CommandButton,Height,Height,Integer,V
CommandButton,ForeColor,Fore Color,Long,V
CommandButton,FontName,Font Name,String,V
CommandButton,FontSize,Font Size,Integer,V
CommandButton,FontWeight,Font Weight,Integer,V
CommandButton,FontItalic,Font Italic,Boolean,V
CommandButton,FontUnderline,Font Underline,Boolean,V
CommandButton,FontBold,Font Bold,Integer,V
CommandButton,ShortcutMenuBar,Shortcut Menu Bar,String,V
CommandButton,ControlTipText,Control Tip Text,String,V
CommandButton,HelpContextId,Help Context Id,Long,V
CommandButton,AutoLabel,Auto Label,Boolean,V
CommandButton,AddColon,Add Colon,Boolean,V
CommandButton,LabelX,Label X,Integer,V
CommandButton,LabelY,Label Y,Integer,V
CommandButton,LabelAlign,Label Align,Byte,V
CommandButton,Section,Section,Integer,V
CommandButton,Tag,Tag,String,V
CommandButton,ObjectPalette,Object Palette,Variant,V
CommandButton,IsVisible,Is Visible,Boolean,V
CommandButton,InSelection,In Selection,Boolean,V
CommandButton,OnEnter,On Enter,String,V
CommandButton,OnExit,On Exit,String,V
CommandButton,OnGotFocus,On Got Focus,String,V
CommandButton,OnLostFocus,On Lost Focus,String,V
CommandButton,OnClick,On Click,String,V
CommandButton,OnDblClick,On Dbl Click,String,V
CommandButton,OnMouseDown,On Mouse Down,String,V
CommandButton,OnMouseMove,On Mouse Move,String,V
CommandButton,OnMouseUp,On Mouse Up,String,V
CommandButton,OnKeyDown,On Key Down,String,V
CommandButton,OnKeyUp,On Key Up,String,V
CommandButton,OnKeyPress,On Key Press,String,V
CommandButton,ReadingOrder,Reading Order,Byte,V
CommandButton,Name,Name,String,V
CommandButton,Layout,Layout,AcLayoutType,R_O
CommandButton,LeftPadding,Left Padding,Integer,V
CommandButton,TopPadding,Top Padding,Integer,V
CommandButton,RightPadding,Right Padding,Integer,V
CommandButton,BottomPadding,Bottom Padding,Integer,V
CommandButton,GridlineStyleLeft,Gridline Style Left,Byte,V
CommandButton,GridlineStyleTop,Gridline Style Top,Byte,V
CommandButton,GridlineStyleRight,Gridline Style Right,Byte,V
CommandButton,GridlineStyleBottom,Gridline Style Bottom,Byte,V
CommandButton,GridlineWidthLeft,Gridline Width Left,Byte,V
CommandButton,GridlineWidthTop,Gridline Width Top,Byte,V
CommandButton,GridlineWidthRight,Gridline Width Right,Byte,V
CommandButton,GridlineWidthBottom,Gridline Width Bottom,Byte,V
CommandButton,GridlineColor,Gridline Color,Long,V
CommandButton,HorizontalAnchor,Horizontal Anchor,AcHorizontalAnchor,V
CommandButton,VerticalAnchor,Vertical Anchor,AcVerticalAnchor,V
CommandButton,LayoutID,Layout ID,Long,R_O
CommandButton,BackStyle,Back Style,Byte,V
CommandButton,CursorOnHover,Cursor On Hover,AcCursorOnHover,V
CommandButton,PictureCaptionArrangement,Picture Caption Arrangement,AcPictureCaptionArrangement,V
CommandButton,Alignment,Alignment,Byte,V
CommandButton,ForeThemeColorIndex,Fore Theme Color Index,Long,V
CommandButton,ForeTint,Fore Tint,Single,V
CommandButton,ForeShade,Fore Shade,Single,V
CommandButton,ThemeFontIndex,Theme Font Index,Long,V
CommandButton,BackColor,Back Color,Long,V
CommandButton,BackThemeColorIndex,Back Theme Color Index,Long,V
CommandButton,BackTint,Back Tint,Single,V
CommandButton,BackShade,Back Shade,Single,V
CommandButton,BorderColor,Border Color,Long,V
CommandButton,BorderThemeColorIndex,Border Theme Color Index,Long,V
CommandButton,BorderTint,Border Tint,Single,V
CommandButton,BorderShade,Border Shade,Single,V
CommandButton,BorderWidth,Border Width,Byte,V
CommandButton,BorderStyle,Border Style,Byte,V
CommandButton,HoverColor,Hover Color,Long,V
CommandButton,HoverThemeColorIndex,Hover Theme Color Index,Long,V
CommandButton,HoverTint,Hover Tint,Single,V
CommandButton,HoverShade,Hover Shade,Single,V
CommandButton,HoverForeColor,Hover Fore Color,Long,V
CommandButton,HoverForeThemeColorIndex,Hover Fore Theme Color Index,Long,V
CommandButton,HoverForeTint,Hover Fore Tint,Single,V
CommandButton,HoverForeShade,Hover Fore Shade,Single,V
CommandButton,PressedColor,Pressed Color,Long,V
CommandButton,PressedThemeColorIndex,Pressed Theme Color Index,Long,V
CommandButton,PressedTint,Pressed Tint,Single,V
CommandButton,PressedShade,Pressed Shade,Single,V
CommandButton,PressedForeColor,Pressed Fore Color,Long,V
CommandButton,PressedForeThemeColorIndex,Pressed Fore Theme Color Index,Long,V
CommandButton,PressedForeTint,Pressed Fore Tint,Single,V
CommandButton,PressedForeShade,Pressed Fore Shade,Single,V
CommandButton,UseTheme,Use Theme,Boolean,V
CommandButton,Shape,Shape,Long,V
CommandButton,Bevel,Bevel,Long,V
CommandButton,Glow,Glow,Long,V
CommandButton,Shadow,Shadow,Long,V
CommandButton,SoftEdges,Soft Edges,Long,V
CommandButton,GridlineThemeColorIndex,Gridline Theme Color Index,Long,V
CommandButton,GridlineTint,Gridline Tint,Single,V
CommandButton,GridlineShade,Gridline Shade,Single,V
CommandButton,QuickStyle,Quick Style,Long,V
CommandButton,QuickStyleMask,Quick Style Mask,Long,V
CommandButton,Gradient,Gradient,Long,V
Control,Application,Application,Application,R_O
Control,Parent,Parent,Object,R_O
Control,Column,Column,Variant,R_O
Control,Selected,Selected,Long,V
Control,OldValue,Old Value,Variant,R_O
Control,Form,Form,Form,R_O
Control,Report,Report,Report,R_O
Control,ItemData,Item Data,Variant,R_O
Control,Object,Object,Object,R_O
Control,ObjectVerbs,Object Verbs,String,R_O
Control,Properties,Properties,Properties,R_O
Control,ItemsSelected,Items Selected,_ItemsSelected,R_O
Control,Pages,Pages,Pages,R_O
Control,Controls,Controls,Children,R_O
Control,Hyperlink,Hyperlink,_Hyperlink,R_O
Control,SmartTags,Smart Tags,_SmartTags,R_O
Control,Layout,Layout,AcLayoutType,R_O
Control,LeftPadding,Left Padding,Integer,V
Control,TopPadding,Top Padding,Integer,V
Control,RightPadding,Right Padding,Integer,V
Control,BottomPadding,Bottom Padding,Integer,V
Control,GridlineStyleLeft,Gridline Style Left,Byte,V
Control,GridlineStyleTop,Gridline Style Top,Byte,V
Control,GridlineStyleRight,Gridline Style Right,Byte,V
Control,GridlineStyleBottom,Gridline Style Bottom,Byte,V
Control,GridlineWidthLeft,Gridline Width Left,Byte,V
Control,GridlineWidthTop,Gridline Width Top,Byte,V
Control,GridlineWidthRight,Gridline Width Right,Byte,V
Control,GridlineWidthBottom,Gridline Width Bottom,Byte,V
Control,GridlineColor,Gridline Color,Long,V
Control,HorizontalAnchor,Horizontal Anchor,AcHorizontalAnchor,V
Control,VerticalAnchor,Vertical Anchor,AcVerticalAnchor,V
Control,LayoutID,Layout ID,Long,R_O
Control,Name,Name,String,V
Controls,Application,Application,Application,R_O
Controls,Parent,Parent,Object,R_O
Controls,Item,Item,Object,R_O
Controls,Count,Count,Long,R_O
CurrentData,AllTables,All Tables,AllTables,R_O
CurrentData,AllQueries,All Queries,AllQueries,R_O
CurrentData,AllViews,All Views,AllViews,R_O
CurrentData,AllStoredProcedures,All Stored Procedures,AllStoredProcedures,R_O
CurrentData,AllDatabaseDiagrams,All Database Diagrams,AllDatabaseDiagrams,R_O
CurrentData,AllFunctions,All Functions,AllFunctions,R_O
CurrentProject,AllForms,All Forms,AllForms,R_O
CurrentProject,AllReports,All Reports,AllReports,R_O
CurrentProject,AllMacros,All Macros,AllMacros,R_O
CurrentProject,AllModules,All Modules,AllModules,R_O
CurrentProject,ProjectType,Project Type,AcProjectType,R_O
CurrentProject,BaseConnectionString,Base Connection String,String,R_O
CurrentProject,IsConnected,Is Connected,Boolean,R_O
CurrentProject,Name,Name,String,R_O
CurrentProject,Path,Path,String,R_O
CurrentProject,FullName,Full Name,String,R_O
CurrentProject,Connection,Connection,Connection,R_O
CurrentProject,Properties,Properties,AccessObjectProperties,R_O
CurrentProject,Application,Application,Application,R_O
CurrentProject,Parent,Parent,Object,R_O
CurrentProject,RemovePersonalInformation,Remove Personal Information,Boolean,V
CurrentProject,FileFormat,File Format,AcFileFormat,R_O
CurrentProject,AccessConnection,Access Connection,Connection,R_O
CurrentProject,ImportExportSpecifications,Import Export Specifications,ImportExportSpecifications,R_O
CurrentProject,IsTrusted,Is Trusted,Boolean,R_O
CurrentProject,WebSite,Web Site,String,R_O
CurrentProject,IsWeb,Is Web,Boolean,R_O
CurrentProject,Resources,Resources,SharedResources,R_O
CurrentProject,IsSQLBackend,Is SQL Backend,Boolean,R_O
CustomControl,Application,Application,Application,R_O
CustomControl,Parent,Parent,Object,R_O
CustomControl,OldValue,Old Value,Variant,R_O
CustomControl,Object,Object,Object,R_O
CustomControl,ObjectVerbs,Object Verbs,String,R_O
CustomControl,Properties,Properties,Properties,R_O
CustomControl,Controls,Controls,Children,R_O
CustomControl,Value,Value,Variant,V
CustomControl,EventProcPrefix,Event Proc Prefix,String,V
CustomControl,ControlType,Control Type,Byte,V
CustomControl,ControlSource,Control Source,String,V
CustomControl,OLEClass,OLE Class,String,V
CustomControl,Verb,Verb,Long,V
CustomControl,Class,Class,String,V
CustomControl,Visible,Visible,Boolean,V
CustomControl,DisplayWhen,Display When,Byte,V
CustomControl,Enabled,Enabled,Boolean,V
CustomControl,Locked,Locked,Boolean,V
CustomControl,TabStop,Tab Stop,Boolean,V
CustomControl,TabIndex,Tab Index,Integer,V
CustomControl,Left,Left,Integer,V
CustomControl,Top,Top,Integer,V
CustomControl,Width,Width,Integer,V
CustomControl,Height,Height,Integer,V
CustomControl,SpecialEffect,Special Effect,Byte,V
CustomControl,BorderStyle,Border Style,Byte,V
CustomControl,OldBorderStyle,Old Border Style,Byte,V
CustomControl,BorderColor,Border Color,Long,V
CustomControl,BorderWidth,Border Width,Byte,V
CustomControl,ControlTipText,Control Tip Text,String,V
CustomControl,HelpContextId,Help Context Id,Long,V
CustomControl,Section,Section,Integer,V
CustomControl,Tag,Tag,String,V
CustomControl,ObjectPalette,Object Palette,Variant,V
CustomControl,ObjectVerbsCount,Object Verbs Count,Long,V
CustomControl,IsVisible,Is Visible,Boolean,V
CustomControl,InSelection,In Selection,Boolean,V
CustomControl,OnUpdated,On Updated,String,V
CustomControl,OnEnter,On Enter,String,V
CustomControl,OnExit,On Exit,String,V
CustomControl,OnGotFocus,On Got Focus,String,V
CustomControl,OnLostFocus,On Lost Focus,String,V
CustomControl,Default,Default,Boolean,V
CustomControl,Cancel,Cancel,Boolean,V
CustomControl,Custom,Custom,String,V
CustomControl,About,About,String,V
CustomControl,Name,Name,String,V
CustomControl,BorderThemeColorIndex,Border Theme Color Index,Long,V
CustomControl,BorderTint,Border Tint,Single,V
CustomControl,BorderShade,Border Shade,Single,V
CustomControl,Layout,Layout,AcLayoutType,R_O
CustomControl,LeftPadding,Left Padding,Integer,V
CustomControl,TopPadding,Top Padding,Integer,V
CustomControl,RightPadding,Right Padding,Integer,V
CustomControl,BottomPadding,Bottom Padding,Integer,V
CustomControl,GridlineStyleLeft,Gridline Style Left,Byte,V
CustomControl,GridlineStyleTop,Gridline Style Top,Byte,V
CustomControl,GridlineStyleRight,Gridline Style Right,Byte,V
CustomControl,GridlineStyleBottom,Gridline Style Bottom,Byte,V
CustomControl,GridlineWidthLeft,Gridline Width Left,Byte,V
CustomControl,GridlineWidthTop,Gridline Width Top,Byte,V
CustomControl,GridlineWidthRight,Gridline Width Right,Byte,V
CustomControl,GridlineWidthBottom,Gridline Width Bottom,Byte,V
CustomControl,GridlineColor,Gridline Color,Long,V
CustomControl,HorizontalAnchor,Horizontal Anchor,AcHorizontalAnchor,V
CustomControl,VerticalAnchor,Vertical Anchor,AcVerticalAnchor,V
CustomControl,LayoutID,Layout ID,Long,R_O
CustomControl,VarOleObject,Var Ole Object,Variant,V
DataAccessPage,Name,Name,String,R_O
DataAccessPage,Visible,Visible,Boolean,V
DataAccessPage,WindowWidth,Window Width,Long,R_O
DataAccessPage,WindowHeight,Window Height,Long,R_O
DataAccessPage,CurrentView,Current View,Integer,R_O
DataAccessPage,Application,Application,Application,R_O
DataAccessPage,Parent,Parent,Object,R_O
DataAccessPage,Document,Document,Object,R_O
DataAccessPage,ConnectionString,Connection String,String,V
DataAccessPage,MailEnvelope,Mail Envelope,MsoEnvelope,R_O
DataAccessPage,MSODSC,MSODSC,Object,R_O
DataAccessPage,RemovePersonalInformation,Remove Personal Information,Boolean,V
DataAccessPages,Application,Application,Application,R_O
DataAccessPages,Parent,Parent,Object,R_O
DataAccessPages,Item,Item,DataAccessPage,R_O
DataAccessPages,Count,Count,Long,R_O
DefaultWebOptions,Application,Application,Application,R_O
DefaultWebOptions,Parent,Parent,Object,R_O
DefaultWebOptions,HyperlinkColor,Hyperlink Color,AcColorIndex,V
DefaultWebOptions,FollowedHyperlinkColor,Followed Hyperlink Color,AcColorIndex,V
DefaultWebOptions,UnderlineHyperlinks,Underline Hyperlinks,Boolean,V
DependencyInfo,Parent,Parent,Object,R_O
DependencyInfo,Dependants,Dependants,_DependencyObjects,R_O
DependencyInfo,Dependencies,Dependencies,_DependencyObjects,R_O
DependencyInfo,OutOfDateObjects,Out Of Date Objects,_DependencyObjects,R_O
DependencyInfo,InsufficientPermissions,Insufficient Permissions,_DependencyObjects,R_O
DependencyInfo,UnsupportedObjects,Unsupported Objects,_DependencyObjects,R_O
DependencyObjects,Application,Application,Application,R_O
DependencyObjects,Parent,Parent,Object,R_O
DependencyObjects,Item,Item,AccessObject,R_O
DependencyObjects,Count,Count,Long,R_O
Edge,Application,Application,Application,R_O
Edge,Parent,Parent,Object,R_O
Edge,OldValue,Old Value,Variant,R_O
Edge,Properties,Properties,Properties,R_O
Edge,Controls,Controls,Children,R_O
Edge,Hyperlink,Hyperlink,_Hyperlink,R_O
Edge,Value,Value,Variant,V
Edge,ControlSource,Control Source,String,V
Edge,DisplayWhen,Display When,Byte,V
Edge,Enabled,Enabled,Boolean,V
Edge,ReadyState,Ready State,AcWebBrowserState,R_O
Edge,ScrollBars,Scroll Bars,AcWebBrowserScrollBars,V
Edge,ScrollTop,Scroll Top,Long,V
Edge,ScrollLeft,Scroll Left,Long,V
Edge,LocationURL,Location URL,String,R_O
Edge,Left,Left,Integer,V
Edge,Top,Top,Integer,V
Edge,Width,Width,Integer,V
Edge,Height,Height,Integer,V
Edge,SpecialEffect,Special Effect,Integer,V
Edge,BorderStyle,Border Style,Byte,V
Edge,BorderColor,Border Color,Long,V
Edge,BorderWidth,Border Width,Byte,V
Edge,Section,Section,Integer,V
Edge,OnMouseDown,On Mouse Down,String,V
Edge,OnMouseMove,On Mouse Move,String,V
Edge,OnMouseUp,On Mouse Up,String,V
Edge,OnKeyDown,On Key Down,String,V
Edge,OnKeyUp,On Key Up,String,V
Edge,OnKeyPress,On Key Press,String,V
Edge,Name,Name,String,V
Edge,Layout,Layout,AcLayoutType,R_O
Edge,LeftPadding,Left Padding,Integer,V
Edge,TopPadding,Top Padding,Integer,V
Edge,RightPadding,Right Padding,Integer,V
Edge,BottomPadding,Bottom Padding,Integer,V
Edge,GridlineStyleLeft,Gridline Style Left,Byte,V
Edge,GridlineStyleTop,Gridline Style Top,Byte,V
Edge,GridlineStyleRight,Gridline Style Right,Byte,V
Edge,GridlineStyleBottom,Gridline Style Bottom,Byte,V
Edge,GridlineWidthLeft,Gridline Width Left,Byte,V
Edge,GridlineWidthTop,Gridline Width Top,Byte,V
Edge,GridlineWidthRight,Gridline Width Right,Byte,V
Edge,GridlineWidthBottom,Gridline Width Bottom,Byte,V
Edge,GridlineColor,Gridline Color,Long,V
Edge,HorizontalAnchor,Horizontal Anchor,AcHorizontalAnchor,V
Edge,VerticalAnchor,Vertical Anchor,AcVerticalAnchor,V
Edge,LayoutID,Layout ID,Long,R_O
Edge,OnBeforeNavigate,On Before Navigate,String,V
Edge,OnDocumentComplete,On Document Complete,String,V
Edge,OnNavigateError,On Navigate Error,String,V
Edge,OnUpdated,On Updated,String,V
Edge,TabStop,Tab Stop,Boolean,V
Edge,TabIndex,Tab Index,Integer,V
Edge,Visible,Visible,Boolean,V
Edge,InSelection,In Selection,Boolean,V
Edge,ControlType,Control Type,Byte,V
Edge,BorderThemeColorIndex,Border Theme Color Index,Long,V
Edge,BorderTint,Border Tint,Single,V
Edge,BorderShade,Border Shade,Single,V
Edge,GridlineThemeColorIndex,Gridline Theme Color Index,Long,V
Edge,GridlineTint,Gridline Tint,Single,V
Edge,GridlineShade,Gridline Shade,Single,V
Edge,StatusBarText,Status Bar Text,String,V
Edge,ControlTipText,Control Tip Text,String,V
Edge,EventProcPrefix,Event Proc Prefix,String,V
Edge,HelpContextId,Help Context Id,Long,V
Edge,Tag,Tag,String,V
EmptyCell,Application,Application,Application,R_O
EmptyCell,Parent,Parent,Object,R_O
EmptyCell,Properties,Properties,Properties,R_O
EmptyCell,EventProcPrefix,Event Proc Prefix,String,V
EmptyCell,ControlType,Control Type,Byte,V
EmptyCell,Visible,Visible,Boolean,V
EmptyCell,DisplayWhen,Display When,Byte,V
EmptyCell,Left,Left,Integer,V
EmptyCell,Top,Top,Integer,V
EmptyCell,Width,Width,Integer,V
EmptyCell,Height,Height,Integer,V
EmptyCell,BackStyle,Back Style,Byte,V
EmptyCell,BackColor,Back Color,Long,V
EmptyCell,SpecialEffect,Special Effect,Byte,V
EmptyCell,HelpContextId,Help Context Id,Long,V
EmptyCell,Section,Section,Integer,V
EmptyCell,IsVisible,Is Visible,Boolean,V
EmptyCell,ShortcutMenuBar,Shortcut Menu Bar,String,V
EmptyCell,InSelection,In Selection,Boolean,V
EmptyCell,Tag,Tag,String,V
EmptyCell,Name,Name,String,V
EmptyCell,HorizontalAnchor,Horizontal Anchor,AcHorizontalAnchor,V
EmptyCell,VerticalAnchor,Vertical Anchor,AcVerticalAnchor,V
EmptyCell,Layout,Layout,AcLayoutType,R_O
EmptyCell,LeftPadding,Left Padding,Integer,V
EmptyCell,TopPadding,Top Padding,Integer,V
EmptyCell,RightPadding,Right Padding,Integer,V
EmptyCell,BottomPadding,Bottom Padding,Integer,V
EmptyCell,GridlineStyleLeft,Gridline Style Left,Byte,V
EmptyCell,GridlineStyleTop,Gridline Style Top,Byte,V
EmptyCell,GridlineStyleRight,Gridline Style Right,Byte,V
EmptyCell,GridlineStyleBottom,Gridline Style Bottom,Byte,V
EmptyCell,GridlineWidthLeft,Gridline Width Left,Byte,V
EmptyCell,GridlineWidthTop,Gridline Width Top,Byte,V
EmptyCell,GridlineWidthRight,Gridline Width Right,Byte,V
EmptyCell,GridlineWidthBottom,Gridline Width Bottom,Byte,V
EmptyCell,GridlineColor,Gridline Color,Long,V
EmptyCell,LayoutID,Layout ID,Long,R_O
EmptyCell,StatusBarText,Status Bar Text,String,V
EmptyCell,BackThemeColorIndex,Back Theme Color Index,Long,V
EmptyCell,BackTint,Back Tint,Single,V
EmptyCell,BackShade,Back Shade,Single,V
EmptyCell,GridlineThemeColorIndex,Gridline Theme Color Index,Long,V
EmptyCell,GridlineTint,Gridline Tint,Single,V
EmptyCell,GridlineShade,Gridline Shade,Single,V
Entities,Parent,Parent,Object,R_O
Entities,Item,Item,Entity,R_O
Entities,Count,Count,Long,R_O
Entity,Parent,Parent,Object,R_O
Entity,Name,Name,String,R_O
Entity,Operations,Operations,Operations,R_O
Form,RecordSource,Record Source,String,V
Form,Filter,Filter,String,V
Form,FilterOn,Filter On,Boolean,V
Form,OrderBy,Order By,String,V
Form,OrderByOn,Order By On,Boolean,V
Form,AllowFilters,Allow Filters,Boolean,V
Form,Caption,Caption,String,V
Form,DefaultView,Default View,Byte,V
Form,ViewsAllowed,Views Allowed,Byte,V
Form,AllowEdits,Allow Edits,Boolean,V
Form,AllowDeletions,Allow Deletions,Boolean,V
Form,AllowAdditions,Allow Additions,Boolean,V
Form,DataEntry,Data Entry,Boolean,V
Form,RecordsetType,Recordset Type,Byte,V
Form,RecordLocks,Record Locks,Byte,V
Form,ScrollBars,Scroll Bars,Byte,V
Form,RecordSelectors,Record Selectors,Boolean,V
Form,NavigationButtons,Navigation Buttons,Boolean,V
Form,DividingLines,Dividing Lines,Boolean,V
Form,AutoResize,Auto Resize,Boolean,V
Form,AutoCenter,Auto Center,Boolean,V
Form,PopUp,Pop Up,Boolean,V
Form,Modal,Modal,Boolean,V
Form,BorderStyle,Border Style,Byte,V
Form,ControlBox,Control Box,Boolean,V
Form,MinMaxButtons,Min Max Buttons,Byte,V
Form,CloseButton,Close Button,Boolean,V
Form,Width,Width,Integer,V
Form,Picture,Picture,String,V
Form,PictureType,Picture Type,Byte,V
Form,PictureSizeMode,Picture Size Mode,Byte,V
Form,PictureAlignment,Picture Alignment,Byte,V
Form,PictureTiling,Picture Tiling,Boolean,V
Form,Cycle,Cycle,Byte,V
Form,MenuBar,Menu Bar,String,V
Form,Toolbar,Toolbar,String,V
Form,ShortcutMenu,Shortcut Menu,Boolean,V
Form,ShortcutMenuBar,Shortcut Menu Bar,String,V
Form,GridX,Grid X,Integer,V
Form,GridY,Grid Y,Integer,V
Form,LayoutForPrint,Layout For Print,Boolean,V
Form,FastLaserPrinting,Fast Laser Printing,Boolean,V
Form,HelpFile,Help File,String,V
Form,HelpContextId,Help Context Id,Long,V
Form,RowHeight,Row Height,Integer,V
Form,DatasheetFontName,Datasheet Font Name,String,V
Form,DatasheetFontHeight,Datasheet Font Height,Integer,V
Form,DatasheetFontWeight,Datasheet Font Weight,Integer,V
Form,DatasheetFontItalic,Datasheet Font Italic,Boolean,V
Form,DatasheetFontUnderline,Datasheet Font Underline,Boolean,V
Form,DatasheetGridlinesBehavior,Datasheet Gridlines Behavior,Byte,V
Form,DatasheetGridlinesColor,Datasheet Gridlines Color,Long,V
Form,DatasheetCellsEffect,Datasheet Cells Effect,Byte,V
Form,DatasheetForeColor,Datasheet Fore Color,Long,V
Form,DatasheetBackColor,Datasheet Back Color,Long,V
Form,Hwnd,Hwnd,Long,V
Form,Count,Count,Integer,V
Form,Page,Page,Long,V
Form,Pages,Pages,Integer,V
Form,Visible,Visible,Boolean,V
Form,Painting,Painting,Boolean,V
Form,PrtMip,Prt Mip,Variant,V
Form,PrtDevMode,Prt Dev Mode,Variant,V
Form,PrtDevNames,Prt Dev Names,Variant,V
Form,FrozenColumns,Frozen Columns,Integer,V
Form,Bookmark,Bookmark,Variant,V
Form,PaletteSource,Palette Source,String,V
Form,Tag,Tag,String,V
Form,PaintPalette,Paint Palette,Variant,V
Form,OpenArgs,Open Args,Variant,V
Form,OnCurrent,On Current,String,V
Form,OnInsert,On Insert,String,V
Form,BeforeInsert,Before Insert,String,V
Form,AfterInsert,After Insert,String,V
Form,BeforeUpdate,Before Update,String,V
Form,AfterUpdate,After Update,String,V
Form,OnDirty,On Dirty,String,V
Form,OnDelete,On Delete,String,V
Form,BeforeDelConfirm,Before Del Confirm,String,V
Form,AfterDelConfirm,After Del Confirm,String,V
Form,OnOpen,On Open,String,V
Form,OnLoad,On Load,String,V
Form,OnResize,On Resize,String,V
Form,OnUnload,On Unload,String,V
Form,OnClose,On Close,String,V
Form,OnActivate,On Activate,String,V
Form,OnDeactivate,On Deactivate,String,V
Form,OnGotFocus,On Got Focus,String,V
Form,OnLostFocus,On Lost Focus,String,V
Form,OnClick,On Click,String,V
Form,OnDblClick,On Dbl Click,String,V
Form,OnMouseDown,On Mouse Down,String,V
Form,OnMouseMove,On Mouse Move,String,V
Form,OnMouseUp,On Mouse Up,String,V
Form,OnKeyDown,On Key Down,String,V
Form,OnKeyUp,On Key Up,String,V
Form,OnKeyPress,On Key Press,String,V
Form,KeyPreview,Key Preview,Boolean,V
Form,OnError,On Error,String,V
Form,OnFilter,On Filter,String,V
Form,OnApplyFilter,On Apply Filter,String,V
Form,OnTimer,On Timer,String,V
Form,TimerInterval,Timer Interval,Long,V
Form,Dirty,Dirty,Boolean,V
Form,WindowWidth,Window Width,Integer,V
Form,WindowHeight,Window Height,Integer,V
Form,CurrentView,Current View,Integer,V
Form,CurrentSectionTop,Current Section Top,Integer,V
Form,CurrentSectionLeft,Current Section Left,Integer,V
Form,SelLeft,Sel Left,Long,V
Form,SelTop,Sel Top,Long,V
Form,SelWidth,Sel Width,Long,V
Form,SelHeight,Sel Height,Long,V
Form,CurrentRecord,Current Record,Long,V
Form,PictureData,Picture Data,Variant,V
Form,InsideHeight,Inside Height,Long,V
Form,InsideWidth,Inside Width,Long,V
Form,PicturePalette,Picture Palette,Variant,V
Form,HasModule,Has Module,Boolean,V
Form,Orientation,Orientation,Byte,V
Form,ServerFilter,Server Filter,String,V
Form,ServerFilterByForm,Server Filter By Form,Boolean,V
Form,MaxRecords,Max Records,Long,V
Form,UniqueTable,Unique Table,String,V
Form,ResyncCommand,Resync Command,String,V
Form,InputParameters,Input Parameters,String,V
Form,MaxRecButton,Max Rec Button,Boolean,V
Form,Application,Application,Application,R_O
Form,Parent,Parent,Object,R_O
Form,NewRecord,New Record,Integer,R_O
Form,ActiveControl,Active Control,Control,R_O
Form,DefaultControl,Default Control,Control,R_O
Form,RecordsetClone,Recordset Clone,Object,R_O
Form,Recordset,Recordset,Object,V
Form,Form,Form,Form,R_O
Form,Module,Module,Module,R_O
Form,Properties,Properties,Properties,R_O
Form,Controls,Controls,Controls,R_O
Form,Name,Name,String,V
Form,SubdatasheetHeight,Subdatasheet Height,Integer,V
Form,SubdatasheetExpanded,Subdatasheet Expanded,Boolean,V
Form,DatasheetBorderLineStyle,Datasheet Border Line Style,Byte,V
Form,DatasheetColumnHeaderUnderlineStyle,Datasheet Column Header Underline Style,Byte,V
Form,HorizontalDatasheetGridlineStyle,Horizontal Datasheet Gridline Style,Byte,V
Form,VerticalDatasheetGridlineStyle,Vertical Datasheet Gridline Style,Byte,V
Form,WindowTop,Window Top,Integer,R_O
Form,WindowLeft,Window Left,Integer,R_O
Form,OnUndo,On Undo,String,V
Form,PivotTable,Pivot Table,Object,R_O
Form,ChartSpace,Chart Space,Object,R_O
Form,Printer,Printer,_Printer,V
Form,Moveable,Moveable,Boolean,V
Form,AllowFormView,Allow Form View,Boolean,V
Form,AllowDatasheetView,Allow Datasheet View,Boolean,V
Form,AllowPivotTableView,Allow Pivot Table View,Boolean,V
Form,AllowPivotChartView,Allow Pivot Chart View,Boolean,V
Form,OnConnect,On Connect,String,V
Form,OnDisconnect,On Disconnect,String,V
Form,PivotTableChange,Pivot Table Change,String,V
Form,Query,Query,String,V
Form,BeforeQuery,Before Query,String,V
Form,SelectionChange,Selection Change,String,V
Form,CommandBeforeExecute,Command Before Execute,String,V
Form,CommandChecked,Command Checked,String,V
Form,CommandEnabled,Command Enabled,String,V
Form,CommandExecute,Command Execute,String,V
Form,DataSetChange,Data Set Change,String,V
Form,BeforeScreenTip,Before Screen Tip,String,V
Form,AfterFinalRender,After Final Render,String,V
Form,AfterRender,After Render,String,V
Form,AfterLayout,After Layout,String,V
Form,BeforeRender,Before Render,String,V
Form,MouseWheel,Mouse Wheel,String,V
Form,ViewChange,View Change,String,V
Form,DataChange,Data Change,String,V
Form,FetchDefaults,Fetch Defaults,Boolean,V
Form,UseDefaultPrinter,Use Default Printer,Boolean,V
Form,RecordSourceQualifier,Record Source Qualifier,String,V
Form,FilterOnLoad,Filter On Load,Boolean,V
Form,OrderByOnLoad,Order By On Load,Boolean,V
Form,SplitFormOrientation,Split Form Orientation,AcSplitFormOrientation,V
Form,SplitFormDatasheet,Split Form Datasheet,AcSplitFormDatasheet,V
Form,SplitFormSplitterBar,Split Form Splitter Bar,Boolean,V
Form,SplitFormPrinting,Split Form Printing,AcSplitFormPrinting,V
Form,SplitFormSplitterBarSave,Split Form Splitter Bar Save,Boolean,V
Form,NavigationCaption,Navigation Caption,String,V
Form,AllowLayoutView,Allow Layout View,Boolean,V
Form,DatasheetAlternateBackColor,Datasheet Alternate Back Color,Long,V
Form,DisplayOnSharePointSite,Display On Share Point Site,Byte,V
Form,SplitFormSize,Split Form Size,Long,V
Form,Section,Section,_Section,R_O
Form,RibbonName,Ribbon Name,String,V
Form,FitToScreen,Fit To Screen,Boolean,V
Form2,RecordSource,Record Source,String,V
Form2,Filter,Filter,String,V
Form2,FilterOn,Filter On,Boolean,V
Form2,OrderBy,Order By,String,V
Form2,OrderByOn,Order By On,Boolean,V
Form2,AllowFilters,Allow Filters,Boolean,V
Form2,Caption,Caption,String,V
Form2,DefaultView,Default View,Byte,V
Form2,ViewsAllowed,Views Allowed,Byte,V
Form2,AllowEdits,Allow Edits,Boolean,V
Form2,AllowDeletions,Allow Deletions,Boolean,V
Form2,AllowAdditions,Allow Additions,Boolean,V
Form2,DataEntry,Data Entry,Boolean,V
Form2,RecordsetType,Recordset Type,Byte,V
Form2,RecordLocks,Record Locks,Byte,V
Form2,ScrollBars,Scroll Bars,Byte,V
Form2,RecordSelectors,Record Selectors,Boolean,V
Form2,NavigationButtons,Navigation Buttons,Boolean,V
Form2,DividingLines,Dividing Lines,Boolean,V
Form2,AutoResize,Auto Resize,Boolean,V
Form2,AutoCenter,Auto Center,Boolean,V
Form2,PopUp,Pop Up,Boolean,V
Form2,Modal,Modal,Boolean,V
Form2,BorderStyle,Border Style,Byte,V
Form2,ControlBox,Control Box,Boolean,V
Form2,MinMaxButtons,Min Max Buttons,Byte,V
Form2,CloseButton,Close Button,Boolean,V
Form2,Width,Width,Integer,V
Form2,Picture,Picture,String,V
Form2,PictureType,Picture Type,Byte,V
Form2,PictureSizeMode,Picture Size Mode,Byte,V
Form2,PictureAlignment,Picture Alignment,Byte,V
Form2,PictureTiling,Picture Tiling,Boolean,V
Form2,Cycle,Cycle,Byte,V
Form2,MenuBar,Menu Bar,String,V
Form2,Toolbar,Toolbar,String,V
Form2,ShortcutMenu,Shortcut Menu,Boolean,V
Form2,ShortcutMenuBar,Shortcut Menu Bar,String,V
Form2,GridX,Grid X,Integer,V
Form2,GridY,Grid Y,Integer,V
Form2,LayoutForPrint,Layout For Print,Boolean,V
Form2,FastLaserPrinting,Fast Laser Printing,Boolean,V
Form2,HelpFile,Help File,String,V
Form2,HelpContextId,Help Context Id,Long,V
Form2,RowHeight,Row Height,Integer,V
Form2,DatasheetFontName,Datasheet Font Name,String,V
Form2,DatasheetFontHeight,Datasheet Font Height,Integer,V
Form2,DatasheetFontWeight,Datasheet Font Weight,Integer,V
Form2,DatasheetFontItalic,Datasheet Font Italic,Boolean,V
Form2,DatasheetFontUnderline,Datasheet Font Underline,Boolean,V
Form2,DatasheetGridlinesBehavior,Datasheet Gridlines Behavior,Byte,V
Form2,DatasheetGridlinesColor,Datasheet Gridlines Color,Long,V
Form2,DatasheetCellsEffect,Datasheet Cells Effect,Byte,V
Form2,DatasheetForeColor,Datasheet Fore Color,Long,V
Form2,DatasheetBackColor,Datasheet Back Color,Long,V
Form2,Hwnd,Hwnd,Long,V
Form2,Count,Count,Integer,V
Form2,Page,Page,Long,V
Form2,Pages,Pages,Integer,V
Form2,Visible,Visible,Boolean,V
Form2,Painting,Painting,Boolean,V
Form2,PrtMip,Prt Mip,Variant,V
Form2,PrtDevMode,Prt Dev Mode,Variant,V
Form2,PrtDevNames,Prt Dev Names,Variant,V
Form2,FrozenColumns,Frozen Columns,Integer,V
Form2,Bookmark,Bookmark,Variant,V
Form2,PaletteSource,Palette Source,String,V
Form2,Tag,Tag,String,V
Form2,PaintPalette,Paint Palette,Variant,V
Form2,OnMenu,On Menu,String,V
Form2,OpenArgs,Open Args,Variant,V
Form2,OnCurrent,On Current,String,V
Form2,OnInsert,On Insert,String,V
Form2,BeforeInsert,Before Insert,String,V
Form2,AfterInsert,After Insert,String,V
Form2,BeforeUpdate,Before Update,String,V
Form2,AfterUpdate,After Update,String,V
Form2,OnDirty,On Dirty,String,V
Form2,OnDelete,On Delete,String,V
Form2,BeforeDelConfirm,Before Del Confirm,String,V
Form2,AfterDelConfirm,After Del Confirm,String,V
Form2,OnOpen,On Open,String,V
Form2,OnLoad,On Load,String,V
Form2,OnResize,On Resize,String,V
Form2,OnUnload,On Unload,String,V
Form2,OnClose,On Close,String,V
Form2,OnActivate,On Activate,String,V
Form2,OnDeactivate,On Deactivate,String,V
Form2,OnGotFocus,On Got Focus,String,V
Form2,OnLostFocus,On Lost Focus,String,V
Form2,OnClick,On Click,String,V
Form2,OnDblClick,On Dbl Click,String,V
Form2,OnMouseDown,On Mouse Down,String,V
Form2,OnMouseMove,On Mouse Move,String,V
Form2,OnMouseUp,On Mouse Up,String,V
Form2,OnKeyDown,On Key Down,String,V
Form2,OnKeyUp,On Key Up,String,V
Form2,OnKeyPress,On Key Press,String,V
Form2,KeyPreview,Key Preview,Boolean,V
Form2,OnError,On Error,String,V
Form2,OnFilter,On Filter,String,V
Form2,OnApplyFilter,On Apply Filter,String,V
Form2,OnTimer,On Timer,String,V
Form2,TimerInterval,Timer Interval,Long,V
Form2,Dirty,Dirty,Boolean,V
Form2,WindowWidth,Window Width,Integer,V
Form2,WindowHeight,Window Height,Integer,V
Form2,CurrentView,Current View,Integer,V
Form2,CurrentSectionTop,Current Section Top,Integer,V
Form2,CurrentSectionLeft,Current Section Left,Integer,V
Form2,SelLeft,Sel Left,Long,V
Form2,SelTop,Sel Top,Long,V
Form2,SelWidth,Sel Width,Long,V
Form2,SelHeight,Sel Height,Long,V
Form2,CurrentRecord,Current Record,Long,V
Form2,PictureData,Picture Data,Variant,V
Form2,InsideHeight,Inside Height,Long,V
Form2,InsideWidth,Inside Width,Long,V
Form2,PicturePalette,Picture Palette,Variant,V
Form2,HasModule,Has Module,Boolean,V
Form2,Orientation,Orientation,Byte,V
Form2,ServerFilter,Server Filter,String,V
Form2,ServerFilterByForm,Server Filter By Form,Boolean,V
Form2,MaxRecords,Max Records,Long,V
Form2,UniqueTable,Unique Table,String,V
Form2,ResyncCommand,Resync Command,String,V
Form2,InputParameters,Input Parameters,String,V
Form2,MaxRecButton,Max Rec Button,Boolean,V
Form2,Application,Application,Application,R_O
Form2,Parent,Parent,Object,R_O
Form2,NewRecord,New Record,Integer,R_O
Form2,ActiveControl,Active Control,Control,R_O
Form2,DefaultControl,Default Control,Control,R_O
Form2,RecordsetClone,Recordset Clone,Object,R_O
Form2,Recordset,Recordset,Object,V
Form2,Section,Section,Section,R_O
Form2,Form,Form,Form,R_O
Form2,Module,Module,Module,R_O
Form2,Properties,Properties,Properties,R_O
Form2,Controls,Controls,Controls,R_O
Form2,Name,Name,String,V
Form2,SubdatasheetHeight,Subdatasheet Height,Integer,V
Form2,SubdatasheetExpanded,Subdatasheet Expanded,Boolean,V
Form2,DatasheetBorderLineStyle,Datasheet Border Line Style,Byte,V
Form2,DatasheetColumnHeaderUnderlineStyle,Datasheet Column Header Underline Style,Byte,V
Form2,HorizontalDatasheetGridlineStyle,Horizontal Datasheet Gridline Style,Byte,V
Form2,VerticalDatasheetGridlineStyle,Vertical Datasheet Gridline Style,Byte,V
Form2,WindowTop,Window Top,Integer,R_O
Form2,WindowLeft,Window Left,Integer,R_O
Form2,OnUndo,On Undo,String,V
Form2,PivotTable,Pivot Table,Object,R_O
Form2,ChartSpace,Chart Space,Object,R_O
Form2,Printer,Printer,_Printer,V
Form2,Moveable,Moveable,Boolean,V
Form2,AllowFormView,Allow Form View,Boolean,V
Form2,AllowDatasheetView,Allow Datasheet View,Boolean,V
Form2,AllowPivotTableView,Allow Pivot Table View,Boolean,V
Form2,AllowPivotChartView,Allow Pivot Chart View,Boolean,V
Form2,OnConnect,On Connect,String,V
Form2,OnDisconnect,On Disconnect,String,V
Form2,PivotTableChange,Pivot Table Change,String,V
Form2,Query,Query,String,V
Form2,BeforeQuery,Before Query,String,V
Form2,SelectionChange,Selection Change,String,V
Form2,CommandBeforeExecute,Command Before Execute,String,V
Form2,CommandChecked,Command Checked,String,V
Form2,CommandEnabled,Command Enabled,String,V
Form2,CommandExecute,Command Execute,String,V
Form2,DataSetChange,Data Set Change,String,V
Form2,BeforeScreenTip,Before Screen Tip,String,V
Form2,AfterFinalRender,After Final Render,String,V
Form2,AfterRender,After Render,String,V
Form2,AfterLayout,After Layout,String,V
Form2,BeforeRender,Before Render,String,V
Form2,MouseWheel,Mouse Wheel,String,V
Form2,ViewChange,View Change,String,V
Form2,DataChange,Data Change,String,V
Form2,FetchDefaults,Fetch Defaults,Boolean,V
Form2,UseDefaultPrinter,Use Default Printer,Boolean,V
Form2,RecordSourceQualifier,Record Source Qualifier,String,V
Form3,RecordSource,Record Source,String,V
Form3,Filter,Filter,String,V
Form3,FilterOn,Filter On,Boolean,V
Form3,OrderBy,Order By,String,V
Form3,OrderByOn,Order By On,Boolean,V
Form3,AllowFilters,Allow Filters,Boolean,V
Form3,Caption,Caption,String,V
Form3,DefaultView,Default View,Byte,V
Form3,ViewsAllowed,Views Allowed,Byte,V
Form3,AllowEdits,Allow Edits,Boolean,V
Form3,AllowDeletions,Allow Deletions,Boolean,V
Form3,AllowAdditions,Allow Additions,Boolean,V
Form3,DataEntry,Data Entry,Boolean,V
Form3,RecordsetType,Recordset Type,Byte,V
Form3,RecordLocks,Record Locks,Byte,V
Form3,ScrollBars,Scroll Bars,Byte,V
Form3,RecordSelectors,Record Selectors,Boolean,V
Form3,NavigationButtons,Navigation Buttons,Boolean,V
Form3,DividingLines,Dividing Lines,Boolean,V
Form3,AutoResize,Auto Resize,Boolean,V
Form3,AutoCenter,Auto Center,Boolean,V
Form3,PopUp,Pop Up,Boolean,V
Form3,Modal,Modal,Boolean,V
Form3,BorderStyle,Border Style,Byte,V
Form3,ControlBox,Control Box,Boolean,V
Form3,MinMaxButtons,Min Max Buttons,Byte,V
Form3,CloseButton,Close Button,Boolean,V
Form3,Width,Width,Integer,V
Form3,Picture,Picture,String,V
Form3,PictureType,Picture Type,Byte,V
Form3,PictureSizeMode,Picture Size Mode,Byte,V
Form3,PictureAlignment,Picture Alignment,Byte,V
Form3,PictureTiling,Picture Tiling,Boolean,V
Form3,Cycle,Cycle,Byte,V
Form3,MenuBar,Menu Bar,String,V
Form3,Toolbar,Toolbar,String,V
Form3,ShortcutMenu,Shortcut Menu,Boolean,V
Form3,ShortcutMenuBar,Shortcut Menu Bar,String,V
Form3,GridX,Grid X,Integer,V
Form3,GridY,Grid Y,Integer,V
Form3,LayoutForPrint,Layout For Print,Boolean,V
Form3,FastLaserPrinting,Fast Laser Printing,Boolean,V
Form3,HelpFile,Help File,String,V
Form3,HelpContextId,Help Context Id,Long,V
Form3,RowHeight,Row Height,Integer,V
Form3,DatasheetFontName,Datasheet Font Name,String,V
Form3,DatasheetFontHeight,Datasheet Font Height,Integer,V
Form3,DatasheetFontWeight,Datasheet Font Weight,Integer,V
Form3,DatasheetFontItalic,Datasheet Font Italic,Boolean,V
Form3,DatasheetFontUnderline,Datasheet Font Underline,Boolean,V
Form3,DatasheetGridlinesBehavior,Datasheet Gridlines Behavior,Byte,V
Form3,DatasheetGridlinesColor,Datasheet Gridlines Color,Long,V
Form3,DatasheetCellsEffect,Datasheet Cells Effect,Byte,V
Form3,DatasheetForeColor,Datasheet Fore Color,Long,V
Form3,DatasheetBackColor,Datasheet Back Color,Long,V
Form3,Hwnd,Hwnd,Long,V
Form3,Count,Count,Integer,V
Form3,Page,Page,Long,V
Form3,Pages,Pages,Integer,V
Form3,Visible,Visible,Boolean,V
Form3,Painting,Painting,Boolean,V
Form3,PrtMip,Prt Mip,Variant,V
Form3,PrtDevMode,Prt Dev Mode,Variant,V
Form3,PrtDevNames,Prt Dev Names,Variant,V
Form3,FrozenColumns,Frozen Columns,Integer,V
Form3,Bookmark,Bookmark,Variant,V
Form3,PaletteSource,Palette Source,String,V
Form3,Tag,Tag,String,V
Form3,PaintPalette,Paint Palette,Variant,V
Form3,OpenArgs,Open Args,Variant,V
Form3,OnCurrent,On Current,String,V
Form3,OnInsert,On Insert,String,V
Form3,BeforeInsert,Before Insert,String,V
Form3,AfterInsert,After Insert,String,V
Form3,BeforeUpdate,Before Update,String,V
Form3,AfterUpdate,After Update,String,V
Form3,OnDirty,On Dirty,String,V
Form3,OnDelete,On Delete,String,V
Form3,BeforeDelConfirm,Before Del Confirm,String,V
Form3,AfterDelConfirm,After Del Confirm,String,V
Form3,OnOpen,On Open,String,V
Form3,OnLoad,On Load,String,V
Form3,OnResize,On Resize,String,V
Form3,OnUnload,On Unload,String,V
Form3,OnClose,On Close,String,V
Form3,OnActivate,On Activate,String,V
Form3,OnDeactivate,On Deactivate,String,V
Form3,OnGotFocus,On Got Focus,String,V
Form3,OnLostFocus,On Lost Focus,String,V
Form3,OnClick,On Click,String,V
Form3,OnDblClick,On Dbl Click,String,V
Form3,OnMouseDown,On Mouse Down,String,V
Form3,OnMouseMove,On Mouse Move,String,V
Form3,OnMouseUp,On Mouse Up,String,V
Form3,OnKeyDown,On Key Down,String,V
Form3,OnKeyUp,On Key Up,String,V
Form3,OnKeyPress,On Key Press,String,V
Form3,KeyPreview,Key Preview,Boolean,V
Form3,OnError,On Error,String,V
Form3,OnFilter,On Filter,String,V
Form3,OnApplyFilter,On Apply Filter,String,V
Form3,OnTimer,On Timer,String,V
Form3,TimerInterval,Timer Interval,Long,V
Form3,Dirty,Dirty,Boolean,V
Form3,WindowWidth,Window Width,Integer,V
Form3,WindowHeight,Window Height,Integer,V
Form3,CurrentView,Current View,Integer,V
Form3,CurrentSectionTop,Current Section Top,Integer,V
Form3,CurrentSectionLeft,Current Section Left,Integer,V
Form3,SelLeft,Sel Left,Long,V
Form3,SelTop,Sel Top,Long,V
Form3,SelWidth,Sel Width,Long,V
Form3,SelHeight,Sel Height,Long,V
Form3,CurrentRecord,Current Record,Long,V
Form3,PictureData,Picture Data,Variant,V
Form3,InsideHeight,Inside Height,Long,V
Form3,InsideWidth,Inside Width,Long,V
Form3,PicturePalette,Picture Palette,Variant,V
Form3,HasModule,Has Module,Boolean,V
Form3,Orientation,Orientation,Byte,V
Form3,ServerFilter,Server Filter,String,V
Form3,ServerFilterByForm,Server Filter By Form,Boolean,V
Form3,MaxRecords,Max Records,Long,V
Form3,UniqueTable,Unique Table,String,V
Form3,ResyncCommand,Resync Command,String,V
Form3,InputParameters,Input Parameters,String,V
Form3,MaxRecButton,Max Rec Button,Boolean,V
Form3,Application,Application,Application,R_O
Form3,Parent,Parent,Object,R_O
Form3,NewRecord,New Record,Integer,R_O
Form3,ActiveControl,Active Control,Control,R_O
Form3,DefaultControl,Default Control,Control,R_O
Form3,RecordsetClone,Recordset Clone,Object,R_O
Form3,Recordset,Recordset,Object,V
Form3,Form,Form,Form,R_O
Form3,Module,Module,Module,R_O
Form3,Properties,Properties,Properties,R_O
Form3,Controls,Controls,Controls,R_O
Form3,Name,Name,String,V
Form3,SubdatasheetHeight,Subdatasheet Height,Integer,V
Form3,SubdatasheetExpanded,Subdatasheet Expanded,Boolean,V
Form3,DatasheetBorderLineStyle,Datasheet Border Line Style,Byte,V
Form3,DatasheetColumnHeaderUnderlineStyle,Datasheet Column Header Underline Style,Byte,V
Form3,HorizontalDatasheetGridlineStyle,Horizontal Datasheet Gridline Style,Byte,V
Form3,VerticalDatasheetGridlineStyle,Vertical Datasheet Gridline Style,Byte,V
Form3,WindowTop,Window Top,Integer,R_O
Form3,WindowLeft,Window Left,Integer,R_O
Form3,OnUndo,On Undo,String,V
Form3,PivotTable,Pivot Table,Object,R_O
Form3,ChartSpace,Chart Space,Object,R_O
Form3,Printer,Printer,_Printer,V
Form3,Moveable,Moveable,Boolean,V
Form3,AllowFormView,Allow Form View,Boolean,V
Form3,AllowDatasheetView,Allow Datasheet View,Boolean,V
Form3,AllowPivotTableView,Allow Pivot Table View,Boolean,V
Form3,AllowPivotChartView,Allow Pivot Chart View,Boolean,V
Form3,OnConnect,On Connect,String,V
Form3,OnDisconnect,On Disconnect,String,V
Form3,PivotTableChange,Pivot Table Change,String,V
Form3,Query,Query,String,V
Form3,BeforeQuery,Before Query,String,V
Form3,SelectionChange,Selection Change,String,V
Form3,CommandBeforeExecute,Command Before Execute,String,V
Form3,CommandChecked,Command Checked,String,V
Form3,CommandEnabled,Command Enabled,String,V
Form3,CommandExecute,Command Execute,String,V
Form3,DataSetChange,Data Set Change,String,V
Form3,BeforeScreenTip,Before Screen Tip,String,V
Form3,AfterFinalRender,After Final Render,String,V
Form3,AfterRender,After Render,String,V
Form3,AfterLayout,After Layout,String,V
Form3,BeforeRender,Before Render,String,V
Form3,MouseWheel,Mouse Wheel,String,V
Form3,ViewChange,View Change,String,V
Form3,DataChange,Data Change,String,V
Form3,FetchDefaults,Fetch Defaults,Boolean,V
Form3,UseDefaultPrinter,Use Default Printer,Boolean,V
Form3,RecordSourceQualifier,Record Source Qualifier,String,V
Form3,FilterOnLoad,Filter On Load,Boolean,V
Form3,OrderByOnLoad,Order By On Load,Boolean,V
Form3,SplitFormOrientation,Split Form Orientation,AcSplitFormOrientation,V
Form3,SplitFormDatasheet,Split Form Datasheet,AcSplitFormDatasheet,V
Form3,SplitFormSplitterBar,Split Form Splitter Bar,Boolean,V
Form3,SplitFormPrinting,Split Form Printing,AcSplitFormPrinting,V
Form3,SplitFormSplitterBarSave,Split Form Splitter Bar Save,Boolean,V
Form3,NavigationCaption,Navigation Caption,String,V
Form3,AllowLayoutView,Allow Layout View,Boolean,V
Form3,DatasheetAlternateBackColor,Datasheet Alternate Back Color,Long,V
Form3,DisplayOnSharePointSite,Display On Share Point Site,Byte,V
Form3,SplitFormSize,Split Form Size,Long,V
Form3,Section,Section,_Section,R_O
Form3,RibbonName,Ribbon Name,String,V
Form3,FitToScreen,Fit To Screen,Boolean,V
FormatCondition,ForeColor,Fore Color,Long,V
FormatCondition,BackColor,Back Color,Long,V
FormatCondition,FontBold,Font Bold,Boolean,V
FormatCondition,FontItalic,Font Italic,Boolean,V
FormatCondition,FontUnderline,Font Underline,Boolean,V
FormatCondition,Enabled,Enabled,Boolean,V
FormatCondition,Type,Type,AcFormatConditionType,R_O
FormatCondition,Operator,Operator,AcFormatConditionOperator,R_O
FormatCondition,Expression1,Expression1,String,R_O
FormatCondition,Expression2,Expression2,String,R_O
FormatCondition,ShortestBarLimit,Shortest Bar Limit,AcFormatBarLimits,V
FormatCondition,ShortestBarValue,Shortest Bar Value,String,V
FormatCondition,LongestBarLimit,Longest Bar Limit,AcFormatBarLimits,V
FormatCondition,LongestBarValue,Longest Bar Value,String,V
FormatCondition,ShowBarOnly,Show Bar Only,Boolean,V
FormatConditions,Application,Application,Application,R_O
FormatConditions,Parent,Parent,Object,R_O
FormatConditions,Item,Item,_FormatCondition,R_O
FormatConditions,Count,Count,Long,R_O
FormOld,RecordSource,Record Source,String,V
FormOld,Filter,Filter,String,V
FormOld,FilterOn,Filter On,Boolean,V
FormOld,OrderBy,Order By,String,V
FormOld,OrderByOn,Order By On,Boolean,V
FormOld,AllowFilters,Allow Filters,Boolean,V
FormOld,Caption,Caption,String,V
FormOld,DefaultView,Default View,Byte,V
FormOld,ViewsAllowed,Views Allowed,Byte,V
FormOld,AllowEdits,Allow Edits,Boolean,V
FormOld,AllowDeletions,Allow Deletions,Boolean,V
FormOld,AllowAdditions,Allow Additions,Boolean,V
FormOld,DataEntry,Data Entry,Boolean,V
FormOld,RecordsetType,Recordset Type,Byte,V
FormOld,RecordLocks,Record Locks,Byte,V
FormOld,ScrollBars,Scroll Bars,Byte,V
FormOld,RecordSelectors,Record Selectors,Boolean,V
FormOld,NavigationButtons,Navigation Buttons,Boolean,V
FormOld,DividingLines,Dividing Lines,Boolean,V
FormOld,AutoResize,Auto Resize,Boolean,V
FormOld,AutoCenter,Auto Center,Boolean,V
FormOld,PopUp,Pop Up,Boolean,V
FormOld,Modal,Modal,Boolean,V
FormOld,BorderStyle,Border Style,Byte,V
FormOld,ControlBox,Control Box,Boolean,V
FormOld,MinMaxButtons,Min Max Buttons,Byte,V
FormOld,CloseButton,Close Button,Boolean,V
FormOld,Width,Width,Integer,V
FormOld,Picture,Picture,String,V
FormOld,PictureType,Picture Type,Byte,V
FormOld,PictureSizeMode,Picture Size Mode,Byte,V
FormOld,PictureAlignment,Picture Alignment,Byte,V
FormOld,PictureTiling,Picture Tiling,Boolean,V
FormOld,Cycle,Cycle,Byte,V
FormOld,MenuBar,Menu Bar,String,V
FormOld,Toolbar,Toolbar,String,V
FormOld,ShortcutMenu,Shortcut Menu,Boolean,V
FormOld,ShortcutMenuBar,Shortcut Menu Bar,String,V
FormOld,GridX,Grid X,Integer,V
FormOld,GridY,Grid Y,Integer,V
FormOld,LayoutForPrint,Layout For Print,Boolean,V
FormOld,FastLaserPrinting,Fast Laser Printing,Boolean,V
FormOld,HelpFile,Help File,String,V
FormOld,HelpContextId,Help Context Id,Long,V
FormOld,RowHeight,Row Height,Integer,V
FormOld,DatasheetFontName,Datasheet Font Name,String,V
FormOld,DatasheetFontHeight,Datasheet Font Height,Integer,V
FormOld,DatasheetFontWeight,Datasheet Font Weight,Integer,V
FormOld,DatasheetFontItalic,Datasheet Font Italic,Boolean,V
FormOld,DatasheetFontUnderline,Datasheet Font Underline,Boolean,V
FormOld,DatasheetGridlinesBehavior,Datasheet Gridlines Behavior,Byte,V
FormOld,DatasheetGridlinesColor,Datasheet Gridlines Color,Long,V
FormOld,DatasheetCellsEffect,Datasheet Cells Effect,Byte,V
FormOld,DatasheetForeColor,Datasheet Fore Color,Long,V
FormOld,DatasheetBackColor,Datasheet Back Color,Long,V
FormOld,Hwnd,Hwnd,Long,V
FormOld,Count,Count,Integer,V
FormOld,Page,Page,Long,V
FormOld,Pages,Pages,Integer,V
FormOld,Visible,Visible,Boolean,V
FormOld,Painting,Painting,Boolean,V
FormOld,PrtMip,Prt Mip,Variant,V
FormOld,PrtDevMode,Prt Dev Mode,Variant,V
FormOld,PrtDevNames,Prt Dev Names,Variant,V
FormOld,FrozenColumns,Frozen Columns,Integer,V
FormOld,Bookmark,Bookmark,Variant,V
FormOld,PaletteSource,Palette Source,String,V
FormOld,Tag,Tag,String,V
FormOld,PaintPalette,Paint Palette,Variant,V
FormOld,OnMenu,On Menu,String,V
FormOld,OpenArgs,Open Args,Variant,V
FormOld,OnCurrent,On Current,String,V
FormOld,OnInsert,On Insert,String,V
FormOld,BeforeInsert,Before Insert,String,V
FormOld,AfterInsert,After Insert,String,V
FormOld,BeforeUpdate,Before Update,String,V
FormOld,AfterUpdate,After Update,String,V
FormOld,OnDirty,On Dirty,String,V
FormOld,OnDelete,On Delete,String,V
FormOld,BeforeDelConfirm,Before Del Confirm,String,V
FormOld,AfterDelConfirm,After Del Confirm,String,V
FormOld,OnOpen,On Open,String,V
FormOld,OnLoad,On Load,String,V
FormOld,OnResize,On Resize,String,V
FormOld,OnUnload,On Unload,String,V
FormOld,OnClose,On Close,String,V
FormOld,OnActivate,On Activate,String,V
FormOld,OnDeactivate,On Deactivate,String,V
FormOld,OnGotFocus,On Got Focus,String,V
FormOld,OnLostFocus,On Lost Focus,String,V
FormOld,OnClick,On Click,String,V
FormOld,OnDblClick,On Dbl Click,String,V
FormOld,OnMouseDown,On Mouse Down,String,V
FormOld,OnMouseMove,On Mouse Move,String,V
FormOld,OnMouseUp,On Mouse Up,String,V
FormOld,OnKeyDown,On Key Down,String,V
FormOld,OnKeyUp,On Key Up,String,V
FormOld,OnKeyPress,On Key Press,String,V
FormOld,KeyPreview,Key Preview,Boolean,V
FormOld,OnError,On Error,String,V
FormOld,OnFilter,On Filter,String,V
FormOld,OnApplyFilter,On Apply Filter,String,V
FormOld,OnTimer,On Timer,String,V
FormOld,TimerInterval,Timer Interval,Long,V
FormOld,Dirty,Dirty,Boolean,V
FormOld,WindowWidth,Window Width,Integer,V
FormOld,WindowHeight,Window Height,Integer,V
FormOld,CurrentView,Current View,Integer,V
FormOld,CurrentSectionTop,Current Section Top,Integer,V
FormOld,CurrentSectionLeft,Current Section Left,Integer,V
FormOld,SelLeft,Sel Left,Long,V
FormOld,SelTop,Sel Top,Long,V
FormOld,SelWidth,Sel Width,Long,V
FormOld,SelHeight,Sel Height,Long,V
FormOld,CurrentRecord,Current Record,Long,V
FormOld,PictureData,Picture Data,Variant,V
FormOld,InsideHeight,Inside Height,Long,V
FormOld,InsideWidth,Inside Width,Long,V
FormOld,PicturePalette,Picture Palette,Variant,V
FormOld,HasModule,Has Module,Boolean,V
FormOld,Orientation,Orientation,Byte,V
FormOld,ServerFilter,Server Filter,String,V
FormOld,ServerFilterByForm,Server Filter By Form,Boolean,V
FormOld,MaxRecords,Max Records,Long,V
FormOld,UniqueTable,Unique Table,String,V
FormOld,ResyncCommand,Resync Command,String,V
FormOld,InputParameters,Input Parameters,String,V
FormOld,MaxRecButton,Max Rec Button,Boolean,V
FormOld,Application,Application,Application,R_O
FormOld,Parent,Parent,Object,R_O
FormOld,NewRecord,New Record,Integer,R_O
FormOld,ActiveControl,Active Control,Control,R_O
FormOld,DefaultControl,Default Control,Control,R_O
FormOld,RecordsetClone,Recordset Clone,Object,R_O
FormOld,Recordset,Recordset,Object,V
FormOld,Section,Section,Section,R_O
FormOld,Form,Form,Form,R_O
FormOld,Module,Module,Module,R_O
FormOld,Properties,Properties,Properties,R_O
FormOld,Controls,Controls,Controls,R_O
FormOld,Name,Name,String,V
FormOld,SubdatasheetHeight,Subdatasheet Height,Integer,V
FormOld,SubdatasheetExpanded,Subdatasheet Expanded,Boolean,V
FormOldV10,RecordSource,Record Source,String,V
FormOldV10,Filter,Filter,String,V
FormOldV10,FilterOn,Filter On,Boolean,V
FormOldV10,OrderBy,Order By,String,V
FormOldV10,OrderByOn,Order By On,Boolean,V
FormOldV10,AllowFilters,Allow Filters,Boolean,V
FormOldV10,Caption,Caption,String,V
FormOldV10,DefaultView,Default View,Byte,V
FormOldV10,ViewsAllowed,Views Allowed,Byte,V
FormOldV10,AllowEdits,Allow Edits,Boolean,V
FormOldV10,AllowDeletions,Allow Deletions,Boolean,V
FormOldV10,AllowAdditions,Allow Additions,Boolean,V
FormOldV10,DataEntry,Data Entry,Boolean,V
FormOldV10,RecordsetType,Recordset Type,Byte,V
FormOldV10,RecordLocks,Record Locks,Byte,V
FormOldV10,ScrollBars,Scroll Bars,Byte,V
FormOldV10,RecordSelectors,Record Selectors,Boolean,V
FormOldV10,NavigationButtons,Navigation Buttons,Boolean,V
FormOldV10,DividingLines,Dividing Lines,Boolean,V
FormOldV10,AutoResize,Auto Resize,Boolean,V
FormOldV10,AutoCenter,Auto Center,Boolean,V
FormOldV10,PopUp,Pop Up,Boolean,V
FormOldV10,Modal,Modal,Boolean,V
FormOldV10,BorderStyle,Border Style,Byte,V
FormOldV10,ControlBox,Control Box,Boolean,V
FormOldV10,MinMaxButtons,Min Max Buttons,Byte,V
FormOldV10,CloseButton,Close Button,Boolean,V
FormOldV10,Width,Width,Integer,V
FormOldV10,Picture,Picture,String,V
FormOldV10,PictureType,Picture Type,Byte,V
FormOldV10,PictureSizeMode,Picture Size Mode,Byte,V
FormOldV10,PictureAlignment,Picture Alignment,Byte,V
FormOldV10,PictureTiling,Picture Tiling,Boolean,V
FormOldV10,Cycle,Cycle,Byte,V
FormOldV10,MenuBar,Menu Bar,String,V
FormOldV10,Toolbar,Toolbar,String,V
FormOldV10,ShortcutMenu,Shortcut Menu,Boolean,V
FormOldV10,ShortcutMenuBar,Shortcut Menu Bar,String,V
FormOldV10,GridX,Grid X,Integer,V
FormOldV10,GridY,Grid Y,Integer,V
FormOldV10,LayoutForPrint,Layout For Print,Boolean,V
FormOldV10,FastLaserPrinting,Fast Laser Printing,Boolean,V
FormOldV10,HelpFile,Help File,String,V
FormOldV10,HelpContextId,Help Context Id,Long,V
FormOldV10,RowHeight,Row Height,Integer,V
FormOldV10,DatasheetFontName,Datasheet Font Name,String,V
FormOldV10,DatasheetFontHeight,Datasheet Font Height,Integer,V
FormOldV10,DatasheetFontWeight,Datasheet Font Weight,Integer,V
FormOldV10,DatasheetFontItalic,Datasheet Font Italic,Boolean,V
FormOldV10,DatasheetFontUnderline,Datasheet Font Underline,Boolean,V
FormOldV10,DatasheetGridlinesBehavior,Datasheet Gridlines Behavior,Byte,V
FormOldV10,DatasheetGridlinesColor,Datasheet Gridlines Color,Long,V
FormOldV10,DatasheetCellsEffect,Datasheet Cells Effect,Byte,V
FormOldV10,DatasheetForeColor,Datasheet Fore Color,Long,V
FormOldV10,DatasheetBackColor,Datasheet Back Color,Long,V
FormOldV10,Hwnd,Hwnd,Long,V
FormOldV10,Count,Count,Integer,V
FormOldV10,Page,Page,Long,V
FormOldV10,Pages,Pages,Integer,V
FormOldV10,Visible,Visible,Boolean,V
FormOldV10,Painting,Painting,Boolean,V
FormOldV10,PrtMip,Prt Mip,Variant,V
FormOldV10,PrtDevMode,Prt Dev Mode,Variant,V
FormOldV10,PrtDevNames,Prt Dev Names,Variant,V
FormOldV10,FrozenColumns,Frozen Columns,Integer,V
FormOldV10,Bookmark,Bookmark,Variant,V
FormOldV10,PaletteSource,Palette Source,String,V
FormOldV10,Tag,Tag,String,V
FormOldV10,PaintPalette,Paint Palette,Variant,V
FormOldV10,OnMenu,On Menu,String,V
FormOldV10,OpenArgs,Open Args,Variant,V
FormOldV10,OnCurrent,On Current,String,V
FormOldV10,OnInsert,On Insert,String,V
FormOldV10,BeforeInsert,Before Insert,String,V
FormOldV10,AfterInsert,After Insert,String,V
FormOldV10,BeforeUpdate,Before Update,String,V
FormOldV10,AfterUpdate,After Update,String,V
FormOldV10,OnDirty,On Dirty,String,V
FormOldV10,OnDelete,On Delete,String,V
FormOldV10,BeforeDelConfirm,Before Del Confirm,String,V
FormOldV10,AfterDelConfirm,After Del Confirm,String,V
FormOldV10,OnOpen,On Open,String,V
FormOldV10,OnLoad,On Load,String,V
FormOldV10,OnResize,On Resize,String,V
FormOldV10,OnUnload,On Unload,String,V
FormOldV10,OnClose,On Close,String,V
FormOldV10,OnActivate,On Activate,String,V
FormOldV10,OnDeactivate,On Deactivate,String,V
FormOldV10,OnGotFocus,On Got Focus,String,V
FormOldV10,OnLostFocus,On Lost Focus,String,V
FormOldV10,OnClick,On Click,String,V
FormOldV10,OnDblClick,On Dbl Click,String,V
FormOldV10,OnMouseDown,On Mouse Down,String,V
FormOldV10,OnMouseMove,On Mouse Move,String,V
FormOldV10,OnMouseUp,On Mouse Up,String,V
FormOldV10,OnKeyDown,On Key Down,String,V
FormOldV10,OnKeyUp,On Key Up,String,V
FormOldV10,OnKeyPress,On Key Press,String,V
FormOldV10,KeyPreview,Key Preview,Boolean,V
FormOldV10,OnError,On Error,String,V
FormOldV10,OnFilter,On Filter,String,V
FormOldV10,OnApplyFilter,On Apply Filter,String,V
FormOldV10,OnTimer,On Timer,String,V
FormOldV10,TimerInterval,Timer Interval,Long,V
FormOldV10,Dirty,Dirty,Boolean,V
FormOldV10,WindowWidth,Window Width,Integer,V
FormOldV10,WindowHeight,Window Height,Integer,V
FormOldV10,CurrentView,Current View,Integer,V
FormOldV10,CurrentSectionTop,Current Section Top,Integer,V
FormOldV10,CurrentSectionLeft,Current Section Left,Integer,V
FormOldV10,SelLeft,Sel Left,Long,V
FormOldV10,SelTop,Sel Top,Long,V
FormOldV10,SelWidth,Sel Width,Long,V
FormOldV10,SelHeight,Sel Height,Long,V
FormOldV10,CurrentRecord,Current Record,Long,V
FormOldV10,PictureData,Picture Data,Variant,V
FormOldV10,InsideHeight,Inside Height,Long,V
FormOldV10,InsideWidth,Inside Width,Long,V
FormOldV10,PicturePalette,Picture Palette,Variant,V
FormOldV10,HasModule,Has Module,Boolean,V
FormOldV10,Orientation,Orientation,Byte,V
FormOldV10,ServerFilter,Server Filter,String,V
FormOldV10,ServerFilterByForm,Server Filter By Form,Boolean,V
FormOldV10,MaxRecords,Max Records,Long,V
FormOldV10,UniqueTable,Unique Table,String,V
FormOldV10,ResyncCommand,Resync Command,String,V
FormOldV10,InputParameters,Input Parameters,String,V
FormOldV10,MaxRecButton,Max Rec Button,Boolean,V
FormOldV10,Application,Application,Application,R_O
FormOldV10,Parent,Parent,Object,R_O
FormOldV10,NewRecord,New Record,Integer,R_O
FormOldV10,ActiveControl,Active Control,Control,R_O
FormOldV10,DefaultControl,Default Control,Control,R_O
FormOldV10,RecordsetClone,Recordset Clone,Object,R_O
FormOldV10,Recordset,Recordset,Object,V
FormOldV10,Section,Section,Section,R_O
FormOldV10,Form,Form,Form,R_O
FormOldV10,Module,Module,Module,R_O
FormOldV10,Properties,Properties,Properties,R_O
FormOldV10,Controls,Controls,Controls,R_O
FormOldV10,Name,Name,String,V
FormOldV10,SubdatasheetHeight,Subdatasheet Height,Integer,V
FormOldV10,SubdatasheetExpanded,Subdatasheet Expanded,Boolean,V
FormOldV10,DatasheetBorderLineStyle,Datasheet Border Line Style,Byte,V
FormOldV10,DatasheetColumnHeaderUnderlineStyle,Datasheet Column Header Underline Style,Byte,V
FormOldV10,HorizontalDatasheetGridlineStyle,Horizontal Datasheet Gridline Style,Byte,V
FormOldV10,VerticalDatasheetGridlineStyle,Vertical Datasheet Gridline Style,Byte,V
FormOldV10,WindowTop,Window Top,Integer,R_O
FormOldV10,WindowLeft,Window Left,Integer,R_O
FormOldV10,OnUndo,On Undo,String,V
FormOldV10,PivotTable,Pivot Table,Object,R_O
FormOldV10,ChartSpace,Chart Space,Object,R_O
FormOldV10,Printer,Printer,_Printer,V
FormOldV10,Moveable,Moveable,Boolean,V
FormOldV10,AllowFormView,Allow Form View,Boolean,V
FormOldV10,AllowDatasheetView,Allow Datasheet View,Boolean,V
FormOldV10,AllowPivotTableView,Allow Pivot Table View,Boolean,V
FormOldV10,AllowPivotChartView,Allow Pivot Chart View,Boolean,V
FormOldV10,OnConnect,On Connect,String,V
FormOldV10,OnDisconnect,On Disconnect,String,V
FormOldV10,PivotTableChange,Pivot Table Change,String,V
FormOldV10,Query,Query,String,V
FormOldV10,BeforeQuery,Before Query,String,V
FormOldV10,SelectionChange,Selection Change,String,V
FormOldV10,CommandBeforeExecute,Command Before Execute,String,V
FormOldV10,CommandChecked,Command Checked,String,V
FormOldV10,CommandEnabled,Command Enabled,String,V
FormOldV10,CommandExecute,Command Execute,String,V
FormOldV10,DataSetChange,Data Set Change,String,V
FormOldV10,BeforeScreenTip,Before Screen Tip,String,V
FormOldV10,AfterFinalRender,After Final Render,String,V
FormOldV10,AfterRender,After Render,String,V
FormOldV10,AfterLayout,After Layout,String,V
FormOldV10,BeforeRender,Before Render,String,V
FormOldV10,MouseWheel,Mouse Wheel,String,V
FormOldV10,ViewChange,View Change,String,V
FormOldV10,DataChange,Data Change,String,V
FormOldV10,FetchDefaults,Fetch Defaults,Boolean,V
FormOldV10,UseDefaultPrinter,Use Default Printer,Boolean,V
FormOldV10,RecordSourceQualifier,Record Source Qualifier,String,V
Forms,Application,Application,Application,R_O
Forms,Parent,Parent,Object,R_O
Forms,Item,Item,Form,R_O
Forms,Count,Count,Long,R_O
GroupLevel,Application,Application,Application,R_O
GroupLevel,Parent,Parent,Object,R_O
GroupLevel,Properties,Properties,Properties,R_O
GroupLevel,ControlSource,Control Source,String,V
GroupLevel,SortOrder,Sort Order,Boolean,V
GroupLevel,GroupHeader,Group Header,Boolean,V
GroupLevel,GroupFooter,Group Footer,Boolean,V
GroupLevel,GroupOn,Group On,Integer,V
GroupLevel,GroupInterval,Group Interval,Long,V
GroupLevel,KeepTogether,Keep Together,Byte,V
Hyperlink,SubAddress,Sub Address,String,V
Hyperlink,Address,Address,String,V
Hyperlink,EmailSubject,Email Subject,String,V
Hyperlink,ScreenTip,Screen Tip,String,V
Hyperlink,TextToDisplay,Text To Display,String,V
Image,Application,Application,Application,R_O
Image,Parent,Parent,Object,R_O
Image,OldValue,Old Value,Variant,R_O
Image,Properties,Properties,Properties,R_O
Image,Controls,Controls,Children,R_O
Image,Hyperlink,Hyperlink,_Hyperlink,R_O
Image,EventProcPrefix,Event Proc Prefix,String,V
Image,ControlType,Control Type,Byte,V
Image,Picture,Picture,String,V
Image,PictureType,Picture Type,Byte,V
Image,PictureData,Picture Data,Variant,V
Image,SizeMode,Size Mode,Byte,V
Image,PictureAlignment,Picture Alignment,Byte,V
Image,PictureTiling,Picture Tiling,Boolean,V
Image,HyperlinkAddress,Hyperlink Address,String,V
Image,HyperlinkSubAddress,Hyperlink Sub Address,String,V
Image,Visible,Visible,Boolean,V
Image,DisplayWhen,Display When,Byte,V
Image,Left,Left,Integer,V
Image,Top,Top,Integer,V
Image,Width,Width,Integer,V
Image,Height,Height,Integer,V
Image,BackStyle,Back Style,Byte,V
Image,BackColor,Back Color,Long,V
Image,SpecialEffect,Special Effect,Byte,V
Image,BorderStyle,Border Style,Byte,V
Image,OldBorderStyle,Old Border Style,Byte,V
Image,BorderColor,Border Color,Long,V
Image,BorderWidth,Border Width,Byte,V
Image,ControlTipText,Control Tip Text,String,V
Image,HelpContextId,Help Context Id,Long,V
Image,Section,Section,Integer,V
Image,ObjectPalette,Object Palette,Variant,V
Image,IsVisible,Is Visible,Boolean,V
Image,OnClick,On Click,String,V
Image,OnDblClick,On Dbl Click,String,V
Image,OnMouseDown,On Mouse Down,String,V
Image,OnMouseMove,On Mouse Move,String,V
Image,OnMouseUp,On Mouse Up,String,V
Image,ShortcutMenuBar,Shortcut Menu Bar,String,V
Image,ImageHeight,Image Height,Long,V
Image,ImageWidth,Image Width,Long,V
Image,InSelection,In Selection,Boolean,V
Image,Tag,Tag,String,V
Image,Name,Name,String,V
Image,Layout,Layout,AcLayoutType,R_O
Image,LeftPadding,Left Padding,Integer,V
Image,TopPadding,Top Padding,Integer,V
Image,RightPadding,Right Padding,Integer,V
Image,BottomPadding,Bottom Padding,Integer,V
Image,GridlineStyleLeft,Gridline Style Left,Byte,V
Image,GridlineStyleTop,Gridline Style Top,Byte,V
Image,GridlineStyleRight,Gridline Style Right,Byte,V
Image,GridlineStyleBottom,Gridline Style Bottom,Byte,V
Image,GridlineWidthLeft,Gridline Width Left,Byte,V
Image,GridlineWidthTop,Gridline Width Top,Byte,V
Image,GridlineWidthRight,Gridline Width Right,Byte,V
Image,GridlineWidthBottom,Gridline Width Bottom,Byte,V
Image,GridlineColor,Gridline Color,Long,V
Image,HorizontalAnchor,Horizontal Anchor,AcHorizontalAnchor,V
Image,VerticalAnchor,Vertical Anchor,AcVerticalAnchor,V
Image,LayoutID,Layout ID,Long,R_O
Image,BackThemeColorIndex,Back Theme Color Index,Long,V
Image,BackTint,Back Tint,Single,V
Image,BackShade,Back Shade,Single,V
Image,BorderThemeColorIndex,Border Theme Color Index,Long,V
Image,BorderTint,Border Tint,Single,V
Image,BorderShade,Border Shade,Single,V
Image,GridlineThemeColorIndex,Gridline Theme Color Index,Long,V
Image,GridlineTint,Gridline Tint,Single,V
Image,GridlineShade,Gridline Shade,Single,V
ImportExportSpecification,Application,Application,Application,R_O
ImportExportSpecification,Parent,Parent,Object,R_O
ImportExportSpecification,Name,Name,String,V
ImportExportSpecification,XML,XML,String,V
ImportExportSpecification,Description,Description,String,V
ImportExportSpecifications,Application,Application,Application,R_O
ImportExportSpecifications,Count,Count,Long,R_O
ImportExportSpecifications,Parent,Parent,Object,R_O
ImportExportSpecifications,Item,Item,ImportExportSpecification,R_O
ItemsSelected,Item,Item,Long,R_O
ItemsSelected,Count,Count,Long,R_O
IvyChart,Application,Application,Application,R_O
IvyChart,Parent,Parent,Object,R_O
IvyChart,Properties,Properties,Properties,R_O
IvyChart,EventProcPrefix,Event Proc Prefix,String,V
IvyChart,ControlType,Control Type,Byte,V
IvyChart,RowSource,Row Source,String,V
IvyChart,LinkChildFields,Link Child Fields,String,V
IvyChart,LinkMasterFields,Link Master Fields,String,V
IvyChart,Visible,Visible,Boolean,V
IvyChart,DisplayWhen,Display When,Byte,V
IvyChart,Enabled,Enabled,Boolean,V
IvyChart,StatusBarText,Status Bar Text,String,V
IvyChart,TabStop,Tab Stop,Boolean,V
IvyChart,TabIndex,Tab Index,Integer,V
IvyChart,Left,Left,Integer,V
IvyChart,Top,Top,Integer,V
IvyChart,Width,Width,Integer,V
IvyChart,Height,Height,Integer,V
IvyChart,BackStyle,Back Style,Byte,V
IvyChart,BackColor,Back Color,Long,V
IvyChart,SpecialEffect,Special Effect,Byte,V
IvyChart,BorderStyle,Border Style,Byte,V
IvyChart,OldBorderStyle,Old Border Style,Byte,V
IvyChart,BorderColor,Border Color,Long,V
IvyChart,BorderWidth,Border Width,Byte,V
IvyChart,ShortcutMenuBar,Shortcut Menu Bar,String,V
IvyChart,ControlTipText,Control Tip Text,String,V
IvyChart,HelpContextId,Help Context Id,Long,V
IvyChart,Section,Section,Integer,V
IvyChart,Tag,Tag,String,V
IvyChart,IsVisible,Is Visible,Boolean,V
IvyChart,InSelection,In Selection,Boolean,V
IvyChart,OnEnter,On Enter,String,V
IvyChart,OnExit,On Exit,String,V
IvyChart,OnGotFocus,On Got Focus,String,V
IvyChart,OnLostFocus,On Lost Focus,String,V
IvyChart,OnClick,On Click,String,V
IvyChart,OnDblClick,On Dbl Click,String,V
IvyChart,OnMouseDown,On Mouse Down,String,V
IvyChart,OnMouseMove,On Mouse Move,String,V
IvyChart,OnMouseUp,On Mouse Up,String,V
IvyChart,OnKeyDown,On Key Down,String,V
IvyChart,OnKeyUp,On Key Up,String,V
IvyChart,OnKeyPress,On Key Press,String,V
IvyChart,Name,Name,String,V
IvyChart,Layout,Layout,AcLayoutType,R_O
IvyChart,LeftPadding,Left Padding,Integer,V
IvyChart,TopPadding,Top Padding,Integer,V
IvyChart,RightPadding,Right Padding,Integer,V
IvyChart,BottomPadding,Bottom Padding,Integer,V
IvyChart,GridlineStyleLeft,Gridline Style Left,Byte,V
IvyChart,GridlineStyleTop,Gridline Style Top,Byte,V
IvyChart,GridlineStyleRight,Gridline Style Right,Byte,V
IvyChart,GridlineStyleBottom,Gridline Style Bottom,Byte,V
IvyChart,GridlineWidthLeft,Gridline Width Left,Byte,V
IvyChart,GridlineWidthTop,Gridline Width Top,Byte,V
IvyChart,GridlineWidthRight,Gridline Width Right,Byte,V
IvyChart,GridlineWidthBottom,Gridline Width Bottom,Byte,V
IvyChart,GridlineColor,Gridline Color,Long,V
IvyChart,HorizontalAnchor,Horizontal Anchor,AcHorizontalAnchor,V
IvyChart,VerticalAnchor,Vertical Anchor,AcVerticalAnchor,V
IvyChart,LayoutID,Layout ID,Long,R_O
IvyChart,BackThemeColorIndex,Back Theme Color Index,Long,V
IvyChart,BackTint,Back Tint,Single,V
IvyChart,BackShade,Back Shade,Single,V
IvyChart,BorderThemeColorIndex,Border Theme Color Index,Long,V
IvyChart,BorderTint,Border Tint,Single,V
IvyChart,BorderShade,Border Shade,Single,V
IvyChart,GridlineThemeColorIndex,Gridline Theme Color Index,Long,V
IvyChart,GridlineTint,Gridline Tint,Single,V
IvyChart,GridlineShade,Gridline Shade,Single,V
IvyChart,ChartAxis,Chart Axis,String,V
IvyChart,ChartLegend,Chart Legend,String,V
IvyChart,ChartValues,Chart Values,String,V
IvyChart,HasLegend,Has Legend,Boolean,V
IvyChart,HasTitle,Has Title,Boolean,V
IvyChart,ChartTitle,Chart Title,String,V
IvyChart,HasAxisTitles,Has Axis Titles,Boolean,V
IvyChart,CategoryAxisTitle,Category Axis Title,String,V
IvyChart,PrimaryValuesAxisTitle,Primary Values Axis Title,String,V
IvyChart,SecondaryValuesAxisTitle,Secondary Values Axis Title,String,V
IvyChart,TransformedRowSource,Transformed Row Source,String,R_O
IvyChart,ChartType,Chart Type,AcChartType,V
IvyChart,LegendPosition,Legend Position,AcLegendPosition,V
IvyChart,PrimaryValuesAxisMinimum,Primary Values Axis Minimum,Single,V
IvyChart,PrimaryValuesAxisMaximum,Primary Values Axis Maximum,Single,V
IvyChart,SecondaryValuesAxisMinimum,Secondary Values Axis Minimum,Single,V
IvyChart,SecondaryValuesAxisMaximum,Secondary Values Axis Maximum,Single,V
IvyChart,PrimaryValuesAxisRange,Primary Values Axis Range,AcAxisRange,V
IvyChart,SecondaryValuesAxisRange,Secondary Values Axis Range,AcAxisRange,V
IvyChart,PrimaryValuesAxisFontSize,Primary Values Axis Font Size,Integer,V
IvyChart,PrimaryValuesAxisFontColor,Primary Values Axis Font Color,Long,V
IvyChart,PrimaryValuesAxisThemeColorIndex,Primary Values Axis Theme Color Index,Long,V
IvyChart,PrimaryValuesAxisFontTint,Primary Values Axis Font Tint,Single,V
IvyChart,PrimaryValuesAxisFontShade,Primary Values Axis Font Shade,Single,V
IvyChart,SecondaryValuesAxisFontSize,Secondary Values Axis Font Size,Integer,V
IvyChart,SecondaryValuesAxisThemeColorIndex,Secondary Values Axis Theme Color Index,Long,V
IvyChart,SecondaryValuesAxisFontTint,Secondary Values Axis Font Tint,Single,V
IvyChart,SecondaryValuesAxisFontShade,Secondary Values Axis Font Shade,Single,V
IvyChart,SecondaryValuesAxisFontColor,Secondary Values Axis Font Color,Long,V
IvyChart,CategoryAxisFontSize,Category Axis Font Size,Integer,V
IvyChart,CategoryAxisFontColor,Category Axis Font Color,Long,V
IvyChart,CategoryAxisThemeColorIndex,Category Axis Theme Color Index,Long,V
IvyChart,CategoryAxisFontTint,Category Axis Font Tint,Single,V
IvyChart,CategoryAxisFontShade,Category Axis Font Shade,Single,V
IvyChart,ChartTitleFontColor,Chart Title Font Color,Long,V
IvyChart,ChartTitleThemeColorIndex,Chart Title Theme Color Index,Long,V
IvyChart,ChartTitleFontTint,Chart Title Font Tint,Single,V
IvyChart,ChartTitleFontShade,Chart Title Font Shade,Single,V
IvyChart,ChartTitleFontSize,Chart Title Font Size,Integer,V
IvyChart,ChartSeriesCollection,Chart Series Collection,ChartSeriesCollection,R_O
IvyChart,ChartAxisCollection,Chart Axis Collection,ChartAxisCollection,R_O
IvyChart,ChartValuesCollection,Chart Values Collection,ChartValuesCollection,R_O
IvyChart,PrimaryValuesAxisFormat,Primary Values Axis Format,String,V
IvyChart,SecondaryValuesAxisFormat,Secondary Values Axis Format,String,V
IvyChart,PrimaryValuesAxisDisplayUnits,Primary Values Axis Display Units,AcAxisUnits,V
IvyChart,SecondaryValuesAxisDisplayUnits,Secondary Values Axis Display Units,AcAxisUnits,V
IvyChart,ChartTitleFontName,Chart Title Font Name,String,V
IvyChart,LegendTextFontSize,Legend Text Font Size,Integer,V
IvyChart,LegendTextFontColor,Legend Text Font Color,Long,V
IvyChart,LegendTextThemeColorIndex,Legend Text Theme Color Index,Long,V
IvyChart,LegendTextFontTint,Legend Text Font Tint,Single,V
IvyChart,LegendTextFontShade,Legend Text Font Shade,Single,V
IvyChart,HasSubtitle,Has Subtitle,Boolean,V
IvyChart,ChartSubtitle,Chart Subtitle,String,V
IvyChart,ChartSubtitleFontSize,Chart Subtitle Font Size,Integer,V
IvyChart,ChartSubtitleFontColor,Chart Subtitle Font Color,Long,V
IvyChart,ChartSubtitleThemeColorIndex,Chart Subtitle Theme Color Index,Long,V
IvyChart,ChartSubtitleFontTint,Chart Subtitle Font Tint,Single,V
IvyChart,ChartSubtitleFontShade,Chart Subtitle Font Shade,Single,V
Label,Application,Application,Application,R_O
Label,Parent,Parent,Object,R_O
Label,Properties,Properties,Properties,R_O
Label,Hyperlink,Hyperlink,_Hyperlink,R_O
Label,EventProcPrefix,Event Proc Prefix,String,V
Label,ControlType,Control Type,Byte,V
Label,Caption,Caption,String,V
Label,HyperlinkAddress,Hyperlink Address,String,V
Label,HyperlinkSubAddress,Hyperlink Sub Address,String,V
Label,Visible,Visible,Boolean,V
Label,DisplayWhen,Display When,Byte,V
Label,Vertical,Vertical,Boolean,V
Label,Left,Left,Integer,V
Label,Top,Top,Integer,V
Label,Width,Width,Integer,V
Label,Height,Height,Integer,V
Label,BackStyle,Back Style,Byte,V
Label,BackColor,Back Color,Long,V
Label,SpecialEffect,Special Effect,Byte,V
Label,BorderStyle,Border Style,Byte,V
Label,OldBorderStyle,Old Border Style,Byte,V
Label,BorderColor,Border Color,Long,V
Label,BorderWidth,Border Width,Byte,V
Label,ForeColor,Fore Color,Long,V
Label,FontName,Font Name,String,V
Label,FontSize,Font Size,Integer,V
Label,FontWeight,Font Weight,Integer,V
Label,FontItalic,Font Italic,Boolean,V
Label,FontUnderline,Font Underline,Boolean,V
Label,TextAlign,Text Align,Byte,V
Label,FontBold,Font Bold,Integer,V
Label,ControlTipText,Control Tip Text,String,V
Label,HelpContextId,Help Context Id,Long,V
Label,Section,Section,Integer,V
Label,IsVisible,Is Visible,Boolean,V
Label,InSelection,In Selection,Boolean,V
Label,OnClick,On Click,String,V
Label,OnDblClick,On Dbl Click,String,V
Label,OnMouseDown,On Mouse Down,String,V
Label,OnMouseMove,On Mouse Move,String,V
Label,OnMouseUp,On Mouse Up,String,V
Label,ShortcutMenuBar,Shortcut Menu Bar,String,V
Label,Tag,Tag,String,V
Label,ReadingOrder,Reading Order,Byte,V
Label,NumeralShapes,Numeral Shapes,Byte,V
Label,Name,Name,String,V
Label,LeftMargin,Left Margin,Integer,V
Label,TopMargin,Top Margin,Integer,V
Label,LineSpacing,Line Spacing,Integer,V
Label,RightMargin,Right Margin,Integer,V
Label,BottomMargin,Bottom Margin,Integer,V
Label,SmartTags,Smart Tags,_SmartTags,R_O
Label,Layout,Layout,AcLayoutType,R_O
Label,LeftPadding,Left Padding,Integer,V
Label,TopPadding,Top Padding,Integer,V
Label,RightPadding,Right Padding,Integer,V
Label,BottomPadding,Bottom Padding,Integer,V
Label,GridlineStyleLeft,Gridline Style Left,Byte,V
Label,GridlineStyleTop,Gridline Style Top,Byte,V
Label,GridlineStyleRight,Gridline Style Right,Byte,V
Label,GridlineStyleBottom,Gridline Style Bottom,Byte,V
Label,GridlineWidthLeft,Gridline Width Left,Byte,V
Label,GridlineWidthTop,Gridline Width Top,Byte,V
Label,GridlineWidthRight,Gridline Width Right,Byte,V
Label,GridlineWidthBottom,Gridline Width Bottom,Byte,V
Label,GridlineColor,Gridline Color,Long,V
Label,HorizontalAnchor,Horizontal Anchor,AcHorizontalAnchor,V
Label,VerticalAnchor,Vertical Anchor,AcVerticalAnchor,V
Label,LayoutID,Layout ID,Long,R_O
Label,BackThemeColorIndex,Back Theme Color Index,Long,V
Label,BackTint,Back Tint,Single,V
Label,BackShade,Back Shade,Single,V
Label,BorderThemeColorIndex,Border Theme Color Index,Long,V
Label,BorderTint,Border Tint,Single,V
Label,BorderShade,Border Shade,Single,V
Label,ForeThemeColorIndex,Fore Theme Color Index,Long,V
Label,ForeTint,Fore Tint,Single,V
Label,ForeShade,Fore Shade,Single,V
Label,ThemeFontIndex,Theme Font Index,Long,V
Label,GridlineThemeColorIndex,Gridline Theme Color Index,Long,V
Label,GridlineTint,Gridline Tint,Single,V
Label,GridlineShade,Gridline Shade,Single,V
Line,Application,Application,Application,R_O
Line,Parent,Parent,Object,R_O
Line,Properties,Properties,Properties,R_O
Line,EventProcPrefix,Event Proc Prefix,String,V
Line,ControlType,Control Type,Byte,V
Line,LineSlant,Line Slant,Boolean,V
Line,Visible,Visible,Boolean,V
Line,DisplayWhen,Display When,Byte,V
Line,Left,Left,Integer,V
Line,Top,Top,Integer,V
Line,Width,Width,Integer,V
Line,Height,Height,Integer,V
Line,SpecialEffect,Special Effect,Byte,V
Line,BorderStyle,Border Style,Byte,V
Line,OldBorderStyle,Old Border Style,Byte,V
Line,BorderColor,Border Color,Long,V
Line,BorderWidth,Border Width,Byte,V
Line,Section,Section,Integer,V
Line,Tag,Tag,String,V
Line,IsVisible,Is Visible,Boolean,V
Line,InSelection,In Selection,Boolean,V
Line,Name,Name,String,V
Line,HorizontalAnchor,Horizontal Anchor,AcHorizontalAnchor,V
Line,VerticalAnchor,Vertical Anchor,AcVerticalAnchor,V
Line,BorderThemeColorIndex,Border Theme Color Index,Long,V
Line,BorderTint,Border Tint,Single,V
Line,BorderShade,Border Shade,Single,V
ListBox,Application,Application,Application,R_O
ListBox,Parent,Parent,Object,R_O
ListBox,Column,Column,Variant,R_O
ListBox,Selected,Selected,Long,V
ListBox,OldValue,Old Value,Variant,R_O
ListBox,ItemData,Item Data,Variant,R_O
ListBox,Properties,Properties,Properties,R_O
ListBox,Controls,Controls,Children,R_O
ListBox,ItemsSelected,Items Selected,_ItemsSelected,R_O
ListBox,Hyperlink,Hyperlink,_Hyperlink,R_O
ListBox,Value,Value,Variant,V
ListBox,EventProcPrefix,Event Proc Prefix,String,V
ListBox,ControlType,Control Type,Byte,V
ListBox,ControlSource,Control Source,String,V
ListBox,RowSourceType,Row Source Type,String,V
ListBox,RowSource,Row Source,String,V
ListBox,ColumnCount,Column Count,Integer,V
ListBox,ColumnHeads,Column Heads,Boolean,V
ListBox,ColumnWidths,Column Widths,String,V
ListBox,BoundColumn,Bound Column,Long,V
ListBox,DefaultValue,Default Value,String,V
ListBox,IMEHold,IME Hold,Boolean,V
ListBox,ValidationRule,Validation Rule,String,V
ListBox,ValidationText,Validation Text,String,V
ListBox,StatusBarText,Status Bar Text,String,V
ListBox,Visible,Visible,Boolean,V
ListBox,DisplayWhen,Display When,Byte,V
ListBox,Enabled,Enabled,Boolean,V
ListBox,Locked,Locked,Boolean,V
ListBox,MultiSelect,Multi Select,Byte,V
ListBox,TabStop,Tab Stop,Boolean,V
ListBox,TabIndex,Tab Index,Integer,V
ListBox,HideDuplicates,Hide Duplicates,Boolean,V
ListBox,Left,Left,Integer,V
ListBox,Top,Top,Integer,V
ListBox,Width,Width,Integer,V
ListBox,Height,Height,Integer,V
ListBox,BackColor,Back Color,Long,V
ListBox,SpecialEffect,Special Effect,Byte,V
ListBox,BorderStyle,Border Style,Byte,V
ListBox,OldBorderStyle,Old Border Style,Byte,V
ListBox,BorderWidth,Border Width,Byte,V
ListBox,BorderColor,Border Color,Long,V
ListBox,ForeColor,Fore Color,Long,V
ListBox,FontName,Font Name,String,V
ListBox,FontSize,Font Size,Integer,V
ListBox,FontWeight,Font Weight,Integer,V
ListBox,FontItalic,Font Italic,Boolean,V
ListBox,FontUnderline,Font Underline,Boolean,V
ListBox,FontBold,Font Bold,Integer,V
ListBox,ShortcutMenuBar,Shortcut Menu Bar,String,V
ListBox,ControlTipText,Control Tip Text,String,V
ListBox,HelpContextId,Help Context Id,Long,V
ListBox,ColumnWidth,Column Width,Integer,V
ListBox,ColumnOrder,Column Order,Integer,V
ListBox,ColumnHidden,Column Hidden,Boolean,V
ListBox,AutoLabel,Auto Label,Boolean,V
ListBox,AddColon,Add Colon,Boolean,V
ListBox,LabelX,Label X,Integer,V
ListBox,LabelY,Label Y,Integer,V
ListBox,LabelAlign,Label Align,Byte,V
ListBox,Section,Section,Integer,V
ListBox,Tag,Tag,String,V
ListBox,ListCount,List Count,Long,V
ListBox,ListIndex,List Index,Long,V
ListBox,IsVisible,Is Visible,Boolean,V
ListBox,InSelection,In Selection,Boolean,V
ListBox,BeforeUpdate,Before Update,String,V
ListBox,AfterUpdate,After Update,String,V
ListBox,OnEnter,On Enter,String,V
ListBox,OnExit,On Exit,String,V
ListBox,OnGotFocus,On Got Focus,String,V
ListBox,OnLostFocus,On Lost Focus,String,V
ListBox,OnClick,On Click,String,V
ListBox,OnDblClick,On Dbl Click,String,V
ListBox,OnMouseDown,On Mouse Down,String,V
ListBox,OnMouseMove,On Mouse Move,String,V
ListBox,OnMouseUp,On Mouse Up,String,V
ListBox,OnKeyDown,On Key Down,String,V
ListBox,OnKeyUp,On Key Up,String,V
ListBox,OnKeyPress,On Key Press,String,V
ListBox,ReadingOrder,Reading Order,Byte,V
ListBox,ScrollBarAlign,Scroll Bar Align,Byte,V
ListBox,NumeralShapes,Numeral Shapes,Byte,V
ListBox,IMEMode,IME Mode,AcImeMode,V
ListBox,Name,Name,String,V
ListBox,IMESentenceMode,IME Sentence Mode,AcImeSentenceMode,V
ListBox,Recordset,Recordset,Object,V
ListBox,SmartTags,Smart Tags,_SmartTags,R_O
ListBox,Layout,Layout,AcLayoutType,R_O
ListBox,LeftPadding,Left Padding,Integer,V
ListBox,TopPadding,Top Padding,Integer,V
ListBox,RightPadding,Right Padding,Integer,V
ListBox,BottomPadding,Bottom Padding,Integer,V
ListBox,GridlineStyleLeft,Gridline Style Left,Byte,V
ListBox,GridlineStyleTop,Gridline Style Top,Byte,V
ListBox,GridlineStyleRight,Gridline Style Right,Byte,V
ListBox,GridlineStyleBottom,Gridline Style Bottom,Byte,V
ListBox,GridlineWidthLeft,Gridline Width Left,Byte,V
ListBox,GridlineWidthTop,Gridline Width Top,Byte,V
ListBox,GridlineWidthRight,Gridline Width Right,Byte,V
ListBox,GridlineWidthBottom,Gridline Width Bottom,Byte,V
ListBox,GridlineColor,Gridline Color,Long,V
ListBox,HorizontalAnchor,Horizontal Anchor,AcHorizontalAnchor,V
ListBox,VerticalAnchor,Vertical Anchor,AcVerticalAnchor,V
ListBox,AllowValueListEdits,Allow Value List Edits,Boolean,V
ListBox,ListItemsEditForm,List Items Edit Form,String,V
ListBox,InheritValueList,Inherit Value List,Boolean,V
ListBox,LayoutID,Layout ID,Long,R_O
ListBox,ShowOnlyRowSourceValues,Show Only Row Source Values,Boolean,V
ListBox,BackThemeColorIndex,Back Theme Color Index,Long,V
ListBox,BackTint,Back Tint,Single,V
ListBox,BackShade,Back Shade,Single,V
ListBox,BorderThemeColorIndex,Border Theme Color Index,Long,V
ListBox,BorderTint,Border Tint,Single,V
ListBox,BorderShade,Border Shade,Single,V
ListBox,ForeThemeColorIndex,Fore Theme Color Index,Long,V
ListBox,ForeTint,Fore Tint,Single,V
ListBox,ForeShade,Fore Shade,Single,V
ListBox,ThemeFontIndex,Theme Font Index,Long,V
ListBox,GridlineThemeColorIndex,Gridline Theme Color Index,Long,V
ListBox,GridlineTint,Gridline Tint,Single,V
ListBox,GridlineShade,Gridline Shade,Single,V
MacroError,Condition,Condition,String,R_O
MacroError,ActionName,Action Name,String,R_O
MacroError,Arguments,Arguments,String,R_O
MacroError,Description,Description,String,R_O
MacroError,Number,Number,Long,R_O
MacroError,MacroName,Macro Name,String,R_O
Module,Application,Application,Application,R_O
Module,Parent,Parent,Object,R_O
Module,Name,Name,String,V
Module,Lines,Lines,String,R_O
Module,CountOfLines,Count Of Lines,Long,R_O
Module,ProcStartLine,Proc Start Line,Long,R_O
Module,ProcCountLines,Proc Count Lines,Long,R_O
Module,ProcBodyLine,Proc Body Line,Long,R_O
Module,ProcOfLine,Proc Of Line,String,R_O
Module,CountOfDeclarationLines,Count Of Declaration Lines,Long,R_O
Module,Type,Type,AcModuleType,R_O
Modules,Application,Application,Application,R_O
Modules,Parent,Parent,Object,R_O
Modules,Item,Item,Module,R_O
Modules,Count,Count,Long,R_O
NavigationButton,Application,Application,Application,R_O
NavigationButton,Parent,Parent,Object,R_O
NavigationButton,OldValue,Old Value,Variant,R_O
NavigationButton,Properties,Properties,Properties,R_O
NavigationButton,Controls,Controls,Children,R_O
NavigationButton,Hyperlink,Hyperlink,_Hyperlink,R_O
NavigationButton,EventProcPrefix,Event Proc Prefix,String,V
NavigationButton,ControlType,Control Type,Byte,V
NavigationButton,Caption,Caption,String,V
NavigationButton,Picture,Picture,String,V
NavigationButton,PictureType,Picture Type,Byte,V
NavigationButton,PictureData,Picture Data,Variant,V
NavigationButton,Transparent,Transparent,Boolean,V
NavigationButton,AutoRepeat,Auto Repeat,Boolean,V
NavigationButton,StatusBarText,Status Bar Text,String,V
NavigationButton,OnPush,On Push,String,V
NavigationButton,HyperlinkAddress,Hyperlink Address,String,V
NavigationButton,HyperlinkSubAddress,Hyperlink Sub Address,String,V
NavigationButton,Visible,Visible,Boolean,V
NavigationButton,DisplayWhen,Display When,Byte,V
NavigationButton,Enabled,Enabled,Boolean,V
NavigationButton,TabStop,Tab Stop,Boolean,V
NavigationButton,TabIndex,Tab Index,Integer,V
NavigationButton,Left,Left,Integer,R_O
NavigationButton,Top,Top,Integer,R_O
NavigationButton,Width,Width,Integer,V
NavigationButton,Height,Height,Integer,V
NavigationButton,ForeColor,Fore Color,Long,V
NavigationButton,FontName,Font Name,String,V
NavigationButton,FontSize,Font Size,Integer,V
NavigationButton,FontWeight,Font Weight,Integer,V
NavigationButton,FontItalic,Font Italic,Boolean,V
NavigationButton,FontUnderline,Font Underline,Boolean,V
NavigationButton,FontBold,Font Bold,Integer,V
NavigationButton,ShortcutMenuBar,Shortcut Menu Bar,String,V
NavigationButton,ControlTipText,Control Tip Text,String,V
NavigationButton,HelpContextId,Help Context Id,Long,V
NavigationButton,AutoLabel,Auto Label,Boolean,V
NavigationButton,AddColon,Add Colon,Boolean,V
NavigationButton,LabelX,Label X,Integer,V
NavigationButton,LabelY,Label Y,Integer,V
NavigationButton,LabelAlign,Label Align,Byte,V
NavigationButton,Section,Section,Integer,V
NavigationButton,Tag,Tag,String,V
NavigationButton,ObjectPalette,Object Palette,Variant,V
NavigationButton,IsVisible,Is Visible,Boolean,V
NavigationButton,InSelection,In Selection,Boolean,V
NavigationButton,OnEnter,On Enter,String,V
NavigationButton,OnExit,On Exit,String,V
NavigationButton,OnGotFocus,On Got Focus,String,V
NavigationButton,OnLostFocus,On Lost Focus,String,V
NavigationButton,OnClick,On Click,String,V
NavigationButton,OnDblClick,On Dbl Click,String,V
NavigationButton,OnMouseDown,On Mouse Down,String,V
NavigationButton,OnMouseMove,On Mouse Move,String,V
NavigationButton,OnMouseUp,On Mouse Up,String,V
NavigationButton,OnKeyDown,On Key Down,String,V
NavigationButton,OnKeyUp,On Key Up,String,V
NavigationButton,OnKeyPress,On Key Press,String,V
NavigationButton,ReadingOrder,Reading Order,Byte,V
NavigationButton,Name,Name,String,V
NavigationButton,Layout,Layout,AcLayoutType,R_O
NavigationButton,LeftPadding,Left Padding,Integer,V
NavigationButton,TopPadding,Top Padding,Integer,V
NavigationButton,RightPadding,Right Padding,Integer,V
NavigationButton,BottomPadding,Bottom Padding,Integer,V
NavigationButton,GridlineStyleLeft,Gridline Style Left,Byte,V
NavigationButton,GridlineStyleTop,Gridline Style Top,Byte,V
NavigationButton,GridlineStyleRight,Gridline Style Right,Byte,V
NavigationButton,GridlineStyleBottom,Gridline Style Bottom,Byte,V
NavigationButton,GridlineWidthLeft,Gridline Width Left,Byte,V
NavigationButton,GridlineWidthTop,Gridline Width Top,Byte,V
NavigationButton,GridlineWidthRight,Gridline Width Right,Byte,V
NavigationButton,GridlineWidthBottom,Gridline Width Bottom,Byte,V
NavigationButton,GridlineColor,Gridline Color,Long,V
NavigationButton,HorizontalAnchor,Horizontal Anchor,AcHorizontalAnchor,V
NavigationButton,VerticalAnchor,Vertical Anchor,AcVerticalAnchor,V
NavigationButton,LayoutID,Layout ID,Long,R_O
NavigationButton,BackStyle,Back Style,Byte,V
NavigationButton,CursorOnHover,Cursor On Hover,AcCursorOnHover,V
NavigationButton,PictureCaptionArrangement,Picture Caption Arrangement,AcPictureCaptionArrangement,V
NavigationButton,Alignment,Alignment,Byte,V
NavigationButton,ForeThemeColorIndex,Fore Theme Color Index,Long,V
NavigationButton,ForeTint,Fore Tint,Single,V
NavigationButton,ForeShade,Fore Shade,Single,V
NavigationButton,ThemeFontIndex,Theme Font Index,Long,V
NavigationButton,GridlineThemeColorIndex,Gridline Theme Color Index,Long,V
NavigationButton,GridlineTint,Gridline Tint,Single,V
NavigationButton,GridlineShade,Gridline Shade,Single,V
NavigationButton,NavigationTargetName,Navigation Target Name,String,V
NavigationButton,NavigationWhereClause,Navigation Where Clause,String,V
NavigationButton,ParentTab,Parent Tab,NavigationButton,R_O
NavigationButton,BackThemeColorIndex,Back Theme Color Index,Long,V
NavigationButton,BackTint,Back Tint,Single,V
NavigationButton,BackShade,Back Shade,Single,V
NavigationButton,BorderThemeColorIndex,Border Theme Color Index,Long,V
NavigationButton,BorderTint,Border Tint,Single,V
NavigationButton,BorderShade,Border Shade,Single,V
NavigationButton,BorderWidth,Border Width,Byte,V
NavigationButton,BorderStyle,Border Style,Byte,V
NavigationButton,HoverColor,Hover Color,Long,V
NavigationButton,HoverThemeColorIndex,Hover Theme Color Index,Long,V
NavigationButton,HoverTint,Hover Tint,Single,V
NavigationButton,HoverShade,Hover Shade,Single,V
NavigationButton,HoverForeColor,Hover Fore Color,Long,V
NavigationButton,HoverForeThemeColorIndex,Hover Fore Theme Color Index,Long,V
NavigationButton,HoverForeTint,Hover Fore Tint,Single,V
NavigationButton,HoverForeShade,Hover Fore Shade,Single,V
NavigationButton,PressedColor,Pressed Color,Long,V
NavigationButton,PressedThemeColorIndex,Pressed Theme Color Index,Long,V
NavigationButton,PressedTint,Pressed Tint,Single,V
NavigationButton,PressedShade,Pressed Shade,Single,V
NavigationButton,PressedForeColor,Pressed Fore Color,Long,V
NavigationButton,PressedForeThemeColorIndex,Pressed Fore Theme Color Index,Long,V
NavigationButton,PressedForeTint,Pressed Fore Tint,Single,V
NavigationButton,PressedForeShade,Pressed Fore Shade,Single,V
NavigationButton,Shape,Shape,Long,V
NavigationButton,Bevel,Bevel,Long,V
NavigationButton,Glow,Glow,Long,V
NavigationButton,Shadow,Shadow,Long,V
NavigationButton,SoftEdges,Soft Edges,Long,V
NavigationButton,QuickStyle,Quick Style,Long,V
NavigationButton,QuickStyleMask,Quick Style Mask,Long,V
NavigationButton,Gradient,Gradient,Long,V
NavigationButton,BackColor,Back Color,Long,V
NavigationButton,BorderColor,Border Color,Long,V
NavigationControl,Application,Application,Application,R_O
NavigationControl,Parent,Parent,Object,R_O
NavigationControl,OldValue,Old Value,Variant,R_O
NavigationControl,Properties,Properties,Properties,R_O
NavigationControl,Controls,Controls,Children,R_O
NavigationControl,Hyperlink,Hyperlink,_Hyperlink,R_O
NavigationControl,FormatConditions,Format Conditions,FormatConditions,R_O
NavigationControl,Value,Value,Variant,V
NavigationControl,EventProcPrefix,Event Proc Prefix,String,V
NavigationControl,ControlType,Control Type,Byte,V
NavigationControl,StatusBarText,Status Bar Text,String,V
NavigationControl,Visible,Visible,Boolean,V
NavigationControl,DisplayWhen,Display When,Byte,V
NavigationControl,Enabled,Enabled,Boolean,V
NavigationControl,FilterLookup,Filter Lookup,Byte,V
NavigationControl,AutoTab,Auto Tab,Boolean,V
NavigationControl,TabStop,Tab Stop,Boolean,V
NavigationControl,TabIndex,Tab Index,Integer,V
NavigationControl,Left,Left,Integer,V
NavigationControl,Top,Top,Integer,V
NavigationControl,Width,Width,Integer,V
NavigationControl,Height,Height,Integer,V
NavigationControl,BackStyle,Back Style,Byte,V
NavigationControl,BackColor,Back Color,Long,V
NavigationControl,SpecialEffect,Special Effect,Byte,V
NavigationControl,BorderStyle,Border Style,Byte,V
NavigationControl,OldBorderStyle,Old Border Style,Byte,V
NavigationControl,BorderColor,Border Color,Long,V
NavigationControl,BorderWidth,Border Width,Byte,V
NavigationControl,ShortcutMenuBar,Shortcut Menu Bar,String,V
NavigationControl,ControlTipText,Control Tip Text,String,V
NavigationControl,HelpContextId,Help Context Id,Long,V
NavigationControl,Section,Section,Integer,V
NavigationControl,Tag,Tag,String,V
NavigationControl,IsVisible,Is Visible,Boolean,V
NavigationControl,InSelection,In Selection,Boolean,V
NavigationControl,OnGotFocus,On Got Focus,String,V
NavigationControl,OnLostFocus,On Lost Focus,String,V
NavigationControl,OnClick,On Click,String,V
NavigationControl,OnDblClick,On Dbl Click,String,V
NavigationControl,OnMouseDown,On Mouse Down,String,V
NavigationControl,OnMouseMove,On Mouse Move,String,V
NavigationControl,OnMouseUp,On Mouse Up,String,V
NavigationControl,OnKeyDown,On Key Down,String,V
NavigationControl,OnKeyUp,On Key Up,String,V
NavigationControl,OnKeyPress,On Key Press,String,V
NavigationControl,ReadingOrder,Reading Order,Byte,V
NavigationControl,KeyboardLanguage,Keyboard Language,Byte,V
NavigationControl,ScrollBarAlign,Scroll Bar Align,Byte,V
NavigationControl,NumeralShapes,Numeral Shapes,Byte,V
NavigationControl,Name,Name,String,V
NavigationControl,LineSpacing,Line Spacing,Integer,V
NavigationControl,SmartTags,Smart Tags,_SmartTags,R_O
NavigationControl,Layout,Layout,AcLayoutType,R_O
NavigationControl,LeftPadding,Left Padding,Integer,V
NavigationControl,TopPadding,Top Padding,Integer,V
NavigationControl,RightPadding,Right Padding,Integer,V
NavigationControl,BottomPadding,Bottom Padding,Integer,V
NavigationControl,GridlineStyleLeft,Gridline Style Left,Byte,V
NavigationControl,GridlineStyleTop,Gridline Style Top,Byte,V
NavigationControl,GridlineStyleRight,Gridline Style Right,Byte,V
NavigationControl,GridlineStyleBottom,Gridline Style Bottom,Byte,V
NavigationControl,GridlineWidthLeft,Gridline Width Left,Byte,V
NavigationControl,GridlineWidthTop,Gridline Width Top,Byte,V
NavigationControl,GridlineWidthRight,Gridline Width Right,Byte,V
NavigationControl,GridlineWidthBottom,Gridline Width Bottom,Byte,V
NavigationControl,GridlineColor,Gridline Color,Long,V
NavigationControl,HorizontalAnchor,Horizontal Anchor,AcHorizontalAnchor,V
NavigationControl,VerticalAnchor,Vertical Anchor,AcVerticalAnchor,V
NavigationControl,LayoutID,Layout ID,Long,R_O
NavigationControl,BackThemeColorIndex,Back Theme Color Index,Long,V
NavigationControl,BackTint,Back Tint,Single,V
NavigationControl,BackShade,Back Shade,Single,V
NavigationControl,BorderThemeColorIndex,Border Theme Color Index,Long,V
NavigationControl,BorderTint,Border Tint,Single,V
NavigationControl,BorderShade,Border Shade,Single,V
NavigationControl,GridlineThemeColorIndex,Gridline Theme Color Index,Long,V
NavigationControl,GridlineTint,Gridline Tint,Single,V
NavigationControl,GridlineShade,Gridline Shade,Single,V
NavigationControl,SubForm,Sub Form,String,V
NavigationControl,Tabs,Tabs,Children,R_O
NavigationControl,SelectedTab,Selected Tab,NavigationButton,R_O
NavigationControl,Span,Span,AcNavigationSpan,V
ObjectFrame,Application,Application,Application,R_O
ObjectFrame,Parent,Parent,Object,R_O
ObjectFrame,OldValue,Old Value,Variant,R_O
ObjectFrame,Object,Object,Object,R_O
ObjectFrame,ObjectVerbs,Object Verbs,String,R_O
ObjectFrame,Properties,Properties,Properties,R_O
ObjectFrame,Controls,Controls,Children,R_O
ObjectFrame,EventProcPrefix,Event Proc Prefix,String,V
ObjectFrame,ControlType,Control Type,Byte,V
ObjectFrame,SizeMode,Size Mode,Byte,V
ObjectFrame,OLEClass,OLE Class,String,V
ObjectFrame,Item,Item,String,V
ObjectFrame,RowSourceType,Row Source Type,String,V
ObjectFrame,RowSource,Row Source,String,V
ObjectFrame,LinkChildFields,Link Child Fields,String,V
ObjectFrame,LinkMasterFields,Link Master Fields,String,V
ObjectFrame,AutoActivate,Auto Activate,Integer,V
ObjectFrame,DisplayType,Display Type,Boolean,V
ObjectFrame,UpdateOptions,Update Options,Integer,V
ObjectFrame,Verb,Verb,Long,V
ObjectFrame,OLEType,OLE Type,Byte,V
ObjectFrame,OLETypeAllowed,OLE Type Allowed,Byte,V
ObjectFrame,SourceObject,Source Object,String,V
ObjectFrame,Class,Class,String,V
ObjectFrame,SourceDoc,Source Doc,String,V
ObjectFrame,SourceItem,Source Item,String,V
ObjectFrame,ColumnCount,Column Count,Integer,V
ObjectFrame,ColumnHeads,Column Heads,Boolean,V
ObjectFrame,Visible,Visible,Boolean,V
ObjectFrame,DisplayWhen,Display When,Byte,V
ObjectFrame,UpdateMethod,Update Method,Integer,V
ObjectFrame,Enabled,Enabled,Boolean,V
ObjectFrame,Locked,Locked,Boolean,V
ObjectFrame,StatusBarText,Status Bar Text,String,V
ObjectFrame,TabStop,Tab Stop,Boolean,V
ObjectFrame,TabIndex,Tab Index,Integer,V
ObjectFrame,Left,Left,Integer,V
ObjectFrame,Top,Top,Integer,V
ObjectFrame,Width,Width,Integer,V
ObjectFrame,Height,Height,Integer,V
ObjectFrame,BackStyle,Back Style,Byte,V
ObjectFrame,BackColor,Back Color,Long,V
ObjectFrame,SpecialEffect,Special Effect,Byte,V
ObjectFrame,BorderStyle,Border Style,Byte,V
ObjectFrame,OldBorderStyle,Old Border Style,Byte,V
ObjectFrame,BorderColor,Border Color,Long,V
ObjectFrame,BorderWidth,Border Width,Byte,V
ObjectFrame,ShortcutMenuBar,Shortcut Menu Bar,String,V
ObjectFrame,ControlTipText,Control Tip Text,String,V
ObjectFrame,HelpContextId,Help Context Id,Long,V
ObjectFrame,Section,Section,Integer,V
ObjectFrame,Tag,Tag,String,V
ObjectFrame,ObjectPalette,Object Palette,Variant,V
ObjectFrame,ObjectVerbsCount,Object Verbs Count,Long,V
ObjectFrame,Action,Action,Integer,V
ObjectFrame,Scaling,Scaling,Byte,V
ObjectFrame,IsVisible,Is Visible,Boolean,V
ObjectFrame,InSelection,In Selection,Boolean,V
ObjectFrame,OnUpdated,On Updated,String,V
ObjectFrame,OnEnter,On Enter,String,V
ObjectFrame,OnExit,On Exit,String,V
ObjectFrame,OnGotFocus,On Got Focus,String,V
ObjectFrame,OnLostFocus,On Lost Focus,String,V
ObjectFrame,OnClick,On Click,String,V
ObjectFrame,OnDblClick,On Dbl Click,String,V
ObjectFrame,OnMouseDown,On Mouse Down,String,V
ObjectFrame,OnMouseMove,On Mouse Move,String,V
ObjectFrame,OnMouseUp,On Mouse Up,String,V
ObjectFrame,Name,Name,String,V
ObjectFrame,Layout,Layout,AcLayoutType,R_O
ObjectFrame,LeftPadding,Left Padding,Integer,V
ObjectFrame,TopPadding,Top Padding,Integer,V
ObjectFrame,RightPadding,Right Padding,Integer,V
ObjectFrame,BottomPadding,Bottom Padding,Integer,V
ObjectFrame,GridlineStyleLeft,Gridline Style Left,Byte,V
ObjectFrame,GridlineStyleTop,Gridline Style Top,Byte,V
ObjectFrame,GridlineStyleRight,Gridline Style Right,Byte,V
ObjectFrame,GridlineStyleBottom,Gridline Style Bottom,Byte,V
ObjectFrame,GridlineWidthLeft,Gridline Width Left,Byte,V
ObjectFrame,GridlineWidthTop,Gridline Width Top,Byte,V
ObjectFrame,GridlineWidthRight,Gridline Width Right,Byte,V
ObjectFrame,GridlineWidthBottom,Gridline Width Bottom,Byte,V
ObjectFrame,GridlineColor,Gridline Color,Long,V
ObjectFrame,HorizontalAnchor,Horizontal Anchor,AcHorizontalAnchor,V
ObjectFrame,VerticalAnchor,Vertical Anchor,AcVerticalAnchor,V
ObjectFrame,LayoutID,Layout ID,Long,R_O
ObjectFrame,BackThemeColorIndex,Back Theme Color Index,Long,V
ObjectFrame,BackTint,Back Tint,Single,V
ObjectFrame,BackShade,Back Shade,Single,V
ObjectFrame,BorderThemeColorIndex,Border Theme Color Index,Long,V
ObjectFrame,BorderTint,Border Tint,Single,V
ObjectFrame,BorderShade,Border Shade,Single,V
ObjectFrame,GridlineThemeColorIndex,Gridline Theme Color Index,Long,V
ObjectFrame,GridlineTint,Gridline Tint,Single,V
ObjectFrame,GridlineShade,Gridline Shade,Single,V
ObjectFrame,VarOleObject,Var Ole Object,Variant,V
Operation,Parent,Parent,Object,R_O
Operation,Name,Name,String,R_O
Operation,WSParameters,WS Parameters,WSParameters,R_O
Operations,Parent,Parent,Object,R_O
Operations,Item,Item,Operation,R_O
Operations,Count,Count,Long,R_O
OptionButton,Application,Application,Application,R_O
OptionButton,Parent,Parent,Object,R_O
OptionButton,OldValue,Old Value,Variant,R_O
OptionButton,Properties,Properties,Properties,R_O
OptionButton,Controls,Controls,Children,R_O
OptionButton,Value,Value,Variant,V
OptionButton,EventProcPrefix,Event Proc Prefix,String,V
OptionButton,ControlType,Control Type,Byte,V
OptionButton,OptionValue,Option Value,Long,V
OptionButton,ControlSource,Control Source,String,V
OptionButton,DefaultValue,Default Value,String,V
OptionButton,ValidationRule,Validation Rule,String,V
OptionButton,ValidationText,Validation Text,String,V
OptionButton,StatusBarText,Status Bar Text,String,V
OptionButton,Visible,Visible,Boolean,V
OptionButton,DisplayWhen,Display When,Byte,V
OptionButton,Enabled,Enabled,Boolean,V
OptionButton,Locked,Locked,Boolean,V
OptionButton,TripleState,Triple State,Boolean,V
OptionButton,TabStop,Tab Stop,Boolean,V
OptionButton,TabIndex,Tab Index,Integer,V
OptionButton,HideDuplicates,Hide Duplicates,Boolean,V
OptionButton,Left,Left,Integer,V
OptionButton,Top,Top,Integer,V
OptionButton,Width,Width,Integer,V
OptionButton,Height,Height,Integer,V
OptionButton,SpecialEffect,Special Effect,Byte,V
OptionButton,BorderStyle,Border Style,Byte,V
OptionButton,OldBorderStyle,Old Border Style,Byte,V
OptionButton,BorderWidth,Border Width,Byte,V
OptionButton,BorderColor,Border Color,Long,V
OptionButton,ShortcutMenuBar,Shortcut Menu Bar,String,V
OptionButton,ControlTipText,Control Tip Text,String,V
OptionButton,HelpContextId,Help Context Id,Long,V
OptionButton,ColumnWidth,Column Width,Integer,V
OptionButton,ColumnOrder,Column Order,Integer,V
OptionButton,ColumnHidden,Column Hidden,Boolean,V
OptionButton,AutoLabel,Auto Label,Boolean,V
OptionButton,AddColon,Add Colon,Boolean,V
OptionButton,LabelX,Label X,Integer,V
OptionButton,LabelY,Label Y,Integer,V
OptionButton,LabelAlign,Label Align,Byte,V
OptionButton,Section,Section,Integer,V
OptionButton,Tag,Tag,String,V
OptionButton,IsVisible,Is Visible,Boolean,V
OptionButton,InSelection,In Selection,Boolean,V
OptionButton,BeforeUpdate,Before Update,String,V
OptionButton,AfterUpdate,After Update,String,V
OptionButton,OnEnter,On Enter,String,V
OptionButton,OnExit,On Exit,String,V
OptionButton,OnGotFocus,On Got Focus,String,V
OptionButton,OnLostFocus,On Lost Focus,String,V
OptionButton,OnClick,On Click,String,V
OptionButton,OnDblClick,On Dbl Click,String,V
OptionButton,OnMouseDown,On Mouse Down,String,V
OptionButton,OnMouseMove,On Mouse Move,String,V
OptionButton,OnMouseUp,On Mouse Up,String,V
OptionButton,OnKeyDown,On Key Down,String,V
OptionButton,OnKeyUp,On Key Up,String,V
OptionButton,OnKeyPress,On Key Press,String,V
OptionButton,ReadingOrder,Reading Order,Byte,V
OptionButton,Name,Name,String,V
OptionButton,Layout,Layout,AcLayoutType,R_O
OptionButton,LeftPadding,Left Padding,Integer,V
OptionButton,TopPadding,Top Padding,Integer,V
OptionButton,RightPadding,Right Padding,Integer,V
OptionButton,BottomPadding,Bottom Padding,Integer,V
OptionButton,GridlineStyleLeft,Gridline Style Left,Byte,V
OptionButton,GridlineStyleTop,Gridline Style Top,Byte,V
OptionButton,GridlineStyleRight,Gridline Style Right,Byte,V
OptionButton,GridlineStyleBottom,Gridline Style Bottom,Byte,V
OptionButton,GridlineWidthLeft,Gridline Width Left,Byte,V
OptionButton,GridlineWidthTop,Gridline Width Top,Byte,V
OptionButton,GridlineWidthRight,Gridline Width Right,Byte,V
OptionButton,GridlineWidthBottom,Gridline Width Bottom,Byte,V
OptionButton,GridlineColor,Gridline Color,Long,V
OptionButton,HorizontalAnchor,Horizontal Anchor,AcHorizontalAnchor,V
OptionButton,VerticalAnchor,Vertical Anchor,AcVerticalAnchor,V
OptionButton,LayoutID,Layout ID,Long,R_O
OptionButton,BorderThemeColorIndex,Border Theme Color Index,Long,V
OptionButton,BorderTint,Border Tint,Single,V
OptionButton,BorderShade,Border Shade,Single,V
OptionButton,GridlineThemeColorIndex,Gridline Theme Color Index,Long,V
OptionButton,GridlineTint,Gridline Tint,Single,V
OptionButton,GridlineShade,Gridline Shade,Single,V
OptionGroup,Application,Application,Application,R_O
OptionGroup,Parent,Parent,Object,R_O
OptionGroup,OldValue,Old Value,Variant,R_O
OptionGroup,Properties,Properties,Properties,R_O
OptionGroup,Controls,Controls,Children,R_O
OptionGroup,Value,Value,Variant,V
OptionGroup,EventProcPrefix,Event Proc Prefix,String,V
OptionGroup,ControlType,Control Type,Byte,V
OptionGroup,ControlSource,Control Source,String,V
OptionGroup,DefaultValue,Default Value,String,V
OptionGroup,ValidationRule,Validation Rule,String,V
OptionGroup,ValidationText,Validation Text,String,V
OptionGroup,StatusBarText,Status Bar Text,String,V
OptionGroup,Visible,Visible,Boolean,V
OptionGroup,DisplayWhen,Display When,Byte,V
OptionGroup,Enabled,Enabled,Boolean,V
OptionGroup,Locked,Locked,Boolean,V
OptionGroup,TabStop,Tab Stop,Boolean,V
OptionGroup,TabIndex,Tab Index,Integer,V
OptionGroup,HideDuplicates,Hide Duplicates,Boolean,V
OptionGroup,Left,Left,Integer,V
OptionGroup,Top,Top,Integer,V
OptionGroup,Width,Width,Integer,V
OptionGroup,Height,Height,Integer,V
OptionGroup,BackStyle,Back Style,Byte,V
OptionGroup,BackColor,Back Color,Long,V
OptionGroup,SpecialEffect,Special Effect,Byte,V
OptionGroup,BorderStyle,Border Style,Byte,V
OptionGroup,OldBorderStyle,Old Border Style,Byte,V
OptionGroup,BorderColor,Border Color,Long,V
OptionGroup,BorderWidth,Border Width,Byte,V
OptionGroup,ShortcutMenuBar,Shortcut Menu Bar,String,V
OptionGroup,ControlTipText,Control Tip Text,String,V
OptionGroup,HelpContextId,Help Context Id,Long,V
OptionGroup,ColumnWidth,Column Width,Integer,V
OptionGroup,ColumnOrder,Column Order,Integer,V
OptionGroup,ColumnHidden,Column Hidden,Boolean,V
OptionGroup,AutoLabel,Auto Label,Boolean,V
OptionGroup,AddColon,Add Colon,Boolean,V
OptionGroup,LabelX,Label X,Integer,V
OptionGroup,LabelY,Label Y,Integer,V
OptionGroup,LabelAlign,Label Align,Byte,V
OptionGroup,Section,Section,Integer,V
OptionGroup,Tag,Tag,String,V
OptionGroup,IsVisible,Is Visible,Boolean,V
OptionGroup,InSelection,In Selection,Boolean,V
OptionGroup,BeforeUpdate,Before Update,String,V
OptionGroup,AfterUpdate,After Update,String,V
OptionGroup,OnEnter,On Enter,String,V
OptionGroup,OnExit,On Exit,String,V
OptionGroup,OnClick,On Click,String,V
OptionGroup,OnDblClick,On Dbl Click,String,V
OptionGroup,OnMouseDown,On Mouse Down,String,V
OptionGroup,OnMouseMove,On Mouse Move,String,V
OptionGroup,OnMouseUp,On Mouse Up,String,V
OptionGroup,Name,Name,String,V
OptionGroup,HorizontalAnchor,Horizontal Anchor,AcHorizontalAnchor,V
OptionGroup,VerticalAnchor,Vertical Anchor,AcVerticalAnchor,V
OptionGroup,BackThemeColorIndex,Back Theme Color Index,Long,V
OptionGroup,BackTint,Back Tint,Single,V
OptionGroup,BackShade,Back Shade,Single,V
OptionGroup,BorderThemeColorIndex,Border Theme Color Index,Long,V
OptionGroup,BorderTint,Border Tint,Single,V
OptionGroup,BorderShade,Border Shade,Single,V
Page,Application,Application,Application,R_O
Page,Parent,Parent,Object,R_O
Page,Properties,Properties,Properties,R_O
Page,Controls,Controls,Children,R_O
Page,EventProcPrefix,Event Proc Prefix,String,V
Page,ControlType,Control Type,Byte,V
Page,Caption,Caption,String,V
Page,Picture,Picture,String,V
Page,PictureType,Picture Type,Byte,V
Page,PageIndex,Page Index,Integer,V
Page,StatusBarText,Status Bar Text,String,V
Page,Visible,Visible,Boolean,V
Page,Enabled,Enabled,Boolean,V
Page,Left,Left,Integer,V
Page,Top,Top,Integer,V
Page,Width,Width,Integer,V
Page,Height,Height,Integer,V
Page,ShortcutMenuBar,Shortcut Menu Bar,String,V
Page,ControlTipText,Control Tip Text,String,V
Page,HelpContextId,Help Context Id,Long,V
Page,Section,Section,Integer,V
Page,Tag,Tag,String,V
Page,IsVisible,Is Visible,Boolean,V
Page,InSelection,In Selection,Boolean,V
Page,OnClick,On Click,String,V
Page,OnDblClick,On Dbl Click,String,V
Page,OnMouseDown,On Mouse Down,String,V
Page,OnMouseMove,On Mouse Move,String,V
Page,OnMouseUp,On Mouse Up,String,V
Page,PictureData,Picture Data,Variant,V
Page,Name,Name,String,V
PageBreak,Application,Application,Application,R_O
PageBreak,Parent,Parent,Object,R_O
PageBreak,Properties,Properties,Properties,R_O
PageBreak,EventProcPrefix,Event Proc Prefix,String,V
PageBreak,ControlType,Control Type,Byte,V
PageBreak,Left,Left,Integer,V
PageBreak,Top,Top,Integer,V
PageBreak,Tag,Tag,String,V
PageBreak,Section,Section,Integer,V
PageBreak,Visible,Visible,Boolean,V
PageBreak,IsVisible,Is Visible,Boolean,V
PageBreak,InSelection,In Selection,Boolean,V
PageBreak,Name,Name,String,V
Pages,Item,Item,Page,R_O
Pages,Count,Count,Long,R_O
PaletteButton,Application,Application,Application,R_O
PaletteButton,Parent,Parent,Object,R_O
PaletteButton,OldValue,Old Value,Variant,R_O
PaletteButton,Properties,Properties,Properties,R_O
PaletteButton,Controls,Controls,Children,R_O
PaletteButton,Value,Value,Variant,V
PaletteButton,EventProcPrefix,Event Proc Prefix,String,V
PaletteButton,ControlType,Control Type,Byte,V
PaletteButton,OptionValue,Option Value,Long,V
PaletteButton,ControlSource,Control Source,String,V
PaletteButton,DefaultValue,Default Value,String,V
PaletteButton,ValidationRule,Validation Rule,String,V
PaletteButton,ValidationText,Validation Text,String,V
PaletteButton,StatusBarText,Status Bar Text,String,V
PaletteButton,Visible,Visible,Boolean,V
PaletteButton,DisplayWhen,Display When,Byte,V
PaletteButton,Enabled,Enabled,Boolean,V
PaletteButton,Locked,Locked,Boolean,V
PaletteButton,TripleState,Triple State,Boolean,V
PaletteButton,TabStop,Tab Stop,Boolean,V
PaletteButton,TabIndex,Tab Index,Integer,V
PaletteButton,HideDuplicates,Hide Duplicates,Boolean,V
PaletteButton,Left,Left,Integer,V
PaletteButton,Top,Top,Integer,V
PaletteButton,Width,Width,Integer,V
PaletteButton,Height,Height,Integer,V
PaletteButton,BackStyle,Back Style,Byte,V
PaletteButton,BackColor,Back Color,Long,V
PaletteButton,ShortcutMenuBar,Shortcut Menu Bar,String,V
PaletteButton,ControlTipText,Control Tip Text,String,V
PaletteButton,HelpContextId,Help Context Id,Long,V
PaletteButton,ColumnWidth,Column Width,Integer,V
PaletteButton,ColumnOrder,Column Order,Integer,V
PaletteButton,ColumnHidden,Column Hidden,Boolean,V
PaletteButton,AutoLabel,Auto Label,Boolean,V
PaletteButton,AddColon,Add Colon,Boolean,V
PaletteButton,LabelX,Label X,Integer,V
PaletteButton,LabelY,Label Y,Integer,V
PaletteButton,LabelAlign,Label Align,Byte,V
PaletteButton,Section,Section,Integer,V
PaletteButton,Tag,Tag,String,V
PaletteButton,IsVisible,Is Visible,Boolean,V
PaletteButton,InSelection,In Selection,Boolean,V
PaletteButton,BeforeUpdate,Before Update,String,V
PaletteButton,AfterUpdate,After Update,String,V
PaletteButton,OnEnter,On Enter,String,V
PaletteButton,OnExit,On Exit,String,V
PaletteButton,OnGotFocus,On Got Focus,String,V
PaletteButton,OnLostFocus,On Lost Focus,String,V
PaletteButton,OnClick,On Click,String,V
PaletteButton,OnDblClick,On Dbl Click,String,V
PaletteButton,OnMouseDown,On Mouse Down,String,V
PaletteButton,OnMouseMove,On Mouse Move,String,V
PaletteButton,OnMouseUp,On Mouse Up,String,V
PaletteButton,OnKeyDown,On Key Down,String,V
PaletteButton,OnKeyUp,On Key Up,String,V
PaletteButton,OnKeyPress,On Key Press,String,V
PaletteButton,Name,Name,String,V
Printer,ColorMode,Color Mode,AcPrintColor,V
Printer,Copies,Copies,Long,V
Printer,DeviceName,Device Name,String,R_O
Printer,DriverName,Driver Name,String,R_O
Printer,Duplex,Duplex,AcPrintDuplex,V
Printer,Orientation,Orientation,AcPrintOrientation,V
Printer,PaperBin,Paper Bin,AcPrintPaperBin,V
Printer,PaperSize,Paper Size,AcPrintPaperSize,V
Printer,Port,Port,String,R_O
Printer,PrintQuality,Print Quality,AcPrintObjQuality,V
Printer,LeftMargin,Left Margin,Long,V
Printer,RightMargin,Right Margin,Long,V
Printer,TopMargin,Top Margin,Long,V
Printer,BottomMargin,Bottom Margin,Long,V
Printer,DataOnly,Data Only,Boolean,V
Printer,ItemsAcross,Items Across,Long,V
Printer,RowSpacing,Row Spacing,Long,V
Printer,ColumnSpacing,Column Spacing,Long,V
Printer,DefaultSize,Default Size,Boolean,V
Printer,ItemSizeWidth,Item Size Width,Long,V
Printer,ItemSizeHeight,Item Size Height,Long,V
Printer,ItemLayout,Item Layout,AcPrintItemLayout,V
Printers,Application,Application,Application,R_O
Printers,Parent,Parent,Object,R_O
Printers,Item,Item,_Printer,R_O
Printers,Count,Count,Long,R_O
Properties,Application,Application,Application,R_O
Properties,Parent,Parent,Object,R_O
Properties,Item,Item,Object,R_O
Properties,Count,Count,Long,R_O
Rectangle,Application,Application,Application,R_O
Rectangle,Parent,Parent,Object,R_O
Rectangle,Properties,Properties,Properties,R_O
Rectangle,EventProcPrefix,Event Proc Prefix,String,V
Rectangle,ControlType,Control Type,Byte,V
Rectangle,Visible,Visible,Boolean,V
Rectangle,DisplayWhen,Display When,Byte,V
Rectangle,Left,Left,Integer,V
Rectangle,Top,Top,Integer,V
Rectangle,Width,Width,Integer,V
Rectangle,Height,Height,Integer,V
Rectangle,BackStyle,Back Style,Byte,V
Rectangle,BackColor,Back Color,Long,V
Rectangle,SpecialEffect,Special Effect,Byte,V
Rectangle,BorderStyle,Border Style,Byte,V
Rectangle,OldBorderStyle,Old Border Style,Byte,V
Rectangle,BorderColor,Border Color,Long,V
Rectangle,BorderWidth,Border Width,Byte,V
Rectangle,Section,Section,Integer,V
Rectangle,Tag,Tag,String,V
Rectangle,IsVisible,Is Visible,Boolean,V
Rectangle,InSelection,In Selection,Boolean,V
Rectangle,OnClick,On Click,String,V
Rectangle,OnDblClick,On Dbl Click,String,V
Rectangle,OnMouseDown,On Mouse Down,String,V
Rectangle,OnMouseMove,On Mouse Move,String,V
Rectangle,OnMouseUp,On Mouse Up,String,V
Rectangle,Name,Name,String,V
Rectangle,HorizontalAnchor,Horizontal Anchor,AcHorizontalAnchor,V
Rectangle,VerticalAnchor,Vertical Anchor,AcVerticalAnchor,V
Rectangle,BackThemeColorIndex,Back Theme Color Index,Long,V
Rectangle,BackTint,Back Tint,Single,V
Rectangle,BackShade,Back Shade,Single,V
Rectangle,BorderThemeColorIndex,Border Theme Color Index,Long,V
Rectangle,BorderTint,Border Tint,Single,V
Rectangle,BorderShade,Border Shade,Single,V
Reference,Collection,Collection,References,R_O
Reference,Name,Name,String,R_O
Reference,Guid,Guid,String,R_O
Reference,Major,Major,Long,R_O
Reference,Minor,Minor,Long,R_O
Reference,FullPath,Full Path,String,R_O
Reference,BuiltIn,Built In,Boolean,R_O
Reference,IsBroken,Is Broken,Boolean,R_O
Reference,Kind,Kind,vbext_RefKind,R_O
References,Parent,Parent,Object,R_O
References,Count,Count,Long,R_O
Report,RecordSource,Record Source,String,V
Report,Filter,Filter,String,V
Report,FilterOn,Filter On,Boolean,V
Report,OrderBy,Order By,String,V
Report,OrderByOn,Order By On,Boolean,V
Report,ServerFilter,Server Filter,String,V
Report,Caption,Caption,String,V
Report,RecordLocks,Record Locks,Byte,V
Report,PageHeader,Page Header,Byte,V
Report,PageFooter,Page Footer,Byte,V
Report,DateGrouping,Date Grouping,Byte,V
Report,GrpKeepTogether,Grp Keep Together,Byte,V
Report,Width,Width,Integer,V
Report,Picture,Picture,String,V
Report,PictureType,Picture Type,Byte,V
Report,PictureSizeMode,Picture Size Mode,Byte,V
Report,PictureAlignment,Picture Alignment,Byte,V
Report,PictureTiling,Picture Tiling,Boolean,V
Report,PicturePages,Picture Pages,Byte,V
Report,MenuBar,Menu Bar,String,V
Report,Toolbar,Toolbar,String,V
Report,ShortcutMenuBar,Shortcut Menu Bar,String,V
Report,GridX,Grid X,Integer,V
Report,GridY,Grid Y,Integer,V
Report,LayoutForPrint,Layout For Print,Boolean,V
Report,FastLaserPrinting,Fast Laser Printing,Boolean,V
Report,HelpFile,Help File,String,V
Report,HelpContextId,Help Context Id,Long,V
Report,Hwnd,Hwnd,Long,V
Report,Count,Count,Integer,V
Report,Page,Page,Long,V
Report,Pages,Pages,Integer,V
Report,HasData,Has Data,Long,V
Report,Left,Left,Long,V
Report,Top,Top,Long,V
Report,Height,Height,Long,V
Report,PrintSection,Print Section,Boolean,V
Report,NextRecord,Next Record,Boolean,V
Report,MoveLayout,Move Layout,Boolean,V
Report,FormatCount,Format Count,Integer,V
Report,PrintCount,Print Count,Integer,V
Report,Visible,Visible,Boolean,V
Report,Painting,Painting,Boolean,V
Report,PrtMip,Prt Mip,Variant,V
Report,PrtDevMode,Prt Dev Mode,Variant,V
Report,PrtDevNames,Prt Dev Names,Variant,V
Report,ForeColor,Fore Color,Long,V
Report,CurrentX,Current X,Single,V
Report,CurrentY,Current Y,Single,V
Report,ScaleHeight,Scale Height,Single,V
Report,ScaleLeft,Scale Left,Single,V
Report,ScaleMode,Scale Mode,Integer,V
Report,ScaleTop,Scale Top,Single,V
Report,ScaleWidth,Scale Width,Single,V
Report,FontBold,Font Bold,Integer,V
Report,FontItalic,Font Italic,Integer,V
Report,FontName,Font Name,String,V
Report,FontSize,Font Size,Integer,V
Report,FontUnderline,Font Underline,Integer,V
Report,DrawMode,Draw Mode,Integer,V
Report,DrawStyle,Draw Style,Integer,V
Report,DrawWidth,Draw Width,Integer,V
Report,FillColor,Fill Color,Long,V
Report,FillStyle,Fill Style,Integer,V
Report,PaletteSource,Palette Source,String,V
Report,Tag,Tag,String,V
Report,PaintPalette,Paint Palette,Variant,V
Report,OnOpen,On Open,String,V
Report,OnClose,On Close,String,V
Report,OnActivate,On Activate,String,V
Report,OnDeactivate,On Deactivate,String,V
Report,OnNoData,On No Data,String,V
Report,OnPage,On Page,String,V
Report,OnError,On Error,String,V
Report,Dirty,Dirty,Boolean,V
Report,CurrentRecord,Current Record,Long,V
Report,PictureData,Picture Data,Variant,V
Report,PicturePalette,Picture Palette,Variant,V
Report,HasModule,Has Module,Boolean,V
Report,Orientation,Orientation,Byte,V
Report,InputParameters,Input Parameters,String,V
Report,Application,Application,Application,R_O
Report,Parent,Parent,Object,R_O
Report,ActiveControl,Active Control,Control,R_O
Report,DefaultControl,Default Control,Control,R_O
Report,GroupLevel,Group Level,GroupLevel,R_O
Report,Report,Report,Report,R_O
Report,Module,Module,Module,R_O
Report,Properties,Properties,Properties,R_O
Report,Controls,Controls,Controls,R_O
Report,Name,Name,String,V
Report,AutoResize,Auto Resize,Boolean,V
Report,AutoCenter,Auto Center,Boolean,V
Report,PopUp,Pop Up,Boolean,V
Report,Modal,Modal,Boolean,V
Report,BorderStyle,Border Style,Byte,V
Report,ControlBox,Control Box,Boolean,V
Report,MinMaxButtons,Min Max Buttons,Byte,V
Report,CloseButton,Close Button,Boolean,V
Report,WindowWidth,Window Width,Integer,V
Report,WindowHeight,Window Height,Integer,V
Report,WindowTop,Window Top,Integer,R_O
Report,WindowLeft,Window Left,Integer,R_O
Report,OpenArgs,Open Args,Variant,V
Report,Printer,Printer,_Printer,V
Report,Moveable,Moveable,Boolean,V
Report,UseDefaultPrinter,Use Default Printer,Boolean,V
Report,Recordset,Recordset,Object,V
Report,RecordSourceQualifier,Record Source Qualifier,String,V
Report,Shape,Shape,String,R_O
Report,FilterOnLoad,Filter On Load,Boolean,V
Report,OrderByOnLoad,Order By On Load,Boolean,V
Report,DefaultView,Default View,Byte,V
Report,AllowReportView,Allow Report View,Boolean,V
Report,ScrollBars,Scroll Bars,Byte,V
Report,Cycle,Cycle,Byte,V
Report,OnCurrent,On Current,String,V
Report,KeyPreview,Key Preview,Boolean,V
Report,TimerInterval,Timer Interval,Long,V
Report,CurrentView,Current View,Integer,V
Report,ShowPageMargins,Show Page Margins,Boolean,V
Report,FitToPage,Fit To Page,Boolean,V
Report,AllowLayoutView,Allow Layout View,Boolean,V
Report,OnLoad,On Load,String,V
Report,OnResize,On Resize,String,V
Report,OnUnload,On Unload,String,V
Report,OnGotFocus,On Got Focus,String,V
Report,OnLostFocus,On Lost Focus,String,V
Report,OnClick,On Click,String,V
Report,OnDblClick,On Dbl Click,String,V
Report,OnMouseDown,On Mouse Down,String,V
Report,OnMouseMove,On Mouse Move,String,V
Report,OnMouseUp,On Mouse Up,String,V
Report,OnKeyDown,On Key Down,String,V
Report,OnKeyUp,On Key Up,String,V
Report,OnKeyPress,On Key Press,String,V
Report,OnFilter,On Filter,String,V
Report,OnApplyFilter,On Apply Filter,String,V
Report,OnTimer,On Timer,String,V
Report,MouseWheel,Mouse Wheel,String,V
Report,DisplayOnSharePointSite,Display On Share Point Site,Byte,V
Report,Section,Section,_Section,R_O
Report,RibbonName,Ribbon Name,String,V
Report2,RecordSource,Record Source,String,V
Report2,Filter,Filter,String,V
Report2,FilterOn,Filter On,Boolean,V
Report2,OrderBy,Order By,String,V
Report2,OrderByOn,Order By On,Boolean,V
Report2,ServerFilter,Server Filter,String,V
Report2,Caption,Caption,String,V
Report2,RecordLocks,Record Locks,Byte,V
Report2,PageHeader,Page Header,Byte,V
Report2,PageFooter,Page Footer,Byte,V
Report2,DateGrouping,Date Grouping,Byte,V
Report2,GrpKeepTogether,Grp Keep Together,Byte,V
Report2,Width,Width,Integer,V
Report2,Picture,Picture,String,V
Report2,PictureType,Picture Type,Byte,V
Report2,PictureSizeMode,Picture Size Mode,Byte,V
Report2,PictureAlignment,Picture Alignment,Byte,V
Report2,PictureTiling,Picture Tiling,Boolean,V
Report2,PicturePages,Picture Pages,Byte,V
Report2,MenuBar,Menu Bar,String,V
Report2,Toolbar,Toolbar,String,V
Report2,ShortcutMenuBar,Shortcut Menu Bar,String,V
Report2,GridX,Grid X,Integer,V
Report2,GridY,Grid Y,Integer,V
Report2,LayoutForPrint,Layout For Print,Boolean,V
Report2,FastLaserPrinting,Fast Laser Printing,Boolean,V
Report2,HelpFile,Help File,String,V
Report2,HelpContextId,Help Context Id,Long,V
Report2,Hwnd,Hwnd,Long,V
Report2,Count,Count,Integer,V
Report2,Page,Page,Long,V
Report2,Pages,Pages,Integer,V
Report2,HasData,Has Data,Long,V
Report2,Left,Left,Long,V
Report2,Top,Top,Long,V
Report2,Height,Height,Long,V
Report2,PrintSection,Print Section,Boolean,V
Report2,NextRecord,Next Record,Boolean,V
Report2,MoveLayout,Move Layout,Boolean,V
Report2,FormatCount,Format Count,Integer,V
Report2,PrintCount,Print Count,Integer,V
Report2,Visible,Visible,Boolean,V
Report2,Painting,Painting,Boolean,V
Report2,PrtMip,Prt Mip,Variant,V
Report2,PrtDevMode,Prt Dev Mode,Variant,V
Report2,PrtDevNames,Prt Dev Names,Variant,V
Report2,ForeColor,Fore Color,Long,V
Report2,CurrentX,Current X,Single,V
Report2,CurrentY,Current Y,Single,V
Report2,ScaleHeight,Scale Height,Single,V
Report2,ScaleLeft,Scale Left,Single,V
Report2,ScaleMode,Scale Mode,Integer,V
Report2,ScaleTop,Scale Top,Single,V
Report2,ScaleWidth,Scale Width,Single,V
Report2,FontBold,Font Bold,Integer,V
Report2,FontItalic,Font Italic,Integer,V
Report2,FontName,Font Name,String,V
Report2,FontSize,Font Size,Integer,V
Report2,FontUnderline,Font Underline,Integer,V
Report2,DrawMode,Draw Mode,Integer,V
Report2,DrawStyle,Draw Style,Integer,V
Report2,DrawWidth,Draw Width,Integer,V
Report2,FillColor,Fill Color,Long,V
Report2,FillStyle,Fill Style,Integer,V
Report2,PaletteSource,Palette Source,String,V
Report2,Tag,Tag,String,V
Report2,PaintPalette,Paint Palette,Variant,V
Report2,OnMenu,On Menu,String,V
Report2,OnOpen,On Open,String,V
Report2,OnClose,On Close,String,V
Report2,OnActivate,On Activate,String,V
Report2,OnDeactivate,On Deactivate,String,V
Report2,OnNoData,On No Data,String,V
Report2,OnPage,On Page,String,V
Report2,OnError,On Error,String,V
Report2,Dirty,Dirty,Boolean,V
Report2,CurrentRecord,Current Record,Long,V
Report2,PictureData,Picture Data,Variant,V
Report2,PicturePalette,Picture Palette,Variant,V
Report2,HasModule,Has Module,Boolean,V
Report2,Orientation,Orientation,Byte,V
Report2,InputParameters,Input Parameters,String,V
Report2,Application,Application,Application,R_O
Report2,Parent,Parent,Object,R_O
Report2,ActiveControl,Active Control,Control,R_O
Report2,DefaultControl,Default Control,Control,R_O
Report2,Section,Section,Section,R_O
Report2,GroupLevel,Group Level,GroupLevel,R_O
Report2,Report,Report,Report,R_O
Report2,Module,Module,Module,R_O
Report2,Properties,Properties,Properties,R_O
Report2,Controls,Controls,Controls,R_O
Report2,Name,Name,String,V
Report2,AutoResize,Auto Resize,Boolean,V
Report2,AutoCenter,Auto Center,Boolean,V
Report2,PopUp,Pop Up,Boolean,V
Report2,Modal,Modal,Boolean,V
Report2,BorderStyle,Border Style,Byte,V
Report2,ControlBox,Control Box,Boolean,V
Report2,MinMaxButtons,Min Max Buttons,Byte,V
Report2,CloseButton,Close Button,Boolean,V
Report2,WindowWidth,Window Width,Integer,V
Report2,WindowHeight,Window Height,Integer,V
Report2,WindowTop,Window Top,Integer,R_O
Report2,WindowLeft,Window Left,Integer,R_O
Report2,OpenArgs,Open Args,Variant,V
Report2,Printer,Printer,_Printer,V
Report2,Moveable,Moveable,Boolean,V
Report2,UseDefaultPrinter,Use Default Printer,Boolean,V
Report2,Recordset,Recordset,Object,V
Report2,RecordSourceQualifier,Record Source Qualifier,String,V
Report2,Shape,Shape,String,R_O
Report3,RecordSource,Record Source,String,V
Report3,Filter,Filter,String,V
Report3,FilterOn,Filter On,Boolean,V
Report3,OrderBy,Order By,String,V
Report3,OrderByOn,Order By On,Boolean,V
Report3,ServerFilter,Server Filter,String,V
Report3,Caption,Caption,String,V
Report3,RecordLocks,Record Locks,Byte,V
Report3,PageHeader,Page Header,Byte,V
Report3,PageFooter,Page Footer,Byte,V
Report3,DateGrouping,Date Grouping,Byte,V
Report3,GrpKeepTogether,Grp Keep Together,Byte,V
Report3,Width,Width,Integer,V
Report3,Picture,Picture,String,V
Report3,PictureType,Picture Type,Byte,V
Report3,PictureSizeMode,Picture Size Mode,Byte,V
Report3,PictureAlignment,Picture Alignment,Byte,V
Report3,PictureTiling,Picture Tiling,Boolean,V
Report3,PicturePages,Picture Pages,Byte,V
Report3,MenuBar,Menu Bar,String,V
Report3,Toolbar,Toolbar,String,V
Report3,ShortcutMenuBar,Shortcut Menu Bar,String,V
Report3,GridX,Grid X,Integer,V
Report3,GridY,Grid Y,Integer,V
Report3,LayoutForPrint,Layout For Print,Boolean,V
Report3,FastLaserPrinting,Fast Laser Printing,Boolean,V
Report3,HelpFile,Help File,String,V
Report3,HelpContextId,Help Context Id,Long,V
Report3,Hwnd,Hwnd,Long,V
Report3,Count,Count,Integer,V
Report3,Page,Page,Long,V
Report3,Pages,Pages,Integer,V
Report3,HasData,Has Data,Long,V
Report3,Left,Left,Long,V
Report3,Top,Top,Long,V
Report3,Height,Height,Long,V
Report3,PrintSection,Print Section,Boolean,V
Report3,NextRecord,Next Record,Boolean,V
Report3,MoveLayout,Move Layout,Boolean,V
Report3,FormatCount,Format Count,Integer,V
Report3,PrintCount,Print Count,Integer,V
Report3,Visible,Visible,Boolean,V
Report3,Painting,Painting,Boolean,V
Report3,PrtMip,Prt Mip,Variant,V
Report3,PrtDevMode,Prt Dev Mode,Variant,V
Report3,PrtDevNames,Prt Dev Names,Variant,V
Report3,ForeColor,Fore Color,Long,V
Report3,CurrentX,Current X,Single,V
Report3,CurrentY,Current Y,Single,V
Report3,ScaleHeight,Scale Height,Single,V
Report3,ScaleLeft,Scale Left,Single,V
Report3,ScaleMode,Scale Mode,Integer,V
Report3,ScaleTop,Scale Top,Single,V
Report3,ScaleWidth,Scale Width,Single,V
Report3,FontBold,Font Bold,Integer,V
Report3,FontItalic,Font Italic,Integer,V
Report3,FontName,Font Name,String,V
Report3,FontSize,Font Size,Integer,V
Report3,FontUnderline,Font Underline,Integer,V
Report3,DrawMode,Draw Mode,Integer,V
Report3,DrawStyle,Draw Style,Integer,V
Report3,DrawWidth,Draw Width,Integer,V
Report3,FillColor,Fill Color,Long,V
Report3,FillStyle,Fill Style,Integer,V
Report3,PaletteSource,Palette Source,String,V
Report3,Tag,Tag,String,V
Report3,PaintPalette,Paint Palette,Variant,V
Report3,OnOpen,On Open,String,V
Report3,OnClose,On Close,String,V
Report3,OnActivate,On Activate,String,V
Report3,OnDeactivate,On Deactivate,String,V
Report3,OnNoData,On No Data,String,V
Report3,OnPage,On Page,String,V
Report3,OnError,On Error,String,V
Report3,Dirty,Dirty,Boolean,V
Report3,CurrentRecord,Current Record,Long,V
Report3,PictureData,Picture Data,Variant,V
Report3,PicturePalette,Picture Palette,Variant,V
Report3,HasModule,Has Module,Boolean,V
Report3,Orientation,Orientation,Byte,V
Report3,InputParameters,Input Parameters,String,V
Report3,Application,Application,Application,R_O
Report3,Parent,Parent,Object,R_O
Report3,ActiveControl,Active Control,Control,R_O
Report3,DefaultControl,Default Control,Control,R_O
Report3,GroupLevel,Group Level,GroupLevel,R_O
Report3,Report,Report,Report,R_O
Report3,Module,Module,Module,R_O
Report3,Properties,Properties,Properties,R_O
Report3,Controls,Controls,Controls,R_O
Report3,Name,Name,String,V
Report3,AutoResize,Auto Resize,Boolean,V
Report3,AutoCenter,Auto Center,Boolean,V
Report3,PopUp,Pop Up,Boolean,V
Report3,Modal,Modal,Boolean,V
Report3,BorderStyle,Border Style,Byte,V
Report3,ControlBox,Control Box,Boolean,V
Report3,MinMaxButtons,Min Max Buttons,Byte,V
Report3,CloseButton,Close Button,Boolean,V
Report3,WindowWidth,Window Width,Integer,V
Report3,WindowHeight,Window Height,Integer,V
Report3,WindowTop,Window Top,Integer,R_O
Report3,WindowLeft,Window Left,Integer,R_O
Report3,OpenArgs,Open Args,Variant,V
Report3,Printer,Printer,_Printer,V
Report3,Moveable,Moveable,Boolean,V
Report3,UseDefaultPrinter,Use Default Printer,Boolean,V
Report3,Recordset,Recordset,Object,V
Report3,RecordSourceQualifier,Record Source Qualifier,String,V
Report3,Shape,Shape,String,R_O
Report3,FilterOnLoad,Filter On Load,Boolean,V
Report3,OrderByOnLoad,Order By On Load,Boolean,V
Report3,DefaultView,Default View,Byte,V
Report3,AllowReportView,Allow Report View,Boolean,V
Report3,ScrollBars,Scroll Bars,Byte,V
Report3,Cycle,Cycle,Byte,V
Report3,OnCurrent,On Current,String,V
Report3,KeyPreview,Key Preview,Boolean,V
Report3,TimerInterval,Timer Interval,Long,V
Report3,CurrentView,Current View,Integer,V
Report3,ShowPageMargins,Show Page Margins,Boolean,V
Report3,FitToPage,Fit To Page,Boolean,V
Report3,AllowLayoutView,Allow Layout View,Boolean,V
Report3,OnLoad,On Load,String,V
Report3,OnResize,On Resize,String,V
Report3,OnUnload,On Unload,String,V
Report3,OnGotFocus,On Got Focus,String,V
Report3,OnLostFocus,On Lost Focus,String,V
Report3,OnClick,On Click,String,V
Report3,OnDblClick,On Dbl Click,String,V
Report3,OnMouseDown,On Mouse Down,String,V
Report3,OnMouseMove,On Mouse Move,String,V
Report3,OnMouseUp,On Mouse Up,String,V
Report3,OnKeyDown,On Key Down,String,V
Report3,OnKeyUp,On Key Up,String,V
Report3,OnKeyPress,On Key Press,String,V
Report3,OnFilter,On Filter,String,V
Report3,OnApplyFilter,On Apply Filter,String,V
Report3,OnTimer,On Timer,String,V
Report3,MouseWheel,Mouse Wheel,String,V
Report3,DisplayOnSharePointSite,Display On Share Point Site,Byte,V
Report3,Section,Section,_Section,R_O
Report3,RibbonName,Ribbon Name,String,V
ReportOld,RecordSource,Record Source,String,V
ReportOld,Filter,Filter,String,V
ReportOld,FilterOn,Filter On,Boolean,V
ReportOld,OrderBy,Order By,String,V
ReportOld,OrderByOn,Order By On,Boolean,V
ReportOld,ServerFilter,Server Filter,String,V
ReportOld,Caption,Caption,String,V
ReportOld,RecordLocks,Record Locks,Byte,V
ReportOld,PageHeader,Page Header,Byte,V
ReportOld,PageFooter,Page Footer,Byte,V
ReportOld,DateGrouping,Date Grouping,Byte,V
ReportOld,GrpKeepTogether,Grp Keep Together,Byte,V
ReportOld,Width,Width,Integer,V
ReportOld,Picture,Picture,String,V
ReportOld,PictureType,Picture Type,Byte,V
ReportOld,PictureSizeMode,Picture Size Mode,Byte,V
ReportOld,PictureAlignment,Picture Alignment,Byte,V
ReportOld,PictureTiling,Picture Tiling,Boolean,V
ReportOld,PicturePages,Picture Pages,Byte,V
ReportOld,MenuBar,Menu Bar,String,V
ReportOld,Toolbar,Toolbar,String,V
ReportOld,ShortcutMenuBar,Shortcut Menu Bar,String,V
ReportOld,GridX,Grid X,Integer,V
ReportOld,GridY,Grid Y,Integer,V
ReportOld,LayoutForPrint,Layout For Print,Boolean,V
ReportOld,FastLaserPrinting,Fast Laser Printing,Boolean,V
ReportOld,HelpFile,Help File,String,V
ReportOld,HelpContextId,Help Context Id,Long,V
ReportOld,Hwnd,Hwnd,Long,V
ReportOld,Count,Count,Integer,V
ReportOld,Page,Page,Long,V
ReportOld,Pages,Pages,Integer,V
ReportOld,HasData,Has Data,Long,V
ReportOld,Left,Left,Long,V
ReportOld,Top,Top,Long,V
ReportOld,Height,Height,Long,V
ReportOld,PrintSection,Print Section,Boolean,V
ReportOld,NextRecord,Next Record,Boolean,V
ReportOld,MoveLayout,Move Layout,Boolean,V
ReportOld,FormatCount,Format Count,Integer,V
ReportOld,PrintCount,Print Count,Integer,V
ReportOld,Visible,Visible,Boolean,V
ReportOld,Painting,Painting,Boolean,V
ReportOld,PrtMip,Prt Mip,Variant,V
ReportOld,PrtDevMode,Prt Dev Mode,Variant,V
ReportOld,PrtDevNames,Prt Dev Names,Variant,V
ReportOld,ForeColor,Fore Color,Long,V
ReportOld,CurrentX,Current X,Single,V
ReportOld,CurrentY,Current Y,Single,V
ReportOld,ScaleHeight,Scale Height,Single,V
ReportOld,ScaleLeft,Scale Left,Single,V
ReportOld,ScaleMode,Scale Mode,Integer,V
ReportOld,ScaleTop,Scale Top,Single,V
ReportOld,ScaleWidth,Scale Width,Single,V
ReportOld,FontBold,Font Bold,Integer,V
ReportOld,FontItalic,Font Italic,Integer,V
ReportOld,FontName,Font Name,String,V
ReportOld,FontSize,Font Size,Integer,V
ReportOld,FontUnderline,Font Underline,Integer,V
ReportOld,DrawMode,Draw Mode,Integer,V
ReportOld,DrawStyle,Draw Style,Integer,V
ReportOld,DrawWidth,Draw Width,Integer,V
ReportOld,FillColor,Fill Color,Long,V
ReportOld,FillStyle,Fill Style,Integer,V
ReportOld,PaletteSource,Palette Source,String,V
ReportOld,Tag,Tag,String,V
ReportOld,PaintPalette,Paint Palette,Variant,V
ReportOld,OnMenu,On Menu,String,V
ReportOld,OnOpen,On Open,String,V
ReportOld,OnClose,On Close,String,V
ReportOld,OnActivate,On Activate,String,V
ReportOld,OnDeactivate,On Deactivate,String,V
ReportOld,OnNoData,On No Data,String,V
ReportOld,OnPage,On Page,String,V
ReportOld,OnError,On Error,String,V
ReportOld,Dirty,Dirty,Boolean,V
ReportOld,CurrentRecord,Current Record,Long,V
ReportOld,PictureData,Picture Data,Variant,V
ReportOld,PicturePalette,Picture Palette,Variant,V
ReportOld,HasModule,Has Module,Boolean,V
ReportOld,Orientation,Orientation,Byte,V
ReportOld,InputParameters,Input Parameters,String,V
ReportOld,Application,Application,Application,R_O
ReportOld,Parent,Parent,Object,R_O
ReportOld,ActiveControl,Active Control,Control,R_O
ReportOld,DefaultControl,Default Control,Control,R_O
ReportOld,Section,Section,Section,R_O
ReportOld,GroupLevel,Group Level,GroupLevel,R_O
ReportOld,Report,Report,Report,R_O
ReportOld,Module,Module,Module,R_O
ReportOld,Properties,Properties,Properties,R_O
ReportOld,Controls,Controls,Controls,R_O
ReportOld,Name,Name,String,V
ReportOldV10,RecordSource,Record Source,String,V
ReportOldV10,Filter,Filter,String,V
ReportOldV10,FilterOn,Filter On,Boolean,V
ReportOldV10,OrderBy,Order By,String,V
ReportOldV10,OrderByOn,Order By On,Boolean,V
ReportOldV10,ServerFilter,Server Filter,String,V
ReportOldV10,Caption,Caption,String,V
ReportOldV10,RecordLocks,Record Locks,Byte,V
ReportOldV10,PageHeader,Page Header,Byte,V
ReportOldV10,PageFooter,Page Footer,Byte,V
ReportOldV10,DateGrouping,Date Grouping,Byte,V
ReportOldV10,GrpKeepTogether,Grp Keep Together,Byte,V
ReportOldV10,Width,Width,Integer,V
ReportOldV10,Picture,Picture,String,V
ReportOldV10,PictureType,Picture Type,Byte,V
ReportOldV10,PictureSizeMode,Picture Size Mode,Byte,V
ReportOldV10,PictureAlignment,Picture Alignment,Byte,V
ReportOldV10,PictureTiling,Picture Tiling,Boolean,V
ReportOldV10,PicturePages,Picture Pages,Byte,V
ReportOldV10,MenuBar,Menu Bar,String,V
ReportOldV10,Toolbar,Toolbar,String,V
ReportOldV10,ShortcutMenuBar,Shortcut Menu Bar,String,V
ReportOldV10,GridX,Grid X,Integer,V
ReportOldV10,GridY,Grid Y,Integer,V
ReportOldV10,LayoutForPrint,Layout For Print,Boolean,V
ReportOldV10,FastLaserPrinting,Fast Laser Printing,Boolean,V
ReportOldV10,HelpFile,Help File,String,V
ReportOldV10,HelpContextId,Help Context Id,Long,V
ReportOldV10,Hwnd,Hwnd,Long,V
ReportOldV10,Count,Count,Integer,V
ReportOldV10,Page,Page,Long,V
ReportOldV10,Pages,Pages,Integer,V
ReportOldV10,HasData,Has Data,Long,V
ReportOldV10,Left,Left,Long,V
ReportOldV10,Top,Top,Long,V
ReportOldV10,Height,Height,Long,V
ReportOldV10,PrintSection,Print Section,Boolean,V
ReportOldV10,NextRecord,Next Record,Boolean,V
ReportOldV10,MoveLayout,Move Layout,Boolean,V
ReportOldV10,FormatCount,Format Count,Integer,V
ReportOldV10,PrintCount,Print Count,Integer,V
ReportOldV10,Visible,Visible,Boolean,V
ReportOldV10,Painting,Painting,Boolean,V
ReportOldV10,PrtMip,Prt Mip,Variant,V
ReportOldV10,PrtDevMode,Prt Dev Mode,Variant,V
ReportOldV10,PrtDevNames,Prt Dev Names,Variant,V
ReportOldV10,ForeColor,Fore Color,Long,V
ReportOldV10,CurrentX,Current X,Single,V
ReportOldV10,CurrentY,Current Y,Single,V
ReportOldV10,ScaleHeight,Scale Height,Single,V
ReportOldV10,ScaleLeft,Scale Left,Single,V
ReportOldV10,ScaleMode,Scale Mode,Integer,V
ReportOldV10,ScaleTop,Scale Top,Single,V
ReportOldV10,ScaleWidth,Scale Width,Single,V
ReportOldV10,FontBold,Font Bold,Integer,V
ReportOldV10,FontItalic,Font Italic,Integer,V
ReportOldV10,FontName,Font Name,String,V
ReportOldV10,FontSize,Font Size,Integer,V
ReportOldV10,FontUnderline,Font Underline,Integer,V
ReportOldV10,DrawMode,Draw Mode,Integer,V
ReportOldV10,DrawStyle,Draw Style,Integer,V
ReportOldV10,DrawWidth,Draw Width,Integer,V
ReportOldV10,FillColor,Fill Color,Long,V
ReportOldV10,FillStyle,Fill Style,Integer,V
ReportOldV10,PaletteSource,Palette Source,String,V
ReportOldV10,Tag,Tag,String,V
ReportOldV10,PaintPalette,Paint Palette,Variant,V
ReportOldV10,OnMenu,On Menu,String,V
ReportOldV10,OnOpen,On Open,String,V
ReportOldV10,OnClose,On Close,String,V
ReportOldV10,OnActivate,On Activate,String,V
ReportOldV10,OnDeactivate,On Deactivate,String,V
ReportOldV10,OnNoData,On No Data,String,V
ReportOldV10,OnPage,On Page,String,V
ReportOldV10,OnError,On Error,String,V
ReportOldV10,Dirty,Dirty,Boolean,V
ReportOldV10,CurrentRecord,Current Record,Long,V
ReportOldV10,PictureData,Picture Data,Variant,V
ReportOldV10,PicturePalette,Picture Palette,Variant,V
ReportOldV10,HasModule,Has Module,Boolean,V
ReportOldV10,Orientation,Orientation,Byte,V
ReportOldV10,InputParameters,Input Parameters,String,V
ReportOldV10,Application,Application,Application,R_O
ReportOldV10,Parent,Parent,Object,R_O
ReportOldV10,ActiveControl,Active Control,Control,R_O
ReportOldV10,DefaultControl,Default Control,Control,R_O
ReportOldV10,Section,Section,Section,R_O
ReportOldV10,GroupLevel,Group Level,GroupLevel,R_O
ReportOldV10,Report,Report,Report,R_O
ReportOldV10,Module,Module,Module,R_O
ReportOldV10,Properties,Properties,Properties,R_O
ReportOldV10,Controls,Controls,Controls,R_O
ReportOldV10,Name,Name,String,V
ReportOldV10,AutoResize,Auto Resize,Boolean,V
ReportOldV10,AutoCenter,Auto Center,Boolean,V
ReportOldV10,PopUp,Pop Up,Boolean,V
ReportOldV10,Modal,Modal,Boolean,V
ReportOldV10,BorderStyle,Border Style,Byte,V
ReportOldV10,ControlBox,Control Box,Boolean,V
ReportOldV10,MinMaxButtons,Min Max Buttons,Byte,V
ReportOldV10,CloseButton,Close Button,Boolean,V
ReportOldV10,WindowWidth,Window Width,Integer,V
ReportOldV10,WindowHeight,Window Height,Integer,V
ReportOldV10,WindowTop,Window Top,Integer,R_O
ReportOldV10,WindowLeft,Window Left,Integer,R_O
ReportOldV10,OpenArgs,Open Args,Variant,V
ReportOldV10,Printer,Printer,_Printer,V
ReportOldV10,Moveable,Moveable,Boolean,V
ReportOldV10,UseDefaultPrinter,Use Default Printer,Boolean,V
ReportOldV10,Recordset,Recordset,Object,V
ReportOldV10,RecordSourceQualifier,Record Source Qualifier,String,V
ReportOldV10,Shape,Shape,String,R_O
Reports,Application,Application,Application,R_O
Reports,Parent,Parent,Object,R_O
Reports,Item,Item,Report,R_O
Reports,Count,Count,Long,R_O
ReturnVar,Name,Name,String,R_O
ReturnVar,Value,Value,Variant,R_O
ReturnVars,Application,Application,Application,R_O
ReturnVars,Parent,Parent,Object,R_O
ReturnVars,Item,Item,ReturnVar,R_O
ReturnVars,Count,Count,Long,R_O
Screen,Application,Application,Application,R_O
Screen,Parent,Parent,Object,R_O
Screen,ActiveDatasheet,Active Datasheet,Form,R_O
Screen,ActiveControl,Active Control,Control,R_O
Screen,PreviousControl,Previous Control,Control,R_O
Screen,ActiveForm,Active Form,Form,R_O
Screen,ActiveReport,Active Report,Report,R_O
Screen,MousePointer,Mouse Pointer,Integer,V
Section,Application,Application,Application,R_O
Section,Parent,Parent,Object,R_O
Section,Properties,Properties,Properties,R_O
Section,Controls,Controls,Children,R_O
Section,EventProcPrefix,Event Proc Prefix,String,V
Section,ForceNewPage,Force New Page,Byte,V
Section,NewRowOrCol,New Row Or Col,Byte,V
Section,KeepTogether,Keep Together,Boolean,V
Section,Visible,Visible,Boolean,V
Section,DisplayWhen,Display When,Byte,V
Section,CanGrow,Can Grow,Boolean,V
Section,CanShrink,Can Shrink,Boolean,V
Section,RepeatSection,Repeat Section,Boolean,V
Section,Height,Height,Integer,V
Section,BackColor,Back Color,Long,V
Section,SpecialEffect,Special Effect,Byte,V
Section,Tag,Tag,String,V
Section,OnFormat,On Format,String,V
Section,OnPrint,On Print,String,V
Section,OnRetreat,On Retreat,String,V
Section,OnClick,On Click,String,V
Section,OnDblClick,On Dbl Click,String,V
Section,OnMouseDown,On Mouse Down,String,V
Section,OnMouseMove,On Mouse Move,String,V
Section,OnMouseUp,On Mouse Up,String,V
Section,HasContinued,Has Continued,Boolean,V
Section,WillContinue,Will Continue,Boolean,V
Section,InSelection,In Selection,Boolean,V
Section,Name,Name,String,V
Section,AutoHeight,Auto Height,Boolean,V
Section,AlternateBackColor,Alternate Back Color,Long,V
Section,OnPaint,On Paint,String,V
Section,BackThemeColorIndex,Back Theme Color Index,Long,V
Section,BackTint,Back Tint,Single,V
Section,BackShade,Back Shade,Single,V
Section,AlternateBackThemeColorIndex,Alternate Back Theme Color Index,Long,V
Section,AlternateBackTint,Alternate Back Tint,Single,V
Section,AlternateBackShade,Alternate Back Shade,Single,V
SharedResource,Parent,Parent,Object,R_O
SharedResource,Name,Name,String,V
SharedResource,Type,Type,AcResourceType,R_O
SharedResources,Application,Application,Application,R_O
SharedResources,Parent,Parent,Object,R_O
SharedResources,Item,Item,SharedResource,R_O
SharedResources,Count,Count,Long,R_O
SmartTag,Application,Application,Application,R_O
SmartTag,Name,Name,String,R_O
SmartTag,Parent,Parent,Object,R_O
SmartTag,Properties,Properties,_SmartTagProperties,R_O
SmartTag,SmartTagActions,Smart Tag Actions,_SmartTagActions,R_O
SmartTag,XML,XML,String,R_O
SmartTag,IsMissing,Is Missing,Boolean,R_O
SmartTagAction,Application,Application,Application,R_O
SmartTagAction,Parent,Parent,Object,R_O
SmartTagAction,Name,Name,String,R_O
SmartTagActions,Application,Application,Application,R_O
SmartTagActions,Count,Count,Long,R_O
SmartTagActions,Parent,Parent,Object,R_O
SmartTagActions,Item,Item,_SmartTagAction,R_O
SmartTagProperties,Application,Application,Application,R_O
SmartTagProperties,Count,Count,Long,R_O
SmartTagProperties,Parent,Parent,Object,R_O
SmartTagProperties,Item,Item,_SmartTagProperty,R_O
SmartTagProperty,Name,Name,String,V
SmartTagProperty,Value,Value,String,V
SmartTags,Application,Application,Application,R_O
SmartTags,Parent,Parent,Object,R_O
SmartTags,Item,Item,_SmartTag,R_O
SmartTags,Count,Count,Long,R_O
SubForm,Application,Application,Application,R_O
SubForm,Parent,Parent,Object,R_O
SubForm,Form,Form,Form,R_O
SubForm,Report,Report,Report,R_O
SubForm,Properties,Properties,Properties,R_O
SubForm,Controls,Controls,Controls,R_O
SubForm,EventProcPrefix,Event Proc Prefix,String,V
SubForm,ControlType,Control Type,Byte,V
SubForm,SourceObject,Source Object,String,V
SubForm,LinkChildFields,Link Child Fields,String,V
SubForm,LinkMasterFields,Link Master Fields,String,V
SubForm,StatusBarText,Status Bar Text,String,V
SubForm,Visible,Visible,Boolean,V
SubForm,DisplayWhen,Display When,Byte,V
SubForm,Enabled,Enabled,Boolean,V
SubForm,Locked,Locked,Boolean,V
SubForm,TabStop,Tab Stop,Boolean,V
SubForm,TabIndex,Tab Index,Integer,V
SubForm,CanGrow,Can Grow,Boolean,V
SubForm,CanShrink,Can Shrink,Boolean,V
SubForm,Left,Left,Integer,V
SubForm,Top,Top,Integer,V
SubForm,Width,Width,Integer,V
SubForm,Height,Height,Integer,V
SubForm,SpecialEffect,Special Effect,Byte,V
SubForm,BorderStyle,Border Style,Byte,V
SubForm,OldBorderStyle,Old Border Style,Byte,V
SubForm,BorderWidth,Border Width,Byte,V
SubForm,BorderColor,Border Color,Long,V
SubForm,AutoLabel,Auto Label,Boolean,V
SubForm,AddColon,Add Colon,Boolean,V
SubForm,LabelX,Label X,Integer,V
SubForm,LabelY,Label Y,Integer,V
SubForm,LabelAlign,Label Align,Byte,V
SubForm,Section,Section,Integer,V
SubForm,Tag,Tag,String,V
SubForm,IsVisible,Is Visible,Boolean,V
SubForm,InSelection,In Selection,Boolean,V
SubForm,OnEnter,On Enter,String,V
SubForm,OnExit,On Exit,String,V
SubForm,Name,Name,String,V
SubForm,Layout,Layout,AcLayoutType,R_O
SubForm,LeftPadding,Left Padding,Integer,V
SubForm,TopPadding,Top Padding,Integer,V
SubForm,RightPadding,Right Padding,Integer,V
SubForm,BottomPadding,Bottom Padding,Integer,V
SubForm,GridlineStyleLeft,Gridline Style Left,Byte,V
SubForm,GridlineStyleTop,Gridline Style Top,Byte,V
SubForm,GridlineStyleRight,Gridline Style Right,Byte,V
SubForm,GridlineStyleBottom,Gridline Style Bottom,Byte,V
SubForm,GridlineWidthLeft,Gridline Width Left,Byte,V
SubForm,GridlineWidthTop,Gridline Width Top,Byte,V
SubForm,GridlineWidthRight,Gridline Width Right,Byte,V
SubForm,GridlineWidthBottom,Gridline Width Bottom,Byte,V
SubForm,GridlineColor,Gridline Color,Long,V
SubForm,HorizontalAnchor,Horizontal Anchor,AcHorizontalAnchor,V
SubForm,VerticalAnchor,Vertical Anchor,AcVerticalAnchor,V
SubForm,FilterOnEmptyMaster,Filter On Empty Master,Boolean,V
SubForm,LayoutID,Layout ID,Long,R_O
SubForm,BorderThemeColorIndex,Border Theme Color Index,Long,V
SubForm,BorderTint,Border Tint,Single,V
SubForm,BorderShade,Border Shade,Single,V
SubForm,GridlineThemeColorIndex,Gridline Theme Color Index,Long,V
SubForm,GridlineTint,Gridline Tint,Single,V
SubForm,GridlineShade,Gridline Shade,Single,V
SubReport,Application,Application,Application,R_O
SubReport,Parent,Parent,Object,R_O
SubReport,Form,Form,Form,R_O
SubReport,Report,Report,Report,R_O
TabControl,Application,Application,Application,R_O
TabControl,Parent,Parent,Object,R_O
TabControl,OldValue,Old Value,Variant,R_O
TabControl,Properties,Properties,Properties,R_O
TabControl,Pages,Pages,Pages,R_O
TabControl,Value,Value,Variant,V
TabControl,EventProcPrefix,Event Proc Prefix,String,V
TabControl,ControlType,Control Type,Byte,V
TabControl,StatusBarText,Status Bar Text,String,V
TabControl,Visible,Visible,Boolean,V
TabControl,DisplayWhen,Display When,Byte,V
TabControl,Enabled,Enabled,Boolean,V
TabControl,TabStop,Tab Stop,Boolean,V
TabControl,TabIndex,Tab Index,Integer,V
TabControl,Left,Left,Integer,V
TabControl,Top,Top,Integer,V
TabControl,Width,Width,Integer,V
TabControl,Height,Height,Integer,V
TabControl,BackStyle,Back Style,Byte,V
TabControl,MultiRow,Multi Row,Boolean,V
TabControl,Style,Style,Byte,V
TabControl,TabFixedHeight,Tab Fixed Height,Integer,V
TabControl,TabFixedWidth,Tab Fixed Width,Integer,V
TabControl,FontName,Font Name,String,V
TabControl,FontSize,Font Size,Integer,V
TabControl,FontWeight,Font Weight,Integer,V
TabControl,FontItalic,Font Italic,Boolean,V
TabControl,FontUnderline,Font Underline,Boolean,V
TabControl,FontBold,Font Bold,Integer,V
TabControl,ShortcutMenuBar,Shortcut Menu Bar,String,V
TabControl,HelpContextId,Help Context Id,Long,V
TabControl,Section,Section,Integer,V
TabControl,Tag,Tag,String,V
TabControl,IsVisible,Is Visible,Boolean,V
TabControl,InSelection,In Selection,Boolean,V
TabControl,OnChange,On Change,String,V
TabControl,OnClick,On Click,String,V
TabControl,OnDblClick,On Dbl Click,String,V
TabControl,OnMouseDown,On Mouse Down,String,V
TabControl,OnMouseMove,On Mouse Move,String,V
TabControl,OnMouseUp,On Mouse Up,String,V
TabControl,OnKeyDown,On Key Down,String,V
TabControl,OnKeyUp,On Key Up,String,V
TabControl,OnKeyPress,On Key Press,String,V
TabControl,Name,Name,String,V
TabControl,HorizontalAnchor,Horizontal Anchor,AcHorizontalAnchor,V
TabControl,VerticalAnchor,Vertical Anchor,AcVerticalAnchor,V
TabControl,Layout,Layout,AcLayoutType,R_O
TabControl,LeftPadding,Left Padding,Integer,V
TabControl,TopPadding,Top Padding,Integer,V
TabControl,RightPadding,Right Padding,Integer,V
TabControl,BottomPadding,Bottom Padding,Integer,V
TabControl,GridlineStyleLeft,Gridline Style Left,Byte,V
TabControl,GridlineStyleTop,Gridline Style Top,Byte,V
TabControl,GridlineStyleRight,Gridline Style Right,Byte,V
TabControl,GridlineStyleBottom,Gridline Style Bottom,Byte,V
TabControl,GridlineWidthLeft,Gridline Width Left,Byte,V
TabControl,GridlineWidthTop,Gridline Width Top,Byte,V
TabControl,GridlineWidthRight,Gridline Width Right,Byte,V
TabControl,GridlineWidthBottom,Gridline Width Bottom,Byte,V
TabControl,GridlineColor,Gridline Color,Long,V
TabControl,LayoutID,Layout ID,Long,R_O
TabControl,ThemeFontIndex,Theme Font Index,Long,V
TabControl,BackColor,Back Color,Long,V
TabControl,BackThemeColorIndex,Back Theme Color Index,Long,V
TabControl,BackTint,Back Tint,Single,V
TabControl,BackShade,Back Shade,Single,V
TabControl,BorderColor,Border Color,Long,V
TabControl,BorderThemeColorIndex,Border Theme Color Index,Long,V
TabControl,BorderTint,Border Tint,Single,V
TabControl,BorderShade,Border Shade,Single,V
TabControl,BorderStyle,Border Style,Byte,V
TabControl,HoverColor,Hover Color,Long,V
TabControl,HoverThemeColorIndex,Hover Theme Color Index,Long,V
TabControl,HoverTint,Hover Tint,Single,V
TabControl,HoverShade,Hover Shade,Single,V
TabControl,HoverForeColor,Hover Fore Color,Long,V
TabControl,HoverForeThemeColorIndex,Hover Fore Theme Color Index,Long,V
TabControl,HoverForeTint,Hover Fore Tint,Single,V
TabControl,HoverForeShade,Hover Fore Shade,Single,V
TabControl,PressedColor,Pressed Color,Long,V
TabControl,PressedThemeColorIndex,Pressed Theme Color Index,Long,V
TabControl,PressedTint,Pressed Tint,Single,V
TabControl,PressedShade,Pressed Shade,Single,V
TabControl,PressedForeColor,Pressed Fore Color,Long,V
TabControl,PressedForeThemeColorIndex,Pressed Fore Theme Color Index,Long,V
TabControl,PressedForeTint,Pressed Fore Tint,Single,V
TabControl,PressedForeShade,Pressed Fore Shade,Single,V
TabControl,UseTheme,Use Theme,Boolean,V
TabControl,Shape,Shape,Long,V
TabControl,GridlineThemeColorIndex,Gridline Theme Color Index,Long,V
TabControl,GridlineTint,Gridline Tint,Single,V
TabControl,GridlineShade,Gridline Shade,Single,V
TabControl,ForeColor,Fore Color,Long,V
TabControl,ForeThemeColorIndex,Fore Theme Color Index,Long,V
TabControl,ForeTint,Fore Tint,Single,V
TabControl,ForeShade,Fore Shade,Single,V
TabControl,Gradient,Gradient,Long,V
TempVar,Name,Name,String,R_O
TempVar,Value,Value,Variant,V
TempVars,Application,Application,Application,R_O
TempVars,Parent,Parent,Object,R_O
TempVars,Item,Item,TempVar,R_O
TempVars,Count,Count,Long,R_O
TextBox,Application,Application,Application,R_O
TextBox,Parent,Parent,Object,R_O
TextBox,OldValue,Old Value,Variant,R_O
TextBox,Properties,Properties,Properties,R_O
TextBox,Controls,Controls,Children,R_O
TextBox,Hyperlink,Hyperlink,_Hyperlink,R_O
TextBox,FormatConditions,Format Conditions,FormatConditions,R_O
TextBox,Value,Value,Variant,V
TextBox,EventProcPrefix,Event Proc Prefix,String,V
TextBox,ControlType,Control Type,Byte,V
TextBox,ControlSource,Control Source,String,V
TextBox,Format,Format,String,V
TextBox,DecimalPlaces,Decimal Places,Byte,V
TextBox,InputMask,Input Mask,String,V
TextBox,DefaultValue,Default Value,String,V
TextBox,IMEHold,IME Hold,Boolean,V
TextBox,FuriganaControl,Furigana Control,String,V
TextBox,PostalAddress,Postal Address,String,V
TextBox,ValidationRule,Validation Rule,String,V
TextBox,ValidationText,Validation Text,String,V
TextBox,StatusBarText,Status Bar Text,String,V
TextBox,EnterKeyBehavior,Enter Key Behavior,Boolean,V
TextBox,AllowAutoCorrect,Allow Auto Correct,Boolean,V
TextBox,Visible,Visible,Boolean,V
TextBox,DisplayWhen,Display When,Byte,V
TextBox,Vertical,Vertical,Boolean,V
TextBox,Enabled,Enabled,Boolean,V
TextBox,Locked,Locked,Boolean,V
TextBox,FilterLookup,Filter Lookup,Byte,V
TextBox,AutoTab,Auto Tab,Boolean,V
TextBox,TabStop,Tab Stop,Boolean,V
TextBox,TabIndex,Tab Index,Integer,V
TextBox,ScrollBars,Scroll Bars,Byte,V
TextBox,HideDuplicates,Hide Duplicates,Boolean,V
TextBox,CanGrow,Can Grow,Boolean,V
TextBox,CanShrink,Can Shrink,Boolean,V
TextBox,RunningSum,Running Sum,Byte,V
TextBox,Left,Left,Integer,V
TextBox,Top,Top,Integer,V
TextBox,Width,Width,Integer,V
TextBox,Height,Height,Integer,V
TextBox,BackStyle,Back Style,Byte,V
TextBox,BackColor,Back Color,Long,V
TextBox,SpecialEffect,Special Effect,Byte,V
TextBox,BorderStyle,Border Style,Byte,V
TextBox,OldBorderStyle,Old Border Style,Byte,V
TextBox,BorderColor,Border Color,Long,V
TextBox,BorderWidth,Border Width,Byte,V
TextBox,ForeColor,Fore Color,Long,V
TextBox,FontName,Font Name,String,V
TextBox,FontSize,Font Size,Integer,V
TextBox,FontWeight,Font Weight,Integer,V
TextBox,FontItalic,Font Italic,Boolean,V
TextBox,FontUnderline,Font Underline,Boolean,V
TextBox,TextAlign,Text Align,Byte,V
TextBox,FontBold,Font Bold,Integer,V
TextBox,ShortcutMenuBar,Shortcut Menu Bar,String,V
TextBox,ControlTipText,Control Tip Text,String,V
TextBox,HelpContextId,Help Context Id,Long,V
TextBox,ColumnWidth,Column Width,Integer,V
TextBox,ColumnOrder,Column Order,Integer,V
TextBox,ColumnHidden,Column Hidden,Boolean,V
TextBox,AutoLabel,Auto Label,Boolean,V
TextBox,AddColon,Add Colon,Boolean,V
TextBox,LabelX,Label X,Integer,V
TextBox,LabelY,Label Y,Integer,V
TextBox,LabelAlign,Label Align,Byte,V
TextBox,Section,Section,Integer,V
TextBox,Tag,Tag,String,V
TextBox,Text,Text,String,V
TextBox,SelText,Sel Text,String,V
TextBox,SelStart,Sel Start,Integer,V
TextBox,SelLength,Sel Length,Integer,V
TextBox,IsVisible,Is Visible,Boolean,V
TextBox,InSelection,In Selection,Boolean,V
TextBox,BeforeUpdate,Before Update,String,V
TextBox,AfterUpdate,After Update,String,V
TextBox,OnChange,On Change,String,V
TextBox,OnEnter,On Enter,String,V
TextBox,OnExit,On Exit,String,V
TextBox,OnGotFocus,On Got Focus,String,V
TextBox,OnLostFocus,On Lost Focus,String,V
TextBox,OnClick,On Click,String,V
TextBox,OnDblClick,On Dbl Click,String,V
TextBox,OnMouseDown,On Mouse Down,String,V
TextBox,OnMouseMove,On Mouse Move,String,V
TextBox,OnMouseUp,On Mouse Up,String,V
TextBox,OnKeyDown,On Key Down,String,V
TextBox,OnKeyUp,On Key Up,String,V
TextBox,OnKeyPress,On Key Press,String,V
TextBox,ReadingOrder,Reading Order,Byte,V
TextBox,KeyboardLanguage,Keyboard Language,Byte,V
TextBox,ScrollBarAlign,Scroll Bar Align,Byte,V
TextBox,NumeralShapes,Numeral Shapes,Byte,V
TextBox,IMEMode,IME Mode,AcImeMode,V
TextBox,Name,Name,String,V
TextBox,IMESentenceMode,IME Sentence Mode,AcImeSentenceMode,V
TextBox,LeftMargin,Left Margin,Integer,V
TextBox,TopMargin,Top Margin,Integer,V
TextBox,LineSpacing,Line Spacing,Integer,V
TextBox,RightMargin,Right Margin,Integer,V
TextBox,BottomMargin,Bottom Margin,Integer,V
TextBox,IsHyperlink,Is Hyperlink,Boolean,V
TextBox,OnDirty,On Dirty,String,V
TextBox,OnUndo,On Undo,String,V
TextBox,AsianLineBreak,Asian Line Break,Boolean,V
TextBox,SmartTags,Smart Tags,_SmartTags,R_O
TextBox,Layout,Layout,AcLayoutType,R_O
TextBox,TextFormat,Text Format,AcTextFormat,V
TextBox,LeftPadding,Left Padding,Integer,V
TextBox,TopPadding,Top Padding,Integer,V
TextBox,RightPadding,Right Padding,Integer,V
TextBox,BottomPadding,Bottom Padding,Integer,V
TextBox,GridlineStyleLeft,Gridline Style Left,Byte,V
TextBox,GridlineStyleTop,Gridline Style Top,Byte,V
TextBox,GridlineStyleRight,Gridline Style Right,Byte,V
TextBox,GridlineStyleBottom,Gridline Style Bottom,Byte,V
TextBox,GridlineWidthLeft,Gridline Width Left,Byte,V
TextBox,GridlineWidthTop,Gridline Width Top,Byte,V
TextBox,GridlineWidthRight,Gridline Width Right,Byte,V
TextBox,GridlineWidthBottom,Gridline Width Bottom,Byte,V
TextBox,GridlineColor,Gridline Color,Long,V
TextBox,HorizontalAnchor,Horizontal Anchor,AcHorizontalAnchor,V
TextBox,VerticalAnchor,Vertical Anchor,AcVerticalAnchor,V
TextBox,LayoutID,Layout ID,Long,R_O
TextBox,DisplayAsHyperlink,Display As Hyperlink,AcDisplayAsHyperlink,V
TextBox,ShowDatePicker,Show Date Picker,Integer,V
TextBox,BackThemeColorIndex,Back Theme Color Index,Long,V
TextBox,BackTint,Back Tint,Single,V
TextBox,BackShade,Back Shade,Single,V
TextBox,BorderThemeColorIndex,Border Theme Color Index,Long,V
TextBox,BorderTint,Border Tint,Single,V
TextBox,BorderShade,Border Shade,Single,V
TextBox,ForeThemeColorIndex,Fore Theme Color Index,Long,V
TextBox,ForeTint,Fore Tint,Single,V
TextBox,ForeShade,Fore Shade,Single,V
TextBox,ThemeFontIndex,Theme Font Index,Long,V
TextBox,GridlineThemeColorIndex,Gridline Theme Color Index,Long,V
TextBox,GridlineTint,Gridline Tint,Single,V
TextBox,GridlineShade,Gridline Shade,Single,V
ToggleButton,Application,Application,Application,R_O
ToggleButton,Parent,Parent,Object,R_O
ToggleButton,OldValue,Old Value,Variant,R_O
ToggleButton,Properties,Properties,Properties,R_O
ToggleButton,Controls,Controls,Children,R_O
ToggleButton,Value,Value,Variant,V
ToggleButton,EventProcPrefix,Event Proc Prefix,String,V
ToggleButton,ControlType,Control Type,Byte,V
ToggleButton,ControlSource,Control Source,String,V
ToggleButton,Caption,Caption,String,V
ToggleButton,Picture,Picture,String,V
ToggleButton,PictureType,Picture Type,Byte,V
ToggleButton,PictureData,Picture Data,Variant,V
ToggleButton,OptionValue,Option Value,Long,V
ToggleButton,DefaultValue,Default Value,String,V
ToggleButton,ValidationRule,Validation Rule,String,V
ToggleButton,ValidationText,Validation Text,String,V
ToggleButton,StatusBarText,Status Bar Text,String,V
ToggleButton,Visible,Visible,Boolean,V
ToggleButton,DisplayWhen,Display When,Byte,V
ToggleButton,Enabled,Enabled,Boolean,V
ToggleButton,Locked,Locked,Boolean,V
ToggleButton,TripleState,Triple State,Boolean,V
ToggleButton,TabStop,Tab Stop,Boolean,V
ToggleButton,TabIndex,Tab Index,Integer,V
ToggleButton,HideDuplicates,Hide Duplicates,Boolean,V
ToggleButton,Left,Left,Integer,V
ToggleButton,Top,Top,Integer,V
ToggleButton,Width,Width,Integer,V
ToggleButton,Height,Height,Integer,V
ToggleButton,ForeColor,Fore Color,Long,V
ToggleButton,FontName,Font Name,String,V
ToggleButton,FontSize,Font Size,Integer,V
ToggleButton,FontWeight,Font Weight,Integer,V
ToggleButton,FontItalic,Font Italic,Boolean,V
ToggleButton,FontUnderline,Font Underline,Boolean,V
ToggleButton,FontBold,Font Bold,Integer,V
ToggleButton,ShortcutMenuBar,Shortcut Menu Bar,String,V
ToggleButton,ControlTipText,Control Tip Text,String,V
ToggleButton,HelpContextId,Help Context Id,Long,V
ToggleButton,ColumnWidth,Column Width,Integer,V
ToggleButton,ColumnOrder,Column Order,Integer,V
ToggleButton,ColumnHidden,Column Hidden,Boolean,V
ToggleButton,AutoLabel,Auto Label,Boolean,V
ToggleButton,AddColon,Add Colon,Boolean,V
ToggleButton,LabelX,Label X,Integer,V
ToggleButton,LabelY,Label Y,Integer,V
ToggleButton,LabelAlign,Label Align,Byte,V
ToggleButton,Section,Section,Integer,V
ToggleButton,Tag,Tag,String,V
ToggleButton,ObjectPalette,Object Palette,Variant,V
ToggleButton,IsVisible,Is Visible,Boolean,V
ToggleButton,InSelection,In Selection,Boolean,V
ToggleButton,BeforeUpdate,Before Update,String,V
ToggleButton,AfterUpdate,After Update,String,V
ToggleButton,OnEnter,On Enter,String,V
ToggleButton,OnExit,On Exit,String,V
ToggleButton,OnGotFocus,On Got Focus,String,V
ToggleButton,OnLostFocus,On Lost Focus,String,V
ToggleButton,OnClick,On Click,String,V
ToggleButton,OnDblClick,On Dbl Click,String,V
ToggleButton,OnMouseDown,On Mouse Down,String,V
ToggleButton,OnMouseMove,On Mouse Move,String,V
ToggleButton,OnMouseUp,On Mouse Up,String,V
ToggleButton,OnKeyDown,On Key Down,String,V
ToggleButton,OnKeyUp,On Key Up,String,V
ToggleButton,OnKeyPress,On Key Press,String,V
ToggleButton,ReadingOrder,Reading Order,Byte,V
ToggleButton,Name,Name,String,V
ToggleButton,Layout,Layout,AcLayoutType,R_O
ToggleButton,LeftPadding,Left Padding,Integer,V
ToggleButton,TopPadding,Top Padding,Integer,V
ToggleButton,RightPadding,Right Padding,Integer,V
ToggleButton,BottomPadding,Bottom Padding,Integer,V
ToggleButton,GridlineStyleLeft,Gridline Style Left,Byte,V
ToggleButton,GridlineStyleTop,Gridline Style Top,Byte,V
ToggleButton,GridlineStyleRight,Gridline Style Right,Byte,V
ToggleButton,GridlineStyleBottom,Gridline Style Bottom,Byte,V
ToggleButton,GridlineWidthLeft,Gridline Width Left,Byte,V
ToggleButton,GridlineWidthTop,Gridline Width Top,Byte,V
ToggleButton,GridlineWidthRight,Gridline Width Right,Byte,V
ToggleButton,GridlineWidthBottom,Gridline Width Bottom,Byte,V
ToggleButton,GridlineColor,Gridline Color,Long,V
ToggleButton,HorizontalAnchor,Horizontal Anchor,AcHorizontalAnchor,V
ToggleButton,VerticalAnchor,Vertical Anchor,AcVerticalAnchor,V
ToggleButton,LayoutID,Layout ID,Long,R_O
ToggleButton,ForeThemeColorIndex,Fore Theme Color Index,Long,V
ToggleButton,ForeTint,Fore Tint,Single,V
ToggleButton,ForeShade,Fore Shade,Single,V
ToggleButton,ThemeFontIndex,Theme Font Index,Long,V
ToggleButton,BackColor,Back Color,Long,V
ToggleButton,BackThemeColorIndex,Back Theme Color Index,Long,V
ToggleButton,BackTint,Back Tint,Single,V
ToggleButton,BackShade,Back Shade,Single,V
ToggleButton,BorderColor,Border Color,Long,V
ToggleButton,BorderThemeColorIndex,Border Theme Color Index,Long,V
ToggleButton,BorderTint,Border Tint,Single,V
ToggleButton,BorderShade,Border Shade,Single,V
ToggleButton,BorderWidth,Border Width,Byte,V
ToggleButton,BorderStyle,Border Style,Byte,V
ToggleButton,HoverColor,Hover Color,Long,V
ToggleButton,HoverThemeColorIndex,Hover Theme Color Index,Long,V
ToggleButton,HoverTint,Hover Tint,Single,V
ToggleButton,HoverShade,Hover Shade,Single,V
ToggleButton,HoverForeColor,Hover Fore Color,Long,V
ToggleButton,HoverForeThemeColorIndex,Hover Fore Theme Color Index,Long,V
ToggleButton,HoverForeTint,Hover Fore Tint,Single,V
ToggleButton,HoverForeShade,Hover Fore Shade,Single,V
ToggleButton,PressedColor,Pressed Color,Long,V
ToggleButton,PressedThemeColorIndex,Pressed Theme Color Index,Long,V
ToggleButton,PressedTint,Pressed Tint,Single,V
ToggleButton,PressedShade,Pressed Shade,Single,V
ToggleButton,PressedForeColor,Pressed Fore Color,Long,V
ToggleButton,PressedForeThemeColorIndex,Pressed Fore Theme Color Index,Long,V
ToggleButton,PressedForeTint,Pressed Fore Tint,Single,V
ToggleButton,PressedForeShade,Pressed Fore Shade,Single,V
ToggleButton,UseTheme,Use Theme,Boolean,V
ToggleButton,Shape,Shape,Long,V
ToggleButton,Bevel,Bevel,Long,V
ToggleButton,Glow,Glow,Long,V
ToggleButton,Shadow,Shadow,Long,V
ToggleButton,SoftEdges,Soft Edges,Long,V
ToggleButton,GridlineThemeColorIndex,Gridline Theme Color Index,Long,V
ToggleButton,GridlineTint,Gridline Tint,Single,V
ToggleButton,GridlineShade,Gridline Shade,Single,V
ToggleButton,QuickStyle,Quick Style,Long,V
ToggleButton,QuickStyleMask,Quick Style Mask,Long,V
ToggleButton,Gradient,Gradient,Long,V
WebBrowserControl,Application,Application,Application,R_O
WebBrowserControl,Parent,Parent,Object,R_O
WebBrowserControl,OldValue,Old Value,Variant,R_O
WebBrowserControl,Properties,Properties,Properties,R_O
WebBrowserControl,Controls,Controls,Children,R_O
WebBrowserControl,Hyperlink,Hyperlink,_Hyperlink,R_O
WebBrowserControl,Value,Value,Variant,V
WebBrowserControl,ControlSource,Control Source,String,V
WebBrowserControl,DisplayWhen,Display When,Byte,V
WebBrowserControl,Enabled,Enabled,Boolean,V
WebBrowserControl,ReadyState,Ready State,AcWebBrowserState,R_O
WebBrowserControl,Progress,Progress,Long,R_O
WebBrowserControl,ScrollBars,Scroll Bars,AcWebBrowserScrollBars,V
WebBrowserControl,ScrollTop,Scroll Top,Long,V
WebBrowserControl,ScrollLeft,Scroll Left,Long,V
WebBrowserControl,Transform,Transform,String,V
WebBrowserControl,LocationURL,Location URL,String,R_O
WebBrowserControl,Object,Object,Object,R_O
WebBrowserControl,Left,Left,Integer,V
WebBrowserControl,Top,Top,Integer,V
WebBrowserControl,Width,Width,Integer,V
WebBrowserControl,Height,Height,Integer,V
WebBrowserControl,SpecialEffect,Special Effect,Integer,V
WebBrowserControl,BorderStyle,Border Style,Byte,V
WebBrowserControl,BorderColor,Border Color,Long,V
WebBrowserControl,BorderWidth,Border Width,Byte,V
WebBrowserControl,Section,Section,Integer,V
WebBrowserControl,OnMouseDown,On Mouse Down,String,V
WebBrowserControl,OnMouseMove,On Mouse Move,String,V
WebBrowserControl,OnMouseUp,On Mouse Up,String,V
WebBrowserControl,OnKeyDown,On Key Down,String,V
WebBrowserControl,OnKeyUp,On Key Up,String,V
WebBrowserControl,OnKeyPress,On Key Press,String,V
WebBrowserControl,Name,Name,String,V
WebBrowserControl,Layout,Layout,AcLayoutType,R_O
WebBrowserControl,LeftPadding,Left Padding,Integer,V
WebBrowserControl,TopPadding,Top Padding,Integer,V
WebBrowserControl,RightPadding,Right Padding,Integer,V
WebBrowserControl,BottomPadding,Bottom Padding,Integer,V
WebBrowserControl,GridlineStyleLeft,Gridline Style Left,Byte,V
WebBrowserControl,GridlineStyleTop,Gridline Style Top,Byte,V
WebBrowserControl,GridlineStyleRight,Gridline Style Right,Byte,V
WebBrowserControl,GridlineStyleBottom,Gridline Style Bottom,Byte,V
WebBrowserControl,GridlineWidthLeft,Gridline Width Left,Byte,V
WebBrowserControl,GridlineWidthTop,Gridline Width Top,Byte,V
WebBrowserControl,GridlineWidthRight,Gridline Width Right,Byte,V
WebBrowserControl,GridlineWidthBottom,Gridline Width Bottom,Byte,V
WebBrowserControl,GridlineColor,Gridline Color,Long,V
WebBrowserControl,HorizontalAnchor,Horizontal Anchor,AcHorizontalAnchor,V
WebBrowserControl,VerticalAnchor,Vertical Anchor,AcVerticalAnchor,V
WebBrowserControl,LayoutID,Layout ID,Long,R_O
WebBrowserControl,OnBeforeNavigate,On Before Navigate,String,V
WebBrowserControl,OnDocumentComplete,On Document Complete,String,V
WebBrowserControl,OnNavigateError,On Navigate Error,String,V
WebBrowserControl,OnProgressChange,On Progress Change,String,V
WebBrowserControl,OnUpdated,On Updated,String,V
WebBrowserControl,TabStop,Tab Stop,Boolean,V
WebBrowserControl,TabIndex,Tab Index,Integer,V
WebBrowserControl,Visible,Visible,Boolean,V
WebBrowserControl,InSelection,In Selection,Boolean,V
WebBrowserControl,ControlType,Control Type,Byte,V
WebBrowserControl,BorderThemeColorIndex,Border Theme Color Index,Long,V
WebBrowserControl,BorderTint,Border Tint,Single,V
WebBrowserControl,BorderShade,Border Shade,Single,V
WebBrowserControl,GridlineThemeColorIndex,Gridline Theme Color Index,Long,V
WebBrowserControl,GridlineTint,Gridline Tint,Single,V
WebBrowserControl,GridlineShade,Gridline Shade,Single,V
WebBrowserControl,StatusBarText,Status Bar Text,String,V
WebBrowserControl,ControlTipText,Control Tip Text,String,V
WebBrowserControl,EventProcPrefix,Event Proc Prefix,String,V
WebBrowserControl,HelpContextId,Help Context Id,Long,V
WebBrowserControl,Tag,Tag,String,V
WebOptions,Application,Application,Application,R_O
WebOptions,Parent,Parent,Object,R_O
WebOptions,OrganizeInFolder,Organize In Folder,Boolean,V
WebOptions,UseLongFileNames,Use Long File Names,Boolean,V
WebOptions,DownloadComponents,Download Components,Boolean,V
WebOptions,LocationOfComponents,Location Of Components,String,V
WebOptions,Encoding,Encoding,MsoEncoding,V
WebOptions,FolderSuffix,Folder Suffix,String,R_O
WebOptions,TargetBrowser,Target Browser,MsoTargetBrowser,V
WebService,Parent,Parent,Object,R_O
WebService,Name,Name,String,R_O
WebService,Entities,Entities,Entities,R_O
WebServices,Application,Application,Application,R_O
WebServices,Parent,Parent,Object,R_O
WebServices,Item,Item,WebService,R_O
WebServices,Count,Count,Long,R_O
WSParameter,Parent,Parent,Object,R_O
WSParameter,Name,Name,String,R_O
WSParameter,Type,Type,Integer,R_O
WSParameters,Parent,Parent,Object,R_O
WSParameters,Item,Item,WSParameter,R_O
WSParameters,Count,Count,Long,R_O
