Owner,Kind,Constant,Value,Description
Constants,Enumeration,xlAll,-4104,All
Constants,Enumeration,xlAutomatic,-4105,Automatic
Constants,Enumeration,xlBoth,1,Both
Constants,Enumeration,xlCenter,-4108,Center
Constants,Enumeration,xlChecker,9,Checker
Constants,Enumeration,xlCircle,8,Circle
Constants,Enumeration,xlCorner,2,Corner
Constants,Enumeration,xlCrissCross,16,CrissCross
Constants,Enumeration,xlCross,4,Cross
Constants,Enumeration,xlDiamond,2,Diamond
Constants,Enumeration,xlDistributed,-4117,Distributed
Constants,Enumeration,xlDoubleAccounting,5,Double Accounting
Constants,Enumeration,xlFixedValue,1,Fixed Value
Constants,Enumeration,xlFormats,-4122,Formats
Constants,Enumeration,xlGray16,17,Gray16
Constants,Enumeration,xlGray8,18,Gray8
Constants,Enumeration,xlGrid,15,Grid
Constants,Enumeration,xlHigh,-4127,High
Constants,Enumeration,xlInside,2,Inside
Constants,Enumeration,xlJustify,-4130,Justify
Constants,Enumeration,xlLightDown,13,Light Down
Constants,Enumeration,xlLightHorizontal,11,Light Horizontal
Constants,Enumeration,xlLightUp,14,Light Up
Constants,Enumeration,xlLightVertical,12,Light Vertical
Constants,Enumeration,xlLow,-4134,Low
Constants,Enumeration,xlManual,-4135,Manual
Constants,Enumeration,xlMinusValues,3,Minus Values
Constants,Enumeration,xlModule,-4141,Module
Constants,Enumeration,xlNextToAxis,4,Next To Axis
Constants,Enumeration,xlNone,-4142,None
Constants,Enumeration,xlNotes,-4144,Notes
Constants,Enumeration,xlOff,-4146,Off
Constants,Enumeration,xlOn,1,On
Constants,Enumeration,xlPercent,2,Percent
Constants,Enumeration,xlPlus,9,Plus
Constants,Enumeration,xlPlusValues,2,Plus Values
Constants,Enumeration,xlSemiGray75,10,SemiGray75
Constants,Enumeration,xlShowLabel,4,Show Label
Constants,Enumeration,xlShowLabelAndPercent,5,Show Label and Percent
Constants,Enumeration,xlShowPercent,3,Show Percent
Constants,Enumeration,xlShowValue,2,Show Value
Constants,Enumeration,xlSimple,-4154,Simple
Constants,Enumeration,xlSingle,2,Single
Constants,Enumeration,xlSingleAccounting,4,Single Accounting
Constants,Enumeration,xlSolid,1,Solid
Constants,Enumeration,xlSquare,1,Square
Constants,Enumeration,xlStar,5,Star
Constants,Enumeration,xlStError,4,St Error
Constants,Enumeration,xlToolbarButton,2,Toolbar Button
Constants,Enumeration,xlTriangle,3,Triangle
Constants,Enumeration,xlGray25,-4124,Gray25
Constants,Enumeration,xlGray50,-4125,Gray50
Constants,Enumeration,xlGray75,-4126,Gray75
Constants,Enumeration,xlBottom,-4107,Bottom
Constants,Enumeration,xlLeft,-4131,Left
Constants,Enumeration,xlRight,-4152,Right
Constants,Enumeration,xlTop,-4160,Top
Constants,Enumeration,xl3DBar,-4099,3D Bar
Constants,Enumeration,xl3DSurface,-4103,3D Surface
Constants,Enumeration,xlBar,2,Automatic
Constants,Enumeration,xlColumn,3,Column
Constants,Enumeration,xlCombination,-4111,Combination
Constants,Enumeration,xlCustom,-4114,Custom
Constants,Enumeration,xlDefaultAutoFormat,-1,Default Auto Format
Constants,Enumeration,xlMaximum,2,Maximum
Constants,Enumeration,xlMinimum,4,Minimum
Constants,Enumeration,xlOpaque,3,Opaque
Constants,Enumeration,xlTransparent,2,Transparent
Constants,Enumeration,xlBidi,-5000,Bidi
Constants,Enumeration,xlLatin,-5001,Latin
Constants,Enumeration,xlContext,-5002,Context
Constants,Enumeration,xlLTR,-5003,LTR
Constants,Enumeration,xlRTL,-5004,RTL
Constants,Enumeration,xlFullScript,1,Full Script
Constants,Enumeration,xlPartialScript,2,Partial Script
Constants,Enumeration,xlMixedScript,3,Mixed Script
Constants,Enumeration,xlMixedAuthorizedScript,4,Mixed Authorized Script
Constants,Enumeration,xlVisualCursor,2,Visual Cursor
Constants,Enumeration,xlLogicalCursor,1,Logical Cursor
Constants,Enumeration,xlSystem,1,System
Constants,Enumeration,xlPartial,3,Partial
Constants,Enumeration,xlHindiNumerals,3,Hindi Numerals
Constants,Enumeration,xlBidiCalendar,3,BidiCalendar
Constants,Enumeration,xlGregorian,2,Gregorian
Constants,Enumeration,xlComplete,4,Complete
Constants,Enumeration,xlScale,3,Scale
Constants,Enumeration,xlClosed,3,Closed
Constants,Enumeration,xlColor1,7,Color1
Constants,Enumeration,xlColor2,8,Color2
Constants,Enumeration,xlColor3,9,Color3
Constants,Enumeration,xlConstants,2,Constants
Constants,Enumeration,xlContents,2,Contents
Constants,Enumeration,xlBelow,1,Below
Constants,Enumeration,xlCascade,7,Cascade
Constants,Enumeration,xlCenterAcrossSelection,7,Center Across Selection
Constants,Enumeration,xlChart4,2,Chart 4
Constants,Enumeration,xlChartSeries,17,Chart Series
Constants,Enumeration,xlChartShort,6,Chart Short
Constants,Enumeration,xlChartTitles,18,Chart Titles
Constants,Enumeration,xlClassic1,1,Classic1
Constants,Enumeration,xlClassic2,2,Classic2
Constants,Enumeration,xlClassic3,3,Classic3
Constants,Enumeration,xl3DEffects1,13,3D Effects1
Constants,Enumeration,xl3DEffects2,14,3D Effects2
Constants,Enumeration,xlAbove,0,Above
Constants,Enumeration,xlAccounting1,4,Accounting1
Constants,Enumeration,xlAccounting2,5,Accounting2
Constants,Enumeration,xlAccounting3,6,Accounting3
Constants,Enumeration,xlAccounting4,17,Accounting4
Constants,Enumeration,xlAdd,2,Add
Constants,Enumeration,xlDebugCodePane,13,Debug Code Pane
Constants,Enumeration,xlDesktop,9,Desktop
Constants,Enumeration,xlDirect,1,Direct
Constants,Enumeration,xlDivide,5,Divide
Constants,Enumeration,xlDoubleClosed,5,Double Closed
Constants,Enumeration,xlDoubleOpen,4,Double Open
Constants,Enumeration,xlDoubleQuote,1,Double Quote
Constants,Enumeration,xlEntireChart,20,Entire Chart
Constants,Enumeration,xlExcelMenus,1,Excel Menus
Constants,Enumeration,xlExtended,3,Extended
Constants,Enumeration,xlFill,5,Fill
Constants,Enumeration,xlFirst,0,First
Constants,Enumeration,xlFloating,5,Floating
Constants,Enumeration,xlFormula,5,Formula
Constants,Enumeration,xlGeneral,1,General
Constants,Enumeration,xlGridline,22,Gridline
Constants,Enumeration,xlIcons,1,Icons
Constants,Enumeration,xlImmediatePane,12,Immediate Pane
Constants,Enumeration,xlInteger,2,Integer
Constants,Enumeration,xlLast,1,Last
Constants,Enumeration,xlLastCell,11,Last Cell
Constants,Enumeration,xlList1,10,List1
Constants,Enumeration,xlList2,11,List2
Constants,Enumeration,xlList3,12,List3
Constants,Enumeration,xlLocalFormat1,15,Local Format1
Constants,Enumeration,xlLocalFormat2,16,Local Format2
Constants,Enumeration,xlLong,3,Long
Constants,Enumeration,xlLotusHelp,2,Lotus Help
Constants,Enumeration,xlMacrosheetCell,7,MacrosheetCell
Constants,Enumeration,xlMixed,2,Mixed
Constants,Enumeration,xlMultiply,4,Multiply
Constants,Enumeration,xlNarrow,1,Narrow
Constants,Enumeration,xlNoDocuments,3,No Documents
Constants,Enumeration,xlOpen,2,Open
Constants,Enumeration,xlOutside,3,Outside
Constants,Enumeration,xlReference,4,Reference
Constants,Enumeration,xlSemiautomatic,2,Semiautomatic
Constants,Enumeration,xlShort,1,Short
Constants,Enumeration,xlSingleQuote,2,Single Quote
Constants,Enumeration,xlStrict,2,Strict
Constants,Enumeration,xlSubtract,3,Subtract
Constants,Enumeration,xlTextBox,16,Text Box
Constants,Enumeration,xlTiled,1,Tiled
Constants,Enumeration,xlTitleBar,8,Title Bar
Constants,Enumeration,xlToolbar,1,Toolbar
Constants,Enumeration,xlVisible,12,Visible
Constants,Enumeration,xlWatchPane,11,Watch Pane
Constants,Enumeration,xlWide,3,Wide
Constants,Enumeration,xlWorkbookTab,6,Workbook Tab
Constants,Enumeration,xlWorksheet4,1,Worksheet4
Constants,Enumeration,xlWorksheetCell,3,Worksheet Cell
Constants,Enumeration,xlWorksheetShort,5,Worksheet Short
Constants,Enumeration,xlAllExceptBorders,7,All Except Borders
Constants,Enumeration,xlLeftToRight,2,Left To Right
Constants,Enumeration,xlTopToBottom,1,Top To Bottom
Constants,Enumeration,xlVeryHidden,2,Very Hidden
Constants,Enumeration,xlDrawingObject,14,Drawing Object
XlAboveBelow,Enumeration,xlAboveAverage,0,Above average
XlAboveBelow,Enumeration,xlBelowAverage,1,Below average
XlAboveBelow,Enumeration,xlEqualAboveAverage,2,Equal above average
XlAboveBelow,Enumeration,xlEqualBelowAverage,3,Equal below average
XlAboveBelow,Enumeration,xlAboveStdDev,4,Above standard deviation
XlAboveBelow,Enumeration,xlBelowStdDev,5,Below standard deviation
XlActionType,Enumeration,xlActionTypeUrl,1,URL
XlActionType,Enumeration,xlActionTypeRowset,16,Rowset
XlActionType,Enumeration,xlActionTypeReport,128,Report
XlActionType,Enumeration,xlActionTypeDrillthrough,256,Drill through
XlAllocation,Enumeration,xlManualAllocation,1,Calculate changes manually.
XlAllocation,Enumeration,xlAutomaticAllocation,2,Calculate changes automatically after each value is changed.
XlAllocationMethod,Enumeration,xlEqualAllocation,1,Use equal allocation.
XlAllocationMethod,Enumeration,xlWeightedAllocation,2,Use weighted allocation.
XlAllocationValue,Enumeration,xlAllocateValue,1,The value entered divided by the number of allocations.
XlAllocationValue,Enumeration,xlAllocateIncrement,2,Increment based on the old value.
XlApplicationInternational,Enumeration,xl24HourClock,33,True if you are using 24-hour time; False if you are using 12-hour time.
XlApplicationInternational,Enumeration,xl4DigitYears,43,True if you are using four-digit years; False if you are using two-digit years.
XlApplicationInternational,Enumeration,xlAlternateArraySeparator,16,Alternate array item separator to be used if the current array separator is the same as the decimal separator.
XlApplicationInternational,Enumeration,xlColumnSeparator,14,Character used to separate columns in array literals.
XlApplicationInternational,Enumeration,xlCountryCode,1,Country/Region version of Microsoft Excel.
XlApplicationInternational,Enumeration,xlCountrySetting,2,Current country/region setting in the Windows Control Panel.
XlApplicationInternational,Enumeration,xlCurrencyBefore,37,True if the currency symbol precedes the currency values; False if it follows them.
XlApplicationInternational,Enumeration,xlCurrencyCode,25,Currency symbol.
XlApplicationInternational,Enumeration,xlCurrencyDigits,27,Number of decimal digits to be used in currency formats.
XlApplicationInternational,Enumeration,xlCurrencyLeadingZeros,40,True if leading zeros are displayed for zero currency values.
XlApplicationInternational,Enumeration,xlCurrencyMinusSign,38,True if you are using a minus sign for negative numbers; False if you are using parentheses.
XlApplicationInternational,Enumeration,xlCurrencyNegative,28,"Currency format for negative currency values: 0 = (symbolx) or (xsymbol), 1 = -symbolx or -xsymbol, 2 = symbol-x or x-symbol, or 3 = symbolx- or xsymbol-, where symbol is the currency symbol of the country or region. Note that the position of the currency symbol is determined by xlCurrencyBefore."
XlApplicationInternational,Enumeration,xlCurrencySpaceBefore,36,True if a space is added before the currency symbol.
XlApplicationInternational,Enumeration,xlCurrencyTrailingZeros,39,True if trailing zeros are displayed for zero currency values.
XlApplicationInternational,Enumeration,xlDateOrder,32,"Order of date elements: 0 = month-day-year, 1 = day-month-year, 2 = year-month-day"
XlApplicationInternational,Enumeration,xlDateSeparator,17,Date separator (/).
XlApplicationInternational,Enumeration,xlDayCode,21,Day symbol (d).
XlApplicationInternational,Enumeration,xlDayLeadingZero,42,True if a leading zero is displayed in days.
XlApplicationInternational,Enumeration,xlDecimalSeparator,3,Decimal separator.
XlApplicationInternational,Enumeration,xlGeneralFormatName,26,Name of the General number format.
XlApplicationInternational,Enumeration,xlHourCode,22,Hour symbol (h).
XlApplicationInternational,Enumeration,xlLeftBrace,12,Character used instead of the left brace ({) in array literals.
XlApplicationInternational,Enumeration,xlLeftBracket,10,Character used instead of the left bracket ([) in R1C1-style relative references.
XlApplicationInternational,Enumeration,xlListSeparator,5,List separator.
XlApplicationInternational,Enumeration,xlLowerCaseColumnLetter,9,Lowercase column letter.
XlApplicationInternational,Enumeration,xlLowerCaseRowLetter,8,Lowercase row letter.
XlApplicationInternational,Enumeration,xlMDY,44,True if the date order is month-day-year for dates displayed in the long form; False if the date order is day-month-year.
XlApplicationInternational,Enumeration,xlMetric,35,True if you are using the metric system; False if you are using the English measurement system.
XlApplicationInternational,Enumeration,xlMinuteCode,23,Minute symbol (m).
XlApplicationInternational,Enumeration,xlMonthCode,20,Month symbol (m).
XlApplicationInternational,Enumeration,xlMonthLeadingZero,41,True if a leading zero is displayed in months (when months are displayed as numbers).
XlApplicationInternational,Enumeration,xlMonthNameChars,30,Always returns three characters for backward compatibility. Abbreviated month names are read from Microsoft Windows and can be any length.
XlApplicationInternational,Enumeration,xlNoncurrencyDigits,29,Number of decimal digits to be used in noncurrency formats.
XlApplicationInternational,Enumeration,xlNonEnglishFunctions,34,True if you are not displaying functions in English.
XlApplicationInternational,Enumeration,xlRightBrace,13,Character used instead of the right brace (}) in array literals.
XlApplicationInternational,Enumeration,xlRightBracket,11,Character used instead of the right bracket (]) in R1C1-style references.
XlApplicationInternational,Enumeration,xlRowSeparator,15,Character used to separate rows in array literals.
XlApplicationInternational,Enumeration,xlSecondCode,24,Second symbol (s).
XlApplicationInternational,Enumeration,xlThousandsSeparator,4,Zero or thousands separator.
XlApplicationInternational,Enumeration,xlTimeLeadingZero,45,True if a leading zero is displayed in times.
XlApplicationInternational,Enumeration,xlTimeSeparator,18,Time separator (:).
XlApplicationInternational,Enumeration,xlUpperCaseColumnLetter,7,Uppercase column letter.
XlApplicationInternational,Enumeration,xlUpperCaseRowLetter,6,Uppercase row letter (for R1C1-style references).
XlApplicationInternational,Enumeration,xlWeekdayNameChars,31,Always returns three characters for backward compatibility. Abbreviated weekday names are read from Microsoft Windows and can be any length.
XlApplicationInternational,Enumeration,xlYearCode,19,Year symbol in number formats (y).
XlApplicationInternational,Enumeration,xlUICultureTag,46,
XlApplyNamesOrder,Enumeration,xlColumnThenRow,2,Columns listed before rows
XlApplyNamesOrder,Enumeration,xlRowThenColumn,1,Rows listed before columns
XlArabicModes,Enumeration,xlArabicNone,0,The spelling checker ignores spelling rules regarding either Arabic words ending with the letter yaa or Arabic words beginning with an alef hamza.
XlArabicModes,Enumeration,xlArabicStrictAlefHamza,1,The spelling checker uses spelling rules regarding Arabic words beginning with an alef hamza.
XlArabicModes,Enumeration,xlArabicStrictFinalYaa,2,The spelling checker uses spelling rules regarding Arabic words ending with the letter yaa.
XlArabicModes,Enumeration,xlArabicBothStrict,3,The spelling checker uses spelling rules regarding both Arabic words ending with the letter yaa and Arabic words beginning with an alef hamza.
XlArrangeStyle,Enumeration,xlArrangeStyleCascade,7,Windows are cascaded.
XlArrangeStyle,Enumeration,xlArrangeStyleHorizontal,-4128,Windows are arranged horizontally.
XlArrangeStyle,Enumeration,xlArrangeStyleTiled,1,Default. Windows are tiled.
XlArrangeStyle,Enumeration,xlArrangeStyleVertical,-4166,Windows are arranged vertically.
XlArrowHeadLength,Enumeration,xlArrowHeadLengthLong,3,Longest arrowhead
XlArrowHeadLength,Enumeration,xlArrowHeadLengthMedium,-4138,Medium-length arrowhead
XlArrowHeadLength,Enumeration,xlArrowHeadLengthShort,1,Shortest arrowhead
XlArrowHeadStyle,Enumeration,xlArrowHeadStyleClosed,3,Small arrowhead with curved edge at connection to line.
XlArrowHeadStyle,Enumeration,xlArrowHeadStyleDoubleClosed,5,Large diamond-shaped arrowhead.
XlArrowHeadStyle,Enumeration,xlArrowHeadStyleDoubleOpen,4,Large arrowhead with curved edge at connection to line.
XlArrowHeadStyle,Enumeration,xlArrowHeadStyleNone,-4142,No arrowhead.
XlArrowHeadStyle,Enumeration,xlArrowHeadStyleOpen,2,Large triangular arrowhead.
XlArrowHeadWidth,Enumeration,xlArrowHeadWidthMedium,-4138,Medium-width arrowhead
XlArrowHeadWidth,Enumeration,xlArrowHeadWidthNarrow,1,Narrowest arrowhead
XlArrowHeadWidth,Enumeration,xlArrowHeadWidthWide,3,Widest arrowhead
XlAutoFillType,Enumeration,xlFillCopy,1,"Copy the values and formats from the source range to the target range, repeating if necessary."
XlAutoFillType,Enumeration,xlFillDays,5,"Extend the names of the days of the week in the source range into the target range. Formats are copied from the source range to the target range, repeating if necessary."
XlAutoFillType,Enumeration,xlFillDefault,0,Excel determines the values and formats used to fill the target range.
XlAutoFillType,Enumeration,xlFillFormats,3,"Copy only the formats from the source range to the target range, repeating if necessary."
XlAutoFillType,Enumeration,xlFillMonths,7,"Extend the names of the months in the source range into the target range. Formats are copied from the source range to the target range, repeating if necessary."
XlAutoFillType,Enumeration,xlFillSeries,2,"Extend the values in the source range into the target range as a series (for example, '1, 2' is extended as '3, 4, 5'). Formats are copied from the source range to the target range, repeating if necessary."
XlAutoFillType,Enumeration,xlFillValues,4,"Copy only the values from the source range to the target range, repeating if necessary."
XlAutoFillType,Enumeration,xlFillWeekdays,6,"Extend the names of the days of the workweek in the source range into the target range. Formats are copied from the source range to the target range, repeating if necessary."
XlAutoFillType,Enumeration,xlFillYears,8,"Extend the years in the source range into the target range. Formats are copied from the source range to the target range, repeating if necessary."
XlAutoFillType,Enumeration,xlGrowthTrend,10,"Extend the numeric values from the source range into the target range, assuming that the relationships between the numbers in the source range are multiplicative (for example, '1, 2,' is extended as '4, 8, 16', assuming that each number is a result of multiplying the previous number by some value). Formats are copied from the source range to the target range, repeating if necessary."
XlAutoFillType,Enumeration,xlLinearTrend,9,"Extend the numeric values from the source range into the target range, assuming that the relationships between the numbers is additive (for example, '1, 2,' is extended as '3, 4, 5', assuming that each number is a result of adding some value to the previous number). Formats are copied from the source range to the target range, repeating if necessary."
XlAutoFillType,Enumeration,xlFlashFill,11,"Extend the values from the source range into the target range based on the detected pattern of previous user actions, repeating if necessary."
XlAutoFilterOperator,Enumeration,xlAnd,1,Logical AND of Criteria1 and Criteria2
XlAutoFilterOperator,Enumeration,xlBottom10Items,4,Lowest-valued items displayed (number of items specified in Criteria1)
XlAutoFilterOperator,Enumeration,xlBottom10Percent,6,Lowest-valued items displayed (percentage specified in Criteria1)
XlAutoFilterOperator,Enumeration,xlOr,2,Logical OR of Criteria1 or Criteria2
XlAutoFilterOperator,Enumeration,xlTop10Items,3,Highest-valued items displayed (number of items specified in Criteria1)
XlAutoFilterOperator,Enumeration,xlTop10Percent,5,Highest-valued items displayed (percentage specified in Criteria1)
XlAutoFilterOperator,Enumeration,xlFilterValues,7,Filter values
XlAutoFilterOperator,Enumeration,xlFilterCellColor,8,Color of the cell
XlAutoFilterOperator,Enumeration,xlFilterFontColor,9,Color of the font
XlAutoFilterOperator,Enumeration,xlFilterIcon,10,Filter icon
XlAutoFilterOperator,Enumeration,xlFilterDynamic,11,Dynamic filter
XlAutoFilterOperator,Enumeration,xlFilterNoFill,12,
XlAutoFilterOperator,Enumeration,xlFilterAutomaticFontColor,13,
XlAutoFilterOperator,Enumeration,xlFilterNoIcon,14,
XlAxisCrosses,Enumeration,xlAxisCrossesAutomatic,-4105,Microsoft Excel sets the axis crossing point.
XlAxisCrosses,Enumeration,xlAxisCrossesCustom,-4114,The CrossesAt property specifies the axis crossing point.
XlAxisCrosses,Enumeration,xlAxisCrossesMaximum,2,The axis crosses at the maximum value.
XlAxisCrosses,Enumeration,xlAxisCrossesMinimum,4,The axis crosses at the minimum value.
XlAxisGroup,Enumeration,xlPrimary,1,Primary axis group
XlAxisGroup,Enumeration,xlSecondary,2,Secondary axis group
XlAxisType,Enumeration,xlCategory,1,Axis displays categories.
XlAxisType,Enumeration,xlSeriesAxis,3,Axis displays data series.
XlAxisType,Enumeration,xlValue,2,Axis displays values.
XlBackground,Enumeration,xlBackgroundAutomatic,-4105,Excel controls the background.
XlBackground,Enumeration,xlBackgroundOpaque,3,Opaque background.
XlBackground,Enumeration,xlBackgroundTransparent,2,Transparent background.
XlBarShape,Enumeration,xlBox,0,Box.
XlBarShape,Enumeration,xlPyramidToPoint,1,"Pyramid, coming to point at value."
XlBarShape,Enumeration,xlPyramidToMax,2,"Pyramid, truncated at value."
XlBarShape,Enumeration,xlCylinder,3,Cylinder.
XlBarShape,Enumeration,xlConeToPoint,4,"Cone, coming to point at value."
XlBarShape,Enumeration,xlConeToMax,5,"Cone, truncated at value."
XlBinsType,Enumeration,xlBinsTypeAutomatic,0,Sets bins type automatically.
XlBinsType,Enumeration,xlBinsTypeCategorical,1,Sets bins type by category.
XlBinsType,Enumeration,xlBinsTypeManual,2,Sets bins type manually.
XlBinsType,Enumeration,xlBinsTypeBinSize,3,Sets bins type by size.
XlBinsType,Enumeration,xlBinsTypeBinCount,4,Sets bins type by count.
XlBordersIndex,Enumeration,xlInsideHorizontal,12,Horizontal borders for all cells in the range except borders on the outside of the range.
XlBordersIndex,Enumeration,xlInsideVertical,11,Vertical borders for all the cells in the range except borders on the outside of the range.
XlBordersIndex,Enumeration,xlDiagonalDown,5,Border running from the upper-left corner to the lower-right of each cell in the range.
XlBordersIndex,Enumeration,xlDiagonalUp,6,Border running from the lower-left corner to the upper-right of each cell in the range.
XlBordersIndex,Enumeration,xlEdgeBottom,9,Border at the bottom of the range.
XlBordersIndex,Enumeration,xlEdgeLeft,7,Border at the left edge of the range.
XlBordersIndex,Enumeration,xlEdgeRight,10,Border at the right edge of the range.
XlBordersIndex,Enumeration,xlEdgeTop,8,Border at the top of the range.
XlBorderWeight,Enumeration,xlHairline,1,Hairline (thinnest border).
XlBorderWeight,Enumeration,xlMedium,-4138,Medium.
XlBorderWeight,Enumeration,xlThick,4,Thick (widest border).
XlBorderWeight,Enumeration,xlThin,2,Thin.
XlBuiltInDialog,Enumeration,xlDialogOpen,1,Open dialog box
XlBuiltInDialog,Enumeration,xlDialogOpenLinks,2,Open Links dialog box
XlBuiltInDialog,Enumeration,xlDialogSaveAs,5,SaveAs dialog box
XlBuiltInDialog,Enumeration,xlDialogFileDelete,6,File Delete dialog box
XlBuiltInDialog,Enumeration,xlDialogPageSetup,7,Page Setup dialog box
XlBuiltInDialog,Enumeration,xlDialogPrint,8,Print dialog box
XlBuiltInDialog,Enumeration,xlDialogPrinterSetup,9,Printer Setup dialog box
XlBuiltInDialog,Enumeration,xlDialogArrangeAll,12,Arrange All dialog box
XlBuiltInDialog,Enumeration,xlDialogWindowSize,13,Window Size dialog box
XlBuiltInDialog,Enumeration,xlDialogWindowMove,14,Window Move dialog box
XlBuiltInDialog,Enumeration,xlDialogRun,17,Run dialog box
XlBuiltInDialog,Enumeration,xlDialogSetPrintTitles,23,Set Print Titles dialog box
XlBuiltInDialog,Enumeration,xlDialogFont,26,Font dialog box
XlBuiltInDialog,Enumeration,xlDialogDisplay,27,Display dialog box
XlBuiltInDialog,Enumeration,xlDialogProtectDocument,28,Protect Document dialog box
XlBuiltInDialog,Enumeration,xlDialogCalculation,32,Calculation dialog box
XlBuiltInDialog,Enumeration,xlDialogExtract,35,Extract dialog box
XlBuiltInDialog,Enumeration,xlDialogDataDelete,36,Data Delete dialog box
XlBuiltInDialog,Enumeration,xlDialogSort,39,Sort dialog box
XlBuiltInDialog,Enumeration,xlDialogDataSeries,40,Data Series dialog box
XlBuiltInDialog,Enumeration,xlDialogTable,41,Table dialog box
XlBuiltInDialog,Enumeration,xlDialogFormatNumber,42,Format Number dialog box
XlBuiltInDialog,Enumeration,xlDialogAlignment,43,Alignment dialog box
XlBuiltInDialog,Enumeration,xlDialogStyle,44,Style dialog box
XlBuiltInDialog,Enumeration,xlDialogBorder,45,Border dialog box
XlBuiltInDialog,Enumeration,xlDialogCellProtection,46,Cell Protection dialog box
XlBuiltInDialog,Enumeration,xlDialogColumnWidth,47,Column Width dialog box
XlBuiltInDialog,Enumeration,xlDialogClear,52,Clear dialog box
XlBuiltInDialog,Enumeration,xlDialogPasteSpecial,53,Paste Special dialog box
XlBuiltInDialog,Enumeration,xlDialogEditDelete,54,Edit Delete dialog box
XlBuiltInDialog,Enumeration,xlDialogInsert,55,Insert dialog box
XlBuiltInDialog,Enumeration,xlDialogPasteNames,58,Paste Names dialog box
XlBuiltInDialog,Enumeration,xlDialogDefineName,61,Define Name dialog box
XlBuiltInDialog,Enumeration,xlDialogCreateNames,62,Create Names dialog box
XlBuiltInDialog,Enumeration,xlDialogFormulaGoto,63,Formula Goto dialog box
XlBuiltInDialog,Enumeration,xlDialogFormulaFind,64,Formula Find dialog box
XlBuiltInDialog,Enumeration,xlDialogGalleryArea,67,Gallery Area dialog box
XlBuiltInDialog,Enumeration,xlDialogGalleryBar,68,Gallery Bar dialog box
XlBuiltInDialog,Enumeration,xlDialogGalleryColumn,69,Gallery Column dialog box
XlBuiltInDialog,Enumeration,xlDialogGalleryLine,70,Gallery Line dialog box
XlBuiltInDialog,Enumeration,xlDialogGalleryPie,71,Gallery Pie dialog box
XlBuiltInDialog,Enumeration,xlDialogGalleryScatter,72,Gallery Scatter dialog box
XlBuiltInDialog,Enumeration,xlDialogCombination,73,Combination dialog box
XlBuiltInDialog,Enumeration,xlDialogGridlines,76,Gridlines dialog box
XlBuiltInDialog,Enumeration,xlDialogAxes,78,Axes dialog box
XlBuiltInDialog,Enumeration,xlDialogAttachText,80,Attach Text dialog box
XlBuiltInDialog,Enumeration,xlDialogPatterns,84,Patterns dialog box
XlBuiltInDialog,Enumeration,xlDialogMainChart,85,Main Chart dialog box
XlBuiltInDialog,Enumeration,xlDialogOverlay,86,Overlay dialog box
XlBuiltInDialog,Enumeration,xlDialogScale,87,Scale dialog box
XlBuiltInDialog,Enumeration,xlDialogFormatLegend,88,Format Legend dialog box
XlBuiltInDialog,Enumeration,xlDialogFormatText,89,Format Text dialog box
XlBuiltInDialog,Enumeration,xlDialogParse,91,Parse dialog box
XlBuiltInDialog,Enumeration,xlDialogUnhide,94,Unhide dialog box
XlBuiltInDialog,Enumeration,xlDialogWorkspace,95,Workspace dialog box
XlBuiltInDialog,Enumeration,xlDialogActivate,103,Activate dialog box
XlBuiltInDialog,Enumeration,xlDialogCopyPicture,108,Copy Picture dialog box
XlBuiltInDialog,Enumeration,xlDialogDeleteName,110,Delete Name dialog box
XlBuiltInDialog,Enumeration,xlDialogDeleteFormat,111,Delete Format dialog box
XlBuiltInDialog,Enumeration,xlDialogNew,119,New dialog box
XlBuiltInDialog,Enumeration,xlDialogRowHeight,127,Row Height dialog box
XlBuiltInDialog,Enumeration,xlDialogFormatMove,128,Format Move dialog box
XlBuiltInDialog,Enumeration,xlDialogFormatSize,129,Format Size dialog box
XlBuiltInDialog,Enumeration,xlDialogFormulaReplace,130,Formula Replace dialog box
XlBuiltInDialog,Enumeration,xlDialogSelectSpecial,132,Select Special dialog box
XlBuiltInDialog,Enumeration,xlDialogApplyNames,133,Apply Names dialog box
XlBuiltInDialog,Enumeration,xlDialogReplaceFont,134,Replace Font dialog box
XlBuiltInDialog,Enumeration,xlDialogSplit,137,Split dialog box
XlBuiltInDialog,Enumeration,xlDialogOutline,142,Outline dialog box
XlBuiltInDialog,Enumeration,xlDialogSaveWorkbook,145,Save Workbook dialog box
XlBuiltInDialog,Enumeration,xlDialogCopyChart,147,Copy Chart dialog box
XlBuiltInDialog,Enumeration,xlDialogFormatFont,150,Format Font dialog box
XlBuiltInDialog,Enumeration,xlDialogNote,154,Note dialog box
XlBuiltInDialog,Enumeration,xlDialogSetUpdateStatus,159,Set Update Status dialog box
XlBuiltInDialog,Enumeration,xlDialogColorPalette,161,Color Palette dialog box
XlBuiltInDialog,Enumeration,xlDialogChangeLink,166,Change Link dialog box
XlBuiltInDialog,Enumeration,xlDialogAppMove,170,AppMove dialog box
XlBuiltInDialog,Enumeration,xlDialogAppSize,171,AppSize dialog box
XlBuiltInDialog,Enumeration,xlDialogMainChartType,185,Main Chart Type dialog box
XlBuiltInDialog,Enumeration,xlDialogOverlayChartType,186,Overlay ChartType dialog box
XlBuiltInDialog,Enumeration,xlDialogOpenMail,188,Open Mail dialog box
XlBuiltInDialog,Enumeration,xlDialogSendMail,189,Send Mail dialog box
XlBuiltInDialog,Enumeration,xlDialogStandardFont,190,Standard Font dialog box
XlBuiltInDialog,Enumeration,xlDialogConsolidate,191,Consolidate dialog box
XlBuiltInDialog,Enumeration,xlDialogSortSpecial,192,Sort Special dialog box
XlBuiltInDialog,Enumeration,xlDialogGallery3dArea,193,Gallery 3D Area dialog box
XlBuiltInDialog,Enumeration,xlDialogGallery3dColumn,194,Gallery 3D Column dialog box
XlBuiltInDialog,Enumeration,xlDialogGallery3dLine,195,Gallery 3D Line dialog box
XlBuiltInDialog,Enumeration,xlDialogGallery3dPie,196,Gallery 3D Pie dialog box
XlBuiltInDialog,Enumeration,xlDialogView3d,197,View 3D dialog box
XlBuiltInDialog,Enumeration,xlDialogGoalSeek,198,Goal Seek dialog box
XlBuiltInDialog,Enumeration,xlDialogWorkgroup,199,Workgroup dialog box
XlBuiltInDialog,Enumeration,xlDialogFillGroup,200,Fill Group dialog box
XlBuiltInDialog,Enumeration,xlDialogUpdateLink,201,Update Link dialog box
XlBuiltInDialog,Enumeration,xlDialogPromote,202,Promote dialog box
XlBuiltInDialog,Enumeration,xlDialogDemote,203,Demote dialog box
XlBuiltInDialog,Enumeration,xlDialogShowDetail,204,Show Detail dialog box
XlBuiltInDialog,Enumeration,xlDialogObjectProperties,207,Object Properties dialog box
XlBuiltInDialog,Enumeration,xlDialogSaveNewObject,208,Save New Object dialog box
XlBuiltInDialog,Enumeration,xlDialogApplyStyle,212,Apply Style dialog box
XlBuiltInDialog,Enumeration,xlDialogAssignToObject,213,Assign To Object dialog box
XlBuiltInDialog,Enumeration,xlDialogObjectProtection,214,Object Protection dialog box
XlBuiltInDialog,Enumeration,xlDialogCreatePublisher,217,Create Publisher dialog box
XlBuiltInDialog,Enumeration,xlDialogSubscribeTo,218,Subscribe To dialog box
XlBuiltInDialog,Enumeration,xlDialogShowToolbar,220,Show Toolbar dialog box
XlBuiltInDialog,Enumeration,xlDialogPrintPreview,222,Print Preview dialog box
XlBuiltInDialog,Enumeration,xlDialogEditColor,223,Edit Color dialog box
XlBuiltInDialog,Enumeration,xlDialogFormatMain,225,Format Main dialog box
XlBuiltInDialog,Enumeration,xlDialogFormatOverlay,226,Format Overlay dialog box
XlBuiltInDialog,Enumeration,xlDialogEditSeries,228,Edit Series dialog box
XlBuiltInDialog,Enumeration,xlDialogDefineStyle,229,Define Style dialog box
XlBuiltInDialog,Enumeration,xlDialogGalleryRadar,249,Gallery Radar dialog box
XlBuiltInDialog,Enumeration,xlDialogEditionOptions,251,Edition Options dialog box
XlBuiltInDialog,Enumeration,xlDialogZoom,256,Zoom dialog box
XlBuiltInDialog,Enumeration,xlDialogInsertObject,259,Insert Object dialog box
XlBuiltInDialog,Enumeration,xlDialogSize,261,Size dialog box
XlBuiltInDialog,Enumeration,xlDialogMove,262,Move dialog box
XlBuiltInDialog,Enumeration,xlDialogFormatAuto,269,Format Auto dialog box
XlBuiltInDialog,Enumeration,xlDialogGallery3dBar,272,Gallery 3D Bar dialog box
XlBuiltInDialog,Enumeration,xlDialogGallery3dSurface,273,Gallery 3D Surface dialog box
XlBuiltInDialog,Enumeration,xlDialogCustomizeToolbar,276,Customize Toolbar dialog box
XlBuiltInDialog,Enumeration,xlDialogWorkbookAdd,281,Workbook Add dialog box
XlBuiltInDialog,Enumeration,xlDialogWorkbookMove,282,Workbook Move dialog box
XlBuiltInDialog,Enumeration,xlDialogWorkbookCopy,283,Workbook Copy dialog box
XlBuiltInDialog,Enumeration,xlDialogWorkbookOptions,284,Workbook Options dialog box
XlBuiltInDialog,Enumeration,xlDialogSaveWorkspace,285,Save Workspace dialog box
XlBuiltInDialog,Enumeration,xlDialogChartWizard,288,ChartWizard dialog box
XlBuiltInDialog,Enumeration,xlDialogAssignToTool,293,Assign To Tool dialog box
XlBuiltInDialog,Enumeration,xlDialogPlacement,300,Placement dialog box
XlBuiltInDialog,Enumeration,xlDialogFillWorkgroup,301,Fill Workgroup dialog box
XlBuiltInDialog,Enumeration,xlDialogWorkbookNew,302,Workbook New dialog box
XlBuiltInDialog,Enumeration,xlDialogScenarioCells,305,Scenario Cells dialog box
XlBuiltInDialog,Enumeration,xlDialogScenarioAdd,307,Scenario Add dialog box
XlBuiltInDialog,Enumeration,xlDialogScenarioEdit,308,Scenario Edit dialog box
XlBuiltInDialog,Enumeration,xlDialogScenarioSummary,311,Scenario Summary dialog box
XlBuiltInDialog,Enumeration,xlDialogPivotTableWizard,312,PivotTable Wizard dialog box
XlBuiltInDialog,Enumeration,xlDialogPivotFieldProperties,313,Pivot Field Properties dialog box
XlBuiltInDialog,Enumeration,xlDialogOptionsCalculation,318,Options Calculation dialog box
XlBuiltInDialog,Enumeration,xlDialogOptionsEdit,319,Options Edit dialog box
XlBuiltInDialog,Enumeration,xlDialogOptionsView,320,Options View dialog box
XlBuiltInDialog,Enumeration,xlDialogAddinManager,321,Addin Manager dialog box
XlBuiltInDialog,Enumeration,xlDialogMenuEditor,322,Menu Editor dialog box
XlBuiltInDialog,Enumeration,xlDialogAttachToolbars,323,Attach Toolbars dialog box
XlBuiltInDialog,Enumeration,xlDialogOptionsChart,325,Options Chart dialog box
XlBuiltInDialog,Enumeration,xlDialogVbaInsertFile,328,VBA Insert File dialog box
XlBuiltInDialog,Enumeration,xlDialogVbaProcedureDefinition,330,VBA Procedure Definition dialog box
XlBuiltInDialog,Enumeration,xlDialogRoutingSlip,336,"This object or member has been deprecated, but it remains part of the object model for backward compatibility. You should not use it in new applications."
XlBuiltInDialog,Enumeration,xlDialogMailLogon,339,Mail Logon dialog box
XlBuiltInDialog,Enumeration,xlDialogInsertPicture,342,Insert Picture dialog box
XlBuiltInDialog,Enumeration,xlDialogGalleryDoughnut,344,Gallery Doughnut dialog box
XlBuiltInDialog,Enumeration,xlDialogChartTrend,350,Chart Trend dialog box
XlBuiltInDialog,Enumeration,xlDialogWorkbookInsert,354,Workbook Insert dialog box
XlBuiltInDialog,Enumeration,xlDialogOptionsTransition,355,Options Transition dialog box
XlBuiltInDialog,Enumeration,xlDialogOptionsGeneral,356,Options General dialog box
XlBuiltInDialog,Enumeration,xlDialogFilterAdvanced,370,Filter Advanced dialog box
XlBuiltInDialog,Enumeration,xlDialogMailNextLetter,378,Mail Next Letter dialog box
XlBuiltInDialog,Enumeration,xlDialogDataLabel,379,Data Label dialog box
XlBuiltInDialog,Enumeration,xlDialogInsertTitle,380,Insert Title dialog box
XlBuiltInDialog,Enumeration,xlDialogFontProperties,381,Font Properties dialog box
XlBuiltInDialog,Enumeration,xlDialogMacroOptions,382,Macro Options dialog box
XlBuiltInDialog,Enumeration,xlDialogWorkbookUnhide,384,Workbook Unhide dialog box
XlBuiltInDialog,Enumeration,xlDialogWorkbookName,386,Workbook Name dialog box
XlBuiltInDialog,Enumeration,xlDialogGalleryCustom,388,Gallery Custom dialog box
XlBuiltInDialog,Enumeration,xlDialogAddChartAutoformat,390,Add Chart Autoformat dialog box
XlBuiltInDialog,Enumeration,xlDialogChartAddData,392,Chart Add Data dialog box
XlBuiltInDialog,Enumeration,xlDialogTabOrder,394,Tab Order dialog box
XlBuiltInDialog,Enumeration,xlDialogSubtotalCreate,398,Subtotal Create dialog box
XlBuiltInDialog,Enumeration,xlDialogWorkbookTabSplit,415,Workbook Tab Split dialog box
XlBuiltInDialog,Enumeration,xlDialogWorkbookProtect,417,Workbook Protect dialog box
XlBuiltInDialog,Enumeration,xlDialogScrollbarProperties,420,Scrollbar Properties dialog box
XlBuiltInDialog,Enumeration,xlDialogPivotShowPages,421,Pivot Show Pages dialog box
XlBuiltInDialog,Enumeration,xlDialogTextToColumns,422,Text To Columns dialog box
XlBuiltInDialog,Enumeration,xlDialogFormatCharttype,423,Format Charttype dialog box
XlBuiltInDialog,Enumeration,xlDialogPivotFieldGroup,433,Pivot Field Group dialog box
XlBuiltInDialog,Enumeration,xlDialogPivotFieldUngroup,434,Pivot Field Ungroup dialog box
XlBuiltInDialog,Enumeration,xlDialogCheckboxProperties,435,Checkbox Properties dialog box
XlBuiltInDialog,Enumeration,xlDialogLabelProperties,436,Label Properties dialog box
XlBuiltInDialog,Enumeration,xlDialogListboxProperties,437,Listbox Properties dialog box
XlBuiltInDialog,Enumeration,xlDialogEditboxProperties,438,Editbox Properties dialog box
XlBuiltInDialog,Enumeration,xlDialogOpenText,441,Open Text dialog box
XlBuiltInDialog,Enumeration,xlDialogPushbuttonProperties,445,Pushbutton Properties dialog box
XlBuiltInDialog,Enumeration,xlDialogFilter,447,Dialog Filter dialog box
XlBuiltInDialog,Enumeration,xlDialogFunctionWizard,450,Function Wizard dialog box
XlBuiltInDialog,Enumeration,xlDialogSaveCopyAs,456,SaveCopyAs dialog box
XlBuiltInDialog,Enumeration,xlDialogOptionsListsAdd,458,Options Lists Add dialog box
XlBuiltInDialog,Enumeration,xlDialogSeriesAxes,460,Series Axes dialog box
XlBuiltInDialog,Enumeration,xlDialogSeriesX,461,Series X dialog box
XlBuiltInDialog,Enumeration,xlDialogSeriesY,462,Series Y dialog box
XlBuiltInDialog,Enumeration,xlDialogErrorbarX,463,Errorbar X dialog box
XlBuiltInDialog,Enumeration,xlDialogErrorbarY,464,Errorbar Y dialog box
XlBuiltInDialog,Enumeration,xlDialogFormatChart,465,Format Chart dialog box
XlBuiltInDialog,Enumeration,xlDialogSeriesOrder,466,Series Order dialog box
XlBuiltInDialog,Enumeration,xlDialogMailEditMailer,470,Mail Edit Mailer dialog box
XlBuiltInDialog,Enumeration,xlDialogStandardWidth,472,Standard Width dialog box
XlBuiltInDialog,Enumeration,xlDialogScenarioMerge,473,Scenario Merge dialog box
XlBuiltInDialog,Enumeration,xlDialogProperties,474,Properties dialog box
XlBuiltInDialog,Enumeration,xlDialogSummaryInfo,474,Summary Info dialog box
XlBuiltInDialog,Enumeration,xlDialogFindFile,475,Find File dialog box
XlBuiltInDialog,Enumeration,xlDialogActiveCellFont,476,Active Cell Font dialog box
XlBuiltInDialog,Enumeration,xlDialogVbaMakeAddin,478,VBA Make Addin dialog box
XlBuiltInDialog,Enumeration,xlDialogFileSharing,481,File Sharing dialog box
XlBuiltInDialog,Enumeration,xlDialogAutoCorrect,485,Auto Correct dialog box
XlBuiltInDialog,Enumeration,xlDialogCustomViews,493,Custom Views dialog box
XlBuiltInDialog,Enumeration,xlDialogInsertNameLabel,496,
XlBuiltInDialog,Enumeration,xlDialogSeriesShape,504,Series Shape dialog box
XlBuiltInDialog,Enumeration,xlDialogChartOptionsDataLabels,505,Chart Options DataLabels dialog box
XlBuiltInDialog,Enumeration,xlDialogChartOptionsDataTable,506,Chart Options DataTable dialog box
XlBuiltInDialog,Enumeration,xlDialogSetBackgroundPicture,509,Set Background Picture dialog box
XlBuiltInDialog,Enumeration,xlDialogDataValidation,525,Data Validation dialog box
XlBuiltInDialog,Enumeration,xlDialogChartType,526,Chart Type dialog box
XlBuiltInDialog,Enumeration,xlDialogChartLocation,527,Chart Location dialog box
XlBuiltInDialog,Enumeration,_xlDialogPhonetic,538,
XlBuiltInDialog,Enumeration,xlDialogChartSourceData,540,Chart SourceData dialog box
XlBuiltInDialog,Enumeration,_xlDialogChartSourceData,541,
XlBuiltInDialog,Enumeration,xlDialogSeriesOptions,557,Series Options dialog box
XlBuiltInDialog,Enumeration,xlDialogPivotTableOptions,567,PivotTable Options dialog box
XlBuiltInDialog,Enumeration,xlDialogPivotSolveOrder,568,Pivot Solve Order dialog box
XlBuiltInDialog,Enumeration,xlDialogPivotCalculatedField,570,Pivot Calculated Field dialog box
XlBuiltInDialog,Enumeration,xlDialogPivotCalculatedItem,572,Pivot Calculated Item dialog box
XlBuiltInDialog,Enumeration,xlDialogConditionalFormatting,583,Conditional Formatting dialog box
XlBuiltInDialog,Enumeration,xlDialogInsertHyperlink,596,Insert Hyperlink dialog box
XlBuiltInDialog,Enumeration,xlDialogProtectSharing,620,Protect Sharing dialog box
XlBuiltInDialog,Enumeration,xlDialogOptionsME,647,OptionsME dialog box
XlBuiltInDialog,Enumeration,xlDialogPublishAsWebPage,653,Publish As WebPage dialog box
XlBuiltInDialog,Enumeration,xlDialogPhonetic,656,Phonetic dialog box
XlBuiltInDialog,Enumeration,xlDialogNewWebQuery,667,New Web Query dialog box
XlBuiltInDialog,Enumeration,xlDialogImportTextFile,666,Import Text File dialog box
XlBuiltInDialog,Enumeration,xlDialogExternalDataProperties,530,External Data Properties dialog box
XlBuiltInDialog,Enumeration,xlDialogWebOptionsGeneral,683,Web Options General dialog box
XlBuiltInDialog,Enumeration,xlDialogWebOptionsFiles,684,Web Options Files dialog box
XlBuiltInDialog,Enumeration,xlDialogWebOptionsPictures,685,Web Options Pictures dialog box
XlBuiltInDialog,Enumeration,xlDialogWebOptionsEncoding,686,Web Options Encoding dialog box
XlBuiltInDialog,Enumeration,xlDialogWebOptionsFonts,687,Web Options Fonts dialog box
XlBuiltInDialog,Enumeration,xlDialogPivotClientServerSet,689,Pivot Client Server Set dialog box
XlBuiltInDialog,Enumeration,xlDialogPropertyFields,754,Property Fields dialog box
XlBuiltInDialog,Enumeration,xlDialogSearch,731,Search dialog box
XlBuiltInDialog,Enumeration,xlDialogEvaluateFormula,709,Evaluate Formula dialog box
XlBuiltInDialog,Enumeration,xlDialogDataLabelMultiple,723,Data Label Multiple dialog box
XlBuiltInDialog,Enumeration,xlDialogChartOptionsDataLabelMultiple,724,Chart Options DataLabel Multiple dialog box
XlBuiltInDialog,Enumeration,xlDialogErrorChecking,732,Error Checking dialog box
XlBuiltInDialog,Enumeration,xlDialogWebOptionsBrowsers,773,Web Options Browsers dialog box
XlBuiltInDialog,Enumeration,xlDialogCreateList,796,Create List dialog box
XlBuiltInDialog,Enumeration,xlDialogPermission,832,Permission dialog box
XlBuiltInDialog,Enumeration,xlDialogMyPermission,834,My Permission dialog box
XlBuiltInDialog,Enumeration,xlDialogDocumentInspector,862,Document Inspector dialog box
XlBuiltInDialog,Enumeration,xlDialogNameManager,977,NameManager dialog box
XlBuiltInDialog,Enumeration,xlDialogNewName,978,NewName dialog box
XlBuiltInDialog,Enumeration,xlDialogSparklineInsertLine,1133,Sparkline Insert Line dialog box
XlBuiltInDialog,Enumeration,xlDialogSparklineInsertColumn,1134,Sparkline Insert Column dialog box
XlBuiltInDialog,Enumeration,xlDialogSparklineInsertWinLoss,1135,Sparkline Insert Win Loss dialog box
XlBuiltInDialog,Enumeration,xlDialogSlicerSettings,1179,Slicer Settings dialog box
XlBuiltInDialog,Enumeration,xlDialogSlicerCreation,1182,Slicer Creation dialog box
XlBuiltInDialog,Enumeration,xlDialogSlicerPivotTableConnections,1184,Slicer PivotTable Connections dialog box
XlBuiltInDialog,Enumeration,xlDialogPivotTableSlicerConnections,1183,PivotTable Slicer Connections dialog box
XlBuiltInDialog,Enumeration,xlDialogPivotTableWhatIfAnalysisSettings,1153,PivotTable What If Analysis Settings dialog box
XlBuiltInDialog,Enumeration,xlDialogSetManager,1109,Set Manager dialog box
XlBuiltInDialog,Enumeration,xlDialogSetMDXEditor,1208,Set MDX Editor dialog box
XlBuiltInDialog,Enumeration,xlDialogSetTupleEditorOnRows,1107,Set Tuple Editor On Rows dialog box
XlBuiltInDialog,Enumeration,xlDialogSetTupleEditorOnColumns,1108,Set Tuple Editor On Columns dialog box
XlBuiltInDialog,Enumeration,xlDialogManageRelationships,1271,Manage Relationships dialog box
XlBuiltInDialog,Enumeration,xlDialogCreateRelationship,1272,Create Relationship dialog box
XlBuiltInDialog,Enumeration,xlDialogRecommendedPivotTables,1258,Recommended PivotTables dialog box
XlBuiltInDialog,Enumeration,xlDialogForecastETS,1300,
XlBuiltInDialog,Enumeration,xlDialogPivotDefaultLayout,1361,
XlCalcFor,Enumeration,xlAllValues,0,All values.
XlCalcFor,Enumeration,xlRowGroups,1,Row groups.
XlCalcFor,Enumeration,xlColGroups,2,Column groups.
XlCalcMemNumberFormatType,Enumeration,xlNumberFormatTypeDefault,0,Use the default format type of the calculated member for the cell value.
XlCalcMemNumberFormatType,Enumeration,xlNumberFormatTypeNumber,1,Calculated member cell format is a number.
XlCalcMemNumberFormatType,Enumeration,xlNumberFormatTypePercent,2,Calculated member cell format is a percentage.
XlCalculatedMemberType,Enumeration,xlCalculatedMember,0,The member uses a Multidimensional Expression (MDX) formula.
XlCalculatedMemberType,Enumeration,xlCalculatedSet,1,The member contains an MDX formula for a set in a cube field.
XlCalculatedMemberType,Enumeration,xlCalculatedMeasure,2,The member is a Multidimensional Expressions (MDX) expression that defines the measure.
XlCalculation,Enumeration,xlCalculationAutomatic,-4105,Excel controls recalculation.
XlCalculation,Enumeration,xlCalculationManual,-4135,Calculation is done when the user requests it.
XlCalculation,Enumeration,xlCalculationSemiautomatic,2,Excel controls recalculation but ignores changes in tables.
XlCalculationInterruptKey,Enumeration,xlNoKey,0,No key press can interrupt recalculation.
XlCalculationInterruptKey,Enumeration,xlEscKey,1,Pressing the ESC key interrupts recalculation.
XlCalculationInterruptKey,Enumeration,xlAnyKey,2,Pressing any key interrupts recalculation.
XlCalculationState,Enumeration,xlDone,0,Calculations complete.
XlCalculationState,Enumeration,xlCalculating,1,Calculations in process.
XlCalculationState,Enumeration,xlPending,2,"Changes that trigger calculation have been made, but a recalculation has not yet been performed."
XlCategoryLabelLevel,Enumeration,xlCategoryLabelLevelNone,-3,Set no category labels in the chart. Defaults to automatic indexed labels.
XlCategoryLabelLevel,Enumeration,xlCategoryLabelLevelCustom,-2,Indicates literal data in the category labels.
XlCategoryLabelLevel,Enumeration,xlCategoryLabelLevelAll,-1,
XlCategorySortOrder,Enumeration,xlIndexAscending,0,
XlCategorySortOrder,Enumeration,xlIndexDescending,1,
XlCategorySortOrder,Enumeration,xlCategoryAscending,2,
XlCategorySortOrder,Enumeration,xlCategoryDescending,3,
XlCategoryType,Enumeration,xlCategoryScale,2,Axis groups data by an arbitrary set of categories.
XlCategoryType,Enumeration,xlTimeScale,3,Axis groups data on a time scale.
XlCategoryType,Enumeration,xlAutomaticScale,-4105,Excel controls the axis type.
XlCellChangedState,Enumeration,xlCellNotChanged,1,The value in the cell has not been edited or recalculated.
XlCellChangedState,Enumeration,xlCellChanged,2,The value in the cell has been edited or recalculated.
XlCellChangedState,Enumeration,xlCellChangeApplied,3,"The value in the cell has been edited or recalculated, and that change has been applied to the data source. (Applies only PivotTable reports with OLAP data sources)"
XlCellControlType,Enumeration,xlTypeNone,0,
XlCellControlType,Enumeration,xlTypeUnknown,1,
XlCellControlType,Enumeration,xlTypeCheckbox,2,
XlCellInsertionMode,Enumeration,xlOverwriteCells,0,No new cells or rows are added to the worksheet. Data in surrounding cells is overwritten to accommodate any overflow.
XlCellInsertionMode,Enumeration,xlInsertDeleteCells,1,Partial rows are inserted or deleted to match the exact number of rows required for the new recordset.
XlCellInsertionMode,Enumeration,xlInsertEntireRows,2,"Entire rows are inserted, if necessary, to accommodate any overflow. No cells or rows are deleted from the worksheet."
XlCellType,Enumeration,xlCellTypeBlanks,4,Empty cells.
XlCellType,Enumeration,xlCellTypeConstants,2,Cells containing constants.
XlCellType,Enumeration,xlCellTypeFormulas,-4123,Cells containing formulas.
XlCellType,Enumeration,xlCellTypeLastCell,11,The last cell in the used range.
XlCellType,Enumeration,xlCellTypeComments,-4144,Cells containing notes.
XlCellType,Enumeration,xlCellTypeVisible,12,All visible cells.
XlCellType,Enumeration,xlCellTypeAllFormatConditions,-4172,Cells of any format.
XlCellType,Enumeration,xlCellTypeSameFormatConditions,-4173,Cells having the same format.
XlCellType,Enumeration,xlCellTypeAllValidation,-4174,Cells having validation criteria.
XlCellType,Enumeration,xlCellTypeSameValidation,-4175,Cells having the same validation criteria.
XlCellType,Enumeration,xlCellTypeDirtyFormulas,16,
XlChartElementPosition,Enumeration,xlChartElementPositionAutomatic,-4105,Automatically sets the position of the chart element.
XlChartElementPosition,Enumeration,xlChartElementPositionCustom,-4114,Specifies a specific position for the chart element.
XlChartGallery,Enumeration,xlBuiltIn,21,The built-in gallery.
XlChartGallery,Enumeration,xlUserDefined,22,The user-defined gallery.
XlChartGallery,Enumeration,xlAnyGallery,23,Either of the galleries.
XlChartItem,Enumeration,xlDataLabel,0,Data label.
XlChartItem,Enumeration,xlChartArea,2,Chart area.
XlChartItem,Enumeration,xlSeries,3,Series.
XlChartItem,Enumeration,xlChartTitle,4,Chart title.
XlChartItem,Enumeration,xlWalls,5,Walls.
XlChartItem,Enumeration,xlCorners,6,Corners.
XlChartItem,Enumeration,xlDataTable,7,Data table.
XlChartItem,Enumeration,xlTrendline,8,Trend line.
XlChartItem,Enumeration,xlErrorBars,9,Error bars.
XlChartItem,Enumeration,xlXErrorBars,10,X error bars.
XlChartItem,Enumeration,xlYErrorBars,11,Y error bars.
XlChartItem,Enumeration,xlLegendEntry,12,Legend entry.
XlChartItem,Enumeration,xlLegendKey,13,Legend key.
XlChartItem,Enumeration,xlShape,14,Shape.
XlChartItem,Enumeration,xlMajorGridlines,15,Major gridlines.
XlChartItem,Enumeration,xlMinorGridlines,16,Minor gridlines.
XlChartItem,Enumeration,xlAxisTitle,17,Axis title.
XlChartItem,Enumeration,xlUpBars,18,Up bars.
XlChartItem,Enumeration,xlPlotArea,19,Plot area.
XlChartItem,Enumeration,xlDownBars,20,Down bars.
XlChartItem,Enumeration,xlAxis,21,Axis.
XlChartItem,Enumeration,xlSeriesLines,22,Series lines.
XlChartItem,Enumeration,xlFloor,23,Floor.
XlChartItem,Enumeration,xlLegend,24,Legend.
XlChartItem,Enumeration,xlHiLoLines,25,HiLo lines.
XlChartItem,Enumeration,xlDropLines,26,Drop lines.
XlChartItem,Enumeration,xlRadarAxisLabels,27,Radar axis labels.
XlChartItem,Enumeration,xlNothing,28,Nothing.
XlChartItem,Enumeration,xlLeaderLines,29,Leader lines.
XlChartItem,Enumeration,xlDisplayUnitLabel,30,Display unit label.
XlChartItem,Enumeration,xlPivotChartFieldButton,31,PivotChart field button.
XlChartItem,Enumeration,xlPivotChartDropZone,32,PivotChart drop zone.
XlChartItem,Enumeration,xlPivotChartExpandEntireFieldButton,33,
XlChartItem,Enumeration,xlPivotChartCollapseEntireFieldButton,34,
XlChartLocation,Enumeration,xlLocationAsNewSheet,1,Chart is moved to a new sheet.
XlChartLocation,Enumeration,xlLocationAsObject,2,Chart is to be embedded in an existing sheet.
XlChartLocation,Enumeration,xlLocationAutomatic,3,Excel controls chart location.
XlChartPicturePlacement,Enumeration,xlSides,1,Display on sides.
XlChartPicturePlacement,Enumeration,xlEnd,2,Display on end.
XlChartPicturePlacement,Enumeration,xlEndSides,3,Display on end and sides.
XlChartPicturePlacement,Enumeration,xlFront,4,Display on front.
XlChartPicturePlacement,Enumeration,xlFrontSides,5,Display on front and sides.
XlChartPicturePlacement,Enumeration,xlFrontEnd,6,Display on front and end.
XlChartPicturePlacement,Enumeration,xlAllFaces,7,Display on all faces.
XlChartPictureType,Enumeration,xlStackScale,3,Picture is sized to a specified number of units and repeated the length of the bar.
XlChartPictureType,Enumeration,xlStack,2,Picture is sized to repeat a maximum of 15 times in the longest stacked bar.
XlChartPictureType,Enumeration,xlStretch,1,Picture is stretched the full length of the stacked bar.
XlChartSplitType,Enumeration,xlSplitByPosition,1,Second chart displays the smallest values in the data series. The number of values to display is specified by the SplitValue property.
XlChartSplitType,Enumeration,xlSplitByPercentValue,3,Second chart displays values less than some percentage of the total value. The percentage is specified by the SplitValue property.
XlChartSplitType,Enumeration,xlSplitByCustomSplit,4,Arbitrary slides are displayed in the second chart.
XlChartSplitType,Enumeration,xlSplitByValue,2,Second chart displays values less than the value specified by the SplitValue property.
XlChartType,Enumeration,xlColumnClustered,51,Clustered Column.
XlChartType,Enumeration,xlColumnStacked,52,Stacked Column.
XlChartType,Enumeration,xlColumnStacked100,53,100% Stacked Column.
XlChartType,Enumeration,xl3DColumnClustered,54,3D Clustered Column.
XlChartType,Enumeration,xl3DColumnStacked,55,3D Stacked Column.
XlChartType,Enumeration,xl3DColumnStacked100,56,3D 100% Stacked Column.
XlChartType,Enumeration,xlBarClustered,57,Clustered Bar.
XlChartType,Enumeration,xlBarStacked,58,Stacked Bar.
XlChartType,Enumeration,xlBarStacked100,59,100% Stacked Bar.
XlChartType,Enumeration,xl3DBarClustered,60,3D Clustered Bar.
XlChartType,Enumeration,xl3DBarStacked,61,3D Stacked Bar.
XlChartType,Enumeration,xl3DBarStacked100,62,3D 100% Stacked Bar.
XlChartType,Enumeration,xlLineStacked,63,Stacked Line.
XlChartType,Enumeration,xlLineStacked100,64,100% Stacked Line.
XlChartType,Enumeration,xlLineMarkers,65,Line with Markers.
XlChartType,Enumeration,xlLineMarkersStacked,66,Stacked Line with Markers.
XlChartType,Enumeration,xlLineMarkersStacked100,67,100% Stacked Line with Markers.
XlChartType,Enumeration,xlPieOfPie,68,Pie of Pie.
XlChartType,Enumeration,xlPieExploded,69,Exploded Pie.
XlChartType,Enumeration,xl3DPieExploded,70,Exploded 3D Pie.
XlChartType,Enumeration,xlBarOfPie,71,Bar of Pie.
XlChartType,Enumeration,xlXYScatterSmooth,72,Scatter with Smoothed Lines.
XlChartType,Enumeration,xlXYScatterSmoothNoMarkers,73,Scatter with Smoothed Lines and No Data Markers.
XlChartType,Enumeration,xlXYScatterLines,74,Scatter with Lines.
XlChartType,Enumeration,xlXYScatterLinesNoMarkers,75,Scatter with Lines and No Data Markers.
XlChartType,Enumeration,xlAreaStacked,76,Stacked Area.
XlChartType,Enumeration,xlAreaStacked100,77,100% Stacked Area.
XlChartType,Enumeration,xl3DAreaStacked,78,3D Stacked Area.
XlChartType,Enumeration,xl3DAreaStacked100,79,100% Stacked Area.
XlChartType,Enumeration,xlDoughnutExploded,80,Exploded Doughnut.
XlChartType,Enumeration,xlRadarMarkers,81,Radar with Data Markers.
XlChartType,Enumeration,xlRadarFilled,82,Filled Radar.
XlChartType,Enumeration,xlSurface,83,3D Surface.
XlChartType,Enumeration,xlSurfaceWireframe,84,3D Surface (wireframe).
XlChartType,Enumeration,xlSurfaceTopView,85,Surface (Top View).
XlChartType,Enumeration,xlSurfaceTopViewWireframe,86,Surface (Top View wireframe).
XlChartType,Enumeration,xlBubble,15,Bubble.
XlChartType,Enumeration,xlBubble3DEffect,87,Bubble with 3D effects.
XlChartType,Enumeration,xlStockHLC,88,High-Low-Close.
XlChartType,Enumeration,xlStockOHLC,89,Open-High-Low-Close.
XlChartType,Enumeration,xlStockVHLC,90,Volume-High-Low-Close.
XlChartType,Enumeration,xlStockVOHLC,91,Volume-Open-High-Low-Close.
XlChartType,Enumeration,xlCylinderColClustered,92,Clustered Cone Column.
XlChartType,Enumeration,xlCylinderColStacked,93,Stacked Cone Column.
XlChartType,Enumeration,xlCylinderColStacked100,94,100% Stacked Cylinder Column.
XlChartType,Enumeration,xlCylinderBarClustered,95,Clustered Cylinder Bar.
XlChartType,Enumeration,xlCylinderBarStacked,96,Stacked Cylinder Bar.
XlChartType,Enumeration,xlCylinderBarStacked100,97,100% Stacked Cylinder Bar.
XlChartType,Enumeration,xlCylinderCol,98,3D Cylinder Column.
XlChartType,Enumeration,xlConeColClustered,99,Clustered Cone Column.
XlChartType,Enumeration,xlConeColStacked,100,Stacked Cone Column.
XlChartType,Enumeration,xlConeColStacked100,101,100% Stacked Cone Column.
XlChartType,Enumeration,xlConeBarClustered,102,Clustered Cone Bar.
XlChartType,Enumeration,xlConeBarStacked,103,Stacked Cone Bar.
XlChartType,Enumeration,xlConeBarStacked100,104,100% Stacked Cone Bar.
XlChartType,Enumeration,xlConeCol,105,3D Cone Column.
XlChartType,Enumeration,xlPyramidColClustered,106,Clustered Pyramid Column.
XlChartType,Enumeration,xlPyramidColStacked,107,Stacked Pyramid Column.
XlChartType,Enumeration,xlPyramidColStacked100,108,100% Stacked Pyramid Column.
XlChartType,Enumeration,xlPyramidBarClustered,109,Clustered Pyramid Bar.
XlChartType,Enumeration,xlPyramidBarStacked,110,Stacked Pyramid Bar.
XlChartType,Enumeration,xlPyramidBarStacked100,111,100% Stacked Pyramid Bar.
XlChartType,Enumeration,xlPyramidCol,112,3D Pyramid Column.
XlChartType,Enumeration,xl3DColumn,-4100,3D Column.
XlChartType,Enumeration,xlLine,4,Line.
XlChartType,Enumeration,xl3DLine,-4101,3D Line.
XlChartType,Enumeration,xl3DPie,-4102,3D Pie.
XlChartType,Enumeration,xlPie,5,Pie.
XlChartType,Enumeration,xlXYScatter,-4169,Scatter.
XlChartType,Enumeration,xl3DArea,-4098,3D Area.
XlChartType,Enumeration,xlArea,1,Area.
XlChartType,Enumeration,xlDoughnut,-4120,Doughnut.
XlChartType,Enumeration,xlRadar,-4151,Radar.
XlChartType,Enumeration,xlTreemap,117,Treemap.
XlChartType,Enumeration,xlHistogram,118,Histogram
XlChartType,Enumeration,xlWaterfall,119,Waterfall.
XlChartType,Enumeration,xlSunburst,120,Sunburst.
XlChartType,Enumeration,xlBoxwhisker,121,Box & Whisker.
XlChartType,Enumeration,xlPareto,122,Pareto.
XlChartType,Enumeration,xlFunnel,123,Funnel.
XlChartType,Enumeration,xlRegionMap,140,Map chart.
XlCheckInVersionType,Enumeration,xlCheckInMinorVersion,0,Check in the minor version.
XlCheckInVersionType,Enumeration,xlCheckInMajorVersion,1,Check in the major version.
XlCheckInVersionType,Enumeration,xlCheckInOverwriteVersion,2,Overwrite current version on the server.
XlClipboardFormat,Enumeration,xlClipboardFormatBIFF12,63,Binary Interchange file format 12
XlClipboardFormat,Enumeration,xlClipboardFormatBIFF,8,Binary Interchange file format for Excel version 2.x
XlClipboardFormat,Enumeration,xlClipboardFormatBIFF2,18,Binary Interchange file format 2
XlClipboardFormat,Enumeration,xlClipboardFormatBIFF3,20,Binary Interchange file format 3
XlClipboardFormat,Enumeration,xlClipboardFormatBIFF4,30,Binary Interchange file format 4
XlClipboardFormat,Enumeration,xlClipboardFormatBinary,15,Binary format
XlClipboardFormat,Enumeration,xlClipboardFormatBitmap,9,Bitmap format
XlClipboardFormat,Enumeration,xlClipboardFormatCGM,13,CGM format
XlClipboardFormat,Enumeration,xlClipboardFormatCSV,5,CSV format
XlClipboardFormat,Enumeration,xlClipboardFormatDIF,4,DIF format
XlClipboardFormat,Enumeration,xlClipboardFormatDspText,12,Dsp Text format
XlClipboardFormat,Enumeration,xlClipboardFormatEmbeddedObject,21,Embedded Object
XlClipboardFormat,Enumeration,xlClipboardFormatEmbedSource,22,Embedded Source
XlClipboardFormat,Enumeration,xlClipboardFormatLink,11,Link
XlClipboardFormat,Enumeration,xlClipboardFormatLinkSource,23,Link to the source file
XlClipboardFormat,Enumeration,xlClipboardFormatLinkSourceDesc,32,Link to the source description
XlClipboardFormat,Enumeration,xlClipboardFormatMovie,24,Movie
XlClipboardFormat,Enumeration,xlClipboardFormatNative,14,Native
XlClipboardFormat,Enumeration,xlClipboardFormatObjectDesc,31,Object description
XlClipboardFormat,Enumeration,xlClipboardFormatObjectLink,19,Object link
XlClipboardFormat,Enumeration,xlClipboardFormatOwnerLink,17,Link to the owner
XlClipboardFormat,Enumeration,xlClipboardFormatPICT,2,Picture
XlClipboardFormat,Enumeration,xlClipboardFormatPrintPICT,3,Print picture
XlClipboardFormat,Enumeration,xlClipboardFormatRTF,7,RTF format
XlClipboardFormat,Enumeration,xlClipboardFormatScreenPICT,29,Screen Picture
XlClipboardFormat,Enumeration,xlClipboardFormatStandardFont,28,Standard Font
XlClipboardFormat,Enumeration,xlClipboardFormatStandardScale,27,Standard Scale
XlClipboardFormat,Enumeration,xlClipboardFormatSYLK,6,SYLK
XlClipboardFormat,Enumeration,xlClipboardFormatTable,16,Table
XlClipboardFormat,Enumeration,xlClipboardFormatText,0,Text
XlClipboardFormat,Enumeration,xlClipboardFormatToolFace,25,Tool Face
XlClipboardFormat,Enumeration,xlClipboardFormatToolFacePICT,26,Tool Face Picture
XlClipboardFormat,Enumeration,xlClipboardFormatVALU,1,Value
XlClipboardFormat,Enumeration,xlClipboardFormatWK1,10,Workbook
XlCmdType,Enumeration,xlCmdCube,1,Contains a cube name for an OLAP data source.
XlCmdType,Enumeration,xlCmdSql,2,Contains an SQL statement.
XlCmdType,Enumeration,xlCmdTable,3,Contains a table name for accessing OLE DB data sources.
XlCmdType,Enumeration,xlCmdDefault,4,Contains command text that the OLE DB provider understands.
XlCmdType,Enumeration,xlCmdList,5,Contains a pointer to list data.
XlCmdType,Enumeration,xlCmdTableCollection,6,Contains the name of a table collection.
XlCmdType,Enumeration,xlCmdExcel,7,Contains an Excel formula.
XlCmdType,Enumeration,xlCmdDAX,8,Contains a Data Analysis Expressions (DAX) formula.
XlColorIndex,Enumeration,xlColorIndexAutomatic,-4105,Automatic color.
XlColorIndex,Enumeration,xlColorIndexNone,-4142,No color.
XlColumnDataType,Enumeration,xlGeneralFormat,1,General.
XlColumnDataType,Enumeration,xlTextFormat,2,Text.
XlColumnDataType,Enumeration,xlMDYFormat,3,MDY date format.
XlColumnDataType,Enumeration,xlDMYFormat,4,DMY date format.
XlColumnDataType,Enumeration,xlYMDFormat,5,YMD date format.
XlColumnDataType,Enumeration,xlMYDFormat,6,MYD date format.
XlColumnDataType,Enumeration,xlDYMFormat,7,DYM date format.
XlColumnDataType,Enumeration,xlYDMFormat,8,YDM date format.
XlColumnDataType,Enumeration,xlSkipColumn,9,Column is not parsed.
XlColumnDataType,Enumeration,xlEMDFormat,10,EMD date format.
XlCommandUnderlines,Enumeration,xlCommandUnderlinesAutomatic,-4105,Excel controls the display of command underlines.
XlCommandUnderlines,Enumeration,xlCommandUnderlinesOff,-4146,Command underlines are not displayed.
XlCommandUnderlines,Enumeration,xlCommandUnderlinesOn,1,Command underlines are displayed.
XlCommentDisplayMode,Enumeration,xlNoIndicator,0,Display neither the comment nor the comment indicator at any time.
XlCommentDisplayMode,Enumeration,xlCommentIndicatorOnly,-1,Display comment indicator only. Display comment when mouse pointer is moved over cell.
XlCommentDisplayMode,Enumeration,xlCommentAndIndicator,1,Display comment and indicator at all times.
XlConditionValueTypes,Enumeration,xlConditionValueNone,-1,No conditional value.
XlConditionValueTypes,Enumeration,xlConditionValueNumber,0,Number is used.
XlConditionValueTypes,Enumeration,xlConditionValueLowestValue,1,Lowest value from the list of values.
XlConditionValueTypes,Enumeration,xlConditionValueHighestValue,2,Highest value from the list of values.
XlConditionValueTypes,Enumeration,xlConditionValuePercent,3,Percentage is used.
XlConditionValueTypes,Enumeration,xlConditionValueFormula,4,Formula is used.
XlConditionValueTypes,Enumeration,xlConditionValuePercentile,5,Percentile is used.
XlConditionValueTypes,Enumeration,xlConditionValueAutomaticMin,6,The shortest data bar is proportional to the minimum value in the range.
XlConditionValueTypes,Enumeration,xlConditionValueAutomaticMax,7,The longest data bar is proportional to the maximum value in the range.
XlConnectionType,Enumeration,xlConnectionTypeOLEDB,1,OLEDB
XlConnectionType,Enumeration,xlConnectionTypeODBC,2,ODBC
XlConnectionType,Enumeration,xlConnectionTypeXMLMAP,3,XML MAP
XlConnectionType,Enumeration,xlConnectionTypeTEXT,4,Text
XlConnectionType,Enumeration,xlConnectionTypeWEB,5,Web
XlConnectionType,Enumeration,xlConnectionTypeDATAFEED,6,Data Feed
XlConnectionType,Enumeration,xlConnectionTypeMODEL,7,PowerPivot Model
XlConnectionType,Enumeration,xlConnectionTypeWORKSHEET,8,Worksheet
XlConnectionType,Enumeration,xlConnectionTypeNOSOURCE,9,No source
XlConsolidationFunction,Enumeration,xlAverage,-4106,Average.
XlConsolidationFunction,Enumeration,xlCount,-4112,Count.
XlConsolidationFunction,Enumeration,xlCountNums,-4113,Count numerical values only.
XlConsolidationFunction,Enumeration,xlMax,-4136,Maximum.
XlConsolidationFunction,Enumeration,xlMin,-4139,Minimum.
XlConsolidationFunction,Enumeration,xlProduct,-4149,Multiply.
XlConsolidationFunction,Enumeration,xlStDev,-4155,"Standard deviation, based on a sample."
XlConsolidationFunction,Enumeration,xlStDevP,-4156,"Standard deviation, based on the whole population."
XlConsolidationFunction,Enumeration,xlSum,-4157,Sum.
XlConsolidationFunction,Enumeration,xlVar,-4164,"Variation, based on a sample."
XlConsolidationFunction,Enumeration,xlVarP,-4165,"Variation, based on the whole population."
XlConsolidationFunction,Enumeration,xlUnknown,1000,No subtotal function specified.
XlConsolidationFunction,Enumeration,xlDistinctCount,11,Count using Distinct Count analysis.
XlConsolidationFunction,Enumeration,xlMedian,12,
XlContainsOperator,Enumeration,xlContains,0,Contains a specified value.
XlContainsOperator,Enumeration,xlDoesNotContain,1,Does not contain the specified value.
XlContainsOperator,Enumeration,xlBeginsWith,2,Begins with a specified value.
XlContainsOperator,Enumeration,xlEndsWith,3,Endswith the specified value
XlCopyPictureFormat,Enumeration,xlBitmap,2,"Picture copied in bitmap (raster) format: bmp, jpg, gif, png."
XlCopyPictureFormat,Enumeration,xlPicture,-4147,"Picture copied in vector format: emf, wmf."
XlCorruptLoad,Enumeration,xlNormalLoad,0,Workbook is opened normally.
XlCorruptLoad,Enumeration,xlRepairFile,1,Workbook is opened in repair mode.
XlCorruptLoad,Enumeration,xlExtractData,2,Workbook is opened in extract data mode.
XlCreator,Enumeration,xlCreatorCode,1480803660,The Excel for Macintosh creator code.
XlCredentialsMethod,Enumeration,xlCredentialsMethodIntegrated,0,
XlCredentialsMethod,Enumeration,xlCredentialsMethodNone,1,
XlCredentialsMethod,Enumeration,xlCredentialsMethodStored,2,
XlCubeFieldSubType,Enumeration,xlCubeHierarchy,1,Hierarchy
XlCubeFieldSubType,Enumeration,xlCubeMeasure,2,Measure
XlCubeFieldSubType,Enumeration,xlCubeSet,3,Set
XlCubeFieldSubType,Enumeration,xlCubeAttribute,4,Attribute
XlCubeFieldSubType,Enumeration,xlCubeCalculatedMeasure,5,Calculated Measure
XlCubeFieldSubType,Enumeration,xlCubeKPIValue,6,KPI Value
XlCubeFieldSubType,Enumeration,xlCubeKPIGoal,7,KPI Goal
XlCubeFieldSubType,Enumeration,xlCubeKPIStatus,8,KPI Status
XlCubeFieldSubType,Enumeration,xlCubeKPITrend,9,KPI Trend
XlCubeFieldSubType,Enumeration,xlCubeKPIWeight,10,KPI Weight
XlCubeFieldSubType,Enumeration,xlCubeImplicitMeasure,11,An implicit measure
XlCubeFieldType,Enumeration,xlHierarchy,1,OLAP field is a hierarchy.
XlCubeFieldType,Enumeration,xlMeasure,2,OLAP field is a measure.
XlCubeFieldType,Enumeration,xlSet,3,OLAP field is a set.
XlCutCopyMode,Enumeration,xlCopy,1,In Copy mode
XlCutCopyMode,Enumeration,xlCut,2,In Cut mode
XlCVError,Enumeration,xlErrBlocked,2047,
XlCVError,Enumeration,xlErrCalc,2050,
XlCVError,Enumeration,xlErrConnect,2046,
XlCVError,Enumeration,xlErrDiv0,2007,Error number: 2007
XlCVError,Enumeration,xlErrField,2049,
XlCVError,Enumeration,xlErrGettingData,2043,
XlCVError,Enumeration,xlErrNA,2042,Error number: 2042
XlCVError,Enumeration,xlErrName,2029,Error number: 2029
XlCVError,Enumeration,xlErrSpill,2045,Error number: 2045
XlCVError,Enumeration,xlErrNull,2000,Error number: 2000
XlCVError,Enumeration,xlErrNum,2036,Error number: 2036
XlCVError,Enumeration,xlErrRef,2023,Error number: 2023
XlCVError,Enumeration,xlErrUnknown,2048,
XlCVError,Enumeration,xlErrValue,2015,Error number: 2015
XlDataBarAxisPosition,Enumeration,xlDataBarAxisAutomatic,0,"Display the axis at a variable position based on the ratio of the minimum negative value to the maximum positive value in the range. Positive values are displayed in a left-to-right direction. Negative values are displayed in a right-to-left direction. When all values are positive or all values are negative, no axis is displayed."
XlDataBarAxisPosition,Enumeration,xlDataBarAxisMidpoint,1,Display the axis at the midpoint of the cell regardless of the set of values in the range. Positive values are displayed in a left-to-right direction. Negative values are displayed in a right-to-left direction.
XlDataBarAxisPosition,Enumeration,xlDataBarAxisNone,2,"No axis is displayed, and both positive and negative values are displayed in the left-to-right direction."
XlDataBarBorderType,Enumeration,xlDataBarBorderNone,0,The data bar has no border.
XlDataBarBorderType,Enumeration,xlDataBarBorderSolid,1,The data bar has a solid border.
XlDataBarFillType,Enumeration,xlDataBarFillSolid,0,The data bar is filled with solid color.
XlDataBarFillType,Enumeration,xlDataBarFillGradient,1,The data bar is filled with a color gradient.
XlDataBarNegativeColorType,Enumeration,xlDataBarColor,0,Use the color specified in the Negative Value and Axis Setting dialog box or by using the ColorType and BorderColorType properties of the NegativeBarFormat object.
XlDataBarNegativeColorType,Enumeration,xlDataBarSameAsPositive,1,Use the same color as positive data bars.
XlDataLabelPosition,Enumeration,xlLabelPositionCenter,-4108,Data label is centered on the data point or is inside a bar or pie chart.
XlDataLabelPosition,Enumeration,xlLabelPositionAbove,0,Data label is positioned above the data point.
XlDataLabelPosition,Enumeration,xlLabelPositionBelow,1,Data label is positioned below the data point.
XlDataLabelPosition,Enumeration,xlLabelPositionLeft,-4131,Data label is positioned to the left of the data point.
XlDataLabelPosition,Enumeration,xlLabelPositionRight,-4152,Data label is positioned to the right of the data point.
XlDataLabelPosition,Enumeration,xlLabelPositionOutsideEnd,2,Data label is positioned outside the data point at the top edge.
XlDataLabelPosition,Enumeration,xlLabelPositionInsideEnd,3,Data label is positioned inside the data point at the top edge.
XlDataLabelPosition,Enumeration,xlLabelPositionInsideBase,4,Data label is positioned inside the data point at the bottom edge.
XlDataLabelPosition,Enumeration,xlLabelPositionBestFit,5,Microsoft Office Excel 2007 sets the position of the data label.
XlDataLabelPosition,Enumeration,xlLabelPositionMixed,6,Data labels are in multiple positions.
XlDataLabelPosition,Enumeration,xlLabelPositionCustom,7,Data label is in a custom position.
XlDataLabelSeparator,Enumeration,xlDataLabelSeparatorDefault,1,Excel selects the separator.
XlDataLabelsType,Enumeration,xlDataLabelsShowNone,-4142,No data labels.
XlDataLabelsType,Enumeration,xlDataLabelsShowValue,2,Default value for the point (assumed if this argument is not specified).
XlDataLabelsType,Enumeration,xlDataLabelsShowPercent,3,Percentage of the total. Available only for pie charts and doughnut charts.
XlDataLabelsType,Enumeration,xlDataLabelsShowLabel,4,Category for the point.
XlDataLabelsType,Enumeration,xlDataLabelsShowLabelAndPercent,5,"Percentage of the total, and category for the point. Available only for pie charts and doughnut charts."
XlDataLabelsType,Enumeration,xlDataLabelsShowBubbleSizes,6,Show the size of the bubble in reference to the absolute value.
XlDataSeriesDate,Enumeration,xlDay,1,Day
XlDataSeriesDate,Enumeration,xlMonth,3,Month
XlDataSeriesDate,Enumeration,xlWeekday,2,Weekdays
XlDataSeriesDate,Enumeration,xlYear,4,Year
XlDataSeriesType,Enumeration,xlAutoFill,4,Fill series according to AutoFill settings.
XlDataSeriesType,Enumeration,xlChronological,3,Fill with date values.
XlDataSeriesType,Enumeration,xlGrowth,2,"Extend values, assuming a multiplicative progression (for example, '1, 2' is extended as '4, 8, 16')."
XlDataSeriesType,Enumeration,xlDataSeriesLinear,-4132,"Extend values, assuming an additive progression (for example, '1, 2' is extended as '3, 4, 5')."
XlDeleteShiftDirection,Enumeration,xlShiftToLeft,-4159,Cells are shifted to the left.
XlDeleteShiftDirection,Enumeration,xlShiftUp,-4162,Cells are shifted up.
XlDirection,Enumeration,xlDown,-4121,Down.
XlDirection,Enumeration,xlToLeft,-4159,To left.
XlDirection,Enumeration,xlToRight,-4161,To right.
XlDirection,Enumeration,xlUp,-4162,Up.
XlDisplayBlanksAs,Enumeration,xlInterpolated,3,Values are interpolated into the chart.
XlDisplayBlanksAs,Enumeration,xlNotPlotted,1,Blank cells are not plotted.
XlDisplayBlanksAs,Enumeration,xlZero,2,Blanks are plotted as zero.
XlDisplayDrawingObjects,Enumeration,xlDisplayShapes,-4104,Show all shapes.
XlDisplayDrawingObjects,Enumeration,xlHide,3,Hide all shapes.
XlDisplayDrawingObjects,Enumeration,xlPlaceholders,2,Show only placeholders.
XlDisplayUnit,Enumeration,xlHundreds,-2,Hundreds.
XlDisplayUnit,Enumeration,xlThousands,-3,Thousands.
XlDisplayUnit,Enumeration,xlTenThousands,-4,Tens of thousands.
XlDisplayUnit,Enumeration,xlHundredThousands,-5,Hundreds of thousands.
XlDisplayUnit,Enumeration,xlMillions,-6,Millions.
XlDisplayUnit,Enumeration,xlTenMillions,-7,Tens of millions.
XlDisplayUnit,Enumeration,xlHundredMillions,-8,Hundreds of millions.
XlDisplayUnit,Enumeration,xlThousandMillions,-9,Thousands of millions.
XlDisplayUnit,Enumeration,xlMillionMillions,-10,Millions of millions.
XlDupeUnique,Enumeration,xlUnique,0,Display unique values.
XlDupeUnique,Enumeration,xlDuplicate,1,Display duplicate values.
XlDVAlertStyle,Enumeration,xlValidAlertStop,1,Stop icon.
XlDVAlertStyle,Enumeration,xlValidAlertWarning,2,Warning icon.
XlDVAlertStyle,Enumeration,xlValidAlertInformation,3,Information icon.
XlDVType,Enumeration,xlValidateInputOnly,0,Validate only when user changes the value.
XlDVType,Enumeration,xlValidateWholeNumber,1,Whole numeric values.
XlDVType,Enumeration,xlValidateDecimal,2,Numeric values.
XlDVType,Enumeration,xlValidateList,3,Value must be present in a specified list.
XlDVType,Enumeration,xlValidateDate,4,Date values.
XlDVType,Enumeration,xlValidateTime,5,Time values.
XlDVType,Enumeration,xlValidateTextLength,6,Length of text.
XlDVType,Enumeration,xlValidateCustom,7,Data is validated using an arbitrary formula.
XlDynamicFilterCriteria,Enumeration,xlFilterToday,1,Filter all values related to the current date.
XlDynamicFilterCriteria,Enumeration,xlFilterYesterday,2,Filter all values related to yesterday.
XlDynamicFilterCriteria,Enumeration,xlFilterTomorrow,3,Filter all values related to tomorrow.
XlDynamicFilterCriteria,Enumeration,xlFilterThisWeek,4,Filter all values related to the current week.
XlDynamicFilterCriteria,Enumeration,xlFilterLastWeek,5,Filter all values related to last week.
XlDynamicFilterCriteria,Enumeration,xlFilterNextWeek,6,Filter all values related to next week.
XlDynamicFilterCriteria,Enumeration,xlFilterThisMonth,7,Filter all values related to the current month.
XlDynamicFilterCriteria,Enumeration,xlFilterLastMonth,8,Filter all values related to last month.
XlDynamicFilterCriteria,Enumeration,xlFilterNextMonth,9,Filter all values related to next month.
XlDynamicFilterCriteria,Enumeration,xlFilterThisQuarter,10,Filter all values related to the current quarter.
XlDynamicFilterCriteria,Enumeration,xlFilterLastQuarter,11,Filter all values related to last quarter.
XlDynamicFilterCriteria,Enumeration,xlFilterNextQuarter,12,Filter all values related to next quarter.
XlDynamicFilterCriteria,Enumeration,xlFilterThisYear,13,Filter all values related to the current year.
XlDynamicFilterCriteria,Enumeration,xlFilterLastYear,14,Filter all values related to last year.
XlDynamicFilterCriteria,Enumeration,xlFilterNextYear,15,Filter all values related to next year.
XlDynamicFilterCriteria,Enumeration,xlFilterYearToDate,16,Filter all values from today until a year ago.
XlDynamicFilterCriteria,Enumeration,xlFilterAllDatesInPeriodQuarter1,17,Filter all dates in Quarter1.
XlDynamicFilterCriteria,Enumeration,xlFilterAllDatesInPeriodQuarter2,18,Filter all dates in Quarter2.
XlDynamicFilterCriteria,Enumeration,xlFilterAllDatesInPeriodQuarter3,19,Filter all dates in Quarter3.
XlDynamicFilterCriteria,Enumeration,xlFilterAllDatesInPeriodQuarter4,20,Filter all dates in Quarter4.
XlDynamicFilterCriteria,Enumeration,xlFilterAllDatesInPeriodJanuary,21,Filter all dates in January.
XlDynamicFilterCriteria,Enumeration,xlFilterAllDatesInPeriodFebruray,22,
XlDynamicFilterCriteria,Enumeration,xlFilterAllDatesInPeriodMarch,23,Filter all dates in March.
XlDynamicFilterCriteria,Enumeration,xlFilterAllDatesInPeriodApril,24,Filter all dates in April.
XlDynamicFilterCriteria,Enumeration,xlFilterAllDatesInPeriodMay,25,Filter all dates in May.
XlDynamicFilterCriteria,Enumeration,xlFilterAllDatesInPeriodJune,26,Filter all dates in June.
XlDynamicFilterCriteria,Enumeration,xlFilterAllDatesInPeriodJuly,27,Filter all dates in July.
XlDynamicFilterCriteria,Enumeration,xlFilterAllDatesInPeriodAugust,28,Filter all dates in August.
XlDynamicFilterCriteria,Enumeration,xlFilterAllDatesInPeriodSeptember,29,Filter all dates in September.
XlDynamicFilterCriteria,Enumeration,xlFilterAllDatesInPeriodOctober,30,Filter all dates in October.
XlDynamicFilterCriteria,Enumeration,xlFilterAllDatesInPeriodNovember,31,Filter all dates in November.
XlDynamicFilterCriteria,Enumeration,xlFilterAllDatesInPeriodDecember,32,Filter all dates in December.
XlDynamicFilterCriteria,Enumeration,xlFilterAboveAverage,33,Filter all above-average values.
XlDynamicFilterCriteria,Enumeration,xlFilterBelowAverage,34,Filter all below-average values.
XlEditionFormat,Enumeration,xlBIFF,2,Binary Interchange file format.
XlEditionFormat,Enumeration,xlPICT,1,Metafile picture structure (.wmf).
XlEditionFormat,Enumeration,xlRTF,4,Rich Text Format (.rtf).
XlEditionFormat,Enumeration,xlVALU,8,VALU.
XlEditionOptionsOption,Enumeration,xlAutomaticUpdate,4,Automatic update.
XlEditionOptionsOption,Enumeration,xlCancel,1,Cancel.
XlEditionOptionsOption,Enumeration,xlChangeAttributes,6,Change attributes.
XlEditionOptionsOption,Enumeration,xlManualUpdate,5,Manual update.
XlEditionOptionsOption,Enumeration,xlOpenSource,3,Open source.
XlEditionOptionsOption,Enumeration,xlSelect,3,Select.
XlEditionOptionsOption,Enumeration,xlSendPublisher,2,Send to Microsoft Publisher.
XlEditionOptionsOption,Enumeration,xlUpdateSubscriber,2,Update subscriber.
XlEditionType,Enumeration,xlPublisher,1,Publisher
XlEditionType,Enumeration,xlSubscriber,2,Subscriber
XlEnableCancelKey,Enumeration,xlDisabled,0,Cancel key trapping is completely disabled.
XlEnableCancelKey,Enumeration,xlErrorHandler,2,"The interrupt is sent to the running procedure as an error, trappable by an error handler set up with an On Error GoTo statement. The trappable error code is 18."
XlEnableCancelKey,Enumeration,xlInterrupt,1,"The current procedure is interrupted, and the user can debug or end the procedure."
XlEnableSelection,Enumeration,xlNoRestrictions,0,Anything can be selected.
XlEnableSelection,Enumeration,xlUnlockedCells,1,Only unlocked cells can be selected.
XlEnableSelection,Enumeration,xlNoSelection,-4142,Nothing can be selected.
XlEndStyleCap,Enumeration,xlCap,1,Caps applied.
XlEndStyleCap,Enumeration,xlNoCap,2,No caps applied.
XlErrorBarDirection,Enumeration,xlX,-4168,Bars run parallel to the Y axis for X-axis values.
XlErrorBarDirection,Enumeration,xlY,1,Bars run parallel to the X axis for Y-axis values.
XlErrorBarInclude,Enumeration,xlErrorBarIncludeBoth,1,Both positive and negative error range.
XlErrorBarInclude,Enumeration,xlErrorBarIncludeMinusValues,3,Only negative error range.
XlErrorBarInclude,Enumeration,xlErrorBarIncludeNone,-4142,No error bar range.
XlErrorBarInclude,Enumeration,xlErrorBarIncludePlusValues,2,Only positive error range.
XlErrorBarType,Enumeration,xlErrorBarTypeCustom,-4114,Range is set by fixed values or cell values.
XlErrorBarType,Enumeration,xlErrorBarTypeFixedValue,1,Fixed-length error bars.
XlErrorBarType,Enumeration,xlErrorBarTypePercent,2,Percentage of range to be covered by the error bars.
XlErrorBarType,Enumeration,xlErrorBarTypeStDev,-4155,Shows range for specified number of standard deviations.
XlErrorBarType,Enumeration,xlErrorBarTypeStError,4,Shows standard error range.
XlErrorChecks,Enumeration,xlEvaluateToError,1,The cell evaluates to an error value.
XlErrorChecks,Enumeration,xlTextDate,2,Date entered as text.
XlErrorChecks,Enumeration,xlNumberAsText,3,Number entered as text.
XlErrorChecks,Enumeration,xlInconsistentFormula,4,The cell contains an inconsistent formula for a region.
XlErrorChecks,Enumeration,xlOmittedCells,5,Cells omitted.
XlErrorChecks,Enumeration,xlUnlockedFormulaCells,6,Formula cells are unlocked.
XlErrorChecks,Enumeration,xlEmptyCellReferences,7,The cell contains a formula referring to empty cells.
XlErrorChecks,Enumeration,xlListDataValidation,8,Data in the list contains a validation error.
XlErrorChecks,Enumeration,xlInconsistentListFormula,9,The cell contains an inconsistent formula for a list.
XlErrorChecks,Enumeration,xlMisleadingFormat,10,
XlErrorChecks,Enumeration,xlOutdatedLinkedDataType,11,
XlErrorChecks,Enumeration,xlStaleValue,12,The cell contains an uncalculated formula.
XlFileAccess,Enumeration,xlReadOnly,3,Read-only
XlFileAccess,Enumeration,xlReadWrite,2,Read/write
XlFileFormat,Enumeration,xlAddIn,18,Microsoft Excel 97-2003 Add-In
XlFileFormat,Enumeration,xlCSV,6,CSV
XlFileFormat,Enumeration,xlCSVMac,22,Macintosh CSV
XlFileFormat,Enumeration,xlCSVMSDOS,24,MSDOS CSV
XlFileFormat,Enumeration,xlCSVWindows,23,Windows CSV
XlFileFormat,Enumeration,xlDBF2,7,Dbase 2 format
XlFileFormat,Enumeration,xlDBF3,8,Dbase 3 format
XlFileFormat,Enumeration,xlDBF4,11,Dbase 4 format
XlFileFormat,Enumeration,xlDIF,9,Data Interchange format
XlFileFormat,Enumeration,xlExcel2,16,Excel version 2.0 (1987)
XlFileFormat,Enumeration,xlExcel2FarEast,27,Excel version 2.0 Asia (1987)
XlFileFormat,Enumeration,xlExcel3,29,Excel version 3.0 (1990)
XlFileFormat,Enumeration,xlExcel4,33,Excel version 4.0 (1992)
XlFileFormat,Enumeration,xlExcel5,39,Excel version 5.0 (1994)
XlFileFormat,Enumeration,xlExcel7,39,Excel 95 (version 7.0)
XlFileFormat,Enumeration,xlExcel9795,43,Excel version 95 and 97
XlFileFormat,Enumeration,xlExcel4Workbook,35,Excel version 4.0. Workbook format (1992)
XlFileFormat,Enumeration,xlIntlAddIn,26,International Add-In
XlFileFormat,Enumeration,xlIntlMacro,25,International Macro
XlFileFormat,Enumeration,xlWorkbookNormal,-4143,Workbook normal
XlFileFormat,Enumeration,xlSYLK,2,Symbolic Link format
XlFileFormat,Enumeration,xlTemplate,17,Excel Template format
XlFileFormat,Enumeration,xlCurrentPlatformText,-4158,Current Platform Text
XlFileFormat,Enumeration,xlTextMac,19,Macintosh Text
XlFileFormat,Enumeration,xlTextMSDOS,21,MSDOS Text
XlFileFormat,Enumeration,xlTextPrinter,36,Printer Text
XlFileFormat,Enumeration,xlTextWindows,20,Windows Text
XlFileFormat,Enumeration,xlWJ2WD1,14,Japanese 1-2-3
XlFileFormat,Enumeration,xlWK1,5,Lotus 1-2-3 format
XlFileFormat,Enumeration,xlWK1ALL,31,Lotus 1-2-3 format
XlFileFormat,Enumeration,xlWK1FMT,30,Lotus 1-2-3 format
XlFileFormat,Enumeration,xlWK3,15,Lotus 1-2-3 format
XlFileFormat,Enumeration,xlWK4,38,Lotus 1-2-3 format
XlFileFormat,Enumeration,xlWK3FM3,32,Lotus 1-2-3 format
XlFileFormat,Enumeration,xlWKS,4,Lotus 1-2-3 format
XlFileFormat,Enumeration,xlWorks2FarEast,28,Microsoft Works 2.0 Asian format
XlFileFormat,Enumeration,xlWQ1,34,Quattro Pro format
XlFileFormat,Enumeration,xlWJ3,40,Japanese 1-2-3
XlFileFormat,Enumeration,xlWJ3FJ3,41,Japanese 1-2-3 format
XlFileFormat,Enumeration,xlUnicodeText,42,Unicode Text
XlFileFormat,Enumeration,xlHtml,44,HTML format
XlFileFormat,Enumeration,xlWebArchive,45,Web Archive
XlFileFormat,Enumeration,xlXMLSpreadsheet,46,XML Spreadsheet
XlFileFormat,Enumeration,xlExcel12,50,Excel Binary Workbook
XlFileFormat,Enumeration,xlOpenXMLWorkbook,51,Open XML Workbook
XlFileFormat,Enumeration,xlOpenXMLWorkbookMacroEnabled,52,Open XML Workbook Macro Enabled
XlFileFormat,Enumeration,xlOpenXMLTemplateMacroEnabled,53,Open XML Template Macro Enabled
XlFileFormat,Enumeration,xlTemplate8,17,Template 8
XlFileFormat,Enumeration,xlOpenXMLTemplate,54,Open XML Template
XlFileFormat,Enumeration,xlAddIn8,18,Microsoft Excel 97-2003 Add-In
XlFileFormat,Enumeration,xlOpenXMLAddIn,55,Open XML Add-In
XlFileFormat,Enumeration,xlExcel8,56,Excel 97-2003 Workbook
XlFileFormat,Enumeration,xlOpenDocumentSpreadsheet,60,OpenDocument Spreadsheet
XlFileFormat,Enumeration,xlOpenXMLStrictWorkbook,61,Strict Open XML file
XlFileFormat,Enumeration,xlCSVUTF8,62,UTF8 CSV
XlFileFormat,Enumeration,xlWorkbookDefault,51,Workbook default
XlFileValidationPivotMode,Enumeration,xlFileValidationPivotDefault,0,Validate the contents of data caches as specified by the PivotOptions registry setting (default).
XlFileValidationPivotMode,Enumeration,xlFileValidationPivotRun,1,Validate the contents of all data caches regardless of the registry setting.
XlFileValidationPivotMode,Enumeration,xlFileValidationPivotSkip,2,Do not validate the contents of data caches.
XlFillWith,Enumeration,xlFillWithAll,-4104,Copy contents and formats.
XlFillWith,Enumeration,xlFillWithContents,2,Copy contents only.
XlFillWith,Enumeration,xlFillWithFormats,-4122,Copy formats only.
XlFilterAction,Enumeration,xlFilterCopy,2,Copy filtered data to new location.
XlFilterAction,Enumeration,xlFilterInPlace,1,Leave data in place.
XlFilterAllDatesInPeriod,Enumeration,xlFilterAllDatesInPeriodYear,0,Filter all dates for the specified year.
XlFilterAllDatesInPeriod,Enumeration,xlFilterAllDatesInPeriodMonth,1,Filter all dates for the specified month.
XlFilterAllDatesInPeriod,Enumeration,xlFilterAllDatesInPeriodDay,2,Filter all dates for the specified date.
XlFilterAllDatesInPeriod,Enumeration,xlFilterAllDatesInPeriodHour,3,Filter all dates for the specified hour.
XlFilterAllDatesInPeriod,Enumeration,xlFilterAllDatesInPeriodMinute,4,Filter all dates until the specified minute.
XlFilterAllDatesInPeriod,Enumeration,xlFilterAllDatesInPeriodSecond,5,Filter all dates until the specified second.
XlFilterStatus,Enumeration,xlFilterStatusOK,0,Signifies OK or successful.
XlFilterStatus,Enumeration,xlFilterStatusDateWrongOrder,1,SetFilterDateRange(?): StartDate > EndDate
XlFilterStatus,Enumeration,xlFilterStatusDateHasTime,2,SetFilterDateRange(?): StartDate or EndDate have a time portion.
XlFilterStatus,Enumeration,xlFilterStatusInvalidDate,3,SetFilterDateRange(?): StartDate or EndDate are not valid dates.
XlFindLookIn,Enumeration,xlFormulas,-4123,Formulas
XlFindLookIn,Enumeration,xlComments,-4144,Comments
XlFindLookIn,Enumeration,xlValues,-4163,Values
XlFindLookIn,Enumeration,xlCommentsThreaded,-4184,Threaded comments
XlFindLookIn,Enumeration,xlFormulas2,-4185,
XlFixedFormatQuality,Enumeration,xlQualityStandard,0,Standard quality
XlFixedFormatQuality,Enumeration,xlQualityMinimum,1,Minimum quality
XlFixedFormatType,Enumeration,xlTypePDF,0,"""PDF"" - Portable Document Format file (.pdf)"
XlFixedFormatType,Enumeration,xlTypeXPS,1,"""XPS"" - XPS Document (.xps)"
XlForecastAggregation,Enumeration,xlForecastAggregationAverage,1,
XlForecastAggregation,Enumeration,xlForecastAggregationCount,2,
XlForecastAggregation,Enumeration,xlForecastAggregationCountA,3,
XlForecastAggregation,Enumeration,xlForecastAggregationMax,4,
XlForecastAggregation,Enumeration,xlForecastAggregationMedian,5,
XlForecastAggregation,Enumeration,xlForecastAggregationMin,6,
XlForecastAggregation,Enumeration,xlForecastAggregationSum,7,
XlForecastChartType,Enumeration,xlForecastChartTypeLine,0,
XlForecastChartType,Enumeration,xlForecastChartTypeColumn,1,
XlForecastDataCompletion,Enumeration,xlForecastDataCompletionZeros,0,
XlForecastDataCompletion,Enumeration,xlForecastDataCompletionInterpolate,1,
XlFormatConditionOperator,Enumeration,xlBetween,1,Between. Can be used only if two formulas are provided.
XlFormatConditionOperator,Enumeration,xlNotBetween,2,Not between. Can be used only if two formulas are provided.
XlFormatConditionOperator,Enumeration,xlEqual,3,Equal.
XlFormatConditionOperator,Enumeration,xlNotEqual,4,Not equal.
XlFormatConditionOperator,Enumeration,xlGreater,5,Greater than.
XlFormatConditionOperator,Enumeration,xlLess,6,Less than.
XlFormatConditionOperator,Enumeration,xlGreaterEqual,7,Greater than or equal to.
XlFormatConditionOperator,Enumeration,xlLessEqual,8,Less than or equal to.
XlFormatConditionType,Enumeration,xlCellValue,1,Cell value
XlFormatConditionType,Enumeration,xlExpression,2,Expression
XlFormatConditionType,Enumeration,xlColorScale,3,Color scale
XlFormatConditionType,Enumeration,xlDatabar,4,DataBar
XlFormatConditionType,Enumeration,xlTop10,5,Top 10 values
XlFormatConditionType,Enumeration,xlIconSets,6,
XlFormatConditionType,Enumeration,xlUniqueValues,8,Unique values
XlFormatConditionType,Enumeration,xlTextString,9,Text string
XlFormatConditionType,Enumeration,xlBlanksCondition,10,Blanks condition
XlFormatConditionType,Enumeration,xlTimePeriod,11,Time period
XlFormatConditionType,Enumeration,xlAboveAverageCondition,12,Above average condition
XlFormatConditionType,Enumeration,xlNoBlanksCondition,13,No blanks condition
XlFormatConditionType,Enumeration,xlErrorsCondition,16,Errors condition
XlFormatConditionType,Enumeration,xlNoErrorsCondition,17,No errors condition
XlFormatFilterTypes,Enumeration,xlFilterBottom,0,
XlFormatFilterTypes,Enumeration,xlFilterTop,1,
XlFormatFilterTypes,Enumeration,xlFilterBottomPercent,2,
XlFormatFilterTypes,Enumeration,xlFilterTopPercent,3,
XlFormControl,Enumeration,xlButtonControl,0,Button.
XlFormControl,Enumeration,xlCheckBox,1,Check box.
XlFormControl,Enumeration,xlDropDown,2,Combo box.
XlFormControl,Enumeration,xlEditBox,3,Text box.
XlFormControl,Enumeration,xlGroupBox,4,Group box.
XlFormControl,Enumeration,xlLabel,5,Label.
XlFormControl,Enumeration,xlListBox,6,List box.
XlFormControl,Enumeration,xlOptionButton,7,Option button.
XlFormControl,Enumeration,xlScrollBar,8,Scroll bar.
XlFormControl,Enumeration,xlSpinner,9,Spinner.
XlFormulaLabel,Enumeration,xlNoLabels,-4142,No labels.
XlFormulaLabel,Enumeration,xlRowLabels,1,Row labels only.
XlFormulaLabel,Enumeration,xlColumnLabels,2,Column labels only.
XlFormulaLabel,Enumeration,xlMixedLabels,3,Row and column labels.
XlFormulaVersion,Enumeration,xlReplaceFormula,0,
XlFormulaVersion,Enumeration,xlReplaceFormula2,1,
XlGenerateTableRefs,Enumeration,xlGenerateTableRefA1,0,
XlGenerateTableRefs,Enumeration,xlGenerateTableRefStruct,1,
XlGeoMappingLevel,Enumeration,xlGeoMappingLevelAutomatic,0,Use highest resolution mapping level.
XlGeoMappingLevel,Enumeration,xlGeoMappingLevelDataOnly,1,Only map regions with data.
XlGeoMappingLevel,Enumeration,xlGeoMappingLevelPostalCode,2,Map by postcode.
XlGeoMappingLevel,Enumeration,xlGeoMappingLevelCounty,3,Map by county.
XlGeoMappingLevel,Enumeration,xlGeoMappingLevelState,4,Map by state.
XlGeoMappingLevel,Enumeration,xlGeoMappingLevelCountryRegion,5,Map by country.
XlGeoMappingLevel,Enumeration,xlGeoMappingLevelCountryRegionList,6,Map by region (group of countries).
XlGeoMappingLevel,Enumeration,xlGeoMappingLevelWorld,7,Map the whole world.
XlGeoProjectionType,Enumeration,xlGeoProjectionTypeAutomatic,0,Heuristically choose best map projection.
XlGeoProjectionType,Enumeration,xlGeoProjectionTypeMercator,1,Use the Mercator map projection.
XlGeoProjectionType,Enumeration,xlGeoProjectionTypeMiller,2,Use the Miller map projection.
XlGeoProjectionType,Enumeration,xlGeoProjectionTypeAlbers,3,Use the Albers map projection.
XlGeoProjectionType,Enumeration,xlGeoProjectionTypeRobinson,4,Use the Robinson map projection.
XlGradientFillType,Enumeration,xlGradientFillLinear,0,
XlGradientFillType,Enumeration,xlGradientFillPath,1,
XlGradientStopPositionType,Enumeration,xlGradientStopPositionTypeExtremeValue,0,
XlGradientStopPositionType,Enumeration,xlGradientStopPositionTypeNumber,1,
XlGradientStopPositionType,Enumeration,xlGradientStopPositionTypePercent,2,
XlHAlign,Enumeration,xlHAlignCenter,-4108,Center.
XlHAlign,Enumeration,xlHAlignCenterAcrossSelection,7,Center across selection.
XlHAlign,Enumeration,xlHAlignDistributed,-4117,Distribute.
XlHAlign,Enumeration,xlHAlignFill,5,Fill.
XlHAlign,Enumeration,xlHAlignGeneral,1,Align according to data type.
XlHAlign,Enumeration,xlHAlignJustify,-4130,Justify.
XlHAlign,Enumeration,xlHAlignLeft,-4131,Left.
XlHAlign,Enumeration,xlHAlignRight,-4152,Right.
XlHebrewModes,Enumeration,xlHebrewFullScript,0,The conventional script type as required by the Hebrew Language Academy when writing text without diacritics.
XlHebrewModes,Enumeration,xlHebrewPartialScript,1,In this mode the speller accepts words both in Full Script and Partial Script. Some words will be flagged since this spelling is not authorized in either Full script or Partial script.
XlHebrewModes,Enumeration,xlHebrewMixedScript,2,"In this mode the speller accepts any word recognized as Hebrew, whether in Full Script, Partial Script, or any unconventional spelling variation that is known to the speller."
XlHebrewModes,Enumeration,xlHebrewMixedAuthorizedScript,3,The Hebrew traditional script.
XlHighlightChangesTime,Enumeration,xlSinceMyLastSave,1,Show changes made since last save by last user.
XlHighlightChangesTime,Enumeration,xlAllChanges,2,Show all changes.
XlHighlightChangesTime,Enumeration,xlNotYetReviewed,3,Show only changes not yet reviewed.
XlHtmlType,Enumeration,xlHtmlStatic,0,Use static (noninteractive) HTML for viewing only.
XlHtmlType,Enumeration,xlHtmlCalc,1,Use the Spreadsheet component. Deprecated.
XlHtmlType,Enumeration,xlHtmlList,2,Use the PivotTable component. Deprecated.
XlHtmlType,Enumeration,xlHtmlChart,3,Use the Chart component. Deprecated.
XlIcon,Enumeration,xlIconNoCellIcon,-1,No Cell Icon
XlIcon,Enumeration,xlIconGreenUpArrow,1,Green Up Arrow
XlIcon,Enumeration,xlIconYellowSideArrow,2,Yellow Side Arrow
XlIcon,Enumeration,xlIconRedDownArrow,3,Red Down Arrow
XlIcon,Enumeration,xlIconGrayUpArrow,4,Gray Up Arrow
XlIcon,Enumeration,xlIconGraySideArrow,5,Gray Side Arrow
XlIcon,Enumeration,xlIconGrayDownArrow,6,Gray Down Arrow
XlIcon,Enumeration,xlIconGreenFlag,7,Green Flag
XlIcon,Enumeration,xlIconYellowFlag,8,Yellow Flag
XlIcon,Enumeration,xlIconRedFlag,9,Red Flag
XlIcon,Enumeration,xlIconGreenCircle,10,Green Circle
XlIcon,Enumeration,xlIconYellowCircle,11,Yellow Circle
XlIcon,Enumeration,xlIconRedCircleWithBorder,12,Red Circle With Border
XlIcon,Enumeration,xlIconBlackCircleWithBorder,13,Black Circle With Border
XlIcon,Enumeration,xlIconGreenTrafficLight,14,Green Traffic Light
XlIcon,Enumeration,xlIconYellowTrafficLight,15,Yellow Traffic Light
XlIcon,Enumeration,xlIconRedTrafficLight,16,Red Traffic Light
XlIcon,Enumeration,xlIconYellowTriangle,17,Yellow Triangle
XlIcon,Enumeration,xlIconRedDiamond,18,Red Diamond
XlIcon,Enumeration,xlIconGreenCheckSymbol,19,Green Check Symbol
XlIcon,Enumeration,xlIconYellowExclamationSymbol,20,Yellow Exclamation Symbol
XlIcon,Enumeration,xlIconRedCrossSymbol,21,Red Cross Symbol
XlIcon,Enumeration,xlIconGreenCheck,22,Green Check
XlIcon,Enumeration,xlIconYellowExclamation,23,Yellow Exclamation
XlIcon,Enumeration,xlIconRedCross,24,Red Cross
XlIcon,Enumeration,xlIconYellowUpInclineArrow,25,Yellow Up Incline Arrow
XlIcon,Enumeration,xlIconYellowDownInclineArrow,26,Yellow Down Incline Arrow
XlIcon,Enumeration,xlIconGrayUpInclineArrow,27,Gray Up Incline Arrow
XlIcon,Enumeration,xlIconGrayDownInclineArrow,28,Gray Down Incline Arrow
XlIcon,Enumeration,xlIconRedCircle,29,Red Circle
XlIcon,Enumeration,xlIconPinkCircle,30,Pink Circle
XlIcon,Enumeration,xlIconGrayCircle,31,Gray Circle
XlIcon,Enumeration,xlIconBlackCircle,32,Black Circle
XlIcon,Enumeration,xlIconCircleWithOneWhiteQuarter,33,Circle With One White Quarter
XlIcon,Enumeration,xlIconCircleWithTwoWhiteQuarters,34,Circle With Two White Quarters
XlIcon,Enumeration,xlIconCircleWithThreeWhiteQuarters,35,Circle With Three White Quarters
XlIcon,Enumeration,xlIconWhiteCircleAllWhiteQuarters,36,White Circle (All White Quarters)
XlIcon,Enumeration,xlIcon0Bars,37,Signal Meter With No Filled Bars
XlIcon,Enumeration,xlIcon1Bar,38,Signal Meter With One Filled Bar
XlIcon,Enumeration,xlIcon2Bars,39,Signal Meter With Two Filled Bars
XlIcon,Enumeration,xlIcon3Bars,40,Signal Meter With Three Filled Bars
XlIcon,Enumeration,xlIcon4Bars,41,Signal Meter With Four Filled Bars
XlIcon,Enumeration,xlIconGoldStar,42,Gold Star
XlIcon,Enumeration,xlIconHalfGoldStar,43,Half Gold Star
XlIcon,Enumeration,xlIconSilverStar,44,Silver Star
XlIcon,Enumeration,xlIconGreenUpTriangle,45,Green Up Triangle
XlIcon,Enumeration,xlIconYellowDash,46,Yellow Dash
XlIcon,Enumeration,xlIconRedDownTriangle,47,Red Down Triangle
XlIcon,Enumeration,xlIcon4FilledBoxes,48,4 Filled Boxes
XlIcon,Enumeration,xlIcon3FilledBoxes,49,3 Filled Boxes
XlIcon,Enumeration,xlIcon2FilledBoxes,50,2 Filled Boxes
XlIcon,Enumeration,xlIcon1FilledBox,51,1 Filled Boxes
XlIcon,Enumeration,xlIcon0FilledBoxes,52,0 Filled Boxes
XlIconSet,Enumeration,xlCustomSet,-1,
XlIconSet,Enumeration,xl3Arrows,1,3 Arrows
XlIconSet,Enumeration,xl3ArrowsGray,2,3 Arrows Gray
XlIconSet,Enumeration,xl3Flags,3,3 Flags
XlIconSet,Enumeration,xl3TrafficLights1,4,3 Traffic Lights 1
XlIconSet,Enumeration,xl3TrafficLights2,5,3 Traffic Lights 2
XlIconSet,Enumeration,xl3Signs,6,3 Signs
XlIconSet,Enumeration,xl3Symbols,7,3 Symbols
XlIconSet,Enumeration,xl3Symbols2,8,
XlIconSet,Enumeration,xl4Arrows,9,4 Arrows
XlIconSet,Enumeration,xl4ArrowsGray,10,4 Arrows Gray
XlIconSet,Enumeration,xl4RedToBlack,11,4 Red To Black
XlIconSet,Enumeration,xl4CRV,12,4 CRV
XlIconSet,Enumeration,xl4TrafficLights,13,4 Traffic Lights
XlIconSet,Enumeration,xl5Arrows,14,5 Arrows
XlIconSet,Enumeration,xl5ArrowsGray,15,5 Arrows Gray
XlIconSet,Enumeration,xl5CRV,16,5 CRV
XlIconSet,Enumeration,xl5Quarters,17,5 Quarters
XlIconSet,Enumeration,xl3Stars,18,
XlIconSet,Enumeration,xl3Triangles,19,
XlIconSet,Enumeration,xl5Boxes,20,
XlIMEMode,Enumeration,xlIMEModeNoControl,0,No control.
XlIMEMode,Enumeration,xlIMEModeOn,1,Mode on.
XlIMEMode,Enumeration,xlIMEModeOff,2,Off (English mode).
XlIMEMode,Enumeration,xlIMEModeDisable,3,Disable.
XlIMEMode,Enumeration,xlIMEModeHiragana,4,Hiragana.
XlIMEMode,Enumeration,xlIMEModeKatakana,5,Katakana.
XlIMEMode,Enumeration,xlIMEModeKatakanaHalf,6,Half-width Katakana.
XlIMEMode,Enumeration,xlIMEModeAlphaFull,7,Full-width alphanumeric.
XlIMEMode,Enumeration,xlIMEModeAlpha,8,Half-width alphanumeric.
XlIMEMode,Enumeration,xlIMEModeHangulFull,9,Full-width Hangul.
XlIMEMode,Enumeration,xlIMEModeHangul,10,Hangul.
XlImportDataAs,Enumeration,xlQueryTable,0,Returns the data as a QueryTable.
XlImportDataAs,Enumeration,xlPivotTableReport,1,Returns the data as a PivotTable.
XlImportDataAs,Enumeration,xlTable,2,
XlInsertFormatOrigin,Enumeration,xlFormatFromLeftOrAbove,0,Copy the format from cells above and/or to the left.
XlInsertFormatOrigin,Enumeration,xlFormatFromRightOrBelow,1,Copy the format from cells below and/or to the right.
XlInsertShiftDirection,Enumeration,xlShiftDown,-4121,Shift cells down.
XlInsertShiftDirection,Enumeration,xlShiftToRight,-4161,Shift cells to the right.
XlLayoutFormType,Enumeration,xlTabular,0,Default.
XlLayoutFormType,Enumeration,xlOutline,1,The LayoutSubtotalLocation property specifies where the subtotal appears in the PivotTable report.
XlLayoutRowType,Enumeration,xlCompactRow,0,Compact Row
XlLayoutRowType,Enumeration,xlTabularRow,1,Tabular Row
XlLayoutRowType,Enumeration,xlOutlineRow,2,Outline Row
XlLegendPosition,Enumeration,xlLegendPositionBottom,-4107,Below the chart.
XlLegendPosition,Enumeration,xlLegendPositionCorner,2,In the upper-right corner of the chart border.
XlLegendPosition,Enumeration,xlLegendPositionLeft,-4131,Left of the chart.
XlLegendPosition,Enumeration,xlLegendPositionRight,-4152,Right of the chart.
XlLegendPosition,Enumeration,xlLegendPositionTop,-4160,Above the chart.
XlLegendPosition,Enumeration,xlLegendPositionCustom,-4161,A custom position.
XlLineStyle,Enumeration,xlContinuous,1,Continuous line.
XlLineStyle,Enumeration,xlDash,-4115,Dashed line.
XlLineStyle,Enumeration,xlDashDot,4,Alternating dashes and dots.
XlLineStyle,Enumeration,xlDashDotDot,5,Dash followed by two dots.
XlLineStyle,Enumeration,xlDot,-4118,Dotted line.
XlLineStyle,Enumeration,xlDouble,-4119,Double line.
XlLineStyle,Enumeration,xlSlantDashDot,13,Slanted dashes.
XlLineStyle,Enumeration,xlLineStyleNone,-4142,No line.
XlLink,Enumeration,xlExcelLinks,1,The link is to an Excel worksheet.
XlLink,Enumeration,xlOLELinks,2,The link is to an OLE source.
XlLink,Enumeration,xlPublishers,5,Macintosh only.
XlLink,Enumeration,xlSubscribers,6,Macintosh only.
XlLinkedDataTypeState,Enumeration,xlLinkedDataTypeStateNone,0,The cell does not contain any Linked data types.
XlLinkedDataTypeState,Enumeration,xlLinkedDataTypeStateValidLinkedData,1,The cell contains a Linked data type.
XlLinkedDataTypeState,Enumeration,xlLinkedDataTypeStateDisambiguationNeeded,2,"The cell needs to be disambiguated by the user before a Linked data type can be inserted. For example, if the user types ""New York"" into a cell and attempts to convert it to a ""Geography"" data type, they may need to select whether they meant New York State or New York City. Until they do so, the cell will be in this state."
XlLinkedDataTypeState,Enumeration,xlLinkedDataTypeStateBrokenLinkedData,3,"There is a valid Linked data type in the cell, but entity no longer exists on the service."
XlLinkedDataTypeState,Enumeration,xlLinkedDataTypeStateFetchingData,4,The Linked data type in the cell is in the middle of refreshing new data from the service.
XlLinkInfo,Enumeration,xlEditionDate,2,Applies only to editions in the Macintosh operating system.
XlLinkInfo,Enumeration,xlUpdateState,1,Specifies whether the link updates automatically or manually.
XlLinkInfo,Enumeration,xlLinkInfoStatus,3,Returns the link status.
XlLinkInfoType,Enumeration,xlLinkInfoOLELinks,2,OLE or DDE server
XlLinkInfoType,Enumeration,xlLinkInfoPublishers,5,Publisher
XlLinkInfoType,Enumeration,xlLinkInfoSubscribers,6,Subscriber
XlLinkStatus,Enumeration,xlLinkStatusOK,0,No errors.
XlLinkStatus,Enumeration,xlLinkStatusMissingFile,1,File missing.
XlLinkStatus,Enumeration,xlLinkStatusMissingSheet,2,Sheet missing.
XlLinkStatus,Enumeration,xlLinkStatusOld,3,Status may be out of date.
XlLinkStatus,Enumeration,xlLinkStatusSourceNotCalculated,4,Not yet calculated.
XlLinkStatus,Enumeration,xlLinkStatusIndeterminate,5,Unable to determine status.
XlLinkStatus,Enumeration,xlLinkStatusNotStarted,6,Not started.
XlLinkStatus,Enumeration,xlLinkStatusInvalidName,7,Invalid name.
XlLinkStatus,Enumeration,xlLinkStatusSourceNotOpen,8,Not open.
XlLinkStatus,Enumeration,xlLinkStatusSourceOpen,9,Source document is open.
XlLinkStatus,Enumeration,xlLinkStatusCopiedValues,10,Copied values.
XlLinkType,Enumeration,xlLinkTypeExcelLinks,1,A link to a Microsoft Excel source.
XlLinkType,Enumeration,xlLinkTypeOLELinks,2,A link to an OLE source.
XlListConflict,Enumeration,xlListConflictDialog,0,Display a dialog box that allows the user to choose how to resolve conflicts.
XlListConflict,Enumeration,xlListConflictRetryAllConflicts,1,Overwrite the version of the data stored on the SharePoint site.
XlListConflict,Enumeration,xlListConflictDiscardAllConflicts,2,Accept the version of the data stored on the SharePoint site.
XlListConflict,Enumeration,xlListConflictError,3,Raise an error if a conflict occurs.
XlListDataType,Enumeration,xlListDataTypeNone,0,Type not specified.
XlListDataType,Enumeration,xlListDataTypeText,1,Plain text.
XlListDataType,Enumeration,xlListDataTypeMultiLineText,2,Plain text with multiple lines.
XlListDataType,Enumeration,xlListDataTypeNumber,3,Numerical.
XlListDataType,Enumeration,xlListDataTypeCurrency,4,Currency.
XlListDataType,Enumeration,xlListDataTypeDateTime,5,Date/time.
XlListDataType,Enumeration,xlListDataTypeChoice,6,Single-choice field.
XlListDataType,Enumeration,xlListDataTypeChoiceMulti,7,Multiple-choice field.
XlListDataType,Enumeration,xlListDataTypeListLookup,8,Lookup list.
XlListDataType,Enumeration,xlListDataTypeCheckbox,9,Check box.
XlListDataType,Enumeration,xlListDataTypeHyperLink,10,Hyperlink.
XlListDataType,Enumeration,xlListDataTypeCounter,11,Counter.
XlListDataType,Enumeration,xlListDataTypeMultiLineRichText,12,Rich text format with multiple lines.
XlListObjectSourceType,Enumeration,xlSrcExternal,0,External data source (Microsoft SharePoint Foundation site).
XlListObjectSourceType,Enumeration,xlSrcRange,1,Range
XlListObjectSourceType,Enumeration,xlSrcXml,2,XML
XlListObjectSourceType,Enumeration,xlSrcQuery,3,Query
XlListObjectSourceType,Enumeration,xlSrcModel,4,PowerPivot Model
XlLocationInTable,Enumeration,xlColumnHeader,-4110,Column header
XlLocationInTable,Enumeration,xlColumnItem,5,Column item
XlLocationInTable,Enumeration,xlDataHeader,3,Data header
XlLocationInTable,Enumeration,xlDataItem,7,Data item
XlLocationInTable,Enumeration,xlPageHeader,2,Page header
XlLocationInTable,Enumeration,xlPageItem,6,Page item
XlLocationInTable,Enumeration,xlRowHeader,-4153,Row header
XlLocationInTable,Enumeration,xlRowItem,4,Row item
XlLocationInTable,Enumeration,xlTableBody,8,Table body
XlLookAt,Enumeration,xlPart,2,Match against any part of the search text.
XlLookAt,Enumeration,xlWhole,1,Match against the whole of the search text.
XlLookFor,Enumeration,xlLookForBlanks,0,
XlLookFor,Enumeration,xlLookForErrors,1,
XlLookFor,Enumeration,xlLookForFormulas,2,
XlMailSystem,Enumeration,xlMAPI,1,MAPI-complaint system
XlMailSystem,Enumeration,xlNoMailSystem,0,No mail system
XlMailSystem,Enumeration,xlPowerTalk,2,PowerTalk mail system
XlMarkerStyle,Enumeration,xlMarkerStyleAutomatic,-4105,Automatic markers
XlMarkerStyle,Enumeration,xlMarkerStyleCircle,8,Circular markers
XlMarkerStyle,Enumeration,xlMarkerStyleDash,-4115,Long bar markers
XlMarkerStyle,Enumeration,xlMarkerStyleDiamond,2,Diamond-shaped markers
XlMarkerStyle,Enumeration,xlMarkerStyleDot,-4118,Short bar markers
XlMarkerStyle,Enumeration,xlMarkerStyleNone,-4142,No markers
XlMarkerStyle,Enumeration,xlMarkerStylePicture,-4147,Picture markers
XlMarkerStyle,Enumeration,xlMarkerStylePlus,9,Square markers with a plus sign
XlMarkerStyle,Enumeration,xlMarkerStyleSquare,1,Square markers
XlMarkerStyle,Enumeration,xlMarkerStyleStar,5,Square markers with an asterisk
XlMarkerStyle,Enumeration,xlMarkerStyleTriangle,3,Triangular markers
XlMarkerStyle,Enumeration,xlMarkerStyleX,-4168,Square markers with an X
XlMeasurementUnits,Enumeration,xlInches,0,Inches
XlMeasurementUnits,Enumeration,xlCentimeters,1,Centimeters
XlMeasurementUnits,Enumeration,xlMillimeters,2,Millimeters
XlModelChangeSource,Enumeration,xlChangeByExcel,0,Excel
XlModelChangeSource,Enumeration,xlChangeByPowerPivotAddIn,1,PowerPivot add-in
XlMouseButton,Enumeration,xlNoButton,0,No button was pressed.
XlMouseButton,Enumeration,xlPrimaryButton,1,The primary button (normally the left mouse button) was pressed.
XlMouseButton,Enumeration,xlSecondaryButton,2,The secondary button (normally the right mouse button) was pressed.
XlMousePointer,Enumeration,xlIBeam,3,The I-beam pointer.
XlMousePointer,Enumeration,xlDefault,-4143,The default pointer.
XlMousePointer,Enumeration,xlNorthwestArrow,1,The northwest-arrow pointer.
XlMousePointer,Enumeration,xlWait,2,The hourglass pointer.
XlMSApplication,Enumeration,xlMicrosoftAccess,4,Microsoft Office Access
XlMSApplication,Enumeration,xlMicrosoftFoxPro,5,Microsoft FoxPro
XlMSApplication,Enumeration,xlMicrosoftMail,3,Microsoft Office Outlook
XlMSApplication,Enumeration,xlMicrosoftPowerPoint,2,Microsoft Office PowerPoint
XlMSApplication,Enumeration,xlMicrosoftProject,6,Microsoft Office Project
XlMSApplication,Enumeration,xlMicrosoftSchedulePlus,7,Microsoft Schedule Plus
XlMSApplication,Enumeration,xlMicrosoftWord,1,Microsoft Office Word
XlOartHorizontalOverflow,Enumeration,xlOartHorizontalOverflowOverflow,0,Allow text to overflow the text frame horizontally.
XlOartHorizontalOverflow,Enumeration,xlOartHorizontalOverflowClip,1,Hide text that does not fit horizontally in the text frame.
XlOartVerticalOverflow,Enumeration,xlOartVerticalOverflowOverflow,0,"Allow text to overflow the text frame vertically (can be from the top, bottom, or both depending on the text alignment)."
XlOartVerticalOverflow,Enumeration,xlOartVerticalOverflowClip,1,Hide text that does not fit vertically within the text frame.
XlOartVerticalOverflow,Enumeration,xlOartVerticalOverflowEllipsis,2,"Hide text that does not fit vertically within the text frame, and add an ellipsis (...) at the end of the visible text."
XlObjectSize,Enumeration,xlFitToPage,2,"Print the chart as large as possible, while retaining the chart's height-to-width ratio as shown on the screen."
XlObjectSize,Enumeration,xlFullPage,3,"Print the chart to fit the page, adjusting the height-to-width ratio as necessary."
XlObjectSize,Enumeration,xlScreenSize,1,Print the chart the same size as it appears on the screen.
XlOLEType,Enumeration,xlOLEControl,2,ActiveX control
XlOLEType,Enumeration,xlOLEEmbed,1,Embedded OLE object
XlOLEType,Enumeration,xlOLELink,0,Linked OLE object
XlOLEVerb,Enumeration,xlVerbOpen,2,Open the object.
XlOLEVerb,Enumeration,xlVerbPrimary,1,Perform the primary action for the server.
XlOrder,Enumeration,xlDownThenOver,1,Process down the rows before processing across pages or page fields to the right.
XlOrder,Enumeration,xlOverThenDown,2,Process across pages or page fields to the right before moving down the rows.
XlOrientation,Enumeration,xlDownward,-4170,Text runs downward.
XlOrientation,Enumeration,xlHorizontal,-4128,Text runs horizontally.
XlOrientation,Enumeration,xlUpward,-4171,Text runs upward.
XlOrientation,Enumeration,xlVertical,-4166,Text runs downward and is centered in the cell.
XlPageBreak,Enumeration,xlPageBreakAutomatic,-4105,Excel will automatically add page breaks.
XlPageBreak,Enumeration,xlPageBreakManual,-4135,Page breaks are manually inserted.
XlPageBreak,Enumeration,xlPageBreakNone,-4142,Page breaks are not inserted on the worksheet.
XlPageBreakExtent,Enumeration,xlPageBreakFull,1,Full screen.
XlPageBreakExtent,Enumeration,xlPageBreakPartial,2,Only within print area.
XlPageOrientation,Enumeration,xlLandscape,2,Landscape mode.
XlPageOrientation,Enumeration,xlPortrait,1,Portrait mode.
XlPaperSize,Enumeration,xlPaper10x14,16,10 in. x 14 in.
XlPaperSize,Enumeration,xlPaper11x17,17,11 in. x 17 in.
XlPaperSize,Enumeration,xlPaperA3,8,A3 (297 mm x 420 mm)
XlPaperSize,Enumeration,xlPaperA4,9,A4 (210 mm x 297 mm)
XlPaperSize,Enumeration,xlPaperA4Small,10,A4 Small (210 mm x 297 mm)
XlPaperSize,Enumeration,xlPaperA5,11,A5 (148 mm x 210 mm)
XlPaperSize,Enumeration,xlPaperB4,12,B4 (250 mm x 354 mm)
XlPaperSize,Enumeration,xlPaperB5,13,A5 (148 mm x 210 mm)
XlPaperSize,Enumeration,xlPaperCsheet,24,C size sheet
XlPaperSize,Enumeration,xlPaperDsheet,25,D size sheet
XlPaperSize,Enumeration,xlPaperEnvelope10,20,Envelope #10 (4-1/8 in. x 9-1/2 in.)
XlPaperSize,Enumeration,xlPaperEnvelope11,21,Envelope #11 (4-1/2 in. x 10-3/8 in.)
XlPaperSize,Enumeration,xlPaperEnvelope12,22,Envelope #12 (4-1/2 in. x 11 in.)
XlPaperSize,Enumeration,xlPaperEnvelope14,23,Envelope #14 (5 in. x 11-1/2 in.)
XlPaperSize,Enumeration,xlPaperEnvelope9,19,Envelope #9 (3-7/8 in. x 8-7/8 in.)
XlPaperSize,Enumeration,xlPaperEnvelopeB4,33,Envelope B4 (250 mm x 353 mm)
XlPaperSize,Enumeration,xlPaperEnvelopeB5,34,Envelope B5 (176 mm x 250 mm)
XlPaperSize,Enumeration,xlPaperEnvelopeB6,35,Envelope B6 (176 mm x 125 mm)
XlPaperSize,Enumeration,xlPaperEnvelopeC3,29,Envelope C3 (324 mm x 458 mm)
XlPaperSize,Enumeration,xlPaperEnvelopeC4,30,Envelope C4 (229 mm x 324 mm)
XlPaperSize,Enumeration,xlPaperEnvelopeC5,28,Envelope C5 (162 mm x 229 mm)
XlPaperSize,Enumeration,xlPaperEnvelopeC6,31,Envelope C6 (114 mm x 162 mm)
XlPaperSize,Enumeration,xlPaperEnvelopeC65,32,Envelope C65 (114 mm x 229 mm)
XlPaperSize,Enumeration,xlPaperEnvelopeDL,27,Envelope DL (110 mm x 220 mm)
XlPaperSize,Enumeration,xlPaperEnvelopeItaly,36,Envelope (110 mm x 230 mm)
XlPaperSize,Enumeration,xlPaperEnvelopeMonarch,37,Envelope Monarch (3-7/8 in. x 7-1/2 in.)
XlPaperSize,Enumeration,xlPaperEnvelopePersonal,38,Envelope (3-5/8 in. x 6-1/2 in.)
XlPaperSize,Enumeration,xlPaperEsheet,26,E size sheet
XlPaperSize,Enumeration,xlPaperExecutive,7,Executive (7-1/2 in. x 10-1/2 in.)
XlPaperSize,Enumeration,xlPaperFanfoldLegalGerman,41,German Legal Fanfold (8-1/2 in. x 13 in.)
XlPaperSize,Enumeration,xlPaperFanfoldStdGerman,40,German Legal Fanfold (8-1/2 in. x 13 in.)
XlPaperSize,Enumeration,xlPaperFanfoldUS,39,U.S. Standard Fanfold (14-7/8 in. x 11 in.)
XlPaperSize,Enumeration,xlPaperFolio,14,Folio (8-1/2 in. x 13 in.)
XlPaperSize,Enumeration,xlPaperLedger,4,Ledger (17 in. x 11 in.)
XlPaperSize,Enumeration,xlPaperLegal,5,Legal (8-1/2 in. x 14 in.)
XlPaperSize,Enumeration,xlPaperLetter,1,Letter (8-1/2 in. x 11 in.)
XlPaperSize,Enumeration,xlPaperLetterSmall,2,Letter Small (8-1/2 in. x 11 in.)
XlPaperSize,Enumeration,xlPaperNote,18,Note (8-1/2 in. x 11 in.)
XlPaperSize,Enumeration,xlPaperQuarto,15,Quarto (215 mm x 275 mm)
XlPaperSize,Enumeration,xlPaperStatement,6,Statement (5-1/2 in. x 8-1/2 in.)
XlPaperSize,Enumeration,xlPaperTabloid,3,Tabloid (11 in. x 17 in.)
XlPaperSize,Enumeration,xlPaperUser,256,User-defined
XlParameterDataType,Enumeration,xlParamTypeUnknown,0,Type unknown.
XlParameterDataType,Enumeration,xlParamTypeChar,1,String.
XlParameterDataType,Enumeration,xlParamTypeNumeric,2,Numeric.
XlParameterDataType,Enumeration,xlParamTypeDecimal,3,Decimal.
XlParameterDataType,Enumeration,xlParamTypeInteger,4,Integer.
XlParameterDataType,Enumeration,xlParamTypeSmallInt,5,Small integer.
XlParameterDataType,Enumeration,xlParamTypeFloat,6,Float.
XlParameterDataType,Enumeration,xlParamTypeReal,7,Real.
XlParameterDataType,Enumeration,xlParamTypeDouble,8,Double.
XlParameterDataType,Enumeration,xlParamTypeVarChar,12,Variable-length string.
XlParameterDataType,Enumeration,xlParamTypeDate,9,Date.
XlParameterDataType,Enumeration,xlParamTypeTime,10,Time.
XlParameterDataType,Enumeration,xlParamTypeTimestamp,11,Time stamp.
XlParameterDataType,Enumeration,xlParamTypeLongVarChar,-1,Long string.
XlParameterDataType,Enumeration,xlParamTypeBinary,-2,Binary.
XlParameterDataType,Enumeration,xlParamTypeVarBinary,-3,Variable-length binary.
XlParameterDataType,Enumeration,xlParamTypeLongVarBinary,-4,Long binary.
XlParameterDataType,Enumeration,xlParamTypeBigInt,-5,Big integer.
XlParameterDataType,Enumeration,xlParamTypeTinyInt,-6,Tiny integer.
XlParameterDataType,Enumeration,xlParamTypeBit,-7,Bit.
XlParameterDataType,Enumeration,xlParamTypeWChar,-8,Unicode character string.
XlParameterType,Enumeration,xlPrompt,0,Displays a dialog box that prompts the user for the value. The Value argument specifies the text shown in the dialog box.
XlParameterType,Enumeration,xlConstant,1,Uses the value specified by the Value argument.
XlParameterType,Enumeration,xlRange,2,Uses the value of the cell in the upper-left corner of the range. The Value argument specifies a Range object.
XlParentDataLabelOptions,Enumeration,xlParentDataLabelOptionsNone,0,No parent data label
XlParentDataLabelOptions,Enumeration,xlParentDataLabelOptionsBanner,1,Banner parent data label
XlParentDataLabelOptions,Enumeration,xlParentDataLabelOptionsOverlapping,2,Overlapping parent data label
XlPasteSpecialOperation,Enumeration,xlPasteSpecialOperationAdd,2,Copied data will be added to the value in the destination cell.
XlPasteSpecialOperation,Enumeration,xlPasteSpecialOperationDivide,5,Copied data will divide the value in the destination cell.
XlPasteSpecialOperation,Enumeration,xlPasteSpecialOperationMultiply,4,Copied data will multiply the value in the destination cell.
XlPasteSpecialOperation,Enumeration,xlPasteSpecialOperationNone,-4142,No calculation will be done in the paste operation.
XlPasteSpecialOperation,Enumeration,xlPasteSpecialOperationSubtract,3,Copied data will be subtracted from the value in the destination cell.
XlPasteType,Enumeration,xlPasteAll,-4104,Everything will be pasted.
XlPasteType,Enumeration,xlPasteAllUsingSourceTheme,13,Everything will be pasted using the source theme.
XlPasteType,Enumeration,xlPasteAllMergingConditionalFormats,14,Everything will be pasted and conditional formats will be merged.
XlPasteType,Enumeration,xlPasteAllExceptBorders,7,Everything except borders will be pasted.
XlPasteType,Enumeration,xlPasteFormats,-4122,Copied source format is pasted.
XlPasteType,Enumeration,xlPasteFormulas,-4123,Formulas are pasted.
XlPasteType,Enumeration,xlPasteComments,-4144,Comments are pasted.
XlPasteType,Enumeration,xlPasteValues,-4163,Values are pasted.
XlPasteType,Enumeration,xlPasteColumnWidths,8,Copied column width is pasted.
XlPasteType,Enumeration,xlPasteValidation,6,Validations are pasted.
XlPasteType,Enumeration,xlPasteFormulasAndNumberFormats,11,Formulas and Number formats are pasted.
XlPasteType,Enumeration,xlPasteValuesAndNumberFormats,12,Values and Number formats are pasted.
XlPattern,Enumeration,xlPatternAutomatic,-4105,Excel controls the pattern.
XlPattern,Enumeration,xlPatternChecker,9,Checkerboard.
XlPattern,Enumeration,xlPatternCrissCross,16,Criss-cross lines.
XlPattern,Enumeration,xlPatternDown,-4121,Dark diagonal lines running from the upper-left to the lower-right.
XlPattern,Enumeration,xlPatternGray16,17,16% gray.
XlPattern,Enumeration,xlPatternGray25,-4124,25% gray.
XlPattern,Enumeration,xlPatternGray50,-4125,50% gray.
XlPattern,Enumeration,xlPatternGray75,-4126,75% gray.
XlPattern,Enumeration,xlPatternGray8,18,8% gray.
XlPattern,Enumeration,xlPatternGrid,15,Grid.
XlPattern,Enumeration,xlPatternHorizontal,-4128,Dark horizontal lines.
XlPattern,Enumeration,xlPatternLightDown,13,Light diagonal lines running from the upper-left to the lower-right.
XlPattern,Enumeration,xlPatternLightHorizontal,11,Light horizontal lines.
XlPattern,Enumeration,xlPatternLightUp,14,Light diagonal lines running from the lower-left to the upper-right.
XlPattern,Enumeration,xlPatternLightVertical,12,Light vertical bars.
XlPattern,Enumeration,xlPatternNone,-4142,No pattern.
XlPattern,Enumeration,xlPatternSemiGray75,10,75% dark gray.
XlPattern,Enumeration,xlPatternSolid,1,Solid color.
XlPattern,Enumeration,xlPatternUp,-4162,Dark diagonal lines running from the lower-left to the upper-right.
XlPattern,Enumeration,xlPatternVertical,-4166,Dark vertical bars.
XlPattern,Enumeration,xlPatternLinearGradient,4000,
XlPattern,Enumeration,xlPatternRectangularGradient,4001,
XlPhoneticAlignment,Enumeration,xlPhoneticAlignNoControl,0,Excel controls alignment
XlPhoneticAlignment,Enumeration,xlPhoneticAlignLeft,1,Left aligned
XlPhoneticAlignment,Enumeration,xlPhoneticAlignCenter,2,Centered
XlPhoneticAlignment,Enumeration,xlPhoneticAlignDistributed,3,Distributed
XlPhoneticCharacterType,Enumeration,xlKatakanaHalf,0,Half-size Katakana
XlPhoneticCharacterType,Enumeration,xlKatakana,1,Katakana
XlPhoneticCharacterType,Enumeration,xlHiragana,2,Hiragana
XlPhoneticCharacterType,Enumeration,xlNoConversion,3,No conversion
XlPictureAppearance,Enumeration,xlPrinter,2,The picture is copied as it will look when it is printed.
XlPictureAppearance,Enumeration,xlScreen,1,The picture is copied to resemble its display on the screen as closely as possible.
XlPictureConvertorType,Enumeration,xlBMP,1,Windows version 2.0 - compatible bitmap
XlPictureConvertorType,Enumeration,xlCGM,7,Computer Graphics Metafile
XlPictureConvertorType,Enumeration,xlDRW,4,DRW
XlPictureConvertorType,Enumeration,xlDXF,5,DXF
XlPictureConvertorType,Enumeration,xlEPS,8,Encapsulated Postscript
XlPictureConvertorType,Enumeration,xlHGL,6,HGL
XlPictureConvertorType,Enumeration,xlPCT,13,Bitmap Graphic (Apple PICT format)
XlPictureConvertorType,Enumeration,xlPCX,10,PC Paintbrush Bitmap Graphic
XlPictureConvertorType,Enumeration,xlPIC,11,PIC
XlPictureConvertorType,Enumeration,xlPLT,12,PLT
XlPictureConvertorType,Enumeration,xlTIF,9,Tagged Image Format File
XlPictureConvertorType,Enumeration,xlWMF,2,Windows Metafile
XlPictureConvertorType,Enumeration,xlWPG,3,WordPerfect/DrawPerfect Graphic
XlPieSliceIndex,Enumeration,xlOuterCounterClockwisePoint,1,The outermost counterclockwise point of the circumference of a slice.
XlPieSliceIndex,Enumeration,xlOuterCenterPoint,2,The outer center point of the circumference of a slice.
XlPieSliceIndex,Enumeration,xlOuterClockwisePoint,3,The outermost clockwise point of the circumference of a slice.
XlPieSliceIndex,Enumeration,xlMidClockwiseRadiusPoint,4,The midpoint of the most clockwise radius of a slice.
XlPieSliceIndex,Enumeration,xlCenterPoint,5,The center point of a pie slice.
XlPieSliceIndex,Enumeration,xlMidCounterClockwiseRadiusPoint,6,The midpoint of the most counterclockwise radius of a slice.
XlPieSliceIndex,Enumeration,xlInnerClockwisePoint,7,The innermost point of the most clockwise radius of a doughnut slice.
XlPieSliceIndex,Enumeration,xlInnerCenterPoint,8,The innermost center point of a doughnut slice.
XlPieSliceIndex,Enumeration,xlInnerCounterClockwisePoint,9,The innermost point of the most counterclockwise radius of a doughnut slice.
XlPieSliceLocation,Enumeration,xlHorizontalCoordinate,1,The horizontal coordinate (x)
XlPieSliceLocation,Enumeration,xlVerticalCoordinate,2,The vertical coordinate (y)
XlPivotCellType,Enumeration,xlPivotCellValue,0,Any cell in the data area (except a blank row).
XlPivotCellType,Enumeration,xlPivotCellPivotItem,1,"A cell in the row or column area that is not a subtotal, grand total, custom subtotal, or blank line."
XlPivotCellType,Enumeration,xlPivotCellSubtotal,2,A cell in the row or column area that is a subtotal.
XlPivotCellType,Enumeration,xlPivotCellGrandTotal,3,A cell in a row or column area that is a grand total.
XlPivotCellType,Enumeration,xlPivotCellDataField,4,A data field label (not the Data button).
XlPivotCellType,Enumeration,xlPivotCellPivotField,5,The button for a field (not the Data button).
XlPivotCellType,Enumeration,xlPivotCellPageFieldItem,6,The cell that shows the selected item of a Page field.
XlPivotCellType,Enumeration,xlPivotCellCustomSubtotal,7,A cell in the row or column area that is a custom subtotal.
XlPivotCellType,Enumeration,xlPivotCellDataPivotField,8,The Data button.
XlPivotCellType,Enumeration,xlPivotCellBlankCell,9,A structural blank cell in the PivotTable.
XlPivotConditionScope,Enumeration,xlSelectionScope,0,Based on the specified selection criteria.
XlPivotConditionScope,Enumeration,xlFieldsScope,1,Based on the specified fields.
XlPivotConditionScope,Enumeration,xlDataFieldScope,2,Based on the data in the specified fields.
XlPivotFieldCalculation,Enumeration,xlDifferenceFrom,2,The difference from the value of the Base item in the Base field.
XlPivotFieldCalculation,Enumeration,xlIndex,9,Data calculated as ((value in cell) x (Grand Total of Grand Totals)) / ((Grand Row Total) x (Grand Column Total)).
XlPivotFieldCalculation,Enumeration,xlNoAdditionalCalculation,-4143,No calculation.
XlPivotFieldCalculation,Enumeration,xlPercentDifferenceFrom,4,Percentage difference from the value of the Base item in the Base field.
XlPivotFieldCalculation,Enumeration,xlPercentOf,3,Percentage of the value of the Base item in the Base field.
XlPivotFieldCalculation,Enumeration,xlPercentOfColumn,7,Percentage of the total for the column or series.
XlPivotFieldCalculation,Enumeration,xlPercentOfRow,6,Percentage of the total for the row or category.
XlPivotFieldCalculation,Enumeration,xlPercentOfTotal,8,Percentage of the grand total of all the data or data points in the report.
XlPivotFieldCalculation,Enumeration,xlRunningTotal,5,Data for successive items in the Base field as a running total.
XlPivotFieldCalculation,Enumeration,xlPercentOfParentRow,10,Percentage of the total of the parent row.
XlPivotFieldCalculation,Enumeration,xlPercentOfParentColumn,11,Percentage of the total of the parent column.
XlPivotFieldCalculation,Enumeration,xlPercentOfParent,12,Percentage of the total of the specified parent Base field.
XlPivotFieldCalculation,Enumeration,xlPercentRunningTotal,13,Percentage of the running total of the specified Base field.
XlPivotFieldCalculation,Enumeration,xlRankAscending,14,Rank smallest to largest.
XlPivotFieldCalculation,Enumeration,xlRankDecending,15,Rank largest to smallest.
XlPivotFieldDataType,Enumeration,xlDate,2,Contains a date.
XlPivotFieldDataType,Enumeration,xlNumber,-4145,Contains a number.
XlPivotFieldDataType,Enumeration,xlText,-4158,Contains text.
XlPivotFieldOrientation,Enumeration,xlColumnField,2,Column
XlPivotFieldOrientation,Enumeration,xlDataField,4,Data
XlPivotFieldOrientation,Enumeration,xlHidden,0,Hidden
XlPivotFieldOrientation,Enumeration,xlPageField,3,Page
XlPivotFieldOrientation,Enumeration,xlRowField,1,Row
XlPivotFieldRepeatLabels,Enumeration,xlDoNotRepeatLabels,1,Do not repeat item labels.
XlPivotFieldRepeatLabels,Enumeration,xlRepeatLabels,2,Repeat all item labels.
XlPivotFilterType,Enumeration,xlTopCount,1,Filters for the specified number of values from the top of a list
XlPivotFilterType,Enumeration,xlBottomCount,2,Filters for the specified number of values from the bottom of a list
XlPivotFilterType,Enumeration,xlTopPercent,3,Filters for the specified percentage of values from a list
XlPivotFilterType,Enumeration,xlBottomPercent,4,Filters for the specified percentage of values from the bottom of a list
XlPivotFilterType,Enumeration,xlTopSum,5,Sum of the values from the top of the list
XlPivotFilterType,Enumeration,xlBottomSum,6,Sum of the values from the bottom of the list
XlPivotFilterType,Enumeration,xlValueEquals,7,Filters for all values that match the specified value
XlPivotFilterType,Enumeration,xlValueDoesNotEqual,8,Filters for all values that don't match the specified value
XlPivotFilterType,Enumeration,xlValueIsGreaterThan,9,Filters for all values that are greater than the specified value
XlPivotFilterType,Enumeration,xlValueIsGreaterThanOrEqualTo,10,Filters for all values that are greater than or match the specified value
XlPivotFilterType,Enumeration,xlValueIsLessThan,11,Filters for all values that are less than the specified value
XlPivotFilterType,Enumeration,xlValueIsLessThanOrEqualTo,12,Filters for all values that are less than or match the specified value
XlPivotFilterType,Enumeration,xlValueIsBetween,13,Filters for all values that are between a specified range of values
XlPivotFilterType,Enumeration,xlValueIsNotBetween,14,Filters for all values that are not between a specified range of values
XlPivotFilterType,Enumeration,xlCaptionEquals,15,Filters for all captions that match the specified string
XlPivotFilterType,Enumeration,xlCaptionDoesNotEqual,16,Filters for all captions that don't match the specified string
XlPivotFilterType,Enumeration,xlCaptionBeginsWith,17,Filters for all captions beginning with the specified string
XlPivotFilterType,Enumeration,xlCaptionDoesNotBeginWith,18,Filters for all captions that don't begin with the specified string
XlPivotFilterType,Enumeration,xlCaptionEndsWith,19,Filters for all captions that end with the specified string
XlPivotFilterType,Enumeration,xlCaptionDoesNotEndWith,20,Filters for all captions that don't end with the specified string
XlPivotFilterType,Enumeration,xlCaptionContains,21,Filters for all captions that contain the specified string
XlPivotFilterType,Enumeration,xlCaptionDoesNotContain,22,Filters for all captions that don't contain the specified string
XlPivotFilterType,Enumeration,xlCaptionIsGreaterThan,23,Filters for all captions that are greater than the specified value
XlPivotFilterType,Enumeration,xlCaptionIsGreaterThanOrEqualTo,24,Filters for all captions that are greater than or match the specified value
XlPivotFilterType,Enumeration,xlCaptionIsLessThan,25,Filters for all captions that are less than the specified value
XlPivotFilterType,Enumeration,xlCaptionIsLessThanOrEqualTo,26,Filters for all captions that are less than or match the specified value
XlPivotFilterType,Enumeration,xlCaptionIsBetween,27,Filters for all captions that are between a specified range of values
XlPivotFilterType,Enumeration,xlCaptionIsNotBetween,28,Filters for all captions that are not between a specified range of values
XlPivotFilterType,Enumeration,xlSpecificDate,29,Filters for all dates that match a specified date
XlPivotFilterType,Enumeration,xlNotSpecificDate,30,Filters for all dates that don't match a specified date
XlPivotFilterType,Enumeration,xlBefore,31,Filters for all dates before a specified date
XlPivotFilterType,Enumeration,xlBeforeOrEqualTo,32,Filters for all dates on or before a specified date
XlPivotFilterType,Enumeration,xlAfter,33,Filters for all dates after a specified date
XlPivotFilterType,Enumeration,xlAfterOrEqualTo,34,Filters for all dates on or after a specified date
XlPivotFilterType,Enumeration,xlDateBetween,35,Filters for all dates that are between a specified range of dates
XlPivotFilterType,Enumeration,xlDateNotBetween,36,
XlPivotFilterType,Enumeration,xlDateTomorrow,37,Filters for all dates that apply to the next day
XlPivotFilterType,Enumeration,xlDateToday,38,Filters for all dates that apply to the current date
XlPivotFilterType,Enumeration,xlDateYesterday,39,Filters for all dates that apply to the previous day
XlPivotFilterType,Enumeration,xlDateNextWeek,40,Filters for all dates that apply to the next week
XlPivotFilterType,Enumeration,xlDateThisWeek,41,Filters for all dates that apply to the current week
XlPivotFilterType,Enumeration,xlDateLastWeek,42,Filters for all dates that apply to the previous week
XlPivotFilterType,Enumeration,xlDateNextMonth,43,Filters for all dates that apply to the next month
XlPivotFilterType,Enumeration,xlDateThisMonth,44,Filters for all dates that apply to the current month
XlPivotFilterType,Enumeration,xlDateLastMonth,45,Filters for all dates that apply to the previous month
XlPivotFilterType,Enumeration,xlDateNextQuarter,46,Filters for all dates that apply to the next quarter
XlPivotFilterType,Enumeration,xlDateThisQuarter,47,Filters for all dates that apply to the current quarter
XlPivotFilterType,Enumeration,xlDateLastQuarter,48,Filters for all dates that apply to the previous quarter
XlPivotFilterType,Enumeration,xlDateNextYear,49,Filters for all dates that apply to the next year
XlPivotFilterType,Enumeration,xlDateThisYear,50,Filters for all dates that apply to the current year
XlPivotFilterType,Enumeration,xlDateLastYear,51,Filters for all dates that apply to the previous year
XlPivotFilterType,Enumeration,xlYearToDate,52,Filters for all values that are within one year of a specified date
XlPivotFilterType,Enumeration,xlAllDatesInPeriodQuarter1,53,Filters for all dates in Quarter1
XlPivotFilterType,Enumeration,xlAllDatesInPeriodQuarter2,54,Filters for all dates in Quarter2
XlPivotFilterType,Enumeration,xlAllDatesInPeriodQuarter3,55,Filters for all dates in Quarter3
XlPivotFilterType,Enumeration,xlAllDatesInPeriodQuarter4,56,Filters for all dates in Quarter 4
XlPivotFilterType,Enumeration,xlAllDatesInPeriodJanuary,57,Filters for all dates in January
XlPivotFilterType,Enumeration,xlAllDatesInPeriodFebruary,58,Filters for all dates in February
XlPivotFilterType,Enumeration,xlAllDatesInPeriodMarch,59,Filters for all dates in March
XlPivotFilterType,Enumeration,xlAllDatesInPeriodApril,60,Filters for all dates in April
XlPivotFilterType,Enumeration,xlAllDatesInPeriodMay,61,Filters for all dates in May
XlPivotFilterType,Enumeration,xlAllDatesInPeriodJune,62,Filters for all dates in June
XlPivotFilterType,Enumeration,xlAllDatesInPeriodJuly,63,Filters for all dates in July
XlPivotFilterType,Enumeration,xlAllDatesInPeriodAugust,64,Filters for all dates in August
XlPivotFilterType,Enumeration,xlAllDatesInPeriodSeptember,65,Filters for all dates in September
XlPivotFilterType,Enumeration,xlAllDatesInPeriodOctober,66,Filters for all dates in October
XlPivotFilterType,Enumeration,xlAllDatesInPeriodNovember,67,Filters for all dates in November
XlPivotFilterType,Enumeration,xlAllDatesInPeriodDecember,68,Filters for all dates in December
XlPivotFormatType,Enumeration,xlReport1,0,Use the xlReport1 formatting for the PivotTable.
XlPivotFormatType,Enumeration,xlReport2,1,Use the xlReport2 formatting for the PivotTable.
XlPivotFormatType,Enumeration,xlReport3,2,Use the xlReport3 formatting for the PivotTable.
XlPivotFormatType,Enumeration,xlReport4,3,Use the xlReport4 formatting for the PivotTable.
XlPivotFormatType,Enumeration,xlReport5,4,Use the xlReport5 formatting for the PivotTable.
XlPivotFormatType,Enumeration,xlReport6,5,Use the xlReport6 formatting for the PivotTable.
XlPivotFormatType,Enumeration,xlReport7,6,Use the xlReport7 formatting for the PivotTable.
XlPivotFormatType,Enumeration,xlReport8,7,Use the xlReport8 formatting for the PivotTable.
XlPivotFormatType,Enumeration,xlReport9,8,Use the xlReport9 formatting for the PivotTable.
XlPivotFormatType,Enumeration,xlReport10,9,Use the xlReport10 formatting for the PivotTable.
XlPivotFormatType,Enumeration,xlTable1,10,Use the xlTable1 formatting for the PivotTable.
XlPivotFormatType,Enumeration,xlTable2,11,Use the xlTable2 formatting for the PivotTable.
XlPivotFormatType,Enumeration,xlTable3,12,Use the xlTable3 formatting for the PivotTable.
XlPivotFormatType,Enumeration,xlTable4,13,Use the xlTable4 formatting for the PivotTable.
XlPivotFormatType,Enumeration,xlTable5,14,Use the xlTable5 formatting for the PivotTable.
XlPivotFormatType,Enumeration,xlTable6,15,Use the xlTable6 formatting for the PivotTable.
XlPivotFormatType,Enumeration,xlTable7,16,Use the xlTable7 formatting for the PivotTable.
XlPivotFormatType,Enumeration,xlTable8,17,Use the xlTable8 formatting for the PivotTable.
XlPivotFormatType,Enumeration,xlTable9,18,Use the xlTable9 formatting for the PivotTable.
XlPivotFormatType,Enumeration,xlTable10,19,Use the xlTable10 formatting for the PivotTable.
XlPivotFormatType,Enumeration,xlPTClassic,20,PivotTable classic format.
XlPivotFormatType,Enumeration,xlPTNone,21,Does not apply formatting to the PivotTable report.
XlPivotLineType,Enumeration,xlPivotLineRegular,0,Regular PivotLine with pivot items.
XlPivotLineType,Enumeration,xlPivotLineSubtotal,1,Subtotal line.
XlPivotLineType,Enumeration,xlPivotLineGrandTotal,2,Grand Total line.
XlPivotLineType,Enumeration,xlPivotLineBlank,3,Blank line after each group.
XlPivotTableMissingItems,Enumeration,xlMissingItemsDefault,-1,The default number of unique items per PivotField allowed.
XlPivotTableMissingItems,Enumeration,xlMissingItemsNone,0,No unique items per PivotField allowed (zero).
XlPivotTableMissingItems,Enumeration,xlMissingItemsMax,32500,"The maximum number of unique items per PivotField allowed (32,500) for a pre-Excel 2007 PivotTable."
XlPivotTableMissingItems,Enumeration,xlMissingItemsMax2,1048576,"The maximum number of unique items per PivotField allowed (1,048,576) for PivotTables in Excel 2007 and later."
XlPivotTableSourceType,Enumeration,xlScenario,4,Data is based on scenarios created using the Scenario Manager.
XlPivotTableSourceType,Enumeration,xlConsolidation,3,Multiple consolidation ranges.
XlPivotTableSourceType,Enumeration,xlDatabase,1,Microsoft Excel list or database.
XlPivotTableSourceType,Enumeration,xlExternal,2,Data from another application.
XlPivotTableSourceType,Enumeration,xlPivotTable,-4148,Same source as another PivotTable report.
XlPivotTableVersionList,Enumeration,xlPivotTableVersion2000,0,Excel 2000
XlPivotTableVersionList,Enumeration,xlPivotTableVersion10,1,Excel 2002
XlPivotTableVersionList,Enumeration,xlPivotTableVersion11,2,Excel 2003
XlPivotTableVersionList,Enumeration,xlPivotTableVersion12,3,Excel 2007
XlPivotTableVersionList,Enumeration,xlPivotTableVersion14,4,Excel 2010
XlPivotTableVersionList,Enumeration,xlPivotTableVersion15,5,Excel 2013
XlPivotTableVersionList,Enumeration,xlPivotTableVersionCurrent,-1,Provided only for backward compatibility
XlPlacement,Enumeration,xlFreeFloating,3,Object is free floating.
XlPlacement,Enumeration,xlMove,2,Object is moved with the cells.
XlPlacement,Enumeration,xlMoveAndSize,1,Object is moved and sized with the cells.
XlPlatform,Enumeration,xlMacintosh,1,Macintosh
XlPlatform,Enumeration,xlMSDOS,3,MS-DOS
XlPlatform,Enumeration,xlWindows,2,Microsoft Windows
XlPortugueseReform,Enumeration,xlPortuguesePreReform,1,The spelling checker recognizes only pre-reform spellings.
XlPortugueseReform,Enumeration,xlPortuguesePostReform,2,The spelling checker recognizes only post-reform spellings.
XlPortugueseReform,Enumeration,xlPortugueseBoth,3,The spelling checker recognizes both pre-reform and post-reform spellings.
XlPrintErrors,Enumeration,xlPrintErrorsDisplayed,0,All print errors are displayed.
XlPrintErrors,Enumeration,xlPrintErrorsBlank,1,Print errors are blank.
XlPrintErrors,Enumeration,xlPrintErrorsDash,2,Print errors are displayed as dashes.
XlPrintErrors,Enumeration,xlPrintErrorsNA,3,Print errors are displayed as not available.
XlPrintLocation,Enumeration,xlPrintSheetEnd,1,Comments will be printed as end notes at the end of the worksheet.
XlPrintLocation,Enumeration,xlPrintInPlace,16,Comments will be printed where they were inserted on the worksheet.
XlPrintLocation,Enumeration,xlPrintNoComments,-4142,Comments will not be printed.
XlPriority,Enumeration,xlPriorityHigh,-4127,High
XlPriority,Enumeration,xlPriorityLow,-4134,Low
XlPriority,Enumeration,xlPriorityNormal,-4143,Normal
XlPropertyDisplayedIn,Enumeration,xlDisplayPropertyInPivotTable,1,Displays member property in the PivotTable only. This is the default value.
XlPropertyDisplayedIn,Enumeration,xlDisplayPropertyInTooltip,2,Displays member property in both the tooltip and the PivotTable.
XlPropertyDisplayedIn,Enumeration,xlDisplayPropertyInPivotTableAndTooltip,3,Displays member property in the tooltip only.
XlProtectedViewCloseReason,Enumeration,xlProtectedViewCloseNormal,0,The window was closed normally.
XlProtectedViewCloseReason,Enumeration,xlProtectedViewCloseEdit,1,The window was closed when the user clicked the Enable Editing button.
XlProtectedViewCloseReason,Enumeration,xlProtectedViewCloseForced,2,The window was closed because the application shut it down forcefully or stopped responding.
XlProtectedViewWindowState,Enumeration,xlProtectedViewWindowNormal,0,Normal
XlProtectedViewWindowState,Enumeration,xlProtectedViewWindowMinimized,1,Minimized
XlProtectedViewWindowState,Enumeration,xlProtectedViewWindowMaximized,2,Maximized
XlPTSelectionMode,Enumeration,xlLabelOnly,1,Label
XlPTSelectionMode,Enumeration,xlDataAndLabel,0,Data and labels
XlPTSelectionMode,Enumeration,xlDataOnly,2,Data
XlPTSelectionMode,Enumeration,xlOrigin,3,Origin
XlPTSelectionMode,Enumeration,xlButton,15,Buttons
XlPTSelectionMode,Enumeration,xlBlanks,4,Blanks
XlPTSelectionMode,Enumeration,xlFirstRow,256,First row
XlPublishToDocsDisclosureScope,Enumeration,msoPublic,0,
XlPublishToDocsDisclosureScope,Enumeration,msoLimited,1,
XlPublishToDocsDisclosureScope,Enumeration,msoOrganization,2,
XlPublishToDocsDisclosureScope,Enumeration,msoNoOverwrite,3,
XlPublishToPBINameConflictAction,Enumeration,msoPBIIgnore,0,
XlPublishToPBINameConflictAction,Enumeration,msoPBIAbort,1,
XlPublishToPBINameConflictAction,Enumeration,msoPBIOverwrite,2,
XlPublishToPBIPublishType,Enumeration,msoPBIExport,0,
XlPublishToPBIPublishType,Enumeration,msoPBIUpload,1,
XlPythonMarshalMode,Enumeration,xlPythonObject,1,
XlPythonMarshalMode,Enumeration,xlExcelValue,2,
XlQueryType,Enumeration,xlODBCQuery,1,Based on an ODBC data source
XlQueryType,Enumeration,xlDAORecordset,2,"Based on a DAO recordset query, for query tables only"
XlQueryType,Enumeration,xlWebQuery,4,"Based on a webpage, for query tables only"
XlQueryType,Enumeration,xlOLEDBQuery,5,"Based on an OLE DB query, including OLAP data sources"
XlQueryType,Enumeration,xlTextImport,6,"Based on a text file, for query tables only"
XlQueryType,Enumeration,xlADORecordset,7,Based on an ADO recordset query
XlQuickAnalysisMode,Enumeration,xlLensOnly,0,Show the button but no callout user interface
XlQuickAnalysisMode,Enumeration,xlFormatConditions,1,Conditional Formatting
XlQuickAnalysisMode,Enumeration,xlRecommendedCharts,2,Charts
XlQuickAnalysisMode,Enumeration,xlTotals,3,Totals
XlQuickAnalysisMode,Enumeration,xlTables,4,Tables
XlQuickAnalysisMode,Enumeration,xlSparklines,5,Sparklines
XlRangeAutoFormat,Enumeration,xlRangeAutoFormat3DEffects1,13,3D effects 1.
XlRangeAutoFormat,Enumeration,xlRangeAutoFormat3DEffects2,14,3D effects 2.
XlRangeAutoFormat,Enumeration,xlRangeAutoFormatAccounting1,4,Accounting 1.
XlRangeAutoFormat,Enumeration,xlRangeAutoFormatAccounting2,5,Accounting 2.
XlRangeAutoFormat,Enumeration,xlRangeAutoFormatAccounting3,6,Accounting 3.
XlRangeAutoFormat,Enumeration,xlRangeAutoFormatAccounting4,17,Accounting 4.
XlRangeAutoFormat,Enumeration,xlRangeAutoFormatClassic1,1,Classic 1.
XlRangeAutoFormat,Enumeration,xlRangeAutoFormatClassic2,2,Classic 2.
XlRangeAutoFormat,Enumeration,xlRangeAutoFormatClassic3,3,Classic 3.
XlRangeAutoFormat,Enumeration,xlRangeAutoFormatColor1,7,Color 1.
XlRangeAutoFormat,Enumeration,xlRangeAutoFormatColor2,8,Color 2.
XlRangeAutoFormat,Enumeration,xlRangeAutoFormatColor3,9,Color 3.
XlRangeAutoFormat,Enumeration,xlRangeAutoFormatList1,10,List 1.
XlRangeAutoFormat,Enumeration,xlRangeAutoFormatList2,11,List 2.
XlRangeAutoFormat,Enumeration,xlRangeAutoFormatList3,12,List 3.
XlRangeAutoFormat,Enumeration,xlRangeAutoFormatLocalFormat1,15,Local Format 1.
XlRangeAutoFormat,Enumeration,xlRangeAutoFormatLocalFormat2,16,Local Format 2.
XlRangeAutoFormat,Enumeration,xlRangeAutoFormatLocalFormat3,19,Local Format 3.
XlRangeAutoFormat,Enumeration,xlRangeAutoFormatLocalFormat4,20,Local Format 4.
XlRangeAutoFormat,Enumeration,xlRangeAutoFormatReport1,21,Report 1.
XlRangeAutoFormat,Enumeration,xlRangeAutoFormatReport2,22,Report 2.
XlRangeAutoFormat,Enumeration,xlRangeAutoFormatReport3,23,Report 3.
XlRangeAutoFormat,Enumeration,xlRangeAutoFormatReport4,24,Report 4.
XlRangeAutoFormat,Enumeration,xlRangeAutoFormatReport5,25,Report 5.
XlRangeAutoFormat,Enumeration,xlRangeAutoFormatReport6,26,Report 6.
XlRangeAutoFormat,Enumeration,xlRangeAutoFormatReport7,27,Report 7.
XlRangeAutoFormat,Enumeration,xlRangeAutoFormatReport8,28,Report 8.
XlRangeAutoFormat,Enumeration,xlRangeAutoFormatReport9,29,Report 9.
XlRangeAutoFormat,Enumeration,xlRangeAutoFormatReport10,30,Report 10.
XlRangeAutoFormat,Enumeration,xlRangeAutoFormatClassicPivotTable,31,Classic PivotTable.
XlRangeAutoFormat,Enumeration,xlRangeAutoFormatTable1,32,Table 1.
XlRangeAutoFormat,Enumeration,xlRangeAutoFormatTable2,33,Table 2.
XlRangeAutoFormat,Enumeration,xlRangeAutoFormatTable3,34,Table 3.
XlRangeAutoFormat,Enumeration,xlRangeAutoFormatTable4,35,Table 4.
XlRangeAutoFormat,Enumeration,xlRangeAutoFormatTable5,36,Table 5.
XlRangeAutoFormat,Enumeration,xlRangeAutoFormatTable6,37,Table 6.
XlRangeAutoFormat,Enumeration,xlRangeAutoFormatTable7,38,Table 7.
XlRangeAutoFormat,Enumeration,xlRangeAutoFormatTable8,39,Table 8.
XlRangeAutoFormat,Enumeration,xlRangeAutoFormatTable9,40,Table 9.
XlRangeAutoFormat,Enumeration,xlRangeAutoFormatTable10,41,Table 10.
XlRangeAutoFormat,Enumeration,xlRangeAutoFormatPTNone,42,No specified PivotTable format.
XlRangeAutoFormat,Enumeration,xlRangeAutoFormatNone,-4142,No specified format.
XlRangeAutoFormat,Enumeration,xlRangeAutoFormatSimple,-4154,Simple.
XlRangeValueDataType,Enumeration,xlRangeValueDefault,10,"Default. If the specified Range object is empty, returns the value Empty (use the IsEmpty function to test for this case). If the Range object contains more than one cell, returns an array of values (use the IsArray function to test for this case)."
XlRangeValueDataType,Enumeration,xlRangeValueXMLSpreadsheet,11,"Returns the values, formatting, formulas, and names of the specified Range object in the XML Spreadsheet format."
XlRangeValueDataType,Enumeration,xlRangeValueMSPersistXML,12,Returns the recordset representation of the specified Range object in an XML format.
XlReferenceStyle,Enumeration,xlA1,1,Default. Use xlA1 to return an A1-style reference.
XlReferenceStyle,Enumeration,xlR1C1,-4150,Use xlR1C1 to return an R1C1-style reference.
XlReferenceType,Enumeration,xlAbsolute,1,Convert to absolute row and column style.
XlReferenceType,Enumeration,xlAbsRowRelColumn,2,Convert to absolute row and relative column style.
XlReferenceType,Enumeration,xlRelative,4,Convert to relative row and column style.
XlReferenceType,Enumeration,xlRelRowAbsColumn,3,Convert to relative row and absolute column style.
XlRegionLabelOptions,Enumeration,xlRegionLabelOptionsNone,0,Don't show region labels.
XlRegionLabelOptions,Enumeration,xlRegionLabelOptionsBestFitOnly,1,Only show labels that can be fitted within the bounds of their regions.
XlRegionLabelOptions,Enumeration,xlRegionLabelOptionsShowAll,2,Show all region labels.
XlRemoveDocInfoType,Enumeration,xlRDIComments,1,Removes comments from the document information.
XlRemoveDocInfoType,Enumeration,xlRDIRemovePersonalInformation,4,Removes personal information from the document information.
XlRemoveDocInfoType,Enumeration,xlRDIEmailHeader,5,Removes email headers from the document information.
XlRemoveDocInfoType,Enumeration,xlRDIRoutingSlip,6,Removes routing slip information from the document information.
XlRemoveDocInfoType,Enumeration,xlRDISendForReview,7,Removes the send for review information from the document information.
XlRemoveDocInfoType,Enumeration,xlRDIDocumentProperties,8,Removes document properties from the document information.
XlRemoveDocInfoType,Enumeration,xlRDIDocumentWorkspace,10,Removes workspace data from the document information.
XlRemoveDocInfoType,Enumeration,xlRDIInkAnnotations,11,Removes ink annotations from the document information.
XlRemoveDocInfoType,Enumeration,xlRDIScenarioComments,12,Removes scenario comments from the document information.
XlRemoveDocInfoType,Enumeration,xlRDIPublishInfo,13,Removes the publish information data from the document information.
XlRemoveDocInfoType,Enumeration,xlRDIDocumentServerProperties,14,Removes server properties from the document information.
XlRemoveDocInfoType,Enumeration,xlRDIDocumentManagementPolicy,15,Removes document management policy data from the document information.
XlRemoveDocInfoType,Enumeration,xlRDIContentType,16,Removes content type data from the document information.
XlRemoveDocInfoType,Enumeration,xlRDIDefinedNameComments,18,Removes defined name comments from the documentation information.
XlRemoveDocInfoType,Enumeration,xlRDIInactiveDataConnections,19,Removes inactive data connection data from the document information.
XlRemoveDocInfoType,Enumeration,xlRDIPrinterPath,20,Removes printer paths from the document information.
XlRemoveDocInfoType,Enumeration,xlRDIInlineWebExtensions,21,Removes inline Web Extensions from the document information.
XlRemoveDocInfoType,Enumeration,xlRDITaskpaneWebExtensions,22,Removes task pane Web Extensions from the document information.
XlRemoveDocInfoType,Enumeration,xlRDIExcelDataModel,23,Removes Data Model data from the document information.
XlRemoveDocInfoType,Enumeration,xlRDIAll,99,Removes all documentation information.
XlRgbColor,Enumeration,rgbAliceBlue,16775408,Alice Blue
XlRgbColor,Enumeration,rgbAntiqueWhite,14150650,Antique White
XlRgbColor,Enumeration,rgbAqua,16776960,Aqua
XlRgbColor,Enumeration,rgbAquamarine,13959039,Aquamarine
XlRgbColor,Enumeration,rgbAzure,16777200,Azure
XlRgbColor,Enumeration,rgbBeige,14480885,Beige
XlRgbColor,Enumeration,rgbBisque,12903679,Bisque
XlRgbColor,Enumeration,rgbBlack,0,Black
XlRgbColor,Enumeration,rgbBlanchedAlmond,13495295,Blanched Almond
XlRgbColor,Enumeration,rgbBlue,16711680,Blue
XlRgbColor,Enumeration,rgbBlueViolet,14822282,Blue Violet
XlRgbColor,Enumeration,rgbBrown,2763429,Brown
XlRgbColor,Enumeration,rgbBurlyWood,8894686,Burly Wood
XlRgbColor,Enumeration,rgbCadetBlue,10526303,Cadet Blue
XlRgbColor,Enumeration,rgbChartreuse,65407,Chartreuse
XlRgbColor,Enumeration,rgbCoral,5275647,Coral
XlRgbColor,Enumeration,rgbCornflowerBlue,15570276,Cornflower Blue
XlRgbColor,Enumeration,rgbCornsilk,14481663,Cornsilk
XlRgbColor,Enumeration,rgbCrimson,3937500,Crimson
XlRgbColor,Enumeration,rgbDarkBlue,9109504,Dark Blue
XlRgbColor,Enumeration,rgbDarkCyan,9145088,Dark Cyan
XlRgbColor,Enumeration,rgbDarkGoldenrod,755384,Dark Goldenrod
XlRgbColor,Enumeration,rgbDarkGreen,25600,Dark Green
XlRgbColor,Enumeration,rgbDarkGray,11119017,Dark Gray
XlRgbColor,Enumeration,rgbDarkGrey,11119017,Dark Grey
XlRgbColor,Enumeration,rgbDarkKhaki,7059389,Dark Khaki
XlRgbColor,Enumeration,rgbDarkMagenta,9109643,Dark Magenta
XlRgbColor,Enumeration,rgbDarkOliveGreen,3107669,Dark Olive Green
XlRgbColor,Enumeration,rgbDarkOrange,36095,Dark Orange
XlRgbColor,Enumeration,rgbDarkOrchid,13382297,Dark Orchid
XlRgbColor,Enumeration,rgbDarkRed,139,Dark Red
XlRgbColor,Enumeration,rgbDarkSalmon,8034025,Dark Salmon
XlRgbColor,Enumeration,rgbDarkSeaGreen,9419919,Dark Sea Green
XlRgbColor,Enumeration,rgbDarkSlateBlue,9125192,Dark Slate Blue
XlRgbColor,Enumeration,rgbDarkSlateGray,5197615,Dark Slate Gray
XlRgbColor,Enumeration,rgbDarkSlateGrey,5197615,Dark Slate Grey
XlRgbColor,Enumeration,rgbDarkTurquoise,13749760,Dark Turquoise
XlRgbColor,Enumeration,rgbDarkViolet,13828244,Dark Violet
XlRgbColor,Enumeration,rgbDeepPink,9639167,Deep Pink
XlRgbColor,Enumeration,rgbDeepSkyBlue,16760576,Deep Sky Blue
XlRgbColor,Enumeration,rgbDimGray,6908265,Dim Gray
XlRgbColor,Enumeration,rgbDimGrey,6908265,Dim Grey
XlRgbColor,Enumeration,rgbDodgerBlue,16748574,Dodger Blue
XlRgbColor,Enumeration,rgbFireBrick,2237106,Fire Brick
XlRgbColor,Enumeration,rgbFloralWhite,15792895,Floral White
XlRgbColor,Enumeration,rgbForestGreen,2263842,Forest Green
XlRgbColor,Enumeration,rgbFuchsia,16711935,Fuchsia
XlRgbColor,Enumeration,rgbGainsboro,14474460,Gainsboro
XlRgbColor,Enumeration,rgbGhostWhite,16775416,Ghost White
XlRgbColor,Enumeration,rgbGold,55295,Gold
XlRgbColor,Enumeration,rgbGoldenrod,2139610,Goldenrod
XlRgbColor,Enumeration,rgbGray,8421504,Gray
XlRgbColor,Enumeration,rgbGreen,32768,Green
XlRgbColor,Enumeration,rgbGrey,8421504,Grey
XlRgbColor,Enumeration,rgbGreenYellow,3145645,Green Yellow
XlRgbColor,Enumeration,rgbHoneydew,15794160,Honeydew
XlRgbColor,Enumeration,rgbHotPink,11823615,Hot Pink
XlRgbColor,Enumeration,rgbIndianRed,6053069,Indian Red
XlRgbColor,Enumeration,rgbIndigo,8519755,Indigo
XlRgbColor,Enumeration,rgbIvory,15794175,Ivory
XlRgbColor,Enumeration,rgbKhaki,9234160,Khaki
XlRgbColor,Enumeration,rgbLavender,16443110,Lavender
XlRgbColor,Enumeration,rgbLavenderBlush,16118015,Lavender Blush
XlRgbColor,Enumeration,rgbLawnGreen,64636,Lawn Green
XlRgbColor,Enumeration,rgbLemonChiffon,13499135,Lemon Chiffon
XlRgbColor,Enumeration,rgbLightBlue,15128749,Light Blue
XlRgbColor,Enumeration,rgbLightCoral,8421616,Light Coral
XlRgbColor,Enumeration,rgbLightCyan,9145088,Light Cyan
XlRgbColor,Enumeration,rgbLightGoldenrodYellow,13826810,LightGoldenrodYellow
XlRgbColor,Enumeration,rgbLightGray,13882323,Light Gray
XlRgbColor,Enumeration,rgbLightGreen,9498256,Light Green
XlRgbColor,Enumeration,rgbLightGrey,13882323,Light Grey
XlRgbColor,Enumeration,rgbLightPink,12695295,Light Pink
XlRgbColor,Enumeration,rgbLightSalmon,8036607,Light Salmon
XlRgbColor,Enumeration,rgbLightSeaGreen,11186720,Light Sea Green
XlRgbColor,Enumeration,rgbLightSkyBlue,16436871,Light Sky Blue
XlRgbColor,Enumeration,rgbLightSlateGray,10061943,Light Slate Gray
XlRgbColor,Enumeration,rgbLightSlateGrey,10061943,
XlRgbColor,Enumeration,rgbLightSteelBlue,14599344,Light Steel Blue
XlRgbColor,Enumeration,rgbLightYellow,14745599,Light Yellow
XlRgbColor,Enumeration,rgbLime,65280,Lime
XlRgbColor,Enumeration,rgbLimeGreen,3329330,Lime Green
XlRgbColor,Enumeration,rgbLinen,15134970,Linen
XlRgbColor,Enumeration,rgbMaroon,128,Maroon
XlRgbColor,Enumeration,rgbMediumAquamarine,11206502,Medium Aquamarine
XlRgbColor,Enumeration,rgbMediumBlue,13434880,Medium Blue
XlRgbColor,Enumeration,rgbMediumOrchid,13850042,Medium Orchid
XlRgbColor,Enumeration,rgbMediumPurple,14381203,Medium Purple
XlRgbColor,Enumeration,rgbMediumSeaGreen,7451452,Medium Sea Green
XlRgbColor,Enumeration,rgbMediumSlateBlue,15624315,Medium Slate Blue
XlRgbColor,Enumeration,rgbMediumSpringGreen,10156544,Medium Spring Green
XlRgbColor,Enumeration,rgbMediumTurquoise,13422920,Medium Turquoise
XlRgbColor,Enumeration,rgbMediumVioletRed,8721863,Medium Violet Red
XlRgbColor,Enumeration,rgbMidnightBlue,7346457,Midnight Blue
XlRgbColor,Enumeration,rgbMintCream,16449525,Mint Cream
XlRgbColor,Enumeration,rgbMistyRose,14804223,Misty Rose
XlRgbColor,Enumeration,rgbMoccasin,11920639,Moccasin
XlRgbColor,Enumeration,rgbNavajoWhite,11394815,Navajo White
XlRgbColor,Enumeration,rgbNavy,8388608,Navy
XlRgbColor,Enumeration,rgbNavyBlue,8388608,Navy Blue
XlRgbColor,Enumeration,rgbOldLace,15136253,Old Lace
XlRgbColor,Enumeration,rgbOlive,32896,Olive
XlRgbColor,Enumeration,rgbOliveDrab,2330219,Olive Drab
XlRgbColor,Enumeration,rgbOrange,42495,Orange
XlRgbColor,Enumeration,rgbOrangeRed,17919,Orange Red
XlRgbColor,Enumeration,rgbOrchid,14053594,Orchid
XlRgbColor,Enumeration,rgbPaleGoldenrod,7071982,Pale Goldenrod
XlRgbColor,Enumeration,rgbPaleGreen,10025880,Pale Green
XlRgbColor,Enumeration,rgbPaleTurquoise,15658671,Pale Turquoise
XlRgbColor,Enumeration,rgbPaleVioletRed,9662683,Pale Violet Red
XlRgbColor,Enumeration,rgbPapayaWhip,14020607,Papaya Whip
XlRgbColor,Enumeration,rgbPeachPuff,12180223,Peach Puff
XlRgbColor,Enumeration,rgbPeru,4163021,Peru
XlRgbColor,Enumeration,rgbPink,13353215,Pink
XlRgbColor,Enumeration,rgbPlum,14524637,Plum
XlRgbColor,Enumeration,rgbPowderBlue,15130800,Powder Blue
XlRgbColor,Enumeration,rgbPurple,8388736,Purple
XlRgbColor,Enumeration,rgbRed,255,Red
XlRgbColor,Enumeration,rgbRosyBrown,9408444,Rosy Brown
XlRgbColor,Enumeration,rgbRoyalBlue,14772545,Royal Blue
XlRgbColor,Enumeration,rgbSalmon,7504122,Salmon
XlRgbColor,Enumeration,rgbSandyBrown,6333684,Sandy Brown
XlRgbColor,Enumeration,rgbSeaGreen,5737262,Sea Green
XlRgbColor,Enumeration,rgbSeashell,15660543,Seashell
XlRgbColor,Enumeration,rgbSienna,2970272,Sienna
XlRgbColor,Enumeration,rgbSilver,12632256,Silver
XlRgbColor,Enumeration,rgbSkyBlue,15453831,Sky Blue
XlRgbColor,Enumeration,rgbSlateBlue,13458026,Slate Blue
XlRgbColor,Enumeration,rgbSlateGray,9470064,Slate Gray
XlRgbColor,Enumeration,rgbSlateGrey,9470064,
XlRgbColor,Enumeration,rgbSnow,16448255,Snow
XlRgbColor,Enumeration,rgbSpringGreen,8388352,Spring Green
XlRgbColor,Enumeration,rgbSteelBlue,11829830,Steel Blue
XlRgbColor,Enumeration,rgbTan,9221330,Tan
XlRgbColor,Enumeration,rgbTeal,8421376,Teal
XlRgbColor,Enumeration,rgbThistle,14204888,Thistle
XlRgbColor,Enumeration,rgbTomato,4678655,Tomato
XlRgbColor,Enumeration,rgbTurquoise,13688896,Turquoise
XlRgbColor,Enumeration,rgbYellow,65535,Yellow
XlRgbColor,Enumeration,rgbYellowGreen,3329434,Yellow Green
XlRgbColor,Enumeration,rgbViolet,15631086,Violet
XlRgbColor,Enumeration,rgbWheat,11788021,Wheat
XlRgbColor,Enumeration,rgbWhite,16777215,White
XlRgbColor,Enumeration,rgbWhiteSmoke,16119285,White Smoke
XlRobustConnect,Enumeration,xlAsRequired,0,The PivotTable cache or query table uses external source information to reconnect by using the Connection property.
XlRobustConnect,Enumeration,xlAlways,1,The PivotTable cache or query table always uses external source information (as defined by the SourceConnectionFile or SourceDataFile property) to reconnect.
XlRobustConnect,Enumeration,xlNever,2,The PivotTable cache or query table never uses source information to reconnect.
XlRoutingSlipDelivery,Enumeration,xlAllAtOnce,2,
XlRoutingSlipDelivery,Enumeration,xlOneAfterAnother,1,
XlRoutingSlipStatus,Enumeration,xlNotYetRouted,0,
XlRoutingSlipStatus,Enumeration,xlRoutingComplete,2,
XlRoutingSlipStatus,Enumeration,xlRoutingInProgress,1,
XlRowCol,Enumeration,xlColumns,2,Data series is in a row.
XlRowCol,Enumeration,xlRows,1,Data series is in a column.
XlRunAutoMacro,Enumeration,xlAutoActivate,3,Auto_Activate macros
XlRunAutoMacro,Enumeration,xlAutoClose,2,Auto_Close macros
XlRunAutoMacro,Enumeration,xlAutoDeactivate,4,Auto_Deactivate macros
XlRunAutoMacro,Enumeration,xlAutoOpen,1,Auto_Open macros
XlSaveAction,Enumeration,xlDoNotSaveChanges,2,Changes will not be saved.
XlSaveAction,Enumeration,xlSaveChanges,1,Changes will be saved.
XlSaveAsAccessMode,Enumeration,xlExclusive,3,Exclusive mode
XlSaveAsAccessMode,Enumeration,xlNoChange,1,Default (does not change the access mode)
XlSaveAsAccessMode,Enumeration,xlShared,2,Share list
XlSaveConflictResolution,Enumeration,xlLocalSessionChanges,2,The local user's changes are always accepted.
XlSaveConflictResolution,Enumeration,xlOtherSessionChanges,3,The local user's changes are always rejected.
XlSaveConflictResolution,Enumeration,xlUserResolution,1,A dialog box asks the user to resolve the conflict.
XlScaleType,Enumeration,xlScaleLinear,-4132,Linear
XlScaleType,Enumeration,xlScaleLogarithmic,-4133,Logarithmic
XlSearchDirection,Enumeration,xlNext,1,Search for next matching value in range.
XlSearchDirection,Enumeration,xlPrevious,2,Search for previous matching value in range.
XlSearchOrder,Enumeration,xlByColumns,2,"Searches down through a column, then moves to the next column."
XlSearchOrder,Enumeration,xlByRows,1,"Searches across a row, then moves to the next row."
XlSearchWithin,Enumeration,xlWithinSheet,1,Limit search to current sheet.
XlSearchWithin,Enumeration,xlWithinWorkbook,2,Search whole workbook.
XlSeriesColorGradientStyle,Enumeration,xlSeriesColorGradientStyleSequential,0,
XlSeriesColorGradientStyle,Enumeration,xlSeriesColorGradientStyleDiverging,1,
XlSeriesNameLevel,Enumeration,xlSeriesNameLevelNone,-3,Set no category labels in the chart. Defaults to automatic indexed labels.
XlSeriesNameLevel,Enumeration,xlSeriesNameLevelCustom,-2,Indicates literal data in the series names.
XlSeriesNameLevel,Enumeration,xlSeriesNameLevelAll,-1,
XlSheetType,Enumeration,xlChart,-4109,Chart
XlSheetType,Enumeration,xlDialogSheet,-4116,Dialog sheet
XlSheetType,Enumeration,xlExcel4IntlMacroSheet,4,Excel version 4 international macro sheet
XlSheetType,Enumeration,xlExcel4MacroSheet,3,Excel version 4 macro sheet
XlSheetType,Enumeration,xlWorksheet,-4167,Worksheet
XlSheetVisibility,Enumeration,xlSheetVisible,-1,Displays the sheet.
XlSheetVisibility,Enumeration,xlSheetHidden,0,Hides the worksheet which the user can unhide via menu.
XlSheetVisibility,Enumeration,xlSheetVeryHidden,2,Hides the object so that the only way for you to make it visible again is by setting this property to True (the user cannot make the object visible).
XlSizeRepresents,Enumeration,xlSizeIsWidth,2,Width of the bubble.
XlSizeRepresents,Enumeration,xlSizeIsArea,1,Area of the bubble.
XlSlicerCacheType,Enumeration,xlSlicer,1,Slicer cache represents a Slicer.
XlSlicerCacheType,Enumeration,xlTimeline,2,Slicer cache represents a Timeline.
XlSlicerCrossFilterType,Enumeration,xlSlicerNoCrossFilter,1,"Cross filtering is turned off entirely, so all tiles are displayed and active (not dimmed) regardless of filtering selections in other slicers."
XlSlicerCrossFilterType,Enumeration,xlSlicerCrossFilterShowItemsWithDataAtTop,2,"Cross filtering is turned on for this slicer cache, any tile with no data for a filtering selection in other slicers connected to the same data source will be dimmed. Additionally, tiles with data are moved to the top in the slicer. (Default)"
XlSlicerCrossFilterType,Enumeration,xlSlicerCrossFilterShowItemsWithNoData,3,"Cross filtering is turned on for this slicer cache, any tile with no data for a filtering selection in other slicers connected to the same data source will be dimmed."
XlSlicerCrossFilterType,Enumeration,xlSlicerCrossFilterHideButtonsWithNoData,4,"Cross filtering is turned on for this slicer cache, any tile with no data for a filtering selection in other slicers connected to the same data source will be dimmed. Additionally, buttons will be hidden."
XlSlicerSort,Enumeration,xlSlicerSortDataSourceOrder,1,Slicer items are displayed in the order provided by the data source.
XlSlicerSort,Enumeration,xlSlicerSortAscending,2,Slicer items are sorted in ascending order by item captions.
XlSlicerSort,Enumeration,xlSlicerSortDescending,3,Slicer items are sorted in descending order by item captions.
XlSmartTagControlType,Enumeration,xlSmartTagControlSmartTag,1,
XlSmartTagControlType,Enumeration,xlSmartTagControlLink,2,
XlSmartTagControlType,Enumeration,xlSmartTagControlHelp,3,
XlSmartTagControlType,Enumeration,xlSmartTagControlHelpURL,4,
XlSmartTagControlType,Enumeration,xlSmartTagControlSeparator,5,
XlSmartTagControlType,Enumeration,xlSmartTagControlButton,6,
XlSmartTagControlType,Enumeration,xlSmartTagControlLabel,7,
XlSmartTagControlType,Enumeration,xlSmartTagControlImage,8,
XlSmartTagControlType,Enumeration,xlSmartTagControlCheckbox,9,
XlSmartTagControlType,Enumeration,xlSmartTagControlTextbox,10,
XlSmartTagControlType,Enumeration,xlSmartTagControlListbox,11,
XlSmartTagControlType,Enumeration,xlSmartTagControlCombo,12,
XlSmartTagControlType,Enumeration,xlSmartTagControlActiveX,13,
XlSmartTagControlType,Enumeration,xlSmartTagControlRadioGroup,14,
XlSmartTagDisplayMode,Enumeration,xlIndicatorAndButton,0,
XlSmartTagDisplayMode,Enumeration,xlDisplayNone,1,
XlSmartTagDisplayMode,Enumeration,xlButtonOnly,2,
XlSortDataOption,Enumeration,xlSortNormal,0,default. Sorts numeric and text data separately.
XlSortDataOption,Enumeration,xlSortTextAsNumbers,1,Treat text as numeric data for the sort.
XlSortMethod,Enumeration,xlPinYin,1,Phonetic Chinese sort order for characters. This is the default value.
XlSortMethod,Enumeration,xlStroke,2,Sort by the quantity of strokes in each character.
XlSortMethodOld,Enumeration,xlCodePage,2,Sort by code page.
XlSortMethodOld,Enumeration,xlSyllabary,1,Sort phonetically.
XlSortOn,Enumeration,xlSortOnValues,0,Values.
XlSortOn,Enumeration,xlSortOnCellColor,1,Cell color.
XlSortOn,Enumeration,xlSortOnFontColor,2,Font color.
XlSortOn,Enumeration,xlSortOnIcon,3,Icon.
XlSortOrder,Enumeration,xlAscending,1,Sorts the specified field in ascending order. This is the default value.
XlSortOrder,Enumeration,xlDescending,2,Sorts the specified field in descending order.
XlSortOrientation,Enumeration,xlSortRows,2,Sorts by row. This is the default value.
XlSortOrientation,Enumeration,xlSortColumns,1,Sorts by column.
XlSortType,Enumeration,xlSortLabels,2,Sorts the PivotTable report by labels.
XlSortType,Enumeration,xlSortValues,1,Sorts the PivotTable report by values.
XlSourceType,Enumeration,xlSourceWorkbook,0,A workbook
XlSourceType,Enumeration,xlSourceSheet,1,An entire worksheet
XlSourceType,Enumeration,xlSourcePrintArea,2,A range of cells selected for printing
XlSourceType,Enumeration,xlSourceAutoFilter,3,An AutoFilter range
XlSourceType,Enumeration,xlSourceRange,4,A range of cells
XlSourceType,Enumeration,xlSourceChart,5,A chart
XlSourceType,Enumeration,xlSourcePivotTable,6,A PivotTable report
XlSourceType,Enumeration,xlSourceQuery,7,A query table (external data range)
XlSpanishModes,Enumeration,xlSpanishTuteoOnly,0,Tuteo verb forms only.
XlSpanishModes,Enumeration,xlSpanishTuteoAndVoseo,1,Tuteo and Voseo verb forms.
XlSpanishModes,Enumeration,xlSpanishVoseoOnly,2,Voseo verb forms only.
XlSparklineRowCol,Enumeration,xlSparklineNonSquare,0,The sparkline is not bound to data in a square-shaped range.
XlSparklineRowCol,Enumeration,xlSparklineRowsSquare,1,Plot the data by rows.
XlSparklineRowCol,Enumeration,xlSparklineColumnsSquare,2,Plot the data by columns.
XlSparkScale,Enumeration,xlSparkScaleGroup,1,The minimum or maximum value for the vertical axes of all of the sparklines in the group have the same value.
XlSparkScale,Enumeration,xlSparkScaleSingle,2,The minimum or maximum value for the vertical axis of each sparkline in the group is automatically set to its own calculated value.
XlSparkScale,Enumeration,xlSparkScaleCustom,3,The minimum or maximum value for the vertical axis of the sparkline has a user-defined value.
XlSparkType,Enumeration,xlSparkLine,1,A line chart sparkline.
XlSparkType,Enumeration,xlSparkColumn,2,A column chart sparkline.
XlSparkType,Enumeration,xlSparkColumnStacked100,3,A win/loss chart sparkline.
XlSpeakDirection,Enumeration,xlSpeakByRows,0,"Reads across a row, then moves to the next row."
XlSpeakDirection,Enumeration,xlSpeakByColumns,1,"Reads down a column, then moves to the next column."
XlSpecialCellsValue,Enumeration,xlErrors,16,Cells with errors.
XlSpecialCellsValue,Enumeration,xlLogical,4,Cells with logical values.
XlSpecialCellsValue,Enumeration,xlNumbers,1,Cells with numeric values.
XlSpecialCellsValue,Enumeration,xlTextValues,2,Cells with text.
XlStdColorScale,Enumeration,xlColorScaleRYG,1,
XlStdColorScale,Enumeration,xlColorScaleGYR,2,
XlStdColorScale,Enumeration,xlColorScaleBlackWhite,3,
XlStdColorScale,Enumeration,xlColorScaleWhiteBlack,4,
XlSubscribeToFormat,Enumeration,xlSubscribeToPicture,-4147,Picture
XlSubscribeToFormat,Enumeration,xlSubscribeToText,-4158,Text
XlSubtototalLocationType,Enumeration,xlAtTop,1,
XlSubtototalLocationType,Enumeration,xlAtBottom,2,
XlSummaryColumn,Enumeration,xlSummaryOnLeft,-4131,The summary column will be positioned to the left of the detail columns in the outline.
XlSummaryColumn,Enumeration,xlSummaryOnRight,-4152,The summary column will be positioned to the right of the detail columns in the outline.
XlSummaryReportType,Enumeration,xlSummaryPivotTable,-4148,Display scenarios in a PivotTable report.
XlSummaryReportType,Enumeration,xlStandardSummary,1,List scenarios side by side.
XlSummaryRow,Enumeration,xlSummaryAbove,0,The summary row will be positioned above the detail rows in the outline.
XlSummaryRow,Enumeration,xlSummaryBelow,1,The summary row will be positioned below the detail rows in the outline.
XlTableStyleElementType,Enumeration,xlWholeTable,0,Whole Table
XlTableStyleElementType,Enumeration,xlHeaderRow,1,Header row
XlTableStyleElementType,Enumeration,xlTotalRow,2,Total Row
XlTableStyleElementType,Enumeration,xlGrandTotalRow,2,Grand total row
XlTableStyleElementType,Enumeration,xlFirstColumn,3,First column
XlTableStyleElementType,Enumeration,xlLastColumn,4,Last column
XlTableStyleElementType,Enumeration,xlGrandTotalColumn,4,Grand total column
XlTableStyleElementType,Enumeration,xlRowStripe1,5,Row Stripe1
XlTableStyleElementType,Enumeration,xlRowStripe2,6,Row Stripe2
XlTableStyleElementType,Enumeration,xlColumnStripe1,7,Column Stripe1
XlTableStyleElementType,Enumeration,xlColumnStripe2,8,Column Stripe2
XlTableStyleElementType,Enumeration,xlFirstHeaderCell,9,First header cell
XlTableStyleElementType,Enumeration,xlLastHeaderCell,10,Last header cell
XlTableStyleElementType,Enumeration,xlFirstTotalCell,11,First total cell
XlTableStyleElementType,Enumeration,xlLastTotalCell,12,Last total cell
XlTableStyleElementType,Enumeration,xlSubtotalColumn1,13,Subtotal Column1
XlTableStyleElementType,Enumeration,xlSubtotalColumn2,14,Subtotal Column2
XlTableStyleElementType,Enumeration,xlSubtotalColumn3,15,Subtotal Column3
XlTableStyleElementType,Enumeration,xlSubtotalRow1,16,Subtotal Row1
XlTableStyleElementType,Enumeration,xlSubtotalRow2,17,Subtotal Row2
XlTableStyleElementType,Enumeration,xlSubtotalRow3,18,Subtotal Row3
XlTableStyleElementType,Enumeration,xlBlankRow,19,Blank row
XlTableStyleElementType,Enumeration,xlColumnSubheading1,20,Column Subheading1
XlTableStyleElementType,Enumeration,xlColumnSubheading2,21,Column Subheading2
XlTableStyleElementType,Enumeration,xlColumnSubheading3,22,Column Subheading3
XlTableStyleElementType,Enumeration,xlRowSubheading1,23,Row Subheading1
XlTableStyleElementType,Enumeration,xlRowSubheading2,24,Row Subheading2
XlTableStyleElementType,Enumeration,xlRowSubheading3,25,Row Subheading3
XlTableStyleElementType,Enumeration,xlPageFieldLabels,26,Page field labels
XlTableStyleElementType,Enumeration,xlPageFieldValues,27,Page field values
XlTableStyleElementType,Enumeration,xlSlicerUnselectedItemWithData,28,An item that is not selected that contains data.
XlTableStyleElementType,Enumeration,xlSlicerUnselectedItemWithNoData,29,An item that is not selected that does not contain data.
XlTableStyleElementType,Enumeration,xlSlicerSelectedItemWithData,30,A selected item that contains data.
XlTableStyleElementType,Enumeration,xlSlicerSelectedItemWithNoData,31,A selected item that does not contain data.
XlTableStyleElementType,Enumeration,xlSlicerHoveredUnselectedItemWithData,32,"An item, hovered over by the user, that is not selected and that contains data."
XlTableStyleElementType,Enumeration,xlSlicerHoveredSelectedItemWithData,33,"A selected item, hovered over by the user, that contains data."
XlTableStyleElementType,Enumeration,xlSlicerHoveredUnselectedItemWithNoData,34,"A selected item, hovered over by the user, that is not selected and that does not contain data."
XlTableStyleElementType,Enumeration,xlSlicerHoveredSelectedItemWithNoData,35,"A selected item, hovered over by the user, that does not contain data."
XlTableStyleElementType,Enumeration,xlTimelineSelectionLabel,36,Timeline Selection Label
XlTableStyleElementType,Enumeration,xlTimelineTimeLevel,37,Timeline Level
XlTableStyleElementType,Enumeration,xlTimelinePeriodLabels1,38,Timeline Period Label
XlTableStyleElementType,Enumeration,xlTimelinePeriodLabels2,39,Additional Timeline Period Label
XlTableStyleElementType,Enumeration,xlTimelineSelectedTimeBlock,40,Selected Timeline Time Block
XlTableStyleElementType,Enumeration,xlTimelineUnselectedTimeBlock,41,Unselected Timeline Time Block
XlTableStyleElementType,Enumeration,xlTimelineSelectedTimeBlockSpace,42,Selected Timeline Time Block space
XlTabPosition,Enumeration,xlTabPositionFirst,0,First tab position.
XlTabPosition,Enumeration,xlTabPositionLast,1,Last tab position.
XlTextParsingType,Enumeration,xlDelimited,1,Default. Indicates that the file is delimited by delimiter characters.
XlTextParsingType,Enumeration,xlFixedWidth,2,Indicates that the data in the file is arranged in columns of fixed widths.
XlTextQualifier,Enumeration,xlTextQualifierDoubleQuote,1,"Double quotation mark ("")."
XlTextQualifier,Enumeration,xlTextQualifierNone,-4142,No delimiter.
XlTextQualifier,Enumeration,xlTextQualifierSingleQuote,2,Single quotation mark (').
XlTextVisualLayoutType,Enumeration,xlTextVisualLTR,1,Left-to-right
XlTextVisualLayoutType,Enumeration,xlTextVisualRTL,2,Right-to-left
XlThemeColor,Enumeration,xlThemeColorDark1,1,Dark1
XlThemeColor,Enumeration,xlThemeColorLight1,2,Light1
XlThemeColor,Enumeration,xlThemeColorDark2,3,Dark2
XlThemeColor,Enumeration,xlThemeColorLight2,4,Light2
XlThemeColor,Enumeration,xlThemeColorAccent1,5,Accent1
XlThemeColor,Enumeration,xlThemeColorAccent2,6,Accent2
XlThemeColor,Enumeration,xlThemeColorAccent3,7,Accent3
XlThemeColor,Enumeration,xlThemeColorAccent4,8,Accent4
XlThemeColor,Enumeration,xlThemeColorAccent5,9,Accent5
XlThemeColor,Enumeration,xlThemeColorAccent6,10,Accent6
XlThemeColor,Enumeration,xlThemeColorHyperlink,11,Hyperlink
XlThemeColor,Enumeration,xlThemeColorFollowedHyperlink,12,Followed hyperlink
XlThemeFont,Enumeration,xlThemeFontNone,0,Do not use any theme font.
XlThemeFont,Enumeration,xlThemeFontMajor,1,Major.
XlThemeFont,Enumeration,xlThemeFontMinor,2,Minor.
XlThreadMode,Enumeration,xlThreadModeAutomatic,0,Multi-threaded calculation mode is automatic.
XlThreadMode,Enumeration,xlThreadModeManual,1,Multi-threaded calculation mode is manual.
XlTickLabelOrientation,Enumeration,xlTickLabelOrientationAutomatic,-4105,Text orientation set by Excel.
XlTickLabelOrientation,Enumeration,xlTickLabelOrientationDownward,-4170,Text runs down.
XlTickLabelOrientation,Enumeration,xlTickLabelOrientationHorizontal,-4128,Characters run horizontally.
XlTickLabelOrientation,Enumeration,xlTickLabelOrientationUpward,-4171,Text runs up.
XlTickLabelOrientation,Enumeration,xlTickLabelOrientationVertical,-4166,Characters run vertically.
XlTickLabelPosition,Enumeration,xlTickLabelPositionHigh,-4127,Top or right side of the chart.
XlTickLabelPosition,Enumeration,xlTickLabelPositionLow,-4134,Bottom or left side of the chart.
XlTickLabelPosition,Enumeration,xlTickLabelPositionNextToAxis,4,Next to axis (where axis is not at either side of the chart).
XlTickLabelPosition,Enumeration,xlTickLabelPositionNone,-4142,No tick marks.
XlTickMark,Enumeration,xlTickMarkCross,4,Crosses the axis
XlTickMark,Enumeration,xlTickMarkInside,2,Inside the axis
XlTickMark,Enumeration,xlTickMarkNone,-4142,No mark
XlTickMark,Enumeration,xlTickMarkOutside,3,Outside the axis
XlTimelineLevel,Enumeration,xlTimelineLevelYears,0,Years level
XlTimelineLevel,Enumeration,xlTimelineLevelQuarters,1,Quarters level
XlTimelineLevel,Enumeration,xlTimelineLevelMonths,2,Months level
XlTimelineLevel,Enumeration,xlTimelineLevelDays,3,Days level
XlTimePeriods,Enumeration,xlToday,0,Today
XlTimePeriods,Enumeration,xlYesterday,1,Yesterday
XlTimePeriods,Enumeration,xlLast7Days,2,Last 7 days
XlTimePeriods,Enumeration,xlThisWeek,3,This week
XlTimePeriods,Enumeration,xlLastWeek,4,Last week
XlTimePeriods,Enumeration,xlLastMonth,5,Last month
XlTimePeriods,Enumeration,xlTomorrow,6,Tomorrow
XlTimePeriods,Enumeration,xlNextWeek,7,Next week
XlTimePeriods,Enumeration,xlNextMonth,8,Next month
XlTimePeriods,Enumeration,xlThisMonth,9,This month
XlTimeUnit,Enumeration,xlDays,0,Days
XlTimeUnit,Enumeration,xlMonths,1,Months
XlTimeUnit,Enumeration,xlYears,2,Years
XlToolbarProtection,Enumeration,xlNoButtonChanges,1,No button changes permitted.
XlToolbarProtection,Enumeration,xlNoChanges,4,No changes of any kind.
XlToolbarProtection,Enumeration,xlNoDockingChanges,3,No changes to toolbar's docking position.
XlToolbarProtection,Enumeration,xlToolbarProtectionNone,-4143,All changes permitted.
XlToolbarProtection,Enumeration,xlNoShapeChanges,2,No changes to toolbar shape.
XlTopBottom,Enumeration,xlTop10Top,1,Top 10 values
XlTopBottom,Enumeration,xlTop10Bottom,0,Top 10 bottom values
XlTotalsCalculation,Enumeration,xlTotalsCalculationNone,0,No calculation
XlTotalsCalculation,Enumeration,xlTotalsCalculationSum,1,Sum of all values in the list column
XlTotalsCalculation,Enumeration,xlTotalsCalculationAverage,2,Average
XlTotalsCalculation,Enumeration,xlTotalsCalculationCount,3,Count of non-empty cells
XlTotalsCalculation,Enumeration,xlTotalsCalculationCountNums,4,Count of cells with numeric values
XlTotalsCalculation,Enumeration,xlTotalsCalculationMin,5,Minimum value in the list
XlTotalsCalculation,Enumeration,xlTotalsCalculationMax,6,Maximum value in the list
XlTotalsCalculation,Enumeration,xlTotalsCalculationStdDev,7,Standard deviation value
XlTotalsCalculation,Enumeration,xlTotalsCalculationVar,8,Variable
XlTotalsCalculation,Enumeration,xlTotalsCalculationCustom,9,Custom calculation
XlTrendlineType,Enumeration,xlExponential,5,"Uses an equation to calculate the least squares fit through points, for example, y=ab^x ."
XlTrendlineType,Enumeration,xlLinear,-4132,Uses the linear equation y = mx + b to calculate the least squares fit through points.
XlTrendlineType,Enumeration,xlLogarithmic,-4133,Uses the equation y = c ln x + b to calculate the least squares fit through points.
XlTrendlineType,Enumeration,xlMovingAvg,6,Uses a sequence of averages computed from parts of the data series. The number of points equals the total number of points in the series less the number specified for the period.
XlTrendlineType,Enumeration,xlPolynomial,3,"Uses an equation to calculate the least squares fit through points, for example, y = ax^6 + bx^5 + cx^4 + dx^3 + ex^2 + fx + g."
XlTrendlineType,Enumeration,xlPower,4,"Uses an equation to calculate the least squares fit through points, for example, y = ax^b."
XlUnderlineStyle,Enumeration,xlUnderlineStyleDouble,-4119,Double thick underline.
XlUnderlineStyle,Enumeration,xlUnderlineStyleDoubleAccounting,5,Two thin underlines placed close together.
XlUnderlineStyle,Enumeration,xlUnderlineStyleNone,-4142,No underlining.
XlUnderlineStyle,Enumeration,xlUnderlineStyleSingle,2,Single underlining.
XlUnderlineStyle,Enumeration,xlUnderlineStyleSingleAccounting,4,Not supported.
XlUpdateLinks,Enumeration,xlUpdateLinksUserSetting,1,Embedded OLE links are updated according to the user's settings for the specified workbook.
XlUpdateLinks,Enumeration,xlUpdateLinksNever,2,Embedded OLE links are never updated for the specified workbook.
XlUpdateLinks,Enumeration,xlUpdateLinksAlways,3,Embedded OLE links are always updated for the specified workbook.
XlVAlign,Enumeration,xlVAlignBottom,-4107,Bottom
XlVAlign,Enumeration,xlVAlignCenter,-4108,Center
XlVAlign,Enumeration,xlVAlignDistributed,-4117,Distributed
XlVAlign,Enumeration,xlVAlignJustify,-4130,Justify
XlVAlign,Enumeration,xlVAlignTop,-4160,Top
XlValueSortOrder,Enumeration,xlValueNone,0,
XlValueSortOrder,Enumeration,xlValueAscending,1,
XlValueSortOrder,Enumeration,xlValueDescending,2,
XlWBATemplate,Enumeration,xlWBATChart,-4109,Chart
XlWBATemplate,Enumeration,xlWBATExcel4IntlMacroSheet,4,Excel version 4 macro
XlWBATemplate,Enumeration,xlWBATExcel4MacroSheet,3,Excel version 4 international macro
XlWBATemplate,Enumeration,xlWBATWorksheet,-4167,Worksheet
XlWebFormatting,Enumeration,xlWebFormattingAll,1,All formatting is imported.
XlWebFormatting,Enumeration,xlWebFormattingRTF,2,Rich Text Format - compatible formatting is imported.
XlWebFormatting,Enumeration,xlWebFormattingNone,3,No formatting is imported.
XlWebSelectionType,Enumeration,xlEntirePage,1,Entire page
XlWebSelectionType,Enumeration,xlAllTables,2,All tables
XlWebSelectionType,Enumeration,xlSpecifiedTables,3,Specified tables
XlWindowState,Enumeration,xlMaximized,-4137,Maximized
XlWindowState,Enumeration,xlMinimized,-4140,Minimized
XlWindowState,Enumeration,xlNormal,-4143,Normal
XlWindowType,Enumeration,xlChartAsWindow,5,The chart will open in a new window.
XlWindowType,Enumeration,xlChartInPlace,4,The chart will be displayed on the current worksheet.
XlWindowType,Enumeration,xlClipboard,3,The chart is copied to the clipboard.
XlWindowType,Enumeration,xlInfo,-4129,This constant has been deprecated.
XlWindowType,Enumeration,xlWorkbook,1,This constant applies to Macintosh only.
XlWindowView,Enumeration,xlNormalView,1,Normal.
XlWindowView,Enumeration,xlPageBreakPreview,2,Page break preview.
XlWindowView,Enumeration,xlPageLayoutView,3,Page layout view.
XlXLMMacroType,Enumeration,xlCommand,2,Custom command.
XlXLMMacroType,Enumeration,xlFunction,1,Custom function.
XlXLMMacroType,Enumeration,xlNotXLM,3,Not a macro.
XlXmlExportResult,Enumeration,xlXmlExportSuccess,0,The XML data file was successfully exported.
XlXmlExportResult,Enumeration,xlXmlExportValidationFailed,1,The contents of the XML data file don't match the specified schema map.
XlXmlImportResult,Enumeration,xlXmlImportSuccess,0,The XML data file was successfully imported.
XlXmlImportResult,Enumeration,xlXmlImportElementsTruncated,1,The contents of the specified XML data file have been truncated because the XML data file is too large for the worksheet.
XlXmlImportResult,Enumeration,xlXmlImportValidationFailed,2,The contents of the XML data file don't match the specified schema map.
XlXmlLoadOption,Enumeration,xlXmlLoadPromptUser,0,Prompts the user to choose how to open the file.
XlXmlLoadOption,Enumeration,xlXmlLoadOpenXml,1,Opens the XML data file. The contents of the file will be flattened.
XlXmlLoadOption,Enumeration,xlXmlLoadImportToList,2,Places the contents of the XML data file in an XML table.
XlXmlLoadOption,Enumeration,xlXmlLoadMapXml,3,Displays the schema of the XML data file in the XML Structure task pane.
XlYesNoGuess,Enumeration,xlGuess,0,"Excel determines whether there is a header, and where it is, if there is one."
XlYesNoGuess,Enumeration,xlNo,2,Default. The entire range should be sorted.
XlYesNoGuess,Enumeration,xlYes,1,The entire range should not be sorted.
