Object,Property,Property split,Type,Access
AboveAverage,Application,Application,Application,R_O
AboveAverage,Creator,Creator,XlCreator,R_O
AboveAverage,Parent,Parent,Object,R_O
AboveAverage,Priority,Priority,Long,V
AboveAverage,StopIfTrue,Stop If True,Boolean,V
AboveAverage,AppliesTo,Applies To,Range,R_O
AboveAverage,AboveBelow,Above Below,XlAboveBelow,V
AboveAverage,Interior,Interior,Interior,R_O
AboveAverage,Borders,Borders,Borders,R_O
AboveAverage,Font,Font,Font,R_O
AboveAverage,Type,Type,Long,R_O
AboveAverage,NumberFormat,Number Format,Variant,V
AboveAverage,PTCondition,PT Condition,Boolean,R_O
AboveAverage,ScopeType,Scope Type,XlPivotConditionScope,V
AboveAverage,CalcFor,Calc For,XlCalcFor,V
AboveAverage,NumStdDev,Num Std Dev,Long,V
Action,Application,Application,Application,R_O
Action,Creator,Creator,XlCreator,R_O
Action,Parent,Parent,Object,R_O
Action,Name,Name,String,R_O
Action,Caption,Caption,String,R_O
Action,Type,Type,XlActionType,R_O
Action,Coordinate,Coordinate,String,R_O
Action,Content,Content,String,R_O
Actions,Application,Application,Application,R_O
Actions,Creator,Creator,XlCreator,R_O
Actions,Parent,Parent,Object,R_O
Actions,_Default,_Default,Action,R_O
Actions,_NewEnum,_New Enum,IUnknown,R_O
Actions,Item,Item,Action,R_O
Actions,Count,Count,Long,R_O
AddIn,Application,Application,Application,R_O
AddIn,Creator,Creator,XlCreator,R_O
AddIn,Parent,Parent,Object,R_O
AddIn,FullName,Full Name,String,R_O
AddIn,Installed,Installed,Boolean,V
AddIn,Name,Name,String,R_O
AddIn,Path,Path,String,R_O
AddIn,progID,prog ID,String,R_O
AddIn,CLSID,CLSID,String,R_O
AddIn,IsOpen,Is Open,Boolean,R_O
AddIns,Application,Application,Application,R_O
AddIns,Creator,Creator,XlCreator,R_O
AddIns,Parent,Parent,Object,R_O
AddIns,Count,Count,Long,R_O
AddIns,Item,Item,AddIn,R_O
AddIns,_NewEnum,_New Enum,IUnknown,R_O
AddIns,_Default,_Default,AddIn,R_O
AddIns2,Application,Application,Application,R_O
AddIns2,Creator,Creator,XlCreator,R_O
AddIns2,Parent,Parent,Object,R_O
AddIns2,Count,Count,Long,R_O
AddIns2,Item,Item,AddIn,R_O
AddIns2,_NewEnum,_New Enum,IUnknown,R_O
AddIns2,_Default,_Default,AddIn,R_O
Adjustments,Application,Application,Object,R_O
Adjustments,Creator,Creator,Long,R_O
Adjustments,Parent,Parent,Object,R_O
Adjustments,Count,Count,Long,R_O
Adjustments,Item,Item,Single,V
AllowEditRange,Title,Title,String,V
AllowEditRange,Range,Range,Range,V
AllowEditRange,Users,Users,UserAccessList,R_O
AllowEditRanges,Count,Count,Long,R_O
AllowEditRanges,Item,Item,AllowEditRange,R_O
AllowEditRanges,_Default,_Default,AllowEditRange,R_O
AllowEditRanges,_NewEnum,_New Enum,IUnknown,R_O
Application,Application,Application,Application,R_O
Application,Creator,Creator,XlCreator,R_O
Application,Parent,Parent,Application,R_O
Application,ActiveCell,Active Cell,Range,R_O
Application,ActiveChart,Active Chart,Chart,R_O
Application,ActivePrinter,Active Printer,String,V
Application,ActiveSheet,Active Sheet,Object,R_O
Application,ActiveWindow,Active Window,Window,R_O
Application,ActiveWorkbook,Active Workbook,Workbook,R_O
Application,AddIns,Add Ins,AddIns,R_O
Application,Cells,Cells,Range,R_O
Application,Charts,Charts,Sheets,R_O
Application,Columns,Columns,Range,R_O
Application,CommandBars,Command Bars,CommandBars,R_O
Application,DDEAppReturnCode,DDE App Return Code,Long,R_O
Application,Names,Names,Names,R_O
Application,Range,Range,Range,R_O
Application,Rows,Rows,Range,R_O
Application,Selection,Selection,Object,R_O
Application,Sheets,Sheets,Sheets,R_O
Application,ThisWorkbook,This Workbook,Workbook,R_O
Application,Windows,Windows,Windows,R_O
Application,Workbooks,Workbooks,Workbooks,R_O
Application,WorksheetFunction,Worksheet Function,WorksheetFunction,R_O
Application,Worksheets,Worksheets,Sheets,R_O
Application,Excel4IntlMacroSheets,Excel4 Intl Macro Sheets,Sheets,R_O
Application,Excel4MacroSheets,Excel4 Macro Sheets,Sheets,R_O
Application,AlertBeforeOverwriting,Alert Before Overwriting,Boolean,V
Application,AltStartupPath,Alt Startup Path,String,V
Application,AskToUpdateLinks,Ask To Update Links,Boolean,V
Application,EnableAnimations,Enable Animations,Boolean,V
Application,AutoCorrect,Auto Correct,AutoCorrect,R_O
Application,Build,Build,Long,R_O
Application,CalculateBeforeSave,Calculate Before Save,Boolean,V
Application,Calculation,Calculation,XlCalculation,V
Application,Caller,Caller,Variant,R_O
Application,CanPlaySounds,Can Play Sounds,Boolean,R_O
Application,CanRecordSounds,Can Record Sounds,Boolean,R_O
Application,Caption,Caption,String,V
Application,CellDragAndDrop,Cell Drag And Drop,Boolean,V
Application,ClipboardFormats,Clipboard Formats,Variant,R_O
Application,DisplayClipboardWindow,Display Clipboard Window,Boolean,V
Application,CommandUnderlines,Command Underlines,XlCommandUnderlines,V
Application,ConstrainNumeric,Constrain Numeric,Boolean,V
Application,CopyObjectsWithCells,Copy Objects With Cells,Boolean,V
Application,Cursor,Cursor,XlMousePointer,V
Application,CustomListCount,Custom List Count,Long,R_O
Application,CutCopyMode,Cut Copy Mode,XlCutCopyMode,V
Application,DataEntryMode,Data Entry Mode,Long,V
Application,_Default,_Default,String,R_O
Application,DefaultFilePath,Default File Path,String,V
Application,Dialogs,Dialogs,Dialogs,R_O
Application,DisplayAlerts,Display Alerts,Boolean,V
Application,DisplayFormulaBar,Display Formula Bar,Boolean,V
Application,DisplayFullScreen,Display Full Screen,Boolean,V
Application,DisplayNoteIndicator,Display Note Indicator,Boolean,V
Application,DisplayCommentIndicator,Display Comment Indicator,XlCommentDisplayMode,V
Application,DisplayExcel4Menus,Display Excel4 Menus,Boolean,V
Application,DisplayRecentFiles,Display Recent Files,Boolean,V
Application,DisplayScrollBars,Display Scroll Bars,Boolean,V
Application,DisplayStatusBar,Display Status Bar,Boolean,V
Application,EditDirectlyInCell,Edit Directly In Cell,Boolean,V
Application,EnableAutoComplete,Enable Auto Complete,Boolean,V
Application,EnableCancelKey,Enable Cancel Key,XlEnableCancelKey,V
Application,EnableSound,Enable Sound,Boolean,V
Application,FileConverters,File Converters,Variant,R_O
Application,FixedDecimal,Fixed Decimal,Boolean,V
Application,FixedDecimalPlaces,Fixed Decimal Places,Long,V
Application,Height,Height,Double,V
Application,IgnoreRemoteRequests,Ignore Remote Requests,Boolean,V
Application,Interactive,Interactive,Boolean,V
Application,International,International,Variant,R_O
Application,Iteration,Iteration,Boolean,V
Application,Left,Left,Double,V
Application,LibraryPath,Library Path,String,R_O
Application,MailSession,Mail Session,Variant,R_O
Application,MailSystem,Mail System,XlMailSystem,R_O
Application,MathCoprocessorAvailable,Math Coprocessor Available,Boolean,R_O
Application,MaxChange,Max Change,Double,V
Application,MaxIterations,Max Iterations,Long,V
Application,MouseAvailable,Mouse Available,Boolean,R_O
Application,MoveAfterReturn,Move After Return,Boolean,V
Application,MoveAfterReturnDirection,Move After Return Direction,XlDirection,V
Application,RecentFiles,Recent Files,RecentFiles,R_O
Application,Name,Name,String,R_O
Application,NetworkTemplatesPath,Network Templates Path,String,R_O
Application,ODBCErrors,ODBC Errors,ODBCErrors,R_O
Application,ODBCTimeout,ODBC Timeout,Long,V
Application,OnWindow,On Window,String,V
Application,OperatingSystem,Operating System,String,R_O
Application,OrganizationName,Organization Name,String,R_O
Application,Path,Path,String,R_O
Application,PathSeparator,Path Separator,String,R_O
Application,PreviousSelections,Previous Selections,Variant,R_O
Application,PivotTableSelection,Pivot Table Selection,Boolean,V
Application,PromptForSummaryInfo,Prompt For Summary Info,Boolean,V
Application,RecordRelative,Record Relative,Boolean,R_O
Application,ReferenceStyle,Reference Style,XlReferenceStyle,V
Application,RegisteredFunctions,Registered Functions,Variant,R_O
Application,RollZoom,Roll Zoom,Boolean,V
Application,ScreenUpdating,Screen Updating,Boolean,V
Application,SheetsInNewWorkbook,Sheets In New Workbook,Long,V
Application,ShowChartTipNames,Show Chart Tip Names,Boolean,V
Application,ShowChartTipValues,Show Chart Tip Values,Boolean,V
Application,StandardFont,Standard Font,String,V
Application,StandardFontSize,Standard Font Size,Double,V
Application,StartupPath,Startup Path,String,R_O
Application,StatusBar,Status Bar,Variant,V
Application,TemplatesPath,Templates Path,String,R_O
Application,ShowToolTips,Show Tool Tips,Boolean,V
Application,Top,Top,Double,V
Application,DefaultSaveFormat,Default Save Format,XlFileFormat,V
Application,TransitionMenuKey,Transition Menu Key,String,V
Application,TransitionMenuKeyAction,Transition Menu Key Action,Long,V
Application,TransitionNavigKeys,Transition Navig Keys,Boolean,V
Application,UsableHeight,Usable Height,Double,R_O
Application,UsableWidth,Usable Width,Double,R_O
Application,UserControl,User Control,Boolean,V
Application,UserName,User Name,String,V
Application,Value,Value,String,R_O
Application,VBE,VBE,VBE,R_O
Application,Version,Version,String,R_O
Application,Visible,Visible,Boolean,V
Application,Width,Width,Double,V
Application,WindowsForPens,Windows For Pens,Boolean,R_O
Application,WindowState,Window State,XlWindowState,V
Application,DefaultSheetDirection,Default Sheet Direction,Long,V
Application,CursorMovement,Cursor Movement,Long,V
Application,ControlCharacters,Control Characters,Boolean,V
Application,EnableEvents,Enable Events,Boolean,V
Application,ExtendList,Extend List,Boolean,V
Application,OLEDBErrors,OLEDB Errors,OLEDBErrors,R_O
Application,COMAddIns,COM Add Ins,COMAddIns,R_O
Application,DefaultWebOptions,Default Web Options,DefaultWebOptions,R_O
Application,ProductCode,Product Code,String,R_O
Application,UserLibraryPath,User Library Path,String,R_O
Application,AutoPercentEntry,Auto Percent Entry,Boolean,V
Application,LanguageSettings,Language Settings,LanguageSettings,R_O
Application,CalculationVersion,Calculation Version,Long,R_O
Application,FeatureInstall,Feature Install,MsoFeatureInstall,V
Application,Ready,Ready,Boolean,R_O
Application,FindFormat,Find Format,CellFormat,V
Application,ReplaceFormat,Replace Format,CellFormat,V
Application,UsedObjects,Used Objects,UsedObjects,R_O
Application,CalculationState,Calculation State,XlCalculationState,R_O
Application,CalculationInterruptKey,Calculation Interrupt Key,XlCalculationInterruptKey,V
Application,Watches,Watches,Watches,R_O
Application,DisplayFunctionToolTips,Display Function Tool Tips,Boolean,V
Application,AutomationSecurity,Automation Security,MsoAutomationSecurity,V
Application,FileDialog,File Dialog,FileDialog,R_O
Application,DisplayPasteOptions,Display Paste Options,Boolean,V
Application,DisplayInsertOptions,Display Insert Options,Boolean,V
Application,GenerateGetPivotData,Generate Get Pivot Data,Boolean,V
Application,AutoRecover,Auto Recover,AutoRecover,R_O
Application,Hwnd,Hwnd,Long,R_O
Application,Hinstance,Hinstance,Long,R_O
Application,ErrorCheckingOptions,Error Checking Options,ErrorCheckingOptions,R_O
Application,AutoFormatAsYouTypeReplaceHyperlinks,Auto Format As You Type Replace Hyperlinks,Boolean,V
Application,NewWorkbook,New Workbook,NewFile,R_O
Application,SpellingOptions,Spelling Options,SpellingOptions,R_O
Application,Speech,Speech,Speech,R_O
Application,MapPaperSize,Map Paper Size,Boolean,V
Application,ShowStartupDialog,Show Startup Dialog,Boolean,V
Application,DecimalSeparator,Decimal Separator,String,V
Application,ThousandsSeparator,Thousands Separator,String,V
Application,UseSystemSeparators,Use System Separators,Boolean,V
Application,ThisCell,This Cell,Range,R_O
Application,RTD,RTD,RTD,R_O
Application,DisplayDocumentActionTaskPane,Display Document Action Task Pane,Boolean,V
Application,ArbitraryXMLSupportAvailable,Arbitrary XML Support Available,Boolean,R_O
Application,MeasurementUnit,Measurement Unit,Long,V
Application,ShowSelectionFloaties,Show Selection Floaties,Boolean,V
Application,ShowMenuFloaties,Show Menu Floaties,Boolean,V
Application,ShowDevTools,Show Dev Tools,Boolean,V
Application,EnableLivePreview,Enable Live Preview,Boolean,V
Application,DisplayDocumentInformationPanel,Display Document Information Panel,Boolean,V
Application,AlwaysUseClearType,Always Use Clear Type,Boolean,V
Application,WarnOnFunctionNameConflict,Warn On Function Name Conflict,Boolean,V
Application,FormulaBarHeight,Formula Bar Height,Long,V
Application,DisplayFormulaAutoComplete,Display Formula Auto Complete,Boolean,V
Application,GenerateTableRefs,Generate Table Refs,XlGenerateTableRefs,V
Application,Assistance,Assistance,IAssistance,R_O
Application,EnableLargeOperationAlert,Enable Large Operation Alert,Boolean,V
Application,LargeOperationCellThousandCount,Large Operation Cell Thousand Count,Long,V
Application,DeferAsyncQueries,Defer Async Queries,Boolean,V
Application,MultiThreadedCalculation,Multi Threaded Calculation,MultiThreadedCalculation,R_O
Application,ActiveEncryptionSession,Active Encryption Session,Long,R_O
Application,HighQualityModeForGraphics,High Quality Mode For Graphics,Boolean,V
Application,FileExportConverters,File Export Converters,FileExportConverters,R_O
Application,SmartArtLayouts,Smart Art Layouts,SmartArtLayouts,R_O
Application,SmartArtQuickStyles,Smart Art Quick Styles,SmartArtQuickStyles,R_O
Application,SmartArtColors,Smart Art Colors,SmartArtColors,R_O
Application,AddIns2,Add Ins2,AddIns2,R_O
Application,PrintCommunication,Print Communication,Boolean,V
Application,UseClusterConnector,Use Cluster Connector,Boolean,V
Application,ClusterConnector,Cluster Connector,String,V
Application,ProtectedViewWindows,Protected View Windows,ProtectedViewWindows,R_O
Application,ActiveProtectedViewWindow,Active Protected View Window,ProtectedViewWindow,R_O
Application,IsSandboxed,Is Sandboxed,Boolean,R_O
Application,HinstancePtr,Hinstance Ptr,Variant,R_O
Application,FileValidation,File Validation,MsoFileValidationMode,V
Application,FileValidationPivot,File Validation Pivot,XlFileValidationPivotMode,V
Application,ShowQuickAnalysis,Show Quick Analysis,Boolean,V
Application,QuickAnalysis,Quick Analysis,QuickAnalysis,R_O
Application,FlashFill,Flash Fill,Boolean,V
Application,EnableMacroAnimations,Enable Macro Animations,Boolean,V
Application,ChartDataPointTrack,Chart Data Point Track,Boolean,V
Application,FlashFillMode,Flash Fill Mode,Boolean,V
Application,MergeInstances,Merge Instances,Boolean,V
Application,EnableCheckFileExtensions,Enable Check File Extensions,Boolean,V
Application,DefaultPivotTableLayoutOptions,Default Pivot Table Layout Options,DefaultPivotTableLayoutOptions,R_O
Application,ShowConvertToDataType,Show Convert To Data Type,Boolean,V
Application,SensitivityLabelPolicy,Sensitivity Label Policy,SensitivityLabelPolicy,R_O
Application,FormatStaleValues,Format Stale Values,Boolean,V
Application,MaxSupportedCompatibilityVersion,Max Supported Compatibility Version,Long,R_O
Arc,Application,Application,Application,R_O
Arc,Creator,Creator,XlCreator,R_O
Arc,Parent,Parent,Object,R_O
Arc,BottomRightCell,Bottom Right Cell,Range,R_O
Arc,Enabled,Enabled,Boolean,V
Arc,Height,Height,Double,V
Arc,Index,Index,Long,R_O
Arc,Left,Left,Double,V
Arc,Locked,Locked,Boolean,V
Arc,Name,Name,String,V
Arc,Placement,Placement,Variant,V
Arc,PrintObject,Print Object,Boolean,V
Arc,Top,Top,Double,V
Arc,TopLeftCell,Top Left Cell,Range,R_O
Arc,Visible,Visible,Boolean,V
Arc,Width,Width,Double,V
Arc,ZOrder,Z Order,Long,R_O
Arc,ShapeRange,Shape Range,ShapeRange,R_O
Arc,AddIndent,Add Indent,Boolean,V
Arc,AutoScaleFont,Auto Scale Font,Variant,V
Arc,AutoSize,Auto Size,Boolean,V
Arc,Caption,Caption,String,V
Arc,Characters,Characters,Characters,R_O
Arc,Font,Font,Font,R_O
Arc,Formula,Formula,String,V
Arc,HorizontalAlignment,Horizontal Alignment,Variant,V
Arc,LockedText,Locked Text,Boolean,V
Arc,Orientation,Orientation,Variant,V
Arc,Text,Text,String,V
Arc,VerticalAlignment,Vertical Alignment,Variant,V
Arc,ReadingOrder,Reading Order,Long,V
Arc,Border,Border,Border,R_O
Arc,Interior,Interior,Interior,R_O
Arcs,Application,Application,Application,R_O
Arcs,Creator,Creator,XlCreator,R_O
Arcs,Parent,Parent,Object,R_O
Arcs,Enabled,Enabled,Boolean,V
Arcs,Height,Height,Double,V
Arcs,Left,Left,Double,V
Arcs,Locked,Locked,Boolean,V
Arcs,Placement,Placement,Variant,V
Arcs,PrintObject,Print Object,Boolean,V
Arcs,Top,Top,Double,V
Arcs,Visible,Visible,Boolean,V
Arcs,Width,Width,Double,V
Arcs,ZOrder,Z Order,Long,R_O
Arcs,ShapeRange,Shape Range,ShapeRange,R_O
Arcs,AddIndent,Add Indent,Boolean,V
Arcs,AutoScaleFont,Auto Scale Font,Variant,V
Arcs,AutoSize,Auto Size,Boolean,V
Arcs,Caption,Caption,String,V
Arcs,Characters,Characters,Characters,R_O
Arcs,Font,Font,Font,R_O
Arcs,Formula,Formula,String,V
Arcs,HorizontalAlignment,Horizontal Alignment,Variant,V
Arcs,LockedText,Locked Text,Boolean,V
Arcs,Orientation,Orientation,Variant,V
Arcs,Text,Text,String,V
Arcs,VerticalAlignment,Vertical Alignment,Variant,V
Arcs,ReadingOrder,Reading Order,Long,V
Arcs,Border,Border,Border,R_O
Arcs,Interior,Interior,Interior,R_O
Arcs,Count,Count,Long,R_O
Areas,Application,Application,Application,R_O
Areas,Creator,Creator,XlCreator,R_O
Areas,Parent,Parent,Object,R_O
Areas,Count,Count,Long,R_O
Areas,Item,Item,Range,R_O
Areas,_NewEnum,_New Enum,IUnknown,R_O
Areas,_Default,_Default,Range,R_O
Author,Application,Application,Application,R_O
Author,Creator,Creator,XlCreator,R_O
Author,Parent,Parent,Object,R_O
Author,Name,Name,String,R_O
Author,ProviderID,Provider ID,String,R_O
Author,UserID,User ID,String,R_O
AutoCorrect,Application,Application,Application,R_O
AutoCorrect,Creator,Creator,XlCreator,R_O
AutoCorrect,Parent,Parent,Object,R_O
AutoCorrect,CapitalizeNamesOfDays,Capitalize Names Of Days,Boolean,V
AutoCorrect,ReplacementList,Replacement List,Variant,V
AutoCorrect,ReplaceText,Replace Text,Boolean,V
AutoCorrect,TwoInitialCapitals,Two Initial Capitals,Boolean,V
AutoCorrect,CorrectSentenceCap,Correct Sentence Cap,Boolean,V
AutoCorrect,CorrectCapsLock,Correct Caps Lock,Boolean,V
AutoCorrect,DisplayAutoCorrectOptions,Display Auto Correct Options,Boolean,V
AutoCorrect,AutoExpandListRange,Auto Expand List Range,Boolean,V
AutoCorrect,AutoFillFormulasInLists,Auto Fill Formulas In Lists,Boolean,V
AutoFilter,Application,Application,Application,R_O
AutoFilter,Creator,Creator,XlCreator,R_O
AutoFilter,Parent,Parent,Object,R_O
AutoFilter,Range,Range,Range,R_O
AutoFilter,Filters,Filters,Filters,R_O
AutoFilter,FilterMode,Filter Mode,Boolean,R_O
AutoFilter,Sort,Sort,Sort,R_O
AutoRecover,Application,Application,Application,R_O
AutoRecover,Creator,Creator,XlCreator,R_O
AutoRecover,Parent,Parent,Object,R_O
AutoRecover,Enabled,Enabled,Boolean,V
AutoRecover,Time,Time,Long,V
AutoRecover,Path,Path,String,V
Axes,Application,Application,Application,R_O
Axes,Creator,Creator,XlCreator,R_O
Axes,Parent,Parent,Object,R_O
Axes,Count,Count,Long,R_O
Axis,Application,Application,Application,R_O
Axis,Creator,Creator,XlCreator,R_O
Axis,Parent,Parent,Object,R_O
Axis,AxisBetweenCategories,Axis Between Categories,Boolean,V
Axis,AxisGroup,Axis Group,XlAxisGroup,R_O
Axis,AxisTitle,Axis Title,AxisTitle,R_O
Axis,Border,Border,Border,R_O
Axis,CategoryNames,Category Names,Variant,V
Axis,Crosses,Crosses,XlAxisCrosses,V
Axis,CrossesAt,Crosses At,Double,V
Axis,HasMajorGridlines,Has Major Gridlines,Boolean,V
Axis,HasMinorGridlines,Has Minor Gridlines,Boolean,V
Axis,HasTitle,Has Title,Boolean,V
Axis,MajorGridlines,Major Gridlines,Gridlines,R_O
Axis,MajorTickMark,Major Tick Mark,XlTickMark,V
Axis,MajorUnit,Major Unit,Double,V
Axis,MajorUnitIsAuto,Major Unit Is Auto,Boolean,V
Axis,MaximumScale,Maximum Scale,Double,V
Axis,MaximumScaleIsAuto,Maximum Scale Is Auto,Boolean,V
Axis,MinimumScale,Minimum Scale,Double,V
Axis,MinimumScaleIsAuto,Minimum Scale Is Auto,Boolean,V
Axis,MinorGridlines,Minor Gridlines,Gridlines,R_O
Axis,MinorTickMark,Minor Tick Mark,XlTickMark,V
Axis,MinorUnit,Minor Unit,Double,V
Axis,MinorUnitIsAuto,Minor Unit Is Auto,Boolean,V
Axis,ReversePlotOrder,Reverse Plot Order,Boolean,V
Axis,ScaleType,Scale Type,XlScaleType,V
Axis,TickLabelPosition,Tick Label Position,XlTickLabelPosition,V
Axis,TickLabels,Tick Labels,TickLabels,R_O
Axis,TickLabelSpacing,Tick Label Spacing,Long,V
Axis,TickMarkSpacing,Tick Mark Spacing,Long,V
Axis,Type,Type,XlAxisType,V
Axis,BaseUnit,Base Unit,XlTimeUnit,V
Axis,BaseUnitIsAuto,Base Unit Is Auto,Boolean,V
Axis,MajorUnitScale,Major Unit Scale,XlTimeUnit,V
Axis,MinorUnitScale,Minor Unit Scale,XlTimeUnit,V
Axis,CategoryType,Category Type,XlCategoryType,V
Axis,Left,Left,Double,R_O
Axis,Top,Top,Double,R_O
Axis,Width,Width,Double,R_O
Axis,Height,Height,Double,R_O
Axis,DisplayUnit,Display Unit,XlDisplayUnit,V
Axis,DisplayUnitCustom,Display Unit Custom,Double,V
Axis,HasDisplayUnitLabel,Has Display Unit Label,Boolean,V
Axis,DisplayUnitLabel,Display Unit Label,DisplayUnitLabel,R_O
Axis,LogBase,Log Base,Double,V
Axis,TickLabelSpacingIsAuto,Tick Label Spacing Is Auto,Boolean,V
Axis,Format,Format,ChartFormat,R_O
Axis,CategorySortOrder,Category Sort Order,XlCategorySortOrder,V
AxisTitle,Application,Application,Application,R_O
AxisTitle,Creator,Creator,XlCreator,R_O
AxisTitle,Parent,Parent,Object,R_O
AxisTitle,Name,Name,String,R_O
AxisTitle,Caption,Caption,String,V
AxisTitle,Characters,Characters,Characters,R_O
AxisTitle,HorizontalAlignment,Horizontal Alignment,Variant,V
AxisTitle,Left,Left,Double,V
AxisTitle,Orientation,Orientation,Variant,V
AxisTitle,Shadow,Shadow,Boolean,V
AxisTitle,Text,Text,String,V
AxisTitle,Top,Top,Double,V
AxisTitle,VerticalAlignment,Vertical Alignment,Variant,V
AxisTitle,ReadingOrder,Reading Order,Long,V
AxisTitle,IncludeInLayout,Include In Layout,Boolean,V
AxisTitle,Position,Position,XlChartElementPosition,V
AxisTitle,Format,Format,ChartFormat,R_O
AxisTitle,Height,Height,Double,R_O
AxisTitle,Width,Width,Double,R_O
AxisTitle,Formula,Formula,String,V
AxisTitle,FormulaR1C1,Formula R1 C1,String,V
AxisTitle,FormulaLocal,Formula Local,String,V
AxisTitle,FormulaR1C1Local,Formula R1 C1 Local,String,V
Border,Application,Application,Application,R_O
Border,Creator,Creator,XlCreator,R_O
Border,Parent,Parent,Object,R_O
Border,Color,Color,Variant,V
Border,ColorIndex,Color Index,Variant,V
Border,LineStyle,Line Style,Variant,V
Border,Weight,Weight,Variant,V
Border,ThemeColor,Theme Color,Variant,V
Border,TintAndShade,Tint And Shade,Variant,V
Borders,Application,Application,Application,R_O
Borders,Creator,Creator,XlCreator,R_O
Borders,Parent,Parent,Object,R_O
Borders,Color,Color,Variant,V
Borders,ColorIndex,Color Index,Variant,V
Borders,Count,Count,Long,R_O
Borders,Item,Item,Border,R_O
Borders,LineStyle,Line Style,Variant,V
Borders,_NewEnum,_New Enum,IUnknown,R_O
Borders,Value,Value,Variant,V
Borders,Weight,Weight,Variant,V
Borders,_Default,_Default,Border,R_O
Borders,ThemeColor,Theme Color,Variant,V
Borders,TintAndShade,Tint And Shade,Variant,V
Button,Application,Application,Application,R_O
Button,Creator,Creator,XlCreator,R_O
Button,Parent,Parent,Object,R_O
Button,BottomRightCell,Bottom Right Cell,Range,R_O
Button,Enabled,Enabled,Boolean,V
Button,Height,Height,Double,V
Button,Index,Index,Long,R_O
Button,Left,Left,Double,V
Button,Locked,Locked,Boolean,V
Button,Name,Name,String,V
Button,Placement,Placement,Variant,V
Button,PrintObject,Print Object,Boolean,V
Button,Top,Top,Double,V
Button,TopLeftCell,Top Left Cell,Range,R_O
Button,Visible,Visible,Boolean,V
Button,Width,Width,Double,V
Button,ZOrder,Z Order,Long,R_O
Button,ShapeRange,Shape Range,ShapeRange,R_O
Button,AddIndent,Add Indent,Boolean,V
Button,AutoScaleFont,Auto Scale Font,Variant,V
Button,AutoSize,Auto Size,Boolean,V
Button,Caption,Caption,String,V
Button,Characters,Characters,Characters,R_O
Button,Font,Font,Font,R_O
Button,Formula,Formula,String,V
Button,HorizontalAlignment,Horizontal Alignment,Variant,V
Button,LockedText,Locked Text,Boolean,V
Button,Orientation,Orientation,Variant,V
Button,Text,Text,String,V
Button,VerticalAlignment,Vertical Alignment,Variant,V
Button,ReadingOrder,Reading Order,Long,V
Button,Accelerator,Accelerator,Variant,V
Button,CancelButton,Cancel Button,Boolean,V
Button,DefaultButton,Default Button,Boolean,V
Button,DismissButton,Dismiss Button,Boolean,V
Button,HelpButton,Help Button,Boolean,V
Button,PhoneticAccelerator,Phonetic Accelerator,Variant,V
Buttons,Application,Application,Application,R_O
Buttons,Creator,Creator,XlCreator,R_O
Buttons,Parent,Parent,Object,R_O
Buttons,Enabled,Enabled,Boolean,V
Buttons,Height,Height,Double,V
Buttons,Left,Left,Double,V
Buttons,Locked,Locked,Boolean,V
Buttons,Placement,Placement,Variant,V
Buttons,PrintObject,Print Object,Boolean,V
Buttons,Top,Top,Double,V
Buttons,Visible,Visible,Boolean,V
Buttons,Width,Width,Double,V
Buttons,ZOrder,Z Order,Long,R_O
Buttons,ShapeRange,Shape Range,ShapeRange,R_O
Buttons,AddIndent,Add Indent,Boolean,V
Buttons,AutoScaleFont,Auto Scale Font,Variant,V
Buttons,AutoSize,Auto Size,Boolean,V
Buttons,Caption,Caption,String,V
Buttons,Characters,Characters,Characters,R_O
Buttons,Font,Font,Font,R_O
Buttons,Formula,Formula,String,V
Buttons,HorizontalAlignment,Horizontal Alignment,Variant,V
Buttons,LockedText,Locked Text,Boolean,V
Buttons,Orientation,Orientation,Variant,V
Buttons,Text,Text,String,V
Buttons,VerticalAlignment,Vertical Alignment,Variant,V
Buttons,ReadingOrder,Reading Order,Long,V
Buttons,Accelerator,Accelerator,Variant,V
Buttons,CancelButton,Cancel Button,Boolean,V
Buttons,DefaultButton,Default Button,Boolean,V
Buttons,DismissButton,Dismiss Button,Boolean,V
Buttons,HelpButton,Help Button,Boolean,V
Buttons,PhoneticAccelerator,Phonetic Accelerator,Variant,V
Buttons,Count,Count,Long,R_O
CalculatedFields,Application,Application,Application,R_O
CalculatedFields,Creator,Creator,XlCreator,R_O
CalculatedFields,Parent,Parent,Object,R_O
CalculatedFields,Count,Count,Long,R_O
CalculatedFields,_Default,_Default,PivotField,R_O
CalculatedItems,Application,Application,Application,R_O
CalculatedItems,Creator,Creator,XlCreator,R_O
CalculatedItems,Parent,Parent,Object,R_O
CalculatedItems,Count,Count,Long,R_O
CalculatedItems,_Default,_Default,PivotItem,R_O
CalculatedMember,Application,Application,Application,R_O
CalculatedMember,Creator,Creator,XlCreator,R_O
CalculatedMember,Parent,Parent,Object,R_O
CalculatedMember,Name,Name,String,R_O
CalculatedMember,Formula,Formula,String,R_O
CalculatedMember,SourceName,Source Name,String,R_O
CalculatedMember,SolveOrder,Solve Order,Long,R_O
CalculatedMember,IsValid,Is Valid,Boolean,R_O
CalculatedMember,_Default,_Default,String,R_O
CalculatedMember,Type,Type,XlCalculatedMemberType,R_O
CalculatedMember,Dynamic,Dynamic,Boolean,R_O
CalculatedMember,DisplayFolder,Display Folder,String,R_O
CalculatedMember,HierarchizeDistinct,Hierarchize Distinct,Boolean,V
CalculatedMember,FlattenHierarchies,Flatten Hierarchies,Boolean,V
CalculatedMember,MeasureGroup,Measure Group,String,R_O
CalculatedMember,ParentHierarchy,Parent Hierarchy,String,R_O
CalculatedMember,ParentMember,Parent Member,String,R_O
CalculatedMember,NumberFormat,Number Format,XlCalcMemNumberFormatType,R_O
CalculatedMembers,Application,Application,Application,R_O
CalculatedMembers,Creator,Creator,XlCreator,R_O
CalculatedMembers,Parent,Parent,Object,R_O
CalculatedMembers,Count,Count,Long,R_O
CalculatedMembers,Item,Item,CalculatedMember,R_O
CalculatedMembers,_Default,_Default,CalculatedMember,R_O
CalculatedMembers,_NewEnum,_New Enum,IUnknown,R_O
CalloutFormat,Application,Application,Object,R_O
CalloutFormat,Creator,Creator,Long,R_O
CalloutFormat,Parent,Parent,Object,R_O
CalloutFormat,Accent,Accent,MsoTriState,V
CalloutFormat,Angle,Angle,MsoCalloutAngleType,V
CalloutFormat,AutoAttach,Auto Attach,MsoTriState,V
CalloutFormat,AutoLength,Auto Length,MsoTriState,R_O
CalloutFormat,Border,Border,MsoTriState,V
CalloutFormat,Drop,Drop,Single,R_O
CalloutFormat,DropType,Drop Type,MsoCalloutDropType,R_O
CalloutFormat,Gap,Gap,Single,V
CalloutFormat,Length,Length,Single,R_O
CalloutFormat,Type,Type,MsoCalloutType,V
CategoryCollection,Application,Application,Application,R_O
CategoryCollection,Creator,Creator,XlCreator,R_O
CategoryCollection,Parent,Parent,Object,R_O
CategoryCollection,Count,Count,Long,R_O
CellControl,Application,Application,Application,R_O
CellControl,Creator,Creator,XlCreator,R_O
CellControl,Parent,Parent,Object,R_O
CellControl,Type,Type,Variant,R_O
CellFormat,Application,Application,Application,R_O
CellFormat,Creator,Creator,XlCreator,R_O
CellFormat,Parent,Parent,Object,R_O
CellFormat,Borders,Borders,Borders,V
CellFormat,Font,Font,Font,V
CellFormat,Interior,Interior,Interior,V
CellFormat,NumberFormat,Number Format,Variant,V
CellFormat,NumberFormatLocal,Number Format Local,Variant,V
CellFormat,AddIndent,Add Indent,Variant,V
CellFormat,IndentLevel,Indent Level,Variant,V
CellFormat,HorizontalAlignment,Horizontal Alignment,Variant,V
CellFormat,VerticalAlignment,Vertical Alignment,Variant,V
CellFormat,Orientation,Orientation,Variant,V
CellFormat,ShrinkToFit,Shrink To Fit,Variant,V
CellFormat,WrapText,Wrap Text,Variant,V
CellFormat,Locked,Locked,Variant,V
CellFormat,FormulaHidden,Formula Hidden,Variant,V
CellFormat,MergeCells,Merge Cells,Variant,V
Characters,Application,Application,Application,R_O
Characters,Creator,Creator,XlCreator,R_O
Characters,Parent,Parent,Object,R_O
Characters,Caption,Caption,String,V
Characters,Count,Count,Long,R_O
Characters,Font,Font,Font,R_O
Characters,Text,Text,String,V
Characters,PhoneticCharacters,Phonetic Characters,String,V
Chart,Application,Application,Application,R_O
Chart,Creator,Creator,XlCreator,R_O
Chart,Parent,Parent,Object,R_O
Chart,CodeName,Code Name,String,R_O
Chart,_CodeName,_Code Name,String,V
Chart,Index,Index,Long,R_O
Chart,Name,Name,String,V
Chart,Next,Next,Object,R_O
Chart,PageSetup,Page Setup,PageSetup,R_O
Chart,Previous,Previous,Object,R_O
Chart,ProtectContents,Protect Contents,Boolean,R_O
Chart,ProtectDrawingObjects,Protect Drawing Objects,Boolean,R_O
Chart,ProtectionMode,Protection Mode,Boolean,R_O
Chart,Visible,Visible,XlSheetVisibility,V
Chart,Shapes,Shapes,Shapes,R_O
Chart,AutoScaling,Auto Scaling,Boolean,V
Chart,ChartArea,Chart Area,ChartArea,R_O
Chart,ChartTitle,Chart Title,ChartTitle,R_O
Chart,DataTable,Data Table,DataTable,R_O
Chart,DepthPercent,Depth Percent,Long,V
Chart,DisplayBlanksAs,Display Blanks As,XlDisplayBlanksAs,V
Chart,Elevation,Elevation,Long,V
Chart,Floor,Floor,Floor,R_O
Chart,GapDepth,Gap Depth,Long,V
Chart,HasAxis,Has Axis,Variant,V
Chart,HasDataTable,Has Data Table,Boolean,V
Chart,HasLegend,Has Legend,Boolean,V
Chart,HasTitle,Has Title,Boolean,V
Chart,HeightPercent,Height Percent,Long,V
Chart,Hyperlinks,Hyperlinks,Hyperlinks,R_O
Chart,Legend,Legend,Legend,R_O
Chart,Perspective,Perspective,Long,V
Chart,PlotArea,Plot Area,PlotArea,R_O
Chart,PlotVisibleOnly,Plot Visible Only,Boolean,V
Chart,RightAngleAxes,Right Angle Axes,Variant,V
Chart,Rotation,Rotation,Variant,V
Chart,ChartType,Chart Type,XlChartType,V
Chart,Walls,Walls,Walls,R_O
Chart,BarShape,Bar Shape,XlBarShape,V
Chart,PlotBy,Plot By,XlRowCol,V
Chart,ProtectFormatting,Protect Formatting,Boolean,V
Chart,ProtectData,Protect Data,Boolean,V
Chart,ProtectSelection,Protect Selection,Boolean,V
Chart,PivotLayout,Pivot Layout,PivotLayout,R_O
Chart,Tab,Tab,Tab,R_O
Chart,MailEnvelope,Mail Envelope,MsoEnvelope,R_O
Chart,ShowDataLabelsOverMaximum,Show Data Labels Over Maximum,Boolean,V
Chart,SideWall,Side Wall,Walls,R_O
Chart,BackWall,Back Wall,Walls,R_O
Chart,ChartStyle,Chart Style,Variant,V
Chart,PrintedCommentPages,Printed Comment Pages,Long,R_O
Chart,ShowReportFilterFieldButtons,Show Report Filter Field Buttons,Boolean,V
Chart,ShowLegendFieldButtons,Show Legend Field Buttons,Boolean,V
Chart,ShowAxisFieldButtons,Show Axis Field Buttons,Boolean,V
Chart,ShowValueFieldButtons,Show Value Field Buttons,Boolean,V
Chart,ShowAllFieldButtons,Show All Field Buttons,Boolean,V
Chart,CategoryLabelLevel,Category Label Level,XlCategoryLabelLevel,V
Chart,SeriesNameLevel,Series Name Level,XlSeriesNameLevel,V
Chart,ChartColor,Chart Color,Variant,V
Chart,ShowExpandCollapseEntireFieldButtons,Show Expand Collapse Entire Field Buttons,Boolean,V
Chart,DisplayValueNotAvailableAsBlank,Display Value Not Available As Blank,Boolean,V
ChartArea,Application,Application,Application,R_O
ChartArea,Creator,Creator,XlCreator,R_O
ChartArea,Parent,Parent,Object,R_O
ChartArea,Name,Name,String,R_O
ChartArea,Shadow,Shadow,Boolean,V
ChartArea,Height,Height,Double,V
ChartArea,Left,Left,Double,V
ChartArea,Top,Top,Double,V
ChartArea,Width,Width,Double,V
ChartArea,Format,Format,ChartFormat,R_O
ChartArea,RoundedCorners,Rounded Corners,Boolean,V
ChartCategory,Application,Application,Application,R_O
ChartCategory,Creator,Creator,XlCreator,R_O
ChartCategory,Parent,Parent,Object,R_O
ChartCategory,Name,Name,String,R_O
ChartCategory,IsFiltered,Is Filtered,Boolean,V
ChartColorFormat,Application,Application,Application,R_O
ChartColorFormat,Creator,Creator,XlCreator,R_O
ChartColorFormat,Parent,Parent,Object,R_O
ChartColorFormat,SchemeColor,Scheme Color,Long,V
ChartColorFormat,RGB,RGB,Long,R_O
ChartColorFormat,_Default,_Default,Long,R_O
ChartColorFormat,Type,Type,Long,R_O
ChartFillFormat,Application,Application,Application,R_O
ChartFillFormat,Creator,Creator,XlCreator,R_O
ChartFillFormat,Parent,Parent,Object,R_O
ChartFillFormat,BackColor,Back Color,ChartColorFormat,R_O
ChartFillFormat,ForeColor,Fore Color,ChartColorFormat,R_O
ChartFillFormat,GradientColorType,Gradient Color Type,MsoGradientColorType,R_O
ChartFillFormat,GradientDegree,Gradient Degree,Single,R_O
ChartFillFormat,GradientStyle,Gradient Style,MsoGradientStyle,R_O
ChartFillFormat,GradientVariant,Gradient Variant,Long,R_O
ChartFillFormat,Pattern,Pattern,MsoPatternType,R_O
ChartFillFormat,PresetGradientType,Preset Gradient Type,MsoPresetGradientType,R_O
ChartFillFormat,PresetTexture,Preset Texture,MsoPresetTexture,R_O
ChartFillFormat,TextureName,Texture Name,String,R_O
ChartFillFormat,TextureType,Texture Type,MsoTextureType,R_O
ChartFillFormat,Type,Type,MsoFillType,R_O
ChartFillFormat,Visible,Visible,MsoTriState,V
ChartFormat,Application,Application,Application,R_O
ChartFormat,Creator,Creator,XlCreator,R_O
ChartFormat,Parent,Parent,Object,R_O
ChartFormat,Fill,Fill,FillFormat,R_O
ChartFormat,Glow,Glow,GlowFormat,R_O
ChartFormat,Line,Line,LineFormat,R_O
ChartFormat,PictureFormat,Picture Format,PictureFormat,R_O
ChartFormat,Shadow,Shadow,ShadowFormat,R_O
ChartFormat,SoftEdge,Soft Edge,SoftEdgeFormat,R_O
ChartFormat,TextFrame2,Text Frame2,TextFrame2,R_O
ChartFormat,ThreeD,Three D,ThreeDFormat,R_O
ChartFormat,Adjustments,Adjustments,Adjustments,R_O
ChartFormat,AutoShapeType,Auto Shape Type,MsoAutoShapeType,V
ChartGroup,Application,Application,Application,R_O
ChartGroup,Creator,Creator,XlCreator,R_O
ChartGroup,Parent,Parent,Object,R_O
ChartGroup,AxisGroup,Axis Group,XlAxisGroup,V
ChartGroup,DoughnutHoleSize,Doughnut Hole Size,Long,V
ChartGroup,DownBars,Down Bars,DownBars,R_O
ChartGroup,DropLines,Drop Lines,DropLines,R_O
ChartGroup,FirstSliceAngle,First Slice Angle,Long,V
ChartGroup,GapWidth,Gap Width,Long,V
ChartGroup,HasDropLines,Has Drop Lines,Boolean,V
ChartGroup,HasHiLoLines,Has Hi Lo Lines,Boolean,V
ChartGroup,HasRadarAxisLabels,Has Radar Axis Labels,Boolean,V
ChartGroup,HasSeriesLines,Has Series Lines,Boolean,V
ChartGroup,HasUpDownBars,Has Up Down Bars,Boolean,V
ChartGroup,HiLoLines,Hi Lo Lines,HiLoLines,R_O
ChartGroup,Index,Index,Long,R_O
ChartGroup,Overlap,Overlap,Long,V
ChartGroup,RadarAxisLabels,Radar Axis Labels,TickLabels,R_O
ChartGroup,SeriesLines,Series Lines,SeriesLines,R_O
ChartGroup,UpBars,Up Bars,UpBars,R_O
ChartGroup,VaryByCategories,Vary By Categories,Boolean,V
ChartGroup,SizeRepresents,Size Represents,XlSizeRepresents,V
ChartGroup,BubbleScale,Bubble Scale,Long,V
ChartGroup,ShowNegativeBubbles,Show Negative Bubbles,Boolean,V
ChartGroup,SplitType,Split Type,XlChartSplitType,V
ChartGroup,SplitValue,Split Value,Variant,V
ChartGroup,SecondPlotSize,Second Plot Size,Long,V
ChartGroup,Has3DShading,Has3 D Shading,Boolean,V
ChartGroup,BinsType,Bins Type,XlBinsType,V
ChartGroup,BinWidthValue,Bin Width Value,Double,V
ChartGroup,BinsCountValue,Bins Count Value,Long,V
ChartGroup,BinsOverflowEnabled,Bins Overflow Enabled,Boolean,V
ChartGroup,BinsOverflowValue,Bins Overflow Value,Double,V
ChartGroup,BinsUnderflowEnabled,Bins Underflow Enabled,Boolean,V
ChartGroup,BinsUnderflowValue,Bins Underflow Value,Double,V
ChartGroups,Application,Application,Application,R_O
ChartGroups,Creator,Creator,XlCreator,R_O
ChartGroups,Parent,Parent,Object,R_O
ChartGroups,Count,Count,Long,R_O
ChartObject,Application,Application,Application,R_O
ChartObject,Creator,Creator,XlCreator,R_O
ChartObject,Parent,Parent,Object,R_O
ChartObject,BottomRightCell,Bottom Right Cell,Range,R_O
ChartObject,Height,Height,Double,V
ChartObject,Index,Index,Long,R_O
ChartObject,Left,Left,Double,V
ChartObject,Locked,Locked,Boolean,V
ChartObject,Name,Name,String,V
ChartObject,Placement,Placement,Variant,V
ChartObject,PrintObject,Print Object,Boolean,V
ChartObject,Top,Top,Double,V
ChartObject,TopLeftCell,Top Left Cell,Range,R_O
ChartObject,Visible,Visible,Boolean,V
ChartObject,Width,Width,Double,V
ChartObject,ZOrder,Z Order,Long,R_O
ChartObject,ShapeRange,Shape Range,ShapeRange,R_O
ChartObject,Chart,Chart,Chart,R_O
ChartObject,ProtectChartObject,Protect Chart Object,Boolean,V
ChartObject,RoundedCorners,Rounded Corners,Boolean,V
ChartObject,Shadow,Shadow,Boolean,V
ChartObjects,Application,Application,Application,R_O
ChartObjects,Creator,Creator,XlCreator,R_O
ChartObjects,Parent,Parent,Object,R_O
ChartObjects,Height,Height,Double,V
ChartObjects,Left,Left,Double,V
ChartObjects,Locked,Locked,Boolean,V
ChartObjects,Placement,Placement,Variant,V
ChartObjects,PrintObject,Print Object,Boolean,V
ChartObjects,Top,Top,Double,V
ChartObjects,Visible,Visible,Boolean,V
ChartObjects,Width,Width,Double,V
ChartObjects,ShapeRange,Shape Range,ShapeRange,R_O
ChartObjects,ProtectChartObject,Protect Chart Object,Boolean,V
ChartObjects,Count,Count,Long,R_O
Charts,Application,Application,Application,R_O
Charts,Creator,Creator,XlCreator,R_O
Charts,Parent,Parent,Object,R_O
Charts,Count,Count,Long,R_O
Charts,Item,Item,Object,R_O
Charts,_NewEnum,_New Enum,IUnknown,R_O
Charts,HPageBreaks,H Page Breaks,HPageBreaks,R_O
Charts,VPageBreaks,V Page Breaks,VPageBreaks,R_O
Charts,Visible,Visible,Variant,V
Charts,_Default,_Default,Object,R_O
ChartSeriesGradientStopData,Application,Application,Application,R_O
ChartSeriesGradientStopData,Creator,Creator,XlCreator,R_O
ChartSeriesGradientStopData,Parent,Parent,Object,R_O
ChartSeriesGradientStopData,StopColor,Stop Color,SeriesGradientStopColorFormat,R_O
ChartSeriesGradientStopData,StopPositionType,Stop Position Type,XlGradientStopPositionType,V
ChartSeriesGradientStopData,StopValue,Stop Value,String,V
ChartTitle,Application,Application,Application,R_O
ChartTitle,Creator,Creator,XlCreator,R_O
ChartTitle,Parent,Parent,Object,R_O
ChartTitle,Name,Name,String,R_O
ChartTitle,Caption,Caption,String,V
ChartTitle,Characters,Characters,Characters,R_O
ChartTitle,HorizontalAlignment,Horizontal Alignment,Variant,V
ChartTitle,Left,Left,Double,V
ChartTitle,Orientation,Orientation,Variant,V
ChartTitle,Shadow,Shadow,Boolean,V
ChartTitle,Text,Text,String,V
ChartTitle,Top,Top,Double,V
ChartTitle,VerticalAlignment,Vertical Alignment,Variant,V
ChartTitle,ReadingOrder,Reading Order,Long,V
ChartTitle,IncludeInLayout,Include In Layout,Boolean,V
ChartTitle,Position,Position,XlChartElementPosition,V
ChartTitle,Format,Format,ChartFormat,R_O
ChartTitle,Height,Height,Double,R_O
ChartTitle,Width,Width,Double,R_O
ChartTitle,Formula,Formula,String,V
ChartTitle,FormulaR1C1,Formula R1 C1,String,V
ChartTitle,FormulaLocal,Formula Local,String,V
ChartTitle,FormulaR1C1Local,Formula R1 C1 Local,String,V
ChartView,Application,Application,Application,R_O
ChartView,Creator,Creator,XlCreator,R_O
ChartView,Parent,Parent,Object,R_O
ChartView,Sheet,Sheet,Object,R_O
CheckBox,Application,Application,Application,R_O
CheckBox,Creator,Creator,XlCreator,R_O
CheckBox,Parent,Parent,Object,R_O
CheckBox,BottomRightCell,Bottom Right Cell,Range,R_O
CheckBox,Enabled,Enabled,Boolean,V
CheckBox,Height,Height,Double,V
CheckBox,Index,Index,Long,R_O
CheckBox,Left,Left,Double,V
CheckBox,Locked,Locked,Boolean,V
CheckBox,Name,Name,String,V
CheckBox,Placement,Placement,Variant,V
CheckBox,PrintObject,Print Object,Boolean,V
CheckBox,Top,Top,Double,V
CheckBox,TopLeftCell,Top Left Cell,Range,R_O
CheckBox,Visible,Visible,Boolean,V
CheckBox,Width,Width,Double,V
CheckBox,ZOrder,Z Order,Long,R_O
CheckBox,ShapeRange,Shape Range,ShapeRange,R_O
CheckBox,Caption,Caption,String,V
CheckBox,Characters,Characters,Characters,R_O
CheckBox,LockedText,Locked Text,Boolean,V
CheckBox,Text,Text,String,V
CheckBox,Accelerator,Accelerator,Variant,V
CheckBox,Border,Border,Border,R_O
CheckBox,_Default,_Default,Long,V
CheckBox,Display3DShading,Display3 D Shading,Boolean,V
CheckBox,Interior,Interior,Interior,R_O
CheckBox,LinkedCell,Linked Cell,String,V
CheckBox,PhoneticAccelerator,Phonetic Accelerator,Variant,V
CheckBox,Value,Value,Variant,V
CheckBoxes,Application,Application,Application,R_O
CheckBoxes,Creator,Creator,XlCreator,R_O
CheckBoxes,Parent,Parent,Object,R_O
CheckBoxes,Enabled,Enabled,Boolean,V
CheckBoxes,Height,Height,Double,V
CheckBoxes,Left,Left,Double,V
CheckBoxes,Locked,Locked,Boolean,V
CheckBoxes,Placement,Placement,Variant,V
CheckBoxes,PrintObject,Print Object,Boolean,V
CheckBoxes,Top,Top,Double,V
CheckBoxes,Visible,Visible,Boolean,V
CheckBoxes,Width,Width,Double,V
CheckBoxes,ZOrder,Z Order,Long,R_O
CheckBoxes,ShapeRange,Shape Range,ShapeRange,R_O
CheckBoxes,Caption,Caption,String,V
CheckBoxes,Characters,Characters,Characters,R_O
CheckBoxes,LockedText,Locked Text,Boolean,V
CheckBoxes,Text,Text,String,V
CheckBoxes,Accelerator,Accelerator,Variant,V
CheckBoxes,Border,Border,Border,R_O
CheckBoxes,_Default,_Default,Long,V
CheckBoxes,Display3DShading,Display3 D Shading,Boolean,V
CheckBoxes,Interior,Interior,Interior,R_O
CheckBoxes,LinkedCell,Linked Cell,String,V
CheckBoxes,PhoneticAccelerator,Phonetic Accelerator,Variant,V
CheckBoxes,Value,Value,Variant,V
CheckBoxes,Count,Count,Long,R_O
ColorFormat,Application,Application,Object,R_O
ColorFormat,Creator,Creator,Long,R_O
ColorFormat,Parent,Parent,Object,R_O
ColorFormat,RGB,RGB,MsoRGBType,V
ColorFormat,SchemeColor,Scheme Color,Long,V
ColorFormat,Type,Type,MsoColorType,R_O
ColorFormat,TintAndShade,Tint And Shade,Single,V
ColorFormat,ObjectThemeColor,Object Theme Color,MsoThemeColorIndex,V
ColorFormat,Brightness,Brightness,Single,V
ColorScale,Application,Application,Application,R_O
ColorScale,Creator,Creator,XlCreator,R_O
ColorScale,Parent,Parent,Object,R_O
ColorScale,Priority,Priority,Long,V
ColorScale,StopIfTrue,Stop If True,Boolean,R_O
ColorScale,AppliesTo,Applies To,Range,R_O
ColorScale,Formula,Formula,String,V
ColorScale,Type,Type,Long,R_O
ColorScale,PTCondition,PT Condition,Boolean,R_O
ColorScale,ScopeType,Scope Type,XlPivotConditionScope,V
ColorScale,ColorScaleCriteria,Color Scale Criteria,ColorScaleCriteria,R_O
ColorScaleCriteria,Count,Count,Long,R_O
ColorScaleCriteria,_Default,_Default,ColorScaleCriterion,R_O
ColorScaleCriteria,_NewEnum,_New Enum,IUnknown,R_O
ColorScaleCriteria,Item,Item,ColorScaleCriterion,R_O
ColorScaleCriterion,Index,Index,Long,R_O
ColorScaleCriterion,Type,Type,XlConditionValueTypes,V
ColorScaleCriterion,Value,Value,Variant,V
ColorScaleCriterion,FormatColor,Format Color,FormatColor,R_O
ColorStop,Application,Application,Application,R_O
ColorStop,Creator,Creator,XlCreator,R_O
ColorStop,Parent,Parent,Object,R_O
ColorStop,Color,Color,Variant,V
ColorStop,ThemeColor,Theme Color,Long,V
ColorStop,TintAndShade,Tint And Shade,Variant,V
ColorStop,Position,Position,Double,V
ColorStops,Application,Application,Application,R_O
ColorStops,Creator,Creator,XlCreator,R_O
ColorStops,Parent,Parent,Object,R_O
ColorStops,Count,Count,Long,R_O
ColorStops,_Default,_Default,ColorStop,R_O
ColorStops,_NewEnum,_New Enum,IUnknown,R_O
Comment,Application,Application,Application,R_O
Comment,Creator,Creator,XlCreator,R_O
Comment,Parent,Parent,Object,R_O
Comment,Author,Author,String,R_O
Comment,Shape,Shape,Shape,R_O
Comment,Visible,Visible,Boolean,V
Comments,Application,Application,Application,R_O
Comments,Creator,Creator,XlCreator,R_O
Comments,Parent,Parent,Object,R_O
Comments,Count,Count,Long,R_O
Comments,_Default,_Default,Comment,R_O
Comments,_NewEnum,_New Enum,IUnknown,R_O
CommentsThreaded,Application,Application,Application,R_O
CommentsThreaded,Creator,Creator,XlCreator,R_O
CommentsThreaded,Parent,Parent,Object,R_O
CommentsThreaded,Count,Count,Long,R_O
CommentsThreaded,_Default,_Default,CommentThreaded,R_O
CommentsThreaded,_NewEnum,_New Enum,IUnknown,R_O
CommentThreaded,Application,Application,Application,R_O
CommentThreaded,Creator,Creator,XlCreator,R_O
CommentThreaded,Parent,Parent,Object,R_O
CommentThreaded,Replies,Replies,CommentsThreaded,R_O
CommentThreaded,Author,Author,Author,R_O
CommentThreaded,Date,Date,Variant,R_O
CommentThreaded,Resolved,Resolved,Boolean,V
ConditionValue,Application,Application,Application,R_O
ConditionValue,Creator,Creator,XlCreator,R_O
ConditionValue,Parent,Parent,Object,R_O
ConditionValue,Type,Type,XlConditionValueTypes,R_O
ConditionValue,Value,Value,Variant,R_O
Connections,Application,Application,Application,R_O
Connections,Creator,Creator,XlCreator,R_O
Connections,Parent,Parent,Object,R_O
Connections,Count,Count,Long,R_O
Connections,_Default,_Default,WorkbookConnection,R_O
Connections,_NewEnum,_New Enum,IUnknown,R_O
ConnectorFormat,Application,Application,Application,R_O
ConnectorFormat,Creator,Creator,XlCreator,R_O
ConnectorFormat,Parent,Parent,Object,R_O
ConnectorFormat,BeginConnected,Begin Connected,MsoTriState,R_O
ConnectorFormat,BeginConnectedShape,Begin Connected Shape,Shape,R_O
ConnectorFormat,BeginConnectionSite,Begin Connection Site,Long,R_O
ConnectorFormat,EndConnected,End Connected,MsoTriState,R_O
ConnectorFormat,EndConnectedShape,End Connected Shape,Shape,R_O
ConnectorFormat,EndConnectionSite,End Connection Site,Long,R_O
ConnectorFormat,Type,Type,MsoConnectorType,V
ControlFormat,Application,Application,Application,R_O
ControlFormat,Creator,Creator,XlCreator,R_O
ControlFormat,Parent,Parent,Object,R_O
ControlFormat,DropDownLines,Drop Down Lines,Long,V
ControlFormat,Enabled,Enabled,Boolean,V
ControlFormat,LargeChange,Large Change,Long,V
ControlFormat,LinkedCell,Linked Cell,String,V
ControlFormat,ListCount,List Count,Long,V
ControlFormat,ListFillRange,List Fill Range,String,V
ControlFormat,ListIndex,List Index,Long,V
ControlFormat,LockedText,Locked Text,Boolean,V
ControlFormat,Max,Max,Long,V
ControlFormat,Min,Min,Long,V
ControlFormat,MultiSelect,Multi Select,Long,V
ControlFormat,PrintObject,Print Object,Boolean,V
ControlFormat,SmallChange,Small Change,Long,V
ControlFormat,_Default,_Default,Long,V
ControlFormat,Value,Value,Long,V
Corners,Application,Application,Application,R_O
Corners,Creator,Creator,XlCreator,R_O
CubeField,Application,Application,Application,R_O
CubeField,Creator,Creator,XlCreator,R_O
CubeField,Parent,Parent,Object,R_O
CubeField,CubeFieldType,Cube Field Type,XlCubeFieldType,R_O
CubeField,Name,Name,String,R_O
CubeField,Value,Value,String,R_O
CubeField,Orientation,Orientation,XlPivotFieldOrientation,V
CubeField,Position,Position,Long,V
CubeField,TreeviewControl,Treeview Control,TreeviewControl,R_O
CubeField,DragToColumn,Drag To Column,Boolean,V
CubeField,DragToHide,Drag To Hide,Boolean,V
CubeField,DragToPage,Drag To Page,Boolean,V
CubeField,DragToRow,Drag To Row,Boolean,V
CubeField,DragToData,Drag To Data,Boolean,V
CubeField,HasMemberProperties,Has Member Properties,Boolean,R_O
CubeField,LayoutForm,Layout Form,XlLayoutFormType,V
CubeField,PivotFields,Pivot Fields,PivotFields,R_O
CubeField,EnableMultiplePageItems,Enable Multiple Page Items,Boolean,V
CubeField,LayoutSubtotalLocation,Layout Subtotal Location,XlSubtototalLocationType,V
CubeField,ShowInFieldList,Show In Field List,Boolean,V
CubeField,IncludeNewItemsInFilter,Include New Items In Filter,Boolean,V
CubeField,CubeFieldSubType,Cube Field Sub Type,XlCubeFieldSubType,R_O
CubeField,AllItemsVisible,All Items Visible,Boolean,R_O
CubeField,CurrentPageName,Current Page Name,String,V
CubeField,IsDate,Is Date,Boolean,R_O
CubeField,Caption,Caption,String,V
CubeField,FlattenHierarchies,Flatten Hierarchies,Boolean,V
CubeField,HierarchizeDistinct,Hierarchize Distinct,Boolean,V
CubeFields,Application,Application,Application,R_O
CubeFields,Creator,Creator,XlCreator,R_O
CubeFields,Parent,Parent,Object,R_O
CubeFields,Count,Count,Long,R_O
CubeFields,Item,Item,CubeField,R_O
CubeFields,_Default,_Default,CubeField,R_O
CubeFields,_NewEnum,_New Enum,IUnknown,R_O
CustomProperties,Application,Application,Application,R_O
CustomProperties,Creator,Creator,XlCreator,R_O
CustomProperties,Parent,Parent,Object,R_O
CustomProperties,Count,Count,Long,R_O
CustomProperties,_Default,_Default,CustomProperty,R_O
CustomProperties,Item,Item,CustomProperty,R_O
CustomProperties,_NewEnum,_New Enum,IUnknown,R_O
CustomProperty,Application,Application,Application,R_O
CustomProperty,Creator,Creator,XlCreator,R_O
CustomProperty,Parent,Parent,Object,R_O
CustomProperty,Name,Name,String,V
CustomProperty,Value,Value,Variant,V
CustomProperty,_Default,_Default,Variant,R_O
CustomView,Application,Application,Application,R_O
CustomView,Creator,Creator,XlCreator,R_O
CustomView,Parent,Parent,Object,R_O
CustomView,Name,Name,String,R_O
CustomView,PrintSettings,Print Settings,Boolean,R_O
CustomView,RowColSettings,Row Col Settings,Boolean,R_O
CustomViews,Application,Application,Application,R_O
CustomViews,Creator,Creator,XlCreator,R_O
CustomViews,Parent,Parent,Object,R_O
CustomViews,Count,Count,Long,R_O
CustomViews,_Default,_Default,CustomView,R_O
CustomViews,_NewEnum,_New Enum,IUnknown,R_O
Databar,Application,Application,Application,R_O
Databar,Creator,Creator,XlCreator,R_O
Databar,Parent,Parent,Object,R_O
Databar,Priority,Priority,Long,V
Databar,StopIfTrue,Stop If True,Boolean,R_O
Databar,AppliesTo,Applies To,Range,R_O
Databar,MinPoint,Min Point,ConditionValue,R_O
Databar,MaxPoint,Max Point,ConditionValue,R_O
Databar,PercentMin,Percent Min,Long,V
Databar,PercentMax,Percent Max,Long,V
Databar,BarColor,Bar Color,Object,R_O
Databar,ShowValue,Show Value,Boolean,V
Databar,Formula,Formula,String,V
Databar,Type,Type,Long,R_O
Databar,PTCondition,PT Condition,Boolean,R_O
Databar,ScopeType,Scope Type,XlPivotConditionScope,V
Databar,Direction,Direction,Long,V
Databar,BarFillType,Bar Fill Type,XlDataBarFillType,V
Databar,AxisPosition,Axis Position,XlDataBarAxisPosition,V
Databar,AxisColor,Axis Color,Object,R_O
Databar,BarBorder,Bar Border,DataBarBorder,R_O
Databar,NegativeBarFormat,Negative Bar Format,NegativeBarFormat,R_O
DataBarBorder,Application,Application,Application,R_O
DataBarBorder,Creator,Creator,XlCreator,R_O
DataBarBorder,Parent,Parent,Object,R_O
DataBarBorder,Type,Type,XlDataBarBorderType,V
DataBarBorder,Color,Color,Object,R_O
DataFeedConnection,Application,Application,Application,R_O
DataFeedConnection,Creator,Creator,XlCreator,R_O
DataFeedConnection,Parent,Parent,Object,R_O
DataFeedConnection,AlwaysUseConnectionFile,Always Use Connection File,Boolean,V
DataFeedConnection,CommandText,Command Text,Variant,V
DataFeedConnection,CommandType,Command Type,XlCmdType,V
DataFeedConnection,Connection,Connection,Variant,V
DataFeedConnection,EnableRefresh,Enable Refresh,Boolean,V
DataFeedConnection,RefreshDate,Refresh Date,Date,R_O
DataFeedConnection,Refreshing,Refreshing,Boolean,R_O
DataFeedConnection,RefreshOnFileOpen,Refresh On File Open,Boolean,V
DataFeedConnection,RefreshPeriod,Refresh Period,Long,V
DataFeedConnection,SavePassword,Save Password,Boolean,V
DataFeedConnection,ServerCredentialsMethod,Server Credentials Method,XlCredentialsMethod,V
DataFeedConnection,SourceConnectionFile,Source Connection File,String,V
DataFeedConnection,SourceDataFile,Source Data File,String,V
DataLabel,Application,Application,Application,R_O
DataLabel,Creator,Creator,XlCreator,R_O
DataLabel,Parent,Parent,Object,R_O
DataLabel,Name,Name,String,R_O
DataLabel,Caption,Caption,String,V
DataLabel,Characters,Characters,Characters,R_O
DataLabel,HorizontalAlignment,Horizontal Alignment,Variant,V
DataLabel,Left,Left,Double,V
DataLabel,Orientation,Orientation,Variant,V
DataLabel,Shadow,Shadow,Boolean,V
DataLabel,Text,Text,String,V
DataLabel,Top,Top,Double,V
DataLabel,VerticalAlignment,Vertical Alignment,Variant,V
DataLabel,ReadingOrder,Reading Order,Long,V
DataLabel,AutoText,Auto Text,Boolean,V
DataLabel,NumberFormat,Number Format,String,V
DataLabel,NumberFormatLinked,Number Format Linked,Boolean,V
DataLabel,NumberFormatLocal,Number Format Local,Variant,V
DataLabel,ShowLegendKey,Show Legend Key,Boolean,V
DataLabel,Position,Position,XlDataLabelPosition,V
DataLabel,ShowSeriesName,Show Series Name,Boolean,V
DataLabel,ShowCategoryName,Show Category Name,Boolean,V
DataLabel,ShowValue,Show Value,Boolean,V
DataLabel,ShowPercentage,Show Percentage,Boolean,V
DataLabel,ShowBubbleSize,Show Bubble Size,Boolean,V
DataLabel,Separator,Separator,Variant,V
DataLabel,Format,Format,ChartFormat,R_O
DataLabel,Formula,Formula,String,V
DataLabel,FormulaR1C1,Formula R1 C1,String,V
DataLabel,FormulaLocal,Formula Local,String,V
DataLabel,FormulaR1C1Local,Formula R1 C1 Local,String,V
DataLabel,ShowRange,Show Range,Boolean,V
DataLabel,Height,Height,Double,V
DataLabel,Width,Width,Double,V
DataLabels,Application,Application,Application,R_O
DataLabels,Creator,Creator,XlCreator,R_O
DataLabels,Parent,Parent,Object,R_O
DataLabels,Name,Name,String,R_O
DataLabels,HorizontalAlignment,Horizontal Alignment,Variant,V
DataLabels,Orientation,Orientation,Variant,V
DataLabels,Shadow,Shadow,Boolean,V
DataLabels,VerticalAlignment,Vertical Alignment,Variant,V
DataLabels,ReadingOrder,Reading Order,Long,V
DataLabels,AutoText,Auto Text,Boolean,V
DataLabels,NumberFormat,Number Format,String,V
DataLabels,NumberFormatLinked,Number Format Linked,Boolean,V
DataLabels,NumberFormatLocal,Number Format Local,Variant,V
DataLabels,ShowLegendKey,Show Legend Key,Boolean,V
DataLabels,Position,Position,XlDataLabelPosition,V
DataLabels,ShowSeriesName,Show Series Name,Boolean,V
DataLabels,ShowCategoryName,Show Category Name,Boolean,V
DataLabels,ShowValue,Show Value,Boolean,V
DataLabels,ShowPercentage,Show Percentage,Boolean,V
DataLabels,ShowBubbleSize,Show Bubble Size,Boolean,V
DataLabels,Separator,Separator,Variant,V
DataLabels,Count,Count,Long,R_O
DataLabels,Format,Format,ChartFormat,R_O
DataLabels,ShowRange,Show Range,Boolean,V
DataTable,Application,Application,Application,R_O
DataTable,Creator,Creator,XlCreator,R_O
DataTable,Parent,Parent,Object,R_O
DataTable,ShowLegendKey,Show Legend Key,Boolean,V
DataTable,HasBorderHorizontal,Has Border Horizontal,Boolean,V
DataTable,HasBorderVertical,Has Border Vertical,Boolean,V
DataTable,HasBorderOutline,Has Border Outline,Boolean,V
DataTable,Border,Border,Border,R_O
DataTable,Font,Font,Font,R_O
DataTable,Format,Format,ChartFormat,R_O
DefaultPivotTableLayoutOptions,Application,Application,Application,R_O
DefaultPivotTableLayoutOptions,Creator,Creator,XlCreator,R_O
DefaultPivotTableLayoutOptions,Parent,Parent,Object,R_O
DefaultPivotTableLayoutOptions,InGridDropZones,In Grid Drop Zones,Boolean,V
DefaultPivotTableLayoutOptions,DisplayFieldCaptions,Display Field Captions,Boolean,V
DefaultPivotTableLayoutOptions,FieldListSortAscending,Field List Sort Ascending,Boolean,V
DefaultPivotTableLayoutOptions,ViewCalculatedMembers,View Calculated Members,Boolean,V
DefaultPivotTableLayoutOptions,DisplayContextTooltips,Display Context Tooltips,Boolean,V
DefaultPivotTableLayoutOptions,ShowDrillIndicators,Show Drill Indicators,Boolean,V
DefaultPivotTableLayoutOptions,DisplayEmptyColumn,Display Empty Column,Boolean,V
DefaultPivotTableLayoutOptions,DisplayEmptyRow,Display Empty Row,Boolean,V
DefaultPivotTableLayoutOptions,DisplayMemberPropertyTooltips,Display Member Property Tooltips,Boolean,V
DefaultPivotTableLayoutOptions,ShowValuesRow,Show Values Row,Boolean,V
DefaultPivotTableLayoutOptions,DisplayNullString,Display Null String,Boolean,V
DefaultPivotTableLayoutOptions,NullString,Null String,String,V
DefaultPivotTableLayoutOptions,DisplayErrorString,Display Error String,Boolean,V
DefaultPivotTableLayoutOptions,ErrorString,Error String,String,V
DefaultPivotTableLayoutOptions,HasAutoFormat,Has Auto Format,Boolean,V
DefaultPivotTableLayoutOptions,PageFieldOrder,Page Field Order,Boolean,V
DefaultPivotTableLayoutOptions,MergeLabels,Merge Labels,Boolean,V
DefaultPivotTableLayoutOptions,PreserveFormatting,Preserve Formatting,Boolean,V
DefaultPivotTableLayoutOptions,PageFieldWrapCount,Page Field Wrap Count,Long,V
DefaultPivotTableLayoutOptions,CompactRowIndent,Compact Row Indent,Long,V
DefaultPivotTableLayoutOptions,PrintDrillIndicators,Print Drill Indicators,Boolean,V
DefaultPivotTableLayoutOptions,RepeatItemsOnEachPrintedPage,Repeat Items On Each Printed Page,Boolean,V
DefaultPivotTableLayoutOptions,PrintTitles,Print Titles,Boolean,V
DefaultPivotTableLayoutOptions,AllowMultipleFilters,Allow Multiple Filters,Boolean,V
DefaultPivotTableLayoutOptions,CalculatedMembersInFilters,Calculated Members In Filters,Boolean,V
DefaultPivotTableLayoutOptions,VisualTotalsForSets,Visual Totals For Sets,Boolean,V
DefaultPivotTableLayoutOptions,VisualTotals,Visual Totals,Boolean,V
DefaultPivotTableLayoutOptions,TotalsAnnotation,Totals Annotation,Boolean,V
DefaultPivotTableLayoutOptions,RowGrand,Row Grand,Boolean,V
DefaultPivotTableLayoutOptions,ColumnGrand,Column Grand,Boolean,V
DefaultPivotTableLayoutOptions,SubtotalHiddenPageItems,Subtotal Hidden Page Items,Boolean,V
DefaultPivotTableLayoutOptions,SortUsingCustomLists,Sort Using Custom Lists,Boolean,V
DefaultPivotTableLayoutOptions,SaveData,Save Data,Boolean,V
DefaultPivotTableLayoutOptions,EnableDrilldown,Enable Drilldown,Boolean,V
DefaultPivotTableLayoutOptions,RefreshOnFileOpen,Refresh On File Open,Boolean,V
DefaultPivotTableLayoutOptions,xlMissingItemsNone,xl Missing Items None,Long,V
DefaultPivotTableLayoutOptions,Subtotals,Subtotals,Boolean,V
DefaultPivotTableLayoutOptions,SubtotalLocation,Subtotal Location,Boolean,V
DefaultPivotTableLayoutOptions,LayoutBlankLine,Layout Blank Line,Boolean,V
DefaultPivotTableLayoutOptions,RowAxisLayout,Row Axis Layout,XlLayoutRowType,V
DefaultPivotTableLayoutOptions,RepeatAllLabels,Repeat All Labels,XlPivotFieldRepeatLabels,V
DefaultPivotTableLayoutOptions,DisplayImmediateItems,Display Immediate Items,Boolean,V
DefaultPivotTableLayoutOptions,EnableWriteback,Enable Writeback,Boolean,V
DefaultWebOptions,Application,Application,Application,R_O
DefaultWebOptions,Creator,Creator,XlCreator,R_O
DefaultWebOptions,Parent,Parent,Object,R_O
DefaultWebOptions,RelyOnCSS,Rely On CSS,Boolean,V
DefaultWebOptions,SaveHiddenData,Save Hidden Data,Boolean,V
DefaultWebOptions,LoadPictures,Load Pictures,Boolean,V
DefaultWebOptions,OrganizeInFolder,Organize In Folder,Boolean,V
DefaultWebOptions,UpdateLinksOnSave,Update Links On Save,Boolean,V
DefaultWebOptions,UseLongFileNames,Use Long File Names,Boolean,V
DefaultWebOptions,CheckIfOfficeIsHTMLEditor,Check If Office Is HTML Editor,Boolean,V
DefaultWebOptions,DownloadComponents,Download Components,Boolean,V
DefaultWebOptions,RelyOnVML,Rely On VML,Boolean,V
DefaultWebOptions,AllowPNG,Allow PNG,Boolean,V
DefaultWebOptions,ScreenSize,Screen Size,MsoScreenSize,V
DefaultWebOptions,PixelsPerInch,Pixels Per Inch,Long,V
DefaultWebOptions,LocationOfComponents,Location Of Components,String,V
DefaultWebOptions,Encoding,Encoding,MsoEncoding,V
DefaultWebOptions,AlwaysSaveInDefaultEncoding,Always Save In Default Encoding,Boolean,V
DefaultWebOptions,Fonts,Fonts,WebPageFonts,R_O
DefaultWebOptions,FolderSuffix,Folder Suffix,String,R_O
DefaultWebOptions,TargetBrowser,Target Browser,MsoTargetBrowser,V
DefaultWebOptions,SaveNewWebPagesAsWebArchives,Save New Web Pages As Web Archives,Boolean,V
Diagram,Application,Application,Application,R_O
Diagram,Creator,Creator,XlCreator,R_O
Diagram,Parent,Parent,Object,R_O
Diagram,Nodes,Nodes,DiagramNodes,R_O
Diagram,Type,Type,MsoDiagramType,R_O
Diagram,AutoLayout,Auto Layout,MsoTriState,V
Diagram,Reverse,Reverse,MsoTriState,V
Diagram,AutoFormat,Auto Format,MsoTriState,V
DiagramNode,Application,Application,Object,R_O
DiagramNode,Creator,Creator,Long,R_O
DiagramNode,Parent,Parent,Object,R_O
DiagramNode,Children,Children,DiagramNodeChildren,R_O
DiagramNode,Shape,Shape,Shape,R_O
DiagramNode,Root,Root,DiagramNode,R_O
DiagramNode,Diagram,Diagram,IMsoDiagram,R_O
DiagramNode,Layout,Layout,MsoOrgChartLayoutType,V
DiagramNode,TextShape,Text Shape,Shape,R_O
DiagramNodeChildren,Application,Application,Object,R_O
DiagramNodeChildren,Creator,Creator,Long,R_O
DiagramNodeChildren,_NewEnum,_New Enum,IUnknown,R_O
DiagramNodeChildren,Parent,Parent,Object,R_O
DiagramNodeChildren,Count,Count,Long,R_O
DiagramNodeChildren,FirstChild,First Child,DiagramNode,R_O
DiagramNodeChildren,LastChild,Last Child,DiagramNode,R_O
DiagramNodes,Application,Application,Object,R_O
DiagramNodes,Creator,Creator,Long,R_O
DiagramNodes,_NewEnum,_New Enum,IUnknown,R_O
DiagramNodes,Parent,Parent,Object,R_O
DiagramNodes,Count,Count,Long,R_O
Dialog,Application,Application,Application,R_O
Dialog,Creator,Creator,XlCreator,R_O
Dialog,Parent,Parent,Object,R_O
DialogFrame,Application,Application,Application,R_O
DialogFrame,Creator,Creator,XlCreator,R_O
DialogFrame,Parent,Parent,Object,R_O
DialogFrame,Height,Height,Double,V
DialogFrame,Left,Left,Double,V
DialogFrame,Locked,Locked,Boolean,V
DialogFrame,Name,Name,String,V
DialogFrame,Top,Top,Double,V
DialogFrame,Width,Width,Double,V
DialogFrame,ShapeRange,Shape Range,ShapeRange,R_O
DialogFrame,Caption,Caption,String,V
DialogFrame,Characters,Characters,Characters,R_O
DialogFrame,LockedText,Locked Text,Boolean,V
DialogFrame,Text,Text,String,V
Dialogs,Application,Application,Application,R_O
Dialogs,Creator,Creator,XlCreator,R_O
Dialogs,Parent,Parent,Object,R_O
Dialogs,Count,Count,Long,R_O
Dialogs,Item,Item,Dialog,R_O
Dialogs,_Default,_Default,Dialog,R_O
Dialogs,_NewEnum,_New Enum,IUnknown,R_O
DialogSheet,Application,Application,Application,R_O
DialogSheet,Creator,Creator,XlCreator,R_O
DialogSheet,Parent,Parent,Object,R_O
DialogSheet,CodeName,Code Name,String,R_O
DialogSheet,_CodeName,_Code Name,String,V
DialogSheet,Index,Index,Long,R_O
DialogSheet,Name,Name,String,V
DialogSheet,Next,Next,Object,R_O
DialogSheet,PageSetup,Page Setup,PageSetup,R_O
DialogSheet,Previous,Previous,Object,R_O
DialogSheet,ProtectContents,Protect Contents,Boolean,R_O
DialogSheet,ProtectDrawingObjects,Protect Drawing Objects,Boolean,R_O
DialogSheet,ProtectionMode,Protection Mode,Boolean,R_O
DialogSheet,ProtectScenarios,Protect Scenarios,Boolean,R_O
DialogSheet,Visible,Visible,XlSheetVisibility,V
DialogSheet,Shapes,Shapes,Shapes,R_O
DialogSheet,EnableCalculation,Enable Calculation,Boolean,V
DialogSheet,EnableAutoFilter,Enable Auto Filter,Boolean,V
DialogSheet,EnableSelection,Enable Selection,XlEnableSelection,V
DialogSheet,EnableOutlining,Enable Outlining,Boolean,V
DialogSheet,EnablePivotTable,Enable Pivot Table,Boolean,V
DialogSheet,Names,Names,Names,R_O
DialogSheet,ScrollArea,Scroll Area,String,V
DialogSheet,HPageBreaks,H Page Breaks,HPageBreaks,R_O
DialogSheet,VPageBreaks,V Page Breaks,VPageBreaks,R_O
DialogSheet,QueryTables,Query Tables,QueryTables,R_O
DialogSheet,DisplayPageBreaks,Display Page Breaks,Boolean,V
DialogSheet,Comments,Comments,Comments,R_O
DialogSheet,Hyperlinks,Hyperlinks,Hyperlinks,R_O
DialogSheet,DisplayRightToLeft,Display Right To Left,Boolean,V
DialogSheet,Tab,Tab,Tab,R_O
DialogSheet,MailEnvelope,Mail Envelope,MsoEnvelope,R_O
DialogSheet,CustomProperties,Custom Properties,CustomProperties,R_O
DialogSheet,Protection,Protection,Protection,R_O
DialogSheet,EnableFormatConditionsCalculation,Enable Format Conditions Calculation,Boolean,V
DialogSheet,PrintedCommentPages,Printed Comment Pages,Long,R_O
DialogSheet,CommentsThreaded,Comments Threaded,CommentsThreaded,R_O
DialogSheet,AutoFilter,Auto Filter,AutoFilter,R_O
DialogSheet,Sort,Sort,Sort,R_O
DialogSheet,NamedSheetViews,Named Sheet Views,NamedSheetViewCollection,R_O
DialogSheet,DefaultButton,Default Button,Variant,V
DialogSheet,Focus,Focus,Variant,V
DialogSheets,Application,Application,Application,R_O
DialogSheets,Creator,Creator,XlCreator,R_O
DialogSheets,Parent,Parent,Object,R_O
DialogSheets,Count,Count,Long,R_O
DialogSheets,Item,Item,Object,R_O
DialogSheets,_NewEnum,_New Enum,IUnknown,R_O
DialogSheets,HPageBreaks,H Page Breaks,HPageBreaks,R_O
DialogSheets,VPageBreaks,V Page Breaks,VPageBreaks,R_O
DialogSheets,Visible,Visible,Variant,V
DialogSheets,_Default,_Default,Object,R_O
DialogSheetView,Application,Application,Application,R_O
DialogSheetView,Creator,Creator,XlCreator,R_O
DialogSheetView,Parent,Parent,Object,R_O
DialogSheetView,Sheet,Sheet,Object,R_O
DisplayFormat,Application,Application,Application,R_O
DisplayFormat,Creator,Creator,XlCreator,R_O
DisplayFormat,Parent,Parent,Object,R_O
DisplayFormat,Borders,Borders,Borders,R_O
DisplayFormat,Characters,Characters,Characters,R_O
DisplayFormat,Font,Font,Font,R_O
DisplayFormat,Style,Style,Variant,R_O
DisplayFormat,AddIndent,Add Indent,Variant,R_O
DisplayFormat,FormulaHidden,Formula Hidden,Variant,R_O
DisplayFormat,HorizontalAlignment,Horizontal Alignment,Variant,R_O
DisplayFormat,IndentLevel,Indent Level,Variant,R_O
DisplayFormat,Interior,Interior,Interior,R_O
DisplayFormat,Locked,Locked,Variant,R_O
DisplayFormat,MergeCells,Merge Cells,Variant,R_O
DisplayFormat,NumberFormat,Number Format,Variant,R_O
DisplayFormat,NumberFormatLocal,Number Format Local,Variant,R_O
DisplayFormat,Orientation,Orientation,Variant,R_O
DisplayFormat,ReadingOrder,Reading Order,Long,R_O
DisplayFormat,ShrinkToFit,Shrink To Fit,Variant,R_O
DisplayFormat,VerticalAlignment,Vertical Alignment,Variant,R_O
DisplayFormat,WrapText,Wrap Text,Variant,R_O
DisplayUnitLabel,Application,Application,Application,R_O
DisplayUnitLabel,Creator,Creator,XlCreator,R_O
DisplayUnitLabel,Parent,Parent,Object,R_O
DisplayUnitLabel,Name,Name,String,R_O
DisplayUnitLabel,Caption,Caption,String,V
DisplayUnitLabel,Characters,Characters,Characters,R_O
DisplayUnitLabel,HorizontalAlignment,Horizontal Alignment,Variant,V
DisplayUnitLabel,Left,Left,Double,V
DisplayUnitLabel,Orientation,Orientation,Variant,V
DisplayUnitLabel,Shadow,Shadow,Boolean,V
DisplayUnitLabel,Text,Text,String,V
DisplayUnitLabel,Top,Top,Double,V
DisplayUnitLabel,VerticalAlignment,Vertical Alignment,Variant,V
DisplayUnitLabel,ReadingOrder,Reading Order,Long,V
DisplayUnitLabel,Position,Position,XlChartElementPosition,V
DisplayUnitLabel,Format,Format,ChartFormat,R_O
DisplayUnitLabel,Height,Height,Double,R_O
DisplayUnitLabel,Width,Width,Double,R_O
DisplayUnitLabel,Formula,Formula,String,V
DisplayUnitLabel,FormulaR1C1,Formula R1 C1,String,V
DisplayUnitLabel,FormulaLocal,Formula Local,String,V
DisplayUnitLabel,FormulaR1C1Local,Formula R1 C1 Local,String,V
DownBars,Application,Application,Application,R_O
DownBars,Creator,Creator,XlCreator,R_O
DownBars,Parent,Parent,Object,R_O
DownBars,Name,Name,String,R_O
DownBars,Format,Format,ChartFormat,R_O
Drawing,Application,Application,Application,R_O
Drawing,Creator,Creator,XlCreator,R_O
Drawing,Parent,Parent,Object,R_O
Drawing,BottomRightCell,Bottom Right Cell,Range,R_O
Drawing,Enabled,Enabled,Boolean,V
Drawing,Height,Height,Double,V
Drawing,Index,Index,Long,R_O
Drawing,Left,Left,Double,V
Drawing,Locked,Locked,Boolean,V
Drawing,Name,Name,String,V
Drawing,Placement,Placement,Variant,V
Drawing,PrintObject,Print Object,Boolean,V
Drawing,Top,Top,Double,V
Drawing,TopLeftCell,Top Left Cell,Range,R_O
Drawing,Visible,Visible,Boolean,V
Drawing,Width,Width,Double,V
Drawing,ZOrder,Z Order,Long,R_O
Drawing,ShapeRange,Shape Range,ShapeRange,R_O
Drawing,AddIndent,Add Indent,Boolean,V
Drawing,AutoScaleFont,Auto Scale Font,Variant,V
Drawing,AutoSize,Auto Size,Boolean,V
Drawing,Caption,Caption,String,V
Drawing,Characters,Characters,Characters,R_O
Drawing,Font,Font,Font,R_O
Drawing,Formula,Formula,String,V
Drawing,HorizontalAlignment,Horizontal Alignment,Variant,V
Drawing,LockedText,Locked Text,Boolean,V
Drawing,Orientation,Orientation,Variant,V
Drawing,Text,Text,String,V
Drawing,VerticalAlignment,Vertical Alignment,Variant,V
Drawing,ReadingOrder,Reading Order,Long,V
Drawing,Border,Border,Border,R_O
Drawing,Interior,Interior,Interior,R_O
Drawing,Shadow,Shadow,Boolean,V
Drawing,Vertices,Vertices,Variant,R_O
DrawingObjects,Application,Application,Application,R_O
DrawingObjects,Creator,Creator,XlCreator,R_O
DrawingObjects,Parent,Parent,Object,R_O
DrawingObjects,Enabled,Enabled,Boolean,V
DrawingObjects,Height,Height,Double,V
DrawingObjects,Left,Left,Double,V
DrawingObjects,Locked,Locked,Boolean,V
DrawingObjects,Placement,Placement,Variant,V
DrawingObjects,PrintObject,Print Object,Boolean,V
DrawingObjects,Top,Top,Double,V
DrawingObjects,Visible,Visible,Boolean,V
DrawingObjects,Width,Width,Double,V
DrawingObjects,ZOrder,Z Order,Long,R_O
DrawingObjects,ShapeRange,Shape Range,ShapeRange,R_O
DrawingObjects,Accelerator,Accelerator,Variant,V
DrawingObjects,AddIndent,Add Indent,Boolean,V
DrawingObjects,ArrowHeadLength,Arrow Head Length,Variant,V
DrawingObjects,ArrowHeadStyle,Arrow Head Style,Variant,V
DrawingObjects,ArrowHeadWidth,Arrow Head Width,Variant,V
DrawingObjects,AutoSize,Auto Size,Boolean,V
DrawingObjects,Border,Border,Border,R_O
DrawingObjects,CancelButton,Cancel Button,Boolean,V
DrawingObjects,Caption,Caption,String,V
DrawingObjects,Characters,Characters,Characters,R_O
DrawingObjects,_Default,_Default,Long,V
DrawingObjects,DefaultButton,Default Button,Boolean,V
DrawingObjects,DismissButton,Dismiss Button,Boolean,V
DrawingObjects,Display3DShading,Display3 D Shading,Boolean,V
DrawingObjects,DisplayVerticalScrollBar,Display Vertical Scroll Bar,Boolean,V
DrawingObjects,DropDownLines,Drop Down Lines,Long,V
DrawingObjects,Font,Font,Font,R_O
DrawingObjects,HelpButton,Help Button,Boolean,V
DrawingObjects,HorizontalAlignment,Horizontal Alignment,Variant,V
DrawingObjects,InputType,Input Type,Long,V
DrawingObjects,Interior,Interior,Interior,R_O
DrawingObjects,LargeChange,Large Change,Long,V
DrawingObjects,LinkedCell,Linked Cell,String,V
DrawingObjects,ListFillRange,List Fill Range,String,V
DrawingObjects,ListIndex,List Index,Long,V
DrawingObjects,LockedText,Locked Text,Boolean,V
DrawingObjects,Max,Max,Long,V
DrawingObjects,Min,Min,Long,V
DrawingObjects,MultiLine,Multi Line,Boolean,V
DrawingObjects,MultiSelect,Multi Select,Boolean,V
DrawingObjects,Orientation,Orientation,Variant,V
DrawingObjects,PhoneticAccelerator,Phonetic Accelerator,Variant,V
DrawingObjects,RoundedCorners,Rounded Corners,Boolean,V
DrawingObjects,Shadow,Shadow,Boolean,V
DrawingObjects,SmallChange,Small Change,Long,V
DrawingObjects,Text,Text,String,V
DrawingObjects,Value,Value,Long,V
DrawingObjects,VerticalAlignment,Vertical Alignment,Variant,V
DrawingObjects,ReadingOrder,Reading Order,Long,V
DrawingObjects,Count,Count,Long,R_O
Drawings,Application,Application,Application,R_O
Drawings,Creator,Creator,XlCreator,R_O
Drawings,Parent,Parent,Object,R_O
Drawings,Enabled,Enabled,Boolean,V
Drawings,Height,Height,Double,V
Drawings,Left,Left,Double,V
Drawings,Locked,Locked,Boolean,V
Drawings,Placement,Placement,Variant,V
Drawings,PrintObject,Print Object,Boolean,V
Drawings,Top,Top,Double,V
Drawings,Visible,Visible,Boolean,V
Drawings,Width,Width,Double,V
Drawings,ZOrder,Z Order,Long,R_O
Drawings,ShapeRange,Shape Range,ShapeRange,R_O
Drawings,AddIndent,Add Indent,Boolean,V
Drawings,AutoScaleFont,Auto Scale Font,Variant,V
Drawings,AutoSize,Auto Size,Boolean,V
Drawings,Caption,Caption,String,V
Drawings,Characters,Characters,Characters,R_O
Drawings,Font,Font,Font,R_O
Drawings,Formula,Formula,String,V
Drawings,HorizontalAlignment,Horizontal Alignment,Variant,V
Drawings,LockedText,Locked Text,Boolean,V
Drawings,Orientation,Orientation,Variant,V
Drawings,Text,Text,String,V
Drawings,VerticalAlignment,Vertical Alignment,Variant,V
Drawings,ReadingOrder,Reading Order,Long,V
Drawings,Border,Border,Border,R_O
Drawings,Interior,Interior,Interior,R_O
Drawings,Shadow,Shadow,Boolean,V
Drawings,Count,Count,Long,R_O
DropDown,Application,Application,Application,R_O
DropDown,Creator,Creator,XlCreator,R_O
DropDown,Parent,Parent,Object,R_O
DropDown,BottomRightCell,Bottom Right Cell,Range,R_O
DropDown,Enabled,Enabled,Boolean,V
DropDown,Height,Height,Double,V
DropDown,Index,Index,Long,R_O
DropDown,Left,Left,Double,V
DropDown,Locked,Locked,Boolean,V
DropDown,Name,Name,String,V
DropDown,Placement,Placement,Variant,V
DropDown,PrintObject,Print Object,Boolean,V
DropDown,Top,Top,Double,V
DropDown,TopLeftCell,Top Left Cell,Range,R_O
DropDown,Visible,Visible,Boolean,V
DropDown,Width,Width,Double,V
DropDown,ZOrder,Z Order,Long,R_O
DropDown,ShapeRange,Shape Range,ShapeRange,R_O
DropDown,Display3DShading,Display3 D Shading,Boolean,V
DropDown,_Default,_Default,Long,V
DropDown,LinkedCell,Linked Cell,String,V
DropDown,LinkedObject,Linked Object,Variant,R_O
DropDown,List,List,Variant,V
DropDown,ListCount,List Count,Long,R_O
DropDown,ListFillRange,List Fill Range,String,V
DropDown,ListIndex,List Index,Long,V
DropDown,Selected,Selected,Variant,V
DropDown,Value,Value,Long,V
DropDown,Caption,Caption,String,V
DropDown,Characters,Characters,Characters,R_O
DropDown,DropDownLines,Drop Down Lines,Long,V
DropDown,Text,Text,String,V
DropDowns,Application,Application,Application,R_O
DropDowns,Creator,Creator,XlCreator,R_O
DropDowns,Parent,Parent,Object,R_O
DropDowns,Enabled,Enabled,Boolean,V
DropDowns,Height,Height,Double,V
DropDowns,Left,Left,Double,V
DropDowns,Locked,Locked,Boolean,V
DropDowns,Placement,Placement,Variant,V
DropDowns,PrintObject,Print Object,Boolean,V
DropDowns,Top,Top,Double,V
DropDowns,Visible,Visible,Boolean,V
DropDowns,Width,Width,Double,V
DropDowns,ZOrder,Z Order,Long,R_O
DropDowns,ShapeRange,Shape Range,ShapeRange,R_O
DropDowns,Display3DShading,Display3 D Shading,Boolean,V
DropDowns,_Default,_Default,Long,V
DropDowns,LinkedCell,Linked Cell,String,V
DropDowns,List,List,Variant,V
DropDowns,ListFillRange,List Fill Range,String,V
DropDowns,ListIndex,List Index,Long,V
DropDowns,Selected,Selected,Variant,V
DropDowns,Value,Value,Long,V
DropDowns,Caption,Caption,String,V
DropDowns,Characters,Characters,Characters,R_O
DropDowns,DropDownLines,Drop Down Lines,Long,V
DropDowns,Text,Text,String,V
DropDowns,Count,Count,Long,R_O
DropLines,Application,Application,Application,R_O
DropLines,Creator,Creator,XlCreator,R_O
DropLines,Parent,Parent,Object,R_O
DropLines,Name,Name,String,R_O
DropLines,Border,Border,Border,R_O
DropLines,Format,Format,ChartFormat,R_O
EditBox,Application,Application,Application,R_O
EditBox,Creator,Creator,XlCreator,R_O
EditBox,Parent,Parent,Object,R_O
EditBox,BottomRightCell,Bottom Right Cell,Range,R_O
EditBox,Enabled,Enabled,Boolean,V
EditBox,Height,Height,Double,V
EditBox,Index,Index,Long,R_O
EditBox,Left,Left,Double,V
EditBox,Locked,Locked,Boolean,V
EditBox,Name,Name,String,V
EditBox,Placement,Placement,Variant,V
EditBox,PrintObject,Print Object,Boolean,V
EditBox,Top,Top,Double,V
EditBox,TopLeftCell,Top Left Cell,Range,R_O
EditBox,Visible,Visible,Boolean,V
EditBox,Width,Width,Double,V
EditBox,ZOrder,Z Order,Long,R_O
EditBox,ShapeRange,Shape Range,ShapeRange,R_O
EditBox,Caption,Caption,String,V
EditBox,Characters,Characters,Characters,R_O
EditBox,LockedText,Locked Text,Boolean,V
EditBox,Text,Text,String,V
EditBox,DisplayVerticalScrollBar,Display Vertical Scroll Bar,Boolean,V
EditBox,InputType,Input Type,Long,V
EditBox,LinkedObject,Linked Object,String,R_O
EditBox,MultiLine,Multi Line,Boolean,V
EditBox,PasswordEdit,Password Edit,Boolean,V
EditBoxes,Application,Application,Application,R_O
EditBoxes,Creator,Creator,XlCreator,R_O
EditBoxes,Parent,Parent,Object,R_O
EditBoxes,Enabled,Enabled,Boolean,V
EditBoxes,Height,Height,Double,V
EditBoxes,Left,Left,Double,V
EditBoxes,Locked,Locked,Boolean,V
EditBoxes,Placement,Placement,Variant,V
EditBoxes,PrintObject,Print Object,Boolean,V
EditBoxes,Top,Top,Double,V
EditBoxes,Visible,Visible,Boolean,V
EditBoxes,Width,Width,Double,V
EditBoxes,ZOrder,Z Order,Long,R_O
EditBoxes,ShapeRange,Shape Range,ShapeRange,R_O
EditBoxes,Caption,Caption,String,V
EditBoxes,Characters,Characters,Characters,R_O
EditBoxes,LockedText,Locked Text,Boolean,V
EditBoxes,Text,Text,String,V
EditBoxes,DisplayVerticalScrollBar,Display Vertical Scroll Bar,Boolean,V
EditBoxes,InputType,Input Type,Long,V
EditBoxes,MultiLine,Multi Line,Boolean,V
EditBoxes,PasswordEdit,Password Edit,Boolean,V
EditBoxes,Count,Count,Long,R_O
Error,Application,Application,Application,R_O
Error,Creator,Creator,XlCreator,R_O
Error,Parent,Parent,Object,R_O
Error,Value,Value,Boolean,R_O
Error,Ignore,Ignore,Boolean,V
ErrorBars,Application,Application,Application,R_O
ErrorBars,Creator,Creator,XlCreator,R_O
ErrorBars,Parent,Parent,Object,R_O
ErrorBars,Name,Name,String,R_O
ErrorBars,Border,Border,Border,R_O
ErrorBars,EndStyle,End Style,XlEndStyleCap,V
ErrorBars,Format,Format,ChartFormat,R_O
ErrorCheckingOptions,Application,Application,Application,R_O
ErrorCheckingOptions,Creator,Creator,XlCreator,R_O
ErrorCheckingOptions,Parent,Parent,Object,R_O
ErrorCheckingOptions,BackgroundChecking,Background Checking,Boolean,V
ErrorCheckingOptions,IndicatorColorIndex,Indicator Color Index,XlColorIndex,V
ErrorCheckingOptions,EvaluateToError,Evaluate To Error,Boolean,V
ErrorCheckingOptions,TextDate,Text Date,Boolean,V
ErrorCheckingOptions,NumberAsText,Number As Text,Boolean,V
ErrorCheckingOptions,InconsistentFormula,Inconsistent Formula,Boolean,V
ErrorCheckingOptions,OmittedCells,Omitted Cells,Boolean,V
ErrorCheckingOptions,UnlockedFormulaCells,Unlocked Formula Cells,Boolean,V
ErrorCheckingOptions,EmptyCellReferences,Empty Cell References,Boolean,V
ErrorCheckingOptions,ListDataValidation,List Data Validation,Boolean,V
ErrorCheckingOptions,InconsistentTableFormula,Inconsistent Table Formula,Boolean,V
ErrorCheckingOptions,MisleadingNumberFormats,Misleading Number Formats,Boolean,V
Errors,Application,Application,Application,R_O
Errors,Creator,Creator,XlCreator,R_O
Errors,Parent,Parent,Object,R_O
Errors,Item,Item,Error,R_O
Errors,_Default,_Default,Error,R_O
FileExportConverter,Application,Application,Application,R_O
FileExportConverter,Creator,Creator,XlCreator,R_O
FileExportConverter,Parent,Parent,Object,R_O
FileExportConverter,Extensions,Extensions,String,R_O
FileExportConverter,Description,Description,String,R_O
FileExportConverter,FileFormat,File Format,Long,R_O
FileExportConverters,Application,Application,Application,R_O
FileExportConverters,Creator,Creator,XlCreator,R_O
FileExportConverters,Parent,Parent,Object,R_O
FileExportConverters,Count,Count,Long,R_O
FileExportConverters,_Default,_Default,FileExportConverter,R_O
FileExportConverters,_NewEnum,_New Enum,IUnknown,R_O
FileExportConverters,Item,Item,FileExportConverter,R_O
FillFormat,Application,Application,Object,R_O
FillFormat,Creator,Creator,Long,R_O
FillFormat,Parent,Parent,Object,R_O
FillFormat,BackColor,Back Color,ColorFormat,V
FillFormat,ForeColor,Fore Color,ColorFormat,V
FillFormat,GradientColorType,Gradient Color Type,MsoGradientColorType,R_O
FillFormat,GradientDegree,Gradient Degree,Single,R_O
FillFormat,GradientStyle,Gradient Style,MsoGradientStyle,R_O
FillFormat,GradientVariant,Gradient Variant,Long,R_O
FillFormat,Pattern,Pattern,MsoPatternType,R_O
FillFormat,PresetGradientType,Preset Gradient Type,MsoPresetGradientType,R_O
FillFormat,PresetTexture,Preset Texture,MsoPresetTexture,R_O
FillFormat,TextureName,Texture Name,String,R_O
FillFormat,TextureType,Texture Type,MsoTextureType,R_O
FillFormat,Transparency,Transparency,Single,V
FillFormat,Type,Type,MsoFillType,R_O
FillFormat,Visible,Visible,MsoTriState,V
FillFormat,GradientStops,Gradient Stops,GradientStops,R_O
FillFormat,TextureOffsetX,Texture Offset X,Single,V
FillFormat,TextureOffsetY,Texture Offset Y,Single,V
FillFormat,TextureAlignment,Texture Alignment,MsoTextureAlignment,V
FillFormat,TextureHorizontalScale,Texture Horizontal Scale,Single,V
FillFormat,TextureVerticalScale,Texture Vertical Scale,Single,V
FillFormat,TextureTile,Texture Tile,MsoTriState,V
FillFormat,RotateWithObject,Rotate With Object,MsoTriState,V
FillFormat,PictureEffects,Picture Effects,PictureEffects,R_O
FillFormat,GradientAngle,Gradient Angle,Single,V
Filter,Application,Application,Application,R_O
Filter,Creator,Creator,XlCreator,R_O
Filter,Parent,Parent,Object,R_O
Filter,On,On,Boolean,R_O
Filter,Criteria1,Criteria1,Variant,R_O
Filter,Criteria2,Criteria2,Variant,R_O
Filter,Operator,Operator,XlAutoFilterOperator,V
Filter,Count,Count,Long,R_O
Filters,Application,Application,Application,R_O
Filters,Creator,Creator,XlCreator,R_O
Filters,Parent,Parent,Object,R_O
Filters,Count,Count,Long,R_O
Filters,_Default,_Default,Filter,R_O
Filters,Item,Item,Filter,R_O
Filters,_NewEnum,_New Enum,IUnknown,R_O
Floor,Application,Application,Application,R_O
Floor,Creator,Creator,XlCreator,R_O
Floor,Parent,Parent,Object,R_O
Floor,Name,Name,String,R_O
Floor,PictureType,Picture Type,Variant,V
Floor,Thickness,Thickness,Long,V
Floor,Format,Format,ChartFormat,R_O
Font,Application,Application,Application,R_O
Font,Creator,Creator,XlCreator,R_O
Font,Parent,Parent,Object,R_O
Font,Background,Background,Variant,V
Font,Bold,Bold,Variant,V
Font,Color,Color,Variant,V
Font,ColorIndex,Color Index,Variant,V
Font,FontStyle,Font Style,Variant,V
Font,Italic,Italic,Variant,V
Font,Name,Name,Variant,V
Font,Size,Size,Variant,V
Font,Strikethrough,Strikethrough,Variant,V
Font,Subscript,Subscript,Variant,V
Font,Superscript,Superscript,Variant,V
Font,Underline,Underline,Variant,V
Font,ThemeColor,Theme Color,Variant,V
Font,TintAndShade,Tint And Shade,Variant,V
Font,ThemeFont,Theme Font,XlThemeFont,V
FormatColor,Application,Application,Application,R_O
FormatColor,Creator,Creator,XlCreator,R_O
FormatColor,Parent,Parent,Object,R_O
FormatColor,Color,Color,Variant,V
FormatColor,ColorIndex,Color Index,XlColorIndex,V
FormatColor,ThemeColor,Theme Color,Variant,V
FormatColor,TintAndShade,Tint And Shade,Variant,V
FormatCondition,Application,Application,Application,R_O
FormatCondition,Creator,Creator,XlCreator,R_O
FormatCondition,Parent,Parent,Object,R_O
FormatCondition,Type,Type,Long,R_O
FormatCondition,Operator,Operator,Long,R_O
FormatCondition,Formula1,Formula1,String,R_O
FormatCondition,Formula2,Formula2,String,R_O
FormatCondition,Interior,Interior,Interior,R_O
FormatCondition,Borders,Borders,Borders,R_O
FormatCondition,Font,Font,Font,R_O
FormatCondition,Text,Text,String,V
FormatCondition,TextOperator,Text Operator,XlContainsOperator,V
FormatCondition,DateOperator,Date Operator,XlTimePeriods,V
FormatCondition,NumberFormat,Number Format,Variant,V
FormatCondition,Priority,Priority,Long,V
FormatCondition,StopIfTrue,Stop If True,Boolean,V
FormatCondition,AppliesTo,Applies To,Range,R_O
FormatCondition,PTCondition,PT Condition,Boolean,R_O
FormatCondition,ScopeType,Scope Type,XlPivotConditionScope,V
FormatConditions,Application,Application,Application,R_O
FormatConditions,Creator,Creator,XlCreator,R_O
FormatConditions,Parent,Parent,Object,R_O
FormatConditions,Count,Count,Long,R_O
FormatConditions,_Default,_Default,Object,R_O
FormatConditions,_NewEnum,_New Enum,IUnknown,R_O
FreeformBuilder,Application,Application,Application,R_O
FreeformBuilder,Creator,Creator,XlCreator,R_O
FreeformBuilder,Parent,Parent,Object,R_O
FullSeriesCollection,Application,Application,Application,R_O
FullSeriesCollection,Creator,Creator,XlCreator,R_O
FullSeriesCollection,Parent,Parent,Object,R_O
FullSeriesCollection,Count,Count,Long,R_O
Global,Application,Application,Application,R_O
Global,Creator,Creator,XlCreator,R_O
Global,Parent,Parent,Application,R_O
Global,ActiveCell,Active Cell,Range,R_O
Global,ActiveChart,Active Chart,Chart,R_O
Global,ActivePrinter,Active Printer,String,V
Global,ActiveSheet,Active Sheet,Object,R_O
Global,ActiveWindow,Active Window,Window,R_O
Global,ActiveWorkbook,Active Workbook,Workbook,R_O
Global,AddIns,Add Ins,AddIns,R_O
Global,Cells,Cells,Range,R_O
Global,Charts,Charts,Sheets,R_O
Global,Columns,Columns,Range,R_O
Global,CommandBars,Command Bars,CommandBars,R_O
Global,DDEAppReturnCode,DDE App Return Code,Long,R_O
Global,Names,Names,Names,R_O
Global,Range,Range,Range,R_O
Global,Rows,Rows,Range,R_O
Global,Selection,Selection,Object,R_O
Global,Sheets,Sheets,Sheets,R_O
Global,ThisWorkbook,This Workbook,Workbook,R_O
Global,Windows,Windows,Windows,R_O
Global,Workbooks,Workbooks,Workbooks,R_O
Global,WorksheetFunction,Worksheet Function,WorksheetFunction,R_O
Global,Worksheets,Worksheets,Sheets,R_O
Global,Excel4IntlMacroSheets,Excel4 Intl Macro Sheets,Sheets,R_O
Global,Excel4MacroSheets,Excel4 Macro Sheets,Sheets,R_O
Graphic,Application,Application,Application,R_O
Graphic,Creator,Creator,XlCreator,R_O
Graphic,Parent,Parent,Object,R_O
Graphic,Brightness,Brightness,Single,V
Graphic,ColorType,Color Type,MsoPictureColorType,V
Graphic,Contrast,Contrast,Single,V
Graphic,CropBottom,Crop Bottom,Single,V
Graphic,CropLeft,Crop Left,Single,V
Graphic,CropRight,Crop Right,Single,V
Graphic,CropTop,Crop Top,Single,V
Graphic,Filename,Filename,String,V
Graphic,Height,Height,Single,V
Graphic,LockAspectRatio,Lock Aspect Ratio,MsoTriState,V
Graphic,Width,Width,Single,V
Gridlines,Application,Application,Application,R_O
Gridlines,Creator,Creator,XlCreator,R_O
Gridlines,Parent,Parent,Object,R_O
Gridlines,Name,Name,String,R_O
Gridlines,Border,Border,Border,R_O
Gridlines,Format,Format,ChartFormat,R_O
GroupBox,Application,Application,Application,R_O
GroupBox,Creator,Creator,XlCreator,R_O
GroupBox,Parent,Parent,Object,R_O
GroupBox,BottomRightCell,Bottom Right Cell,Range,R_O
GroupBox,Enabled,Enabled,Boolean,V
GroupBox,Height,Height,Double,V
GroupBox,Index,Index,Long,R_O
GroupBox,Left,Left,Double,V
GroupBox,Locked,Locked,Boolean,V
GroupBox,Name,Name,String,V
GroupBox,Placement,Placement,Variant,V
GroupBox,PrintObject,Print Object,Boolean,V
GroupBox,Top,Top,Double,V
GroupBox,TopLeftCell,Top Left Cell,Range,R_O
GroupBox,Visible,Visible,Boolean,V
GroupBox,Width,Width,Double,V
GroupBox,ZOrder,Z Order,Long,R_O
GroupBox,ShapeRange,Shape Range,ShapeRange,R_O
GroupBox,Caption,Caption,String,V
GroupBox,Characters,Characters,Characters,R_O
GroupBox,LockedText,Locked Text,Boolean,V
GroupBox,Text,Text,String,V
GroupBox,Accelerator,Accelerator,Variant,V
GroupBox,Display3DShading,Display3 D Shading,Boolean,V
GroupBox,PhoneticAccelerator,Phonetic Accelerator,Variant,V
GroupBoxes,Application,Application,Application,R_O
GroupBoxes,Creator,Creator,XlCreator,R_O
GroupBoxes,Parent,Parent,Object,R_O
GroupBoxes,Enabled,Enabled,Boolean,V
GroupBoxes,Height,Height,Double,V
GroupBoxes,Left,Left,Double,V
GroupBoxes,Locked,Locked,Boolean,V
GroupBoxes,Placement,Placement,Variant,V
GroupBoxes,PrintObject,Print Object,Boolean,V
GroupBoxes,Top,Top,Double,V
GroupBoxes,Visible,Visible,Boolean,V
GroupBoxes,Width,Width,Double,V
GroupBoxes,ZOrder,Z Order,Long,R_O
GroupBoxes,ShapeRange,Shape Range,ShapeRange,R_O
GroupBoxes,Caption,Caption,String,V
GroupBoxes,Characters,Characters,Characters,R_O
GroupBoxes,LockedText,Locked Text,Boolean,V
GroupBoxes,Text,Text,String,V
GroupBoxes,Accelerator,Accelerator,Variant,V
GroupBoxes,Display3DShading,Display3 D Shading,Boolean,V
GroupBoxes,PhoneticAccelerator,Phonetic Accelerator,Variant,V
GroupBoxes,Count,Count,Long,R_O
GroupObject,Application,Application,Application,R_O
GroupObject,Creator,Creator,XlCreator,R_O
GroupObject,Parent,Parent,Object,R_O
GroupObject,BottomRightCell,Bottom Right Cell,Range,R_O
GroupObject,Enabled,Enabled,Boolean,V
GroupObject,Height,Height,Double,V
GroupObject,Index,Index,Long,R_O
GroupObject,Left,Left,Double,V
GroupObject,Locked,Locked,Boolean,V
GroupObject,Name,Name,String,V
GroupObject,Placement,Placement,Variant,V
GroupObject,PrintObject,Print Object,Boolean,V
GroupObject,Top,Top,Double,V
GroupObject,TopLeftCell,Top Left Cell,Range,R_O
GroupObject,Visible,Visible,Boolean,V
GroupObject,Width,Width,Double,V
GroupObject,ZOrder,Z Order,Long,R_O
GroupObject,ShapeRange,Shape Range,ShapeRange,R_O
GroupObject,AddIndent,Add Indent,Boolean,V
GroupObject,ArrowHeadLength,Arrow Head Length,Variant,V
GroupObject,ArrowHeadStyle,Arrow Head Style,Variant,V
GroupObject,ArrowHeadWidth,Arrow Head Width,Variant,V
GroupObject,AutoSize,Auto Size,Boolean,V
GroupObject,Border,Border,Border,R_O
GroupObject,_Default,_Default,Long,V
GroupObject,Font,Font,Font,R_O
GroupObject,HorizontalAlignment,Horizontal Alignment,Variant,V
GroupObject,Interior,Interior,Interior,R_O
GroupObject,Orientation,Orientation,Variant,V
GroupObject,RoundedCorners,Rounded Corners,Boolean,V
GroupObject,Shadow,Shadow,Boolean,V
GroupObject,VerticalAlignment,Vertical Alignment,Variant,V
GroupObject,ReadingOrder,Reading Order,Long,V
GroupObjects,Application,Application,Application,R_O
GroupObjects,Creator,Creator,XlCreator,R_O
GroupObjects,Parent,Parent,Object,R_O
GroupObjects,Enabled,Enabled,Boolean,V
GroupObjects,Height,Height,Double,V
GroupObjects,Left,Left,Double,V
GroupObjects,Locked,Locked,Boolean,V
GroupObjects,Placement,Placement,Variant,V
GroupObjects,PrintObject,Print Object,Boolean,V
GroupObjects,Top,Top,Double,V
GroupObjects,Visible,Visible,Boolean,V
GroupObjects,Width,Width,Double,V
GroupObjects,ZOrder,Z Order,Long,R_O
GroupObjects,ShapeRange,Shape Range,ShapeRange,R_O
GroupObjects,AddIndent,Add Indent,Boolean,V
GroupObjects,ArrowHeadLength,Arrow Head Length,Variant,V
GroupObjects,ArrowHeadStyle,Arrow Head Style,Variant,V
GroupObjects,ArrowHeadWidth,Arrow Head Width,Variant,V
GroupObjects,AutoSize,Auto Size,Boolean,V
GroupObjects,Border,Border,Border,R_O
GroupObjects,_Default,_Default,Long,V
GroupObjects,Font,Font,Font,R_O
GroupObjects,HorizontalAlignment,Horizontal Alignment,Variant,V
GroupObjects,Interior,Interior,Interior,R_O
GroupObjects,Orientation,Orientation,Variant,V
GroupObjects,RoundedCorners,Rounded Corners,Boolean,V
GroupObjects,Shadow,Shadow,Boolean,V
GroupObjects,VerticalAlignment,Vertical Alignment,Variant,V
GroupObjects,ReadingOrder,Reading Order,Long,V
GroupObjects,Count,Count,Long,R_O
GroupShapes,Application,Application,Application,R_O
GroupShapes,Creator,Creator,XlCreator,R_O
GroupShapes,Parent,Parent,Object,R_O
GroupShapes,Count,Count,Long,R_O
GroupShapes,_NewEnum,_New Enum,IUnknown,R_O
GroupShapes,Range,Range,ShapeRange,R_O
HeaderFooter,Text,Text,String,V
HeaderFooter,Picture,Picture,Graphic,R_O
HiLoLines,Application,Application,Application,R_O
HiLoLines,Creator,Creator,XlCreator,R_O
HiLoLines,Parent,Parent,Object,R_O
HiLoLines,Name,Name,String,R_O
HiLoLines,Border,Border,Border,R_O
HiLoLines,Format,Format,ChartFormat,R_O
HPageBreak,Application,Application,Application,R_O
HPageBreak,Creator,Creator,XlCreator,R_O
HPageBreak,Parent,Parent,Worksheet,R_O
HPageBreak,Type,Type,XlPageBreak,V
HPageBreak,Extent,Extent,XlPageBreakExtent,R_O
HPageBreak,Location,Location,Range,V
HPageBreaks,Application,Application,Application,R_O
HPageBreaks,Creator,Creator,XlCreator,R_O
HPageBreaks,Parent,Parent,Object,R_O
HPageBreaks,Count,Count,Long,R_O
HPageBreaks,Item,Item,HPageBreak,R_O
HPageBreaks,_Default,_Default,HPageBreak,R_O
HPageBreaks,_NewEnum,_New Enum,IUnknown,R_O
Hyperlink,Application,Application,Application,R_O
Hyperlink,Creator,Creator,XlCreator,R_O
Hyperlink,Parent,Parent,Object,R_O
Hyperlink,Name,Name,String,R_O
Hyperlink,Range,Range,Range,R_O
Hyperlink,Shape,Shape,Shape,R_O
Hyperlink,SubAddress,Sub Address,String,V
Hyperlink,Address,Address,String,V
Hyperlink,Type,Type,Long,R_O
Hyperlink,EmailSubject,Email Subject,String,V
Hyperlink,ScreenTip,Screen Tip,String,V
Hyperlink,TextToDisplay,Text To Display,String,V
Hyperlinks,Application,Application,Application,R_O
Hyperlinks,Creator,Creator,XlCreator,R_O
Hyperlinks,Parent,Parent,Object,R_O
Hyperlinks,Count,Count,Long,R_O
Hyperlinks,Item,Item,Hyperlink,R_O
Hyperlinks,_Default,_Default,Hyperlink,R_O
Hyperlinks,_NewEnum,_New Enum,IUnknown,R_O
IAboveAverage,Application,Application,HRESULT,R_O
IAboveAverage,Creator,Creator,HRESULT,R_O
IAboveAverage,Parent,Parent,HRESULT,R_O
IAboveAverage,Priority,Priority,HRESULT,V
IAboveAverage,StopIfTrue,Stop If True,HRESULT,V
IAboveAverage,AppliesTo,Applies To,HRESULT,R_O
IAboveAverage,AboveBelow,Above Below,HRESULT,V
IAboveAverage,Interior,Interior,HRESULT,R_O
IAboveAverage,Borders,Borders,HRESULT,R_O
IAboveAverage,Font,Font,HRESULT,R_O
IAboveAverage,Type,Type,HRESULT,R_O
IAboveAverage,NumberFormat,Number Format,HRESULT,V
IAboveAverage,PTCondition,PT Condition,HRESULT,R_O
IAboveAverage,ScopeType,Scope Type,HRESULT,V
IAboveAverage,CalcFor,Calc For,HRESULT,V
IAboveAverage,NumStdDev,Num Std Dev,HRESULT,V
IAction,Application,Application,HRESULT,R_O
IAction,Creator,Creator,HRESULT,R_O
IAction,Parent,Parent,HRESULT,R_O
IAction,Name,Name,HRESULT,R_O
IAction,Caption,Caption,HRESULT,R_O
IAction,Type,Type,HRESULT,R_O
IAction,Coordinate,Coordinate,HRESULT,R_O
IAction,Content,Content,HRESULT,R_O
IActions,Application,Application,HRESULT,R_O
IActions,Creator,Creator,HRESULT,R_O
IActions,Parent,Parent,HRESULT,R_O
IActions,_Default,_Default,HRESULT,R_O
IActions,_NewEnum,_New Enum,HRESULT,R_O
IActions,Item,Item,HRESULT,R_O
IActions,Count,Count,HRESULT,R_O
IAddIn,Application,Application,HRESULT,R_O
IAddIn,Creator,Creator,HRESULT,R_O
IAddIn,Parent,Parent,HRESULT,R_O
IAddIn,FullName,Full Name,HRESULT,R_O
IAddIn,Installed,Installed,HRESULT,V
IAddIn,Name,Name,HRESULT,R_O
IAddIn,Path,Path,HRESULT,R_O
IAddIn,progID,prog ID,HRESULT,R_O
IAddIn,CLSID,CLSID,HRESULT,R_O
IAddIn,IsOpen,Is Open,HRESULT,R_O
IAddIns,Application,Application,HRESULT,R_O
IAddIns,Creator,Creator,HRESULT,R_O
IAddIns,Parent,Parent,HRESULT,R_O
IAddIns,Count,Count,HRESULT,R_O
IAddIns,Item,Item,HRESULT,R_O
IAddIns,_NewEnum,_New Enum,HRESULT,R_O
IAddIns,_Default,_Default,HRESULT,R_O
IAddIns2,Application,Application,HRESULT,R_O
IAddIns2,Creator,Creator,HRESULT,R_O
IAddIns2,Parent,Parent,HRESULT,R_O
IAddIns2,Count,Count,HRESULT,R_O
IAddIns2,Item,Item,HRESULT,R_O
IAddIns2,_NewEnum,_New Enum,HRESULT,R_O
IAddIns2,_Default,_Default,HRESULT,R_O
IAllowEditRange,Title,Title,HRESULT,V
IAllowEditRange,Range,Range,HRESULT,V
IAllowEditRange,Users,Users,HRESULT,R_O
IAllowEditRanges,Count,Count,HRESULT,R_O
IAllowEditRanges,Item,Item,HRESULT,R_O
IAllowEditRanges,_Default,_Default,HRESULT,R_O
IAllowEditRanges,_NewEnum,_New Enum,HRESULT,R_O
IArc,Application,Application,HRESULT,R_O
IArc,Creator,Creator,HRESULT,R_O
IArc,Parent,Parent,HRESULT,R_O
IArc,BottomRightCell,Bottom Right Cell,HRESULT,R_O
IArc,Enabled,Enabled,HRESULT,V
IArc,Height,Height,HRESULT,V
IArc,Index,Index,HRESULT,R_O
IArc,Left,Left,HRESULT,V
IArc,Locked,Locked,HRESULT,V
IArc,Name,Name,HRESULT,V
IArc,Placement,Placement,HRESULT,V
IArc,PrintObject,Print Object,HRESULT,V
IArc,Top,Top,HRESULT,V
IArc,TopLeftCell,Top Left Cell,HRESULT,R_O
IArc,Visible,Visible,HRESULT,V
IArc,Width,Width,HRESULT,V
IArc,ZOrder,Z Order,HRESULT,R_O
IArc,ShapeRange,Shape Range,HRESULT,R_O
IArc,AddIndent,Add Indent,HRESULT,V
IArc,AutoScaleFont,Auto Scale Font,HRESULT,V
IArc,AutoSize,Auto Size,HRESULT,V
IArc,Caption,Caption,HRESULT,V
IArc,Characters,Characters,HRESULT,R_O
IArc,Font,Font,HRESULT,R_O
IArc,Formula,Formula,HRESULT,V
IArc,HorizontalAlignment,Horizontal Alignment,HRESULT,V
IArc,LockedText,Locked Text,HRESULT,V
IArc,Orientation,Orientation,HRESULT,V
IArc,Text,Text,HRESULT,V
IArc,VerticalAlignment,Vertical Alignment,HRESULT,V
IArc,ReadingOrder,Reading Order,HRESULT,V
IArc,Border,Border,HRESULT,R_O
IArc,Interior,Interior,HRESULT,R_O
IArcs,Application,Application,HRESULT,R_O
IArcs,Creator,Creator,HRESULT,R_O
IArcs,Parent,Parent,HRESULT,R_O
IArcs,Enabled,Enabled,HRESULT,V
IArcs,Height,Height,HRESULT,V
IArcs,Left,Left,HRESULT,V
IArcs,Locked,Locked,HRESULT,V
IArcs,Placement,Placement,HRESULT,V
IArcs,PrintObject,Print Object,HRESULT,V
IArcs,Top,Top,HRESULT,V
IArcs,Visible,Visible,HRESULT,V
IArcs,Width,Width,HRESULT,V
IArcs,ZOrder,Z Order,HRESULT,R_O
IArcs,ShapeRange,Shape Range,HRESULT,R_O
IArcs,AddIndent,Add Indent,HRESULT,V
IArcs,AutoScaleFont,Auto Scale Font,HRESULT,V
IArcs,AutoSize,Auto Size,HRESULT,V
IArcs,Caption,Caption,HRESULT,V
IArcs,Characters,Characters,HRESULT,R_O
IArcs,Font,Font,HRESULT,R_O
IArcs,Formula,Formula,HRESULT,V
IArcs,HorizontalAlignment,Horizontal Alignment,HRESULT,V
IArcs,LockedText,Locked Text,HRESULT,V
IArcs,Orientation,Orientation,HRESULT,V
IArcs,Text,Text,HRESULT,V
IArcs,VerticalAlignment,Vertical Alignment,HRESULT,V
IArcs,ReadingOrder,Reading Order,HRESULT,V
IArcs,Border,Border,HRESULT,R_O
IArcs,Interior,Interior,HRESULT,R_O
IArcs,Count,Count,HRESULT,R_O
IAreas,Application,Application,HRESULT,R_O
IAreas,Creator,Creator,HRESULT,R_O
IAreas,Parent,Parent,HRESULT,R_O
IAreas,Count,Count,HRESULT,R_O
IAreas,Item,Item,HRESULT,R_O
IAreas,_NewEnum,_New Enum,HRESULT,R_O
IAreas,_Default,_Default,HRESULT,R_O
IAuthor,Application,Application,HRESULT,R_O
IAuthor,Creator,Creator,HRESULT,R_O
IAuthor,Parent,Parent,HRESULT,R_O
IAuthor,Name,Name,HRESULT,R_O
IAuthor,ProviderID,Provider ID,HRESULT,R_O
IAuthor,UserID,User ID,HRESULT,R_O
IAutoCorrect,Application,Application,HRESULT,R_O
IAutoCorrect,Creator,Creator,HRESULT,R_O
IAutoCorrect,Parent,Parent,HRESULT,R_O
IAutoCorrect,CapitalizeNamesOfDays,Capitalize Names Of Days,HRESULT,V
IAutoCorrect,ReplacementList,Replacement List,HRESULT,V
IAutoCorrect,ReplaceText,Replace Text,HRESULT,V
IAutoCorrect,TwoInitialCapitals,Two Initial Capitals,HRESULT,V
IAutoCorrect,CorrectSentenceCap,Correct Sentence Cap,HRESULT,V
IAutoCorrect,CorrectCapsLock,Correct Caps Lock,HRESULT,V
IAutoCorrect,DisplayAutoCorrectOptions,Display Auto Correct Options,HRESULT,V
IAutoCorrect,AutoExpandListRange,Auto Expand List Range,HRESULT,V
IAutoCorrect,AutoFillFormulasInLists,Auto Fill Formulas In Lists,HRESULT,V
IAutoFilter,Application,Application,HRESULT,R_O
IAutoFilter,Creator,Creator,HRESULT,R_O
IAutoFilter,Parent,Parent,HRESULT,R_O
IAutoFilter,Range,Range,HRESULT,R_O
IAutoFilter,Filters,Filters,HRESULT,R_O
IAutoFilter,FilterMode,Filter Mode,HRESULT,R_O
IAutoFilter,Sort,Sort,HRESULT,R_O
IAutoRecover,Application,Application,HRESULT,R_O
IAutoRecover,Creator,Creator,HRESULT,R_O
IAutoRecover,Parent,Parent,HRESULT,R_O
IAutoRecover,Enabled,Enabled,HRESULT,V
IAutoRecover,Time,Time,HRESULT,V
IAutoRecover,Path,Path,HRESULT,V
IAxes,Application,Application,HRESULT,R_O
IAxes,Creator,Creator,HRESULT,R_O
IAxes,Parent,Parent,HRESULT,R_O
IAxes,Count,Count,HRESULT,R_O
IAxis,Application,Application,HRESULT,R_O
IAxis,Creator,Creator,HRESULT,R_O
IAxis,Parent,Parent,HRESULT,R_O
IAxis,AxisBetweenCategories,Axis Between Categories,HRESULT,V
IAxis,AxisGroup,Axis Group,HRESULT,R_O
IAxis,AxisTitle,Axis Title,HRESULT,R_O
IAxis,Border,Border,HRESULT,R_O
IAxis,CategoryNames,Category Names,HRESULT,V
IAxis,Crosses,Crosses,HRESULT,V
IAxis,CrossesAt,Crosses At,HRESULT,V
IAxis,HasMajorGridlines,Has Major Gridlines,HRESULT,V
IAxis,HasMinorGridlines,Has Minor Gridlines,HRESULT,V
IAxis,HasTitle,Has Title,HRESULT,V
IAxis,MajorGridlines,Major Gridlines,HRESULT,R_O
IAxis,MajorTickMark,Major Tick Mark,HRESULT,V
IAxis,MajorUnit,Major Unit,HRESULT,V
IAxis,MajorUnitIsAuto,Major Unit Is Auto,HRESULT,V
IAxis,MaximumScale,Maximum Scale,HRESULT,V
IAxis,MaximumScaleIsAuto,Maximum Scale Is Auto,HRESULT,V
IAxis,MinimumScale,Minimum Scale,HRESULT,V
IAxis,MinimumScaleIsAuto,Minimum Scale Is Auto,HRESULT,V
IAxis,MinorGridlines,Minor Gridlines,HRESULT,R_O
IAxis,MinorTickMark,Minor Tick Mark,HRESULT,V
IAxis,MinorUnit,Minor Unit,HRESULT,V
IAxis,MinorUnitIsAuto,Minor Unit Is Auto,HRESULT,V
IAxis,ReversePlotOrder,Reverse Plot Order,HRESULT,V
IAxis,ScaleType,Scale Type,HRESULT,V
IAxis,TickLabelPosition,Tick Label Position,HRESULT,V
IAxis,TickLabels,Tick Labels,HRESULT,R_O
IAxis,TickLabelSpacing,Tick Label Spacing,HRESULT,V
IAxis,TickMarkSpacing,Tick Mark Spacing,HRESULT,V
IAxis,Type,Type,HRESULT,V
IAxis,BaseUnit,Base Unit,HRESULT,V
IAxis,BaseUnitIsAuto,Base Unit Is Auto,HRESULT,V
IAxis,MajorUnitScale,Major Unit Scale,HRESULT,V
IAxis,MinorUnitScale,Minor Unit Scale,HRESULT,V
IAxis,CategoryType,Category Type,HRESULT,V
IAxis,Left,Left,HRESULT,R_O
IAxis,Top,Top,HRESULT,R_O
IAxis,Width,Width,HRESULT,R_O
IAxis,Height,Height,HRESULT,R_O
IAxis,DisplayUnit,Display Unit,HRESULT,V
IAxis,DisplayUnitCustom,Display Unit Custom,HRESULT,V
IAxis,HasDisplayUnitLabel,Has Display Unit Label,HRESULT,V
IAxis,DisplayUnitLabel,Display Unit Label,HRESULT,R_O
IAxis,LogBase,Log Base,HRESULT,V
IAxis,TickLabelSpacingIsAuto,Tick Label Spacing Is Auto,HRESULT,V
IAxis,Format,Format,HRESULT,R_O
IAxis,CategorySortOrder,Category Sort Order,HRESULT,V
IAxisTitle,Application,Application,HRESULT,R_O
IAxisTitle,Creator,Creator,HRESULT,R_O
IAxisTitle,Parent,Parent,HRESULT,R_O
IAxisTitle,Name,Name,HRESULT,R_O
IAxisTitle,Caption,Caption,HRESULT,V
IAxisTitle,Characters,Characters,HRESULT,R_O
IAxisTitle,HorizontalAlignment,Horizontal Alignment,HRESULT,V
IAxisTitle,Left,Left,HRESULT,V
IAxisTitle,Orientation,Orientation,HRESULT,V
IAxisTitle,Shadow,Shadow,HRESULT,V
IAxisTitle,Text,Text,HRESULT,V
IAxisTitle,Top,Top,HRESULT,V
IAxisTitle,VerticalAlignment,Vertical Alignment,HRESULT,V
IAxisTitle,ReadingOrder,Reading Order,HRESULT,V
IAxisTitle,IncludeInLayout,Include In Layout,HRESULT,V
IAxisTitle,Position,Position,HRESULT,V
IAxisTitle,Format,Format,HRESULT,R_O
IAxisTitle,Height,Height,HRESULT,R_O
IAxisTitle,Width,Width,HRESULT,R_O
IAxisTitle,Formula,Formula,HRESULT,V
IAxisTitle,FormulaR1C1,Formula R1 C1,HRESULT,V
IAxisTitle,FormulaLocal,Formula Local,HRESULT,V
IAxisTitle,FormulaR1C1Local,Formula R1 C1 Local,HRESULT,V
IBorder,Application,Application,HRESULT,R_O
IBorder,Creator,Creator,HRESULT,R_O
IBorder,Parent,Parent,HRESULT,R_O
IBorder,Color,Color,HRESULT,V
IBorder,ColorIndex,Color Index,HRESULT,V
IBorder,LineStyle,Line Style,HRESULT,V
IBorder,Weight,Weight,HRESULT,V
IBorder,ThemeColor,Theme Color,HRESULT,V
IBorder,TintAndShade,Tint And Shade,HRESULT,V
IBorders,Application,Application,HRESULT,R_O
IBorders,Creator,Creator,HRESULT,R_O
IBorders,Parent,Parent,HRESULT,R_O
IBorders,Color,Color,HRESULT,V
IBorders,ColorIndex,Color Index,HRESULT,V
IBorders,Count,Count,HRESULT,R_O
IBorders,Item,Item,HRESULT,R_O
IBorders,LineStyle,Line Style,HRESULT,V
IBorders,_NewEnum,_New Enum,HRESULT,R_O
IBorders,Value,Value,HRESULT,V
IBorders,Weight,Weight,HRESULT,V
IBorders,_Default,_Default,HRESULT,R_O
IBorders,ThemeColor,Theme Color,HRESULT,V
IBorders,TintAndShade,Tint And Shade,HRESULT,V
IButton,Application,Application,HRESULT,R_O
IButton,Creator,Creator,HRESULT,R_O
IButton,Parent,Parent,HRESULT,R_O
IButton,BottomRightCell,Bottom Right Cell,HRESULT,R_O
IButton,Enabled,Enabled,HRESULT,V
IButton,Height,Height,HRESULT,V
IButton,Index,Index,HRESULT,R_O
IButton,Left,Left,HRESULT,V
IButton,Locked,Locked,HRESULT,V
IButton,Name,Name,HRESULT,V
IButton,Placement,Placement,HRESULT,V
IButton,PrintObject,Print Object,HRESULT,V
IButton,Top,Top,HRESULT,V
IButton,TopLeftCell,Top Left Cell,HRESULT,R_O
IButton,Visible,Visible,HRESULT,V
IButton,Width,Width,HRESULT,V
IButton,ZOrder,Z Order,HRESULT,R_O
IButton,ShapeRange,Shape Range,HRESULT,R_O
IButton,AddIndent,Add Indent,HRESULT,V
IButton,AutoScaleFont,Auto Scale Font,HRESULT,V
IButton,AutoSize,Auto Size,HRESULT,V
IButton,Caption,Caption,HRESULT,V
IButton,Characters,Characters,HRESULT,R_O
IButton,Font,Font,HRESULT,R_O
IButton,Formula,Formula,HRESULT,V
IButton,HorizontalAlignment,Horizontal Alignment,HRESULT,V
IButton,LockedText,Locked Text,HRESULT,V
IButton,Orientation,Orientation,HRESULT,V
IButton,Text,Text,HRESULT,V
IButton,VerticalAlignment,Vertical Alignment,HRESULT,V
IButton,ReadingOrder,Reading Order,HRESULT,V
IButton,Accelerator,Accelerator,HRESULT,V
IButton,CancelButton,Cancel Button,HRESULT,V
IButton,DefaultButton,Default Button,HRESULT,V
IButton,DismissButton,Dismiss Button,HRESULT,V
IButton,HelpButton,Help Button,HRESULT,V
IButton,PhoneticAccelerator,Phonetic Accelerator,HRESULT,V
IButtons,Application,Application,HRESULT,R_O
IButtons,Creator,Creator,HRESULT,R_O
IButtons,Parent,Parent,HRESULT,R_O
IButtons,Enabled,Enabled,HRESULT,V
IButtons,Height,Height,HRESULT,V
IButtons,Left,Left,HRESULT,V
IButtons,Locked,Locked,HRESULT,V
IButtons,Placement,Placement,HRESULT,V
IButtons,PrintObject,Print Object,HRESULT,V
IButtons,Top,Top,HRESULT,V
IButtons,Visible,Visible,HRESULT,V
IButtons,Width,Width,HRESULT,V
IButtons,ZOrder,Z Order,HRESULT,R_O
IButtons,ShapeRange,Shape Range,HRESULT,R_O
IButtons,AddIndent,Add Indent,HRESULT,V
IButtons,AutoScaleFont,Auto Scale Font,HRESULT,V
IButtons,AutoSize,Auto Size,HRESULT,V
IButtons,Caption,Caption,HRESULT,V
IButtons,Characters,Characters,HRESULT,R_O
IButtons,Font,Font,HRESULT,R_O
IButtons,Formula,Formula,HRESULT,V
IButtons,HorizontalAlignment,Horizontal Alignment,HRESULT,V
IButtons,LockedText,Locked Text,HRESULT,V
IButtons,Orientation,Orientation,HRESULT,V
IButtons,Text,Text,HRESULT,V
IButtons,VerticalAlignment,Vertical Alignment,HRESULT,V
IButtons,ReadingOrder,Reading Order,HRESULT,V
IButtons,Accelerator,Accelerator,HRESULT,V
IButtons,CancelButton,Cancel Button,HRESULT,V
IButtons,DefaultButton,Default Button,HRESULT,V
IButtons,DismissButton,Dismiss Button,HRESULT,V
IButtons,HelpButton,Help Button,HRESULT,V
IButtons,PhoneticAccelerator,Phonetic Accelerator,HRESULT,V
IButtons,Count,Count,HRESULT,R_O
ICalculatedFields,Application,Application,HRESULT,R_O
ICalculatedFields,Creator,Creator,HRESULT,R_O
ICalculatedFields,Parent,Parent,HRESULT,R_O
ICalculatedFields,Count,Count,HRESULT,R_O
ICalculatedFields,_Default,_Default,HRESULT,R_O
ICalculatedItems,Application,Application,HRESULT,R_O
ICalculatedItems,Creator,Creator,HRESULT,R_O
ICalculatedItems,Parent,Parent,HRESULT,R_O
ICalculatedItems,Count,Count,HRESULT,R_O
ICalculatedItems,_Default,_Default,HRESULT,R_O
ICalculatedMember,Application,Application,HRESULT,R_O
ICalculatedMember,Creator,Creator,HRESULT,R_O
ICalculatedMember,Parent,Parent,HRESULT,R_O
ICalculatedMember,Name,Name,HRESULT,R_O
ICalculatedMember,Formula,Formula,HRESULT,R_O
ICalculatedMember,SourceName,Source Name,HRESULT,R_O
ICalculatedMember,SolveOrder,Solve Order,HRESULT,R_O
ICalculatedMember,IsValid,Is Valid,HRESULT,R_O
ICalculatedMember,_Default,_Default,HRESULT,R_O
ICalculatedMember,Type,Type,HRESULT,R_O
ICalculatedMember,Dynamic,Dynamic,HRESULT,R_O
ICalculatedMember,DisplayFolder,Display Folder,HRESULT,R_O
ICalculatedMember,HierarchizeDistinct,Hierarchize Distinct,HRESULT,V
ICalculatedMember,FlattenHierarchies,Flatten Hierarchies,HRESULT,V
ICalculatedMember,MeasureGroup,Measure Group,HRESULT,R_O
ICalculatedMember,ParentHierarchy,Parent Hierarchy,HRESULT,R_O
ICalculatedMember,ParentMember,Parent Member,HRESULT,R_O
ICalculatedMember,NumberFormat,Number Format,HRESULT,R_O
ICalculatedMembers,Application,Application,HRESULT,R_O
ICalculatedMembers,Creator,Creator,HRESULT,R_O
ICalculatedMembers,Parent,Parent,HRESULT,R_O
ICalculatedMembers,Count,Count,HRESULT,R_O
ICalculatedMembers,Item,Item,HRESULT,R_O
ICalculatedMembers,_Default,_Default,HRESULT,R_O
ICalculatedMembers,_NewEnum,_New Enum,HRESULT,R_O
ICategoryCollection,Application,Application,HRESULT,R_O
ICategoryCollection,Creator,Creator,HRESULT,R_O
ICategoryCollection,Parent,Parent,HRESULT,R_O
ICategoryCollection,Count,Count,HRESULT,R_O
ICellControl,Application,Application,HRESULT,R_O
ICellControl,Creator,Creator,HRESULT,R_O
ICellControl,Parent,Parent,HRESULT,R_O
ICellControl,Type,Type,HRESULT,R_O
ICellFormat,Application,Application,HRESULT,R_O
ICellFormat,Creator,Creator,HRESULT,R_O
ICellFormat,Parent,Parent,HRESULT,R_O
ICellFormat,Borders,Borders,HRESULT,V
ICellFormat,Font,Font,HRESULT,V
ICellFormat,Interior,Interior,HRESULT,V
ICellFormat,NumberFormat,Number Format,HRESULT,V
ICellFormat,NumberFormatLocal,Number Format Local,HRESULT,V
ICellFormat,AddIndent,Add Indent,HRESULT,V
ICellFormat,IndentLevel,Indent Level,HRESULT,V
ICellFormat,HorizontalAlignment,Horizontal Alignment,HRESULT,V
ICellFormat,VerticalAlignment,Vertical Alignment,HRESULT,V
ICellFormat,Orientation,Orientation,HRESULT,V
ICellFormat,ShrinkToFit,Shrink To Fit,HRESULT,V
ICellFormat,WrapText,Wrap Text,HRESULT,V
ICellFormat,Locked,Locked,HRESULT,V
ICellFormat,FormulaHidden,Formula Hidden,HRESULT,V
ICellFormat,MergeCells,Merge Cells,HRESULT,V
ICharacters,Application,Application,HRESULT,R_O
ICharacters,Creator,Creator,HRESULT,R_O
ICharacters,Parent,Parent,HRESULT,R_O
ICharacters,Caption,Caption,HRESULT,V
ICharacters,Count,Count,HRESULT,R_O
ICharacters,Font,Font,HRESULT,R_O
ICharacters,Text,Text,HRESULT,V
ICharacters,PhoneticCharacters,Phonetic Characters,HRESULT,V
IChartArea,Application,Application,HRESULT,R_O
IChartArea,Creator,Creator,HRESULT,R_O
IChartArea,Parent,Parent,HRESULT,R_O
IChartArea,Name,Name,HRESULT,R_O
IChartArea,Shadow,Shadow,HRESULT,V
IChartArea,Height,Height,HRESULT,V
IChartArea,Left,Left,HRESULT,V
IChartArea,Top,Top,HRESULT,V
IChartArea,Width,Width,HRESULT,V
IChartArea,Format,Format,HRESULT,R_O
IChartArea,RoundedCorners,Rounded Corners,HRESULT,V
IChartCategory,Application,Application,HRESULT,R_O
IChartCategory,Creator,Creator,HRESULT,R_O
IChartCategory,Parent,Parent,HRESULT,R_O
IChartCategory,Name,Name,HRESULT,R_O
IChartCategory,IsFiltered,Is Filtered,HRESULT,V
IChartColorFormat,Application,Application,HRESULT,R_O
IChartColorFormat,Creator,Creator,HRESULT,R_O
IChartColorFormat,Parent,Parent,HRESULT,R_O
IChartColorFormat,SchemeColor,Scheme Color,HRESULT,V
IChartColorFormat,RGB,RGB,HRESULT,R_O
IChartColorFormat,_Default,_Default,HRESULT,R_O
IChartColorFormat,Type,Type,HRESULT,R_O
IChartFillFormat,Application,Application,HRESULT,R_O
IChartFillFormat,Creator,Creator,HRESULT,R_O
IChartFillFormat,Parent,Parent,HRESULT,R_O
IChartFillFormat,BackColor,Back Color,HRESULT,R_O
IChartFillFormat,ForeColor,Fore Color,HRESULT,R_O
IChartFillFormat,GradientColorType,Gradient Color Type,HRESULT,R_O
IChartFillFormat,GradientDegree,Gradient Degree,HRESULT,R_O
IChartFillFormat,GradientStyle,Gradient Style,HRESULT,R_O
IChartFillFormat,GradientVariant,Gradient Variant,HRESULT,R_O
IChartFillFormat,Pattern,Pattern,HRESULT,R_O
IChartFillFormat,PresetGradientType,Preset Gradient Type,HRESULT,R_O
IChartFillFormat,PresetTexture,Preset Texture,HRESULT,R_O
IChartFillFormat,TextureName,Texture Name,HRESULT,R_O
IChartFillFormat,TextureType,Texture Type,HRESULT,R_O
IChartFillFormat,Type,Type,HRESULT,R_O
IChartFillFormat,Visible,Visible,HRESULT,V
IChartFormat,Application,Application,HRESULT,R_O
IChartFormat,Creator,Creator,HRESULT,R_O
IChartFormat,Parent,Parent,HRESULT,R_O
IChartFormat,Fill,Fill,HRESULT,R_O
IChartFormat,Glow,Glow,HRESULT,R_O
IChartFormat,Line,Line,HRESULT,R_O
IChartFormat,PictureFormat,Picture Format,HRESULT,R_O
IChartFormat,Shadow,Shadow,HRESULT,R_O
IChartFormat,SoftEdge,Soft Edge,HRESULT,R_O
IChartFormat,TextFrame2,Text Frame2,HRESULT,R_O
IChartFormat,ThreeD,Three D,HRESULT,R_O
IChartFormat,Adjustments,Adjustments,HRESULT,R_O
IChartFormat,AutoShapeType,Auto Shape Type,HRESULT,V
IChartGroup,Application,Application,HRESULT,R_O
IChartGroup,Creator,Creator,HRESULT,R_O
IChartGroup,Parent,Parent,HRESULT,R_O
IChartGroup,AxisGroup,Axis Group,HRESULT,V
IChartGroup,DoughnutHoleSize,Doughnut Hole Size,HRESULT,V
IChartGroup,DownBars,Down Bars,HRESULT,R_O
IChartGroup,DropLines,Drop Lines,HRESULT,R_O
IChartGroup,FirstSliceAngle,First Slice Angle,HRESULT,V
IChartGroup,GapWidth,Gap Width,HRESULT,V
IChartGroup,HasDropLines,Has Drop Lines,HRESULT,V
IChartGroup,HasHiLoLines,Has Hi Lo Lines,HRESULT,V
IChartGroup,HasRadarAxisLabels,Has Radar Axis Labels,HRESULT,V
IChartGroup,HasSeriesLines,Has Series Lines,HRESULT,V
IChartGroup,HasUpDownBars,Has Up Down Bars,HRESULT,V
IChartGroup,HiLoLines,Hi Lo Lines,HRESULT,R_O
IChartGroup,Index,Index,HRESULT,R_O
IChartGroup,Overlap,Overlap,HRESULT,V
IChartGroup,RadarAxisLabels,Radar Axis Labels,HRESULT,R_O
IChartGroup,SeriesLines,Series Lines,HRESULT,R_O
IChartGroup,UpBars,Up Bars,HRESULT,R_O
IChartGroup,VaryByCategories,Vary By Categories,HRESULT,V
IChartGroup,SizeRepresents,Size Represents,HRESULT,V
IChartGroup,BubbleScale,Bubble Scale,HRESULT,V
IChartGroup,ShowNegativeBubbles,Show Negative Bubbles,HRESULT,V
IChartGroup,SplitType,Split Type,HRESULT,V
IChartGroup,SplitValue,Split Value,HRESULT,V
IChartGroup,SecondPlotSize,Second Plot Size,HRESULT,V
IChartGroup,Has3DShading,Has3 D Shading,HRESULT,V
IChartGroup,BinsType,Bins Type,HRESULT,V
IChartGroup,BinWidthValue,Bin Width Value,HRESULT,V
IChartGroup,BinsCountValue,Bins Count Value,HRESULT,V
IChartGroup,BinsOverflowEnabled,Bins Overflow Enabled,HRESULT,V
IChartGroup,BinsOverflowValue,Bins Overflow Value,HRESULT,V
IChartGroup,BinsUnderflowEnabled,Bins Underflow Enabled,HRESULT,V
IChartGroup,BinsUnderflowValue,Bins Underflow Value,HRESULT,V
IChartGroups,Application,Application,HRESULT,R_O
IChartGroups,Creator,Creator,HRESULT,R_O
IChartGroups,Parent,Parent,HRESULT,R_O
IChartGroups,Count,Count,HRESULT,R_O
IChartObject,Application,Application,HRESULT,R_O
IChartObject,Creator,Creator,HRESULT,R_O
IChartObject,Parent,Parent,HRESULT,R_O
IChartObject,BottomRightCell,Bottom Right Cell,HRESULT,R_O
IChartObject,Height,Height,HRESULT,V
IChartObject,Index,Index,HRESULT,R_O
IChartObject,Left,Left,HRESULT,V
IChartObject,Locked,Locked,HRESULT,V
IChartObject,Name,Name,HRESULT,V
IChartObject,Placement,Placement,HRESULT,V
IChartObject,PrintObject,Print Object,HRESULT,V
IChartObject,Top,Top,HRESULT,V
IChartObject,TopLeftCell,Top Left Cell,HRESULT,R_O
IChartObject,Visible,Visible,HRESULT,V
IChartObject,Width,Width,HRESULT,V
IChartObject,ZOrder,Z Order,HRESULT,R_O
IChartObject,ShapeRange,Shape Range,HRESULT,R_O
IChartObject,Chart,Chart,HRESULT,R_O
IChartObject,ProtectChartObject,Protect Chart Object,HRESULT,V
IChartObject,RoundedCorners,Rounded Corners,HRESULT,V
IChartObject,Shadow,Shadow,HRESULT,V
IChartObjects,Application,Application,HRESULT,R_O
IChartObjects,Creator,Creator,HRESULT,R_O
IChartObjects,Parent,Parent,HRESULT,R_O
IChartObjects,Height,Height,HRESULT,V
IChartObjects,Left,Left,HRESULT,V
IChartObjects,Locked,Locked,HRESULT,V
IChartObjects,Placement,Placement,HRESULT,V
IChartObjects,PrintObject,Print Object,HRESULT,V
IChartObjects,Top,Top,HRESULT,V
IChartObjects,Visible,Visible,HRESULT,V
IChartObjects,Width,Width,HRESULT,V
IChartObjects,ShapeRange,Shape Range,HRESULT,R_O
IChartObjects,ProtectChartObject,Protect Chart Object,HRESULT,V
IChartObjects,Count,Count,HRESULT,R_O
ICharts,Application,Application,HRESULT,R_O
ICharts,Creator,Creator,HRESULT,R_O
ICharts,Parent,Parent,HRESULT,R_O
ICharts,Count,Count,HRESULT,R_O
ICharts,Item,Item,HRESULT,R_O
ICharts,_NewEnum,_New Enum,HRESULT,R_O
ICharts,HPageBreaks,H Page Breaks,HRESULT,R_O
ICharts,VPageBreaks,V Page Breaks,HRESULT,R_O
ICharts,Visible,Visible,HRESULT,V
ICharts,_Default,_Default,HRESULT,R_O
IChartSeriesGradientStopData,Application,Application,HRESULT,R_O
IChartSeriesGradientStopData,Creator,Creator,HRESULT,R_O
IChartSeriesGradientStopData,Parent,Parent,HRESULT,R_O
IChartSeriesGradientStopData,StopColor,Stop Color,HRESULT,R_O
IChartSeriesGradientStopData,StopPositionType,Stop Position Type,HRESULT,V
IChartSeriesGradientStopData,StopValue,Stop Value,HRESULT,V
IChartTitle,Application,Application,HRESULT,R_O
IChartTitle,Creator,Creator,HRESULT,R_O
IChartTitle,Parent,Parent,HRESULT,R_O
IChartTitle,Name,Name,HRESULT,R_O
IChartTitle,Caption,Caption,HRESULT,V
IChartTitle,Characters,Characters,HRESULT,R_O
IChartTitle,HorizontalAlignment,Horizontal Alignment,HRESULT,V
IChartTitle,Left,Left,HRESULT,V
IChartTitle,Orientation,Orientation,HRESULT,V
IChartTitle,Shadow,Shadow,HRESULT,V
IChartTitle,Text,Text,HRESULT,V
IChartTitle,Top,Top,HRESULT,V
IChartTitle,VerticalAlignment,Vertical Alignment,HRESULT,V
IChartTitle,ReadingOrder,Reading Order,HRESULT,V
IChartTitle,IncludeInLayout,Include In Layout,HRESULT,V
IChartTitle,Position,Position,HRESULT,V
IChartTitle,Format,Format,HRESULT,R_O
IChartTitle,Height,Height,HRESULT,R_O
IChartTitle,Width,Width,HRESULT,R_O
IChartTitle,Formula,Formula,HRESULT,V
IChartTitle,FormulaR1C1,Formula R1 C1,HRESULT,V
IChartTitle,FormulaLocal,Formula Local,HRESULT,V
IChartTitle,FormulaR1C1Local,Formula R1 C1 Local,HRESULT,V
IChartView,Application,Application,HRESULT,R_O
IChartView,Creator,Creator,HRESULT,R_O
IChartView,Parent,Parent,HRESULT,R_O
IChartView,Sheet,Sheet,HRESULT,R_O
ICheckBox,Application,Application,HRESULT,R_O
ICheckBox,Creator,Creator,HRESULT,R_O
ICheckBox,Parent,Parent,HRESULT,R_O
ICheckBox,BottomRightCell,Bottom Right Cell,HRESULT,R_O
ICheckBox,Enabled,Enabled,HRESULT,V
ICheckBox,Height,Height,HRESULT,V
ICheckBox,Index,Index,HRESULT,R_O
ICheckBox,Left,Left,HRESULT,V
ICheckBox,Locked,Locked,HRESULT,V
ICheckBox,Name,Name,HRESULT,V
ICheckBox,Placement,Placement,HRESULT,V
ICheckBox,PrintObject,Print Object,HRESULT,V
ICheckBox,Top,Top,HRESULT,V
ICheckBox,TopLeftCell,Top Left Cell,HRESULT,R_O
ICheckBox,Visible,Visible,HRESULT,V
ICheckBox,Width,Width,HRESULT,V
ICheckBox,ZOrder,Z Order,HRESULT,R_O
ICheckBox,ShapeRange,Shape Range,HRESULT,R_O
ICheckBox,Caption,Caption,HRESULT,V
ICheckBox,Characters,Characters,HRESULT,R_O
ICheckBox,LockedText,Locked Text,HRESULT,V
ICheckBox,Text,Text,HRESULT,V
ICheckBox,Accelerator,Accelerator,HRESULT,V
ICheckBox,Border,Border,HRESULT,R_O
ICheckBox,_Default,_Default,HRESULT,V
ICheckBox,Display3DShading,Display3 D Shading,HRESULT,V
ICheckBox,Interior,Interior,HRESULT,R_O
ICheckBox,LinkedCell,Linked Cell,HRESULT,V
ICheckBox,PhoneticAccelerator,Phonetic Accelerator,HRESULT,V
ICheckBox,Value,Value,HRESULT,V
ICheckBoxes,Application,Application,HRESULT,R_O
ICheckBoxes,Creator,Creator,HRESULT,R_O
ICheckBoxes,Parent,Parent,HRESULT,R_O
ICheckBoxes,Enabled,Enabled,HRESULT,V
ICheckBoxes,Height,Height,HRESULT,V
ICheckBoxes,Left,Left,HRESULT,V
ICheckBoxes,Locked,Locked,HRESULT,V
ICheckBoxes,Placement,Placement,HRESULT,V
ICheckBoxes,PrintObject,Print Object,HRESULT,V
ICheckBoxes,Top,Top,HRESULT,V
ICheckBoxes,Visible,Visible,HRESULT,V
ICheckBoxes,Width,Width,HRESULT,V
ICheckBoxes,ZOrder,Z Order,HRESULT,R_O
ICheckBoxes,ShapeRange,Shape Range,HRESULT,R_O
ICheckBoxes,Caption,Caption,HRESULT,V
ICheckBoxes,Characters,Characters,HRESULT,R_O
ICheckBoxes,LockedText,Locked Text,HRESULT,V
ICheckBoxes,Text,Text,HRESULT,V
ICheckBoxes,Accelerator,Accelerator,HRESULT,V
ICheckBoxes,Border,Border,HRESULT,R_O
ICheckBoxes,_Default,_Default,HRESULT,V
ICheckBoxes,Display3DShading,Display3 D Shading,HRESULT,V
ICheckBoxes,Interior,Interior,HRESULT,R_O
ICheckBoxes,LinkedCell,Linked Cell,HRESULT,V
ICheckBoxes,PhoneticAccelerator,Phonetic Accelerator,HRESULT,V
ICheckBoxes,Value,Value,HRESULT,V
ICheckBoxes,Count,Count,HRESULT,R_O
IColorScale,Application,Application,HRESULT,R_O
IColorScale,Creator,Creator,HRESULT,R_O
IColorScale,Parent,Parent,HRESULT,R_O
IColorScale,Priority,Priority,HRESULT,V
IColorScale,StopIfTrue,Stop If True,HRESULT,R_O
IColorScale,AppliesTo,Applies To,HRESULT,R_O
IColorScale,Formula,Formula,HRESULT,V
IColorScale,Type,Type,HRESULT,R_O
IColorScale,PTCondition,PT Condition,HRESULT,R_O
IColorScale,ScopeType,Scope Type,HRESULT,V
IColorScale,ColorScaleCriteria,Color Scale Criteria,HRESULT,R_O
IColorScaleCriteria,Count,Count,HRESULT,R_O
IColorScaleCriteria,_Default,_Default,HRESULT,R_O
IColorScaleCriteria,_NewEnum,_New Enum,HRESULT,R_O
IColorScaleCriteria,Item,Item,HRESULT,R_O
IColorScaleCriterion,Index,Index,HRESULT,R_O
IColorScaleCriterion,Type,Type,HRESULT,V
IColorScaleCriterion,Value,Value,HRESULT,V
IColorScaleCriterion,FormatColor,Format Color,HRESULT,R_O
IColorStop,Application,Application,HRESULT,R_O
IColorStop,Creator,Creator,HRESULT,R_O
IColorStop,Parent,Parent,HRESULT,R_O
IColorStop,Color,Color,HRESULT,V
IColorStop,ThemeColor,Theme Color,HRESULT,V
IColorStop,TintAndShade,Tint And Shade,HRESULT,V
IColorStop,Position,Position,HRESULT,V
IColorStops,Application,Application,HRESULT,R_O
IColorStops,Creator,Creator,HRESULT,R_O
IColorStops,Parent,Parent,HRESULT,R_O
IColorStops,Count,Count,HRESULT,R_O
IColorStops,_Default,_Default,HRESULT,R_O
IColorStops,_NewEnum,_New Enum,HRESULT,R_O
IComment,Application,Application,HRESULT,R_O
IComment,Creator,Creator,HRESULT,R_O
IComment,Parent,Parent,HRESULT,R_O
IComment,Author,Author,HRESULT,R_O
IComment,Shape,Shape,HRESULT,R_O
IComment,Visible,Visible,HRESULT,V
IComments,Application,Application,HRESULT,R_O
IComments,Creator,Creator,HRESULT,R_O
IComments,Parent,Parent,HRESULT,R_O
IComments,Count,Count,HRESULT,R_O
IComments,_Default,_Default,HRESULT,R_O
IComments,_NewEnum,_New Enum,HRESULT,R_O
ICommentsThreaded,Application,Application,HRESULT,R_O
ICommentsThreaded,Creator,Creator,HRESULT,R_O
ICommentsThreaded,Parent,Parent,HRESULT,R_O
ICommentsThreaded,Count,Count,HRESULT,R_O
ICommentsThreaded,_Default,_Default,HRESULT,R_O
ICommentsThreaded,_NewEnum,_New Enum,HRESULT,R_O
ICommentThreaded,Application,Application,HRESULT,R_O
ICommentThreaded,Creator,Creator,HRESULT,R_O
ICommentThreaded,Parent,Parent,HRESULT,R_O
ICommentThreaded,Replies,Replies,HRESULT,R_O
ICommentThreaded,Author,Author,HRESULT,R_O
ICommentThreaded,Date,Date,HRESULT,R_O
ICommentThreaded,Resolved,Resolved,HRESULT,V
Icon,Application,Application,Application,R_O
Icon,Creator,Creator,XlCreator,R_O
Icon,Parent,Parent,IconSet,R_O
Icon,Index,Index,Long,R_O
IconCriteria,Count,Count,Long,R_O
IconCriteria,_Default,_Default,IconCriterion,R_O
IconCriteria,_NewEnum,_New Enum,IUnknown,R_O
IconCriteria,Item,Item,IconCriterion,R_O
IconCriterion,Index,Index,Long,R_O
IconCriterion,Type,Type,XlConditionValueTypes,V
IconCriterion,Value,Value,Variant,V
IconCriterion,Operator,Operator,Long,V
IconCriterion,Icon,Icon,XlIcon,V
IConditionValue,Application,Application,HRESULT,R_O
IConditionValue,Creator,Creator,HRESULT,R_O
IConditionValue,Parent,Parent,HRESULT,R_O
IConditionValue,Type,Type,HRESULT,R_O
IConditionValue,Value,Value,HRESULT,R_O
IConnections,Application,Application,HRESULT,R_O
IConnections,Creator,Creator,HRESULT,R_O
IConnections,Parent,Parent,HRESULT,R_O
IConnections,Count,Count,HRESULT,R_O
IConnections,_Default,_Default,HRESULT,R_O
IConnections,_NewEnum,_New Enum,HRESULT,R_O
IConnectorFormat,Application,Application,HRESULT,R_O
IConnectorFormat,Creator,Creator,HRESULT,R_O
IConnectorFormat,Parent,Parent,HRESULT,R_O
IConnectorFormat,BeginConnected,Begin Connected,HRESULT,R_O
IConnectorFormat,BeginConnectedShape,Begin Connected Shape,HRESULT,R_O
IConnectorFormat,BeginConnectionSite,Begin Connection Site,HRESULT,R_O
IConnectorFormat,EndConnected,End Connected,HRESULT,R_O
IConnectorFormat,EndConnectedShape,End Connected Shape,HRESULT,R_O
IConnectorFormat,EndConnectionSite,End Connection Site,HRESULT,R_O
IConnectorFormat,Type,Type,HRESULT,V
IconSet,Application,Application,Application,R_O
IconSet,Creator,Creator,XlCreator,R_O
IconSet,Parent,Parent,Object,R_O
IconSet,ID,ID,XlIconSet,R_O
IconSet,Count,Count,Long,R_O
IconSet,_Default,_Default,Icon,R_O
IconSet,_NewEnum,_New Enum,IUnknown,R_O
IconSet,Item,Item,Icon,R_O
IconSetCondition,Application,Application,Application,R_O
IconSetCondition,Creator,Creator,XlCreator,R_O
IconSetCondition,Parent,Parent,Object,R_O
IconSetCondition,Priority,Priority,Long,V
IconSetCondition,StopIfTrue,Stop If True,Boolean,R_O
IconSetCondition,AppliesTo,Applies To,Range,R_O
IconSetCondition,Type,Type,Long,R_O
IconSetCondition,PTCondition,PT Condition,Boolean,R_O
IconSetCondition,ScopeType,Scope Type,XlPivotConditionScope,V
IconSetCondition,ReverseOrder,Reverse Order,Boolean,V
IconSetCondition,PercentileValues,Percentile Values,Boolean,V
IconSetCondition,ShowIconOnly,Show Icon Only,Boolean,V
IconSetCondition,Formula,Formula,String,V
IconSetCondition,IconSet,Icon Set,Variant,V
IconSetCondition,IconCriteria,Icon Criteria,IconCriteria,R_O
IconSets,Application,Application,Application,R_O
IconSets,Creator,Creator,XlCreator,R_O
IconSets,Parent,Parent,Object,R_O
IconSets,Count,Count,Long,R_O
IconSets,_Default,_Default,Object,R_O
IconSets,_NewEnum,_New Enum,IUnknown,R_O
IconSets,Item,Item,Object,R_O
IControlFormat,Application,Application,HRESULT,R_O
IControlFormat,Creator,Creator,HRESULT,R_O
IControlFormat,Parent,Parent,HRESULT,R_O
IControlFormat,DropDownLines,Drop Down Lines,HRESULT,V
IControlFormat,Enabled,Enabled,HRESULT,V
IControlFormat,LargeChange,Large Change,HRESULT,V
IControlFormat,LinkedCell,Linked Cell,HRESULT,V
IControlFormat,ListCount,List Count,HRESULT,V
IControlFormat,ListFillRange,List Fill Range,HRESULT,V
IControlFormat,ListIndex,List Index,HRESULT,V
IControlFormat,LockedText,Locked Text,HRESULT,V
IControlFormat,Max,Max,HRESULT,V
IControlFormat,Min,Min,HRESULT,V
IControlFormat,MultiSelect,Multi Select,HRESULT,V
IControlFormat,PrintObject,Print Object,HRESULT,V
IControlFormat,SmallChange,Small Change,HRESULT,V
IControlFormat,_Default,_Default,HRESULT,V
IControlFormat,Value,Value,HRESULT,V
ICorners,Application,Application,HRESULT,R_O
ICorners,Creator,Creator,HRESULT,R_O
ICustomProperties,Application,Application,HRESULT,R_O
ICustomProperties,Creator,Creator,HRESULT,R_O
ICustomProperties,Parent,Parent,HRESULT,R_O
ICustomProperties,Count,Count,HRESULT,R_O
ICustomProperties,_Default,_Default,HRESULT,R_O
ICustomProperties,Item,Item,HRESULT,R_O
ICustomProperties,_NewEnum,_New Enum,HRESULT,R_O
ICustomProperty,Application,Application,HRESULT,R_O
ICustomProperty,Creator,Creator,HRESULT,R_O
ICustomProperty,Parent,Parent,HRESULT,R_O
ICustomProperty,Name,Name,HRESULT,V
ICustomProperty,Value,Value,HRESULT,V
ICustomProperty,_Default,_Default,HRESULT,R_O
ICustomView,Application,Application,HRESULT,R_O
ICustomView,Creator,Creator,HRESULT,R_O
ICustomView,Parent,Parent,HRESULT,R_O
ICustomView,Name,Name,HRESULT,R_O
ICustomView,PrintSettings,Print Settings,HRESULT,R_O
ICustomView,RowColSettings,Row Col Settings,HRESULT,R_O
ICustomViews,Application,Application,HRESULT,R_O
ICustomViews,Creator,Creator,HRESULT,R_O
ICustomViews,Parent,Parent,HRESULT,R_O
ICustomViews,Count,Count,HRESULT,R_O
ICustomViews,_Default,_Default,HRESULT,R_O
ICustomViews,_NewEnum,_New Enum,HRESULT,R_O
IDatabar,Application,Application,HRESULT,R_O
IDatabar,Creator,Creator,HRESULT,R_O
IDatabar,Parent,Parent,HRESULT,R_O
IDatabar,Priority,Priority,HRESULT,V
IDatabar,StopIfTrue,Stop If True,HRESULT,R_O
IDatabar,AppliesTo,Applies To,HRESULT,R_O
IDatabar,MinPoint,Min Point,HRESULT,R_O
IDatabar,MaxPoint,Max Point,HRESULT,R_O
IDatabar,PercentMin,Percent Min,HRESULT,V
IDatabar,PercentMax,Percent Max,HRESULT,V
IDatabar,BarColor,Bar Color,HRESULT,R_O
IDatabar,ShowValue,Show Value,HRESULT,V
IDatabar,Formula,Formula,HRESULT,V
IDatabar,Type,Type,HRESULT,R_O
IDatabar,PTCondition,PT Condition,HRESULT,R_O
IDatabar,ScopeType,Scope Type,HRESULT,V
IDatabar,Direction,Direction,HRESULT,V
IDatabar,BarFillType,Bar Fill Type,HRESULT,V
IDatabar,AxisPosition,Axis Position,HRESULT,V
IDatabar,AxisColor,Axis Color,HRESULT,R_O
IDatabar,BarBorder,Bar Border,HRESULT,R_O
IDatabar,NegativeBarFormat,Negative Bar Format,HRESULT,R_O
IDataBarBorder,Application,Application,HRESULT,R_O
IDataBarBorder,Creator,Creator,HRESULT,R_O
IDataBarBorder,Parent,Parent,HRESULT,R_O
IDataBarBorder,Type,Type,HRESULT,V
IDataBarBorder,Color,Color,HRESULT,R_O
IDataFeedConnection,Application,Application,HRESULT,R_O
IDataFeedConnection,Creator,Creator,HRESULT,R_O
IDataFeedConnection,Parent,Parent,HRESULT,R_O
IDataFeedConnection,AlwaysUseConnectionFile,Always Use Connection File,HRESULT,V
IDataFeedConnection,CommandText,Command Text,HRESULT,V
IDataFeedConnection,CommandType,Command Type,HRESULT,V
IDataFeedConnection,Connection,Connection,HRESULT,V
IDataFeedConnection,EnableRefresh,Enable Refresh,HRESULT,V
IDataFeedConnection,RefreshDate,Refresh Date,HRESULT,R_O
IDataFeedConnection,Refreshing,Refreshing,HRESULT,R_O
IDataFeedConnection,RefreshOnFileOpen,Refresh On File Open,HRESULT,V
IDataFeedConnection,RefreshPeriod,Refresh Period,HRESULT,V
IDataFeedConnection,SavePassword,Save Password,HRESULT,V
IDataFeedConnection,ServerCredentialsMethod,Server Credentials Method,HRESULT,V
IDataFeedConnection,SourceConnectionFile,Source Connection File,HRESULT,V
IDataFeedConnection,SourceDataFile,Source Data File,HRESULT,V
IDataLabel,Application,Application,HRESULT,R_O
IDataLabel,Creator,Creator,HRESULT,R_O
IDataLabel,Parent,Parent,HRESULT,R_O
IDataLabel,Name,Name,HRESULT,R_O
IDataLabel,Caption,Caption,HRESULT,V
IDataLabel,Characters,Characters,HRESULT,R_O
IDataLabel,HorizontalAlignment,Horizontal Alignment,HRESULT,V
IDataLabel,Left,Left,HRESULT,V
IDataLabel,Orientation,Orientation,HRESULT,V
IDataLabel,Shadow,Shadow,HRESULT,V
IDataLabel,Text,Text,HRESULT,V
IDataLabel,Top,Top,HRESULT,V
IDataLabel,VerticalAlignment,Vertical Alignment,HRESULT,V
IDataLabel,ReadingOrder,Reading Order,HRESULT,V
IDataLabel,AutoText,Auto Text,HRESULT,V
IDataLabel,NumberFormat,Number Format,HRESULT,V
IDataLabel,NumberFormatLinked,Number Format Linked,HRESULT,V
IDataLabel,NumberFormatLocal,Number Format Local,HRESULT,V
IDataLabel,ShowLegendKey,Show Legend Key,HRESULT,V
IDataLabel,Position,Position,HRESULT,V
IDataLabel,ShowSeriesName,Show Series Name,HRESULT,V
IDataLabel,ShowCategoryName,Show Category Name,HRESULT,V
IDataLabel,ShowValue,Show Value,HRESULT,V
IDataLabel,ShowPercentage,Show Percentage,HRESULT,V
IDataLabel,ShowBubbleSize,Show Bubble Size,HRESULT,V
IDataLabel,Separator,Separator,HRESULT,V
IDataLabel,Format,Format,HRESULT,R_O
IDataLabel,Formula,Formula,HRESULT,V
IDataLabel,FormulaR1C1,Formula R1 C1,HRESULT,V
IDataLabel,FormulaLocal,Formula Local,HRESULT,V
IDataLabel,FormulaR1C1Local,Formula R1 C1 Local,HRESULT,V
IDataLabel,ShowRange,Show Range,HRESULT,V
IDataLabel,Height,Height,HRESULT,V
IDataLabel,Width,Width,HRESULT,V
IDataLabels,Application,Application,HRESULT,R_O
IDataLabels,Creator,Creator,HRESULT,R_O
IDataLabels,Parent,Parent,HRESULT,R_O
IDataLabels,Name,Name,HRESULT,R_O
IDataLabels,HorizontalAlignment,Horizontal Alignment,HRESULT,V
IDataLabels,Orientation,Orientation,HRESULT,V
IDataLabels,Shadow,Shadow,HRESULT,V
IDataLabels,VerticalAlignment,Vertical Alignment,HRESULT,V
IDataLabels,ReadingOrder,Reading Order,HRESULT,V
IDataLabels,AutoText,Auto Text,HRESULT,V
IDataLabels,NumberFormat,Number Format,HRESULT,V
IDataLabels,NumberFormatLinked,Number Format Linked,HRESULT,V
IDataLabels,NumberFormatLocal,Number Format Local,HRESULT,V
IDataLabels,ShowLegendKey,Show Legend Key,HRESULT,V
IDataLabels,Position,Position,HRESULT,V
IDataLabels,ShowSeriesName,Show Series Name,HRESULT,V
IDataLabels,ShowCategoryName,Show Category Name,HRESULT,V
IDataLabels,ShowValue,Show Value,HRESULT,V
IDataLabels,ShowPercentage,Show Percentage,HRESULT,V
IDataLabels,ShowBubbleSize,Show Bubble Size,HRESULT,V
IDataLabels,Separator,Separator,HRESULT,V
IDataLabels,Count,Count,HRESULT,R_O
IDataLabels,Format,Format,HRESULT,R_O
IDataLabels,ShowRange,Show Range,HRESULT,V
IDataTable,Application,Application,HRESULT,R_O
IDataTable,Creator,Creator,HRESULT,R_O
IDataTable,Parent,Parent,HRESULT,R_O
IDataTable,ShowLegendKey,Show Legend Key,HRESULT,V
IDataTable,HasBorderHorizontal,Has Border Horizontal,HRESULT,V
IDataTable,HasBorderVertical,Has Border Vertical,HRESULT,V
IDataTable,HasBorderOutline,Has Border Outline,HRESULT,V
IDataTable,Border,Border,HRESULT,R_O
IDataTable,Font,Font,HRESULT,R_O
IDataTable,Format,Format,HRESULT,R_O
IDefaultPivotTableLayoutOptions,Application,Application,HRESULT,R_O
IDefaultPivotTableLayoutOptions,Creator,Creator,HRESULT,R_O
IDefaultPivotTableLayoutOptions,Parent,Parent,HRESULT,R_O
IDefaultPivotTableLayoutOptions,InGridDropZones,In Grid Drop Zones,HRESULT,V
IDefaultPivotTableLayoutOptions,DisplayFieldCaptions,Display Field Captions,HRESULT,V
IDefaultPivotTableLayoutOptions,FieldListSortAscending,Field List Sort Ascending,HRESULT,V
IDefaultPivotTableLayoutOptions,ViewCalculatedMembers,View Calculated Members,HRESULT,V
IDefaultPivotTableLayoutOptions,DisplayContextTooltips,Display Context Tooltips,HRESULT,V
IDefaultPivotTableLayoutOptions,ShowDrillIndicators,Show Drill Indicators,HRESULT,V
IDefaultPivotTableLayoutOptions,DisplayEmptyColumn,Display Empty Column,HRESULT,V
IDefaultPivotTableLayoutOptions,DisplayEmptyRow,Display Empty Row,HRESULT,V
IDefaultPivotTableLayoutOptions,DisplayMemberPropertyTooltips,Display Member Property Tooltips,HRESULT,V
IDefaultPivotTableLayoutOptions,ShowValuesRow,Show Values Row,HRESULT,V
IDefaultPivotTableLayoutOptions,DisplayNullString,Display Null String,HRESULT,V
IDefaultPivotTableLayoutOptions,NullString,Null String,HRESULT,V
IDefaultPivotTableLayoutOptions,DisplayErrorString,Display Error String,HRESULT,V
IDefaultPivotTableLayoutOptions,ErrorString,Error String,HRESULT,V
IDefaultPivotTableLayoutOptions,HasAutoFormat,Has Auto Format,HRESULT,V
IDefaultPivotTableLayoutOptions,PageFieldOrder,Page Field Order,HRESULT,V
IDefaultPivotTableLayoutOptions,MergeLabels,Merge Labels,HRESULT,V
IDefaultPivotTableLayoutOptions,PreserveFormatting,Preserve Formatting,HRESULT,V
IDefaultPivotTableLayoutOptions,PageFieldWrapCount,Page Field Wrap Count,HRESULT,V
IDefaultPivotTableLayoutOptions,CompactRowIndent,Compact Row Indent,HRESULT,V
IDefaultPivotTableLayoutOptions,PrintDrillIndicators,Print Drill Indicators,HRESULT,V
IDefaultPivotTableLayoutOptions,RepeatItemsOnEachPrintedPage,Repeat Items On Each Printed Page,HRESULT,V
IDefaultPivotTableLayoutOptions,PrintTitles,Print Titles,HRESULT,V
IDefaultPivotTableLayoutOptions,AllowMultipleFilters,Allow Multiple Filters,HRESULT,V
IDefaultPivotTableLayoutOptions,CalculatedMembersInFilters,Calculated Members In Filters,HRESULT,V
IDefaultPivotTableLayoutOptions,VisualTotalsForSets,Visual Totals For Sets,HRESULT,V
IDefaultPivotTableLayoutOptions,VisualTotals,Visual Totals,HRESULT,V
IDefaultPivotTableLayoutOptions,TotalsAnnotation,Totals Annotation,HRESULT,V
IDefaultPivotTableLayoutOptions,RowGrand,Row Grand,HRESULT,V
IDefaultPivotTableLayoutOptions,ColumnGrand,Column Grand,HRESULT,V
IDefaultPivotTableLayoutOptions,SubtotalHiddenPageItems,Subtotal Hidden Page Items,HRESULT,V
IDefaultPivotTableLayoutOptions,SortUsingCustomLists,Sort Using Custom Lists,HRESULT,V
IDefaultPivotTableLayoutOptions,SaveData,Save Data,HRESULT,V
IDefaultPivotTableLayoutOptions,EnableDrilldown,Enable Drilldown,HRESULT,V
IDefaultPivotTableLayoutOptions,RefreshOnFileOpen,Refresh On File Open,HRESULT,V
IDefaultPivotTableLayoutOptions,xlMissingItemsNone,xl Missing Items None,HRESULT,V
IDefaultPivotTableLayoutOptions,Subtotals,Subtotals,HRESULT,V
IDefaultPivotTableLayoutOptions,SubtotalLocation,Subtotal Location,HRESULT,V
IDefaultPivotTableLayoutOptions,LayoutBlankLine,Layout Blank Line,HRESULT,V
IDefaultPivotTableLayoutOptions,RowAxisLayout,Row Axis Layout,HRESULT,V
IDefaultPivotTableLayoutOptions,RepeatAllLabels,Repeat All Labels,HRESULT,V
IDefaultPivotTableLayoutOptions,DisplayImmediateItems,Display Immediate Items,HRESULT,V
IDefaultPivotTableLayoutOptions,EnableWriteback,Enable Writeback,HRESULT,V
IDiagram,Application,Application,HRESULT,R_O
IDiagram,Creator,Creator,HRESULT,R_O
IDiagram,Parent,Parent,HRESULT,R_O
IDiagram,Nodes,Nodes,HRESULT,R_O
IDiagram,Type,Type,HRESULT,R_O
IDiagram,AutoLayout,Auto Layout,HRESULT,V
IDiagram,Reverse,Reverse,HRESULT,V
IDiagram,AutoFormat,Auto Format,HRESULT,V
IDialog,Application,Application,HRESULT,R_O
IDialog,Creator,Creator,HRESULT,R_O
IDialog,Parent,Parent,HRESULT,R_O
IDialogFrame,Application,Application,HRESULT,R_O
IDialogFrame,Creator,Creator,HRESULT,R_O
IDialogFrame,Parent,Parent,HRESULT,R_O
IDialogFrame,Height,Height,HRESULT,V
IDialogFrame,Left,Left,HRESULT,V
IDialogFrame,Locked,Locked,HRESULT,V
IDialogFrame,Name,Name,HRESULT,V
IDialogFrame,Top,Top,HRESULT,V
IDialogFrame,Width,Width,HRESULT,V
IDialogFrame,ShapeRange,Shape Range,HRESULT,R_O
IDialogFrame,Caption,Caption,HRESULT,V
IDialogFrame,Characters,Characters,HRESULT,R_O
IDialogFrame,LockedText,Locked Text,HRESULT,V
IDialogFrame,Text,Text,HRESULT,V
IDialogs,Application,Application,HRESULT,R_O
IDialogs,Creator,Creator,HRESULT,R_O
IDialogs,Parent,Parent,HRESULT,R_O
IDialogs,Count,Count,HRESULT,R_O
IDialogs,Item,Item,HRESULT,R_O
IDialogs,_Default,_Default,HRESULT,R_O
IDialogs,_NewEnum,_New Enum,HRESULT,R_O
IDialogSheet,Application,Application,HRESULT,R_O
IDialogSheet,Creator,Creator,HRESULT,R_O
IDialogSheet,Parent,Parent,HRESULT,R_O
IDialogSheet,CodeName,Code Name,HRESULT,R_O
IDialogSheet,_CodeName,_Code Name,HRESULT,V
IDialogSheet,Index,Index,HRESULT,R_O
IDialogSheet,Name,Name,HRESULT,V
IDialogSheet,Next,Next,HRESULT,R_O
IDialogSheet,PageSetup,Page Setup,HRESULT,R_O
IDialogSheet,Previous,Previous,HRESULT,R_O
IDialogSheet,ProtectContents,Protect Contents,HRESULT,R_O
IDialogSheet,ProtectDrawingObjects,Protect Drawing Objects,HRESULT,R_O
IDialogSheet,ProtectionMode,Protection Mode,HRESULT,R_O
IDialogSheet,ProtectScenarios,Protect Scenarios,HRESULT,R_O
IDialogSheet,Visible,Visible,HRESULT,V
IDialogSheet,Shapes,Shapes,HRESULT,R_O
IDialogSheet,EnableCalculation,Enable Calculation,HRESULT,V
IDialogSheet,EnableAutoFilter,Enable Auto Filter,HRESULT,V
IDialogSheet,EnableSelection,Enable Selection,HRESULT,V
IDialogSheet,EnableOutlining,Enable Outlining,HRESULT,V
IDialogSheet,EnablePivotTable,Enable Pivot Table,HRESULT,V
IDialogSheet,Names,Names,HRESULT,R_O
IDialogSheet,ScrollArea,Scroll Area,HRESULT,V
IDialogSheet,HPageBreaks,H Page Breaks,HRESULT,R_O
IDialogSheet,VPageBreaks,V Page Breaks,HRESULT,R_O
IDialogSheet,QueryTables,Query Tables,HRESULT,R_O
IDialogSheet,DisplayPageBreaks,Display Page Breaks,HRESULT,V
IDialogSheet,Comments,Comments,HRESULT,R_O
IDialogSheet,Hyperlinks,Hyperlinks,HRESULT,R_O
IDialogSheet,DisplayRightToLeft,Display Right To Left,HRESULT,V
IDialogSheet,Tab,Tab,HRESULT,R_O
IDialogSheet,MailEnvelope,Mail Envelope,HRESULT,R_O
IDialogSheet,CustomProperties,Custom Properties,HRESULT,R_O
IDialogSheet,Protection,Protection,HRESULT,R_O
IDialogSheet,EnableFormatConditionsCalculation,Enable Format Conditions Calculation,HRESULT,V
IDialogSheet,PrintedCommentPages,Printed Comment Pages,HRESULT,R_O
IDialogSheet,CommentsThreaded,Comments Threaded,HRESULT,R_O
IDialogSheet,AutoFilter,Auto Filter,HRESULT,R_O
IDialogSheet,Sort,Sort,HRESULT,R_O
IDialogSheet,NamedSheetViews,Named Sheet Views,HRESULT,R_O
IDialogSheet,DefaultButton,Default Button,HRESULT,V
IDialogSheet,Focus,Focus,HRESULT,V
IDialogSheets,Application,Application,HRESULT,R_O
IDialogSheets,Creator,Creator,HRESULT,R_O
IDialogSheets,Parent,Parent,HRESULT,R_O
IDialogSheets,Count,Count,HRESULT,R_O
IDialogSheets,Item,Item,HRESULT,R_O
IDialogSheets,_NewEnum,_New Enum,HRESULT,R_O
IDialogSheets,HPageBreaks,H Page Breaks,HRESULT,R_O
IDialogSheets,VPageBreaks,V Page Breaks,HRESULT,R_O
IDialogSheets,Visible,Visible,HRESULT,V
IDialogSheets,_Default,_Default,HRESULT,R_O
IDialogSheetView,Application,Application,HRESULT,R_O
IDialogSheetView,Creator,Creator,HRESULT,R_O
IDialogSheetView,Parent,Parent,HRESULT,R_O
IDialogSheetView,Sheet,Sheet,HRESULT,R_O
IDisplayFormat,Application,Application,HRESULT,R_O
IDisplayFormat,Creator,Creator,HRESULT,R_O
IDisplayFormat,Parent,Parent,HRESULT,R_O
IDisplayFormat,Borders,Borders,HRESULT,R_O
IDisplayFormat,Characters,Characters,HRESULT,R_O
IDisplayFormat,Font,Font,HRESULT,R_O
IDisplayFormat,Style,Style,HRESULT,R_O
IDisplayFormat,AddIndent,Add Indent,HRESULT,R_O
IDisplayFormat,FormulaHidden,Formula Hidden,HRESULT,R_O
IDisplayFormat,HorizontalAlignment,Horizontal Alignment,HRESULT,R_O
IDisplayFormat,IndentLevel,Indent Level,HRESULT,R_O
IDisplayFormat,Interior,Interior,HRESULT,R_O
IDisplayFormat,Locked,Locked,HRESULT,R_O
IDisplayFormat,MergeCells,Merge Cells,HRESULT,R_O
IDisplayFormat,NumberFormat,Number Format,HRESULT,R_O
IDisplayFormat,NumberFormatLocal,Number Format Local,HRESULT,R_O
IDisplayFormat,Orientation,Orientation,HRESULT,R_O
IDisplayFormat,ReadingOrder,Reading Order,HRESULT,R_O
IDisplayFormat,ShrinkToFit,Shrink To Fit,HRESULT,R_O
IDisplayFormat,VerticalAlignment,Vertical Alignment,HRESULT,R_O
IDisplayFormat,WrapText,Wrap Text,HRESULT,R_O
IDisplayUnitLabel,Application,Application,HRESULT,R_O
IDisplayUnitLabel,Creator,Creator,HRESULT,R_O
IDisplayUnitLabel,Parent,Parent,HRESULT,R_O
IDisplayUnitLabel,Name,Name,HRESULT,R_O
IDisplayUnitLabel,Caption,Caption,HRESULT,V
IDisplayUnitLabel,Characters,Characters,HRESULT,R_O
IDisplayUnitLabel,HorizontalAlignment,Horizontal Alignment,HRESULT,V
IDisplayUnitLabel,Left,Left,HRESULT,V
IDisplayUnitLabel,Orientation,Orientation,HRESULT,V
IDisplayUnitLabel,Shadow,Shadow,HRESULT,V
IDisplayUnitLabel,Text,Text,HRESULT,V
IDisplayUnitLabel,Top,Top,HRESULT,V
IDisplayUnitLabel,VerticalAlignment,Vertical Alignment,HRESULT,V
IDisplayUnitLabel,ReadingOrder,Reading Order,HRESULT,V
IDisplayUnitLabel,Position,Position,HRESULT,V
IDisplayUnitLabel,Format,Format,HRESULT,R_O
IDisplayUnitLabel,Height,Height,HRESULT,R_O
IDisplayUnitLabel,Width,Width,HRESULT,R_O
IDisplayUnitLabel,Formula,Formula,HRESULT,V
IDisplayUnitLabel,FormulaR1C1,Formula R1 C1,HRESULT,V
IDisplayUnitLabel,FormulaLocal,Formula Local,HRESULT,V
IDisplayUnitLabel,FormulaR1C1Local,Formula R1 C1 Local,HRESULT,V
IDownBars,Application,Application,HRESULT,R_O
IDownBars,Creator,Creator,HRESULT,R_O
IDownBars,Parent,Parent,HRESULT,R_O
IDownBars,Name,Name,HRESULT,R_O
IDownBars,Format,Format,HRESULT,R_O
IDrawing,Application,Application,HRESULT,R_O
IDrawing,Creator,Creator,HRESULT,R_O
IDrawing,Parent,Parent,HRESULT,R_O
IDrawing,BottomRightCell,Bottom Right Cell,HRESULT,R_O
IDrawing,Enabled,Enabled,HRESULT,V
IDrawing,Height,Height,HRESULT,V
IDrawing,Index,Index,HRESULT,R_O
IDrawing,Left,Left,HRESULT,V
IDrawing,Locked,Locked,HRESULT,V
IDrawing,Name,Name,HRESULT,V
IDrawing,Placement,Placement,HRESULT,V
IDrawing,PrintObject,Print Object,HRESULT,V
IDrawing,Top,Top,HRESULT,V
IDrawing,TopLeftCell,Top Left Cell,HRESULT,R_O
IDrawing,Visible,Visible,HRESULT,V
IDrawing,Width,Width,HRESULT,V
IDrawing,ZOrder,Z Order,HRESULT,R_O
IDrawing,ShapeRange,Shape Range,HRESULT,R_O
IDrawing,AddIndent,Add Indent,HRESULT,V
IDrawing,AutoScaleFont,Auto Scale Font,HRESULT,V
IDrawing,AutoSize,Auto Size,HRESULT,V
IDrawing,Caption,Caption,HRESULT,V
IDrawing,Characters,Characters,HRESULT,R_O
IDrawing,Font,Font,HRESULT,R_O
IDrawing,Formula,Formula,HRESULT,V
IDrawing,HorizontalAlignment,Horizontal Alignment,HRESULT,V
IDrawing,LockedText,Locked Text,HRESULT,V
IDrawing,Orientation,Orientation,HRESULT,V
IDrawing,Text,Text,HRESULT,V
IDrawing,VerticalAlignment,Vertical Alignment,HRESULT,V
IDrawing,ReadingOrder,Reading Order,HRESULT,V
IDrawing,Border,Border,HRESULT,R_O
IDrawing,Interior,Interior,HRESULT,R_O
IDrawing,Shadow,Shadow,HRESULT,V
IDrawing,Vertices,Vertices,HRESULT,R_O
IDrawingObjects,Application,Application,HRESULT,R_O
IDrawingObjects,Creator,Creator,HRESULT,R_O
IDrawingObjects,Parent,Parent,HRESULT,R_O
IDrawingObjects,Enabled,Enabled,HRESULT,V
IDrawingObjects,Height,Height,HRESULT,V
IDrawingObjects,Left,Left,HRESULT,V
IDrawingObjects,Locked,Locked,HRESULT,V
IDrawingObjects,Placement,Placement,HRESULT,V
IDrawingObjects,PrintObject,Print Object,HRESULT,V
IDrawingObjects,Top,Top,HRESULT,V
IDrawingObjects,Visible,Visible,HRESULT,V
IDrawingObjects,Width,Width,HRESULT,V
IDrawingObjects,ZOrder,Z Order,HRESULT,R_O
IDrawingObjects,ShapeRange,Shape Range,HRESULT,R_O
IDrawingObjects,Accelerator,Accelerator,HRESULT,V
IDrawingObjects,AddIndent,Add Indent,HRESULT,V
IDrawingObjects,ArrowHeadLength,Arrow Head Length,HRESULT,V
IDrawingObjects,ArrowHeadStyle,Arrow Head Style,HRESULT,V
IDrawingObjects,ArrowHeadWidth,Arrow Head Width,HRESULT,V
IDrawingObjects,AutoSize,Auto Size,HRESULT,V
IDrawingObjects,Border,Border,HRESULT,R_O
IDrawingObjects,CancelButton,Cancel Button,HRESULT,V
IDrawingObjects,Caption,Caption,HRESULT,V
IDrawingObjects,Characters,Characters,HRESULT,R_O
IDrawingObjects,_Default,_Default,HRESULT,V
IDrawingObjects,DefaultButton,Default Button,HRESULT,V
IDrawingObjects,DismissButton,Dismiss Button,HRESULT,V
IDrawingObjects,Display3DShading,Display3 D Shading,HRESULT,V
IDrawingObjects,DisplayVerticalScrollBar,Display Vertical Scroll Bar,HRESULT,V
IDrawingObjects,DropDownLines,Drop Down Lines,HRESULT,V
IDrawingObjects,Font,Font,HRESULT,R_O
IDrawingObjects,HelpButton,Help Button,HRESULT,V
IDrawingObjects,HorizontalAlignment,Horizontal Alignment,HRESULT,V
IDrawingObjects,InputType,Input Type,HRESULT,V
IDrawingObjects,Interior,Interior,HRESULT,R_O
IDrawingObjects,LargeChange,Large Change,HRESULT,V
IDrawingObjects,LinkedCell,Linked Cell,HRESULT,V
IDrawingObjects,ListFillRange,List Fill Range,HRESULT,V
IDrawingObjects,ListIndex,List Index,HRESULT,V
IDrawingObjects,LockedText,Locked Text,HRESULT,V
IDrawingObjects,Max,Max,HRESULT,V
IDrawingObjects,Min,Min,HRESULT,V
IDrawingObjects,MultiLine,Multi Line,HRESULT,V
IDrawingObjects,MultiSelect,Multi Select,HRESULT,V
IDrawingObjects,Orientation,Orientation,HRESULT,V
IDrawingObjects,PhoneticAccelerator,Phonetic Accelerator,HRESULT,V
IDrawingObjects,RoundedCorners,Rounded Corners,HRESULT,V
IDrawingObjects,Shadow,Shadow,HRESULT,V
IDrawingObjects,SmallChange,Small Change,HRESULT,V
IDrawingObjects,Text,Text,HRESULT,V
IDrawingObjects,Value,Value,HRESULT,V
IDrawingObjects,VerticalAlignment,Vertical Alignment,HRESULT,V
IDrawingObjects,ReadingOrder,Reading Order,HRESULT,V
IDrawingObjects,Count,Count,HRESULT,R_O
IDrawings,Application,Application,HRESULT,R_O
IDrawings,Creator,Creator,HRESULT,R_O
IDrawings,Parent,Parent,HRESULT,R_O
IDrawings,Enabled,Enabled,HRESULT,V
IDrawings,Height,Height,HRESULT,V
IDrawings,Left,Left,HRESULT,V
IDrawings,Locked,Locked,HRESULT,V
IDrawings,Placement,Placement,HRESULT,V
IDrawings,PrintObject,Print Object,HRESULT,V
IDrawings,Top,Top,HRESULT,V
IDrawings,Visible,Visible,HRESULT,V
IDrawings,Width,Width,HRESULT,V
IDrawings,ZOrder,Z Order,HRESULT,R_O
IDrawings,ShapeRange,Shape Range,HRESULT,R_O
IDrawings,AddIndent,Add Indent,HRESULT,V
IDrawings,AutoScaleFont,Auto Scale Font,HRESULT,V
IDrawings,AutoSize,Auto Size,HRESULT,V
IDrawings,Caption,Caption,HRESULT,V
IDrawings,Characters,Characters,HRESULT,R_O
IDrawings,Font,Font,HRESULT,R_O
IDrawings,Formula,Formula,HRESULT,V
IDrawings,HorizontalAlignment,Horizontal Alignment,HRESULT,V
IDrawings,LockedText,Locked Text,HRESULT,V
IDrawings,Orientation,Orientation,HRESULT,V
IDrawings,Text,Text,HRESULT,V
IDrawings,VerticalAlignment,Vertical Alignment,HRESULT,V
IDrawings,ReadingOrder,Reading Order,HRESULT,V
IDrawings,Border,Border,HRESULT,R_O
IDrawings,Interior,Interior,HRESULT,R_O
IDrawings,Shadow,Shadow,HRESULT,V
IDrawings,Count,Count,HRESULT,R_O
IDropDown,Application,Application,HRESULT,R_O
IDropDown,Creator,Creator,HRESULT,R_O
IDropDown,Parent,Parent,HRESULT,R_O
IDropDown,BottomRightCell,Bottom Right Cell,HRESULT,R_O
IDropDown,Enabled,Enabled,HRESULT,V
IDropDown,Height,Height,HRESULT,V
IDropDown,Index,Index,HRESULT,R_O
IDropDown,Left,Left,HRESULT,V
IDropDown,Locked,Locked,HRESULT,V
IDropDown,Name,Name,HRESULT,V
IDropDown,Placement,Placement,HRESULT,V
IDropDown,PrintObject,Print Object,HRESULT,V
IDropDown,Top,Top,HRESULT,V
IDropDown,TopLeftCell,Top Left Cell,HRESULT,R_O
IDropDown,Visible,Visible,HRESULT,V
IDropDown,Width,Width,HRESULT,V
IDropDown,ZOrder,Z Order,HRESULT,R_O
IDropDown,ShapeRange,Shape Range,HRESULT,R_O
IDropDown,Display3DShading,Display3 D Shading,HRESULT,V
IDropDown,_Default,_Default,HRESULT,V
IDropDown,LinkedCell,Linked Cell,HRESULT,V
IDropDown,LinkedObject,Linked Object,HRESULT,R_O
IDropDown,List,List,HRESULT,V
IDropDown,ListCount,List Count,HRESULT,R_O
IDropDown,ListFillRange,List Fill Range,HRESULT,V
IDropDown,ListIndex,List Index,HRESULT,V
IDropDown,Selected,Selected,HRESULT,V
IDropDown,Value,Value,HRESULT,V
IDropDown,Caption,Caption,HRESULT,V
IDropDown,Characters,Characters,HRESULT,R_O
IDropDown,DropDownLines,Drop Down Lines,HRESULT,V
IDropDown,Text,Text,HRESULT,V
IDropDowns,Application,Application,HRESULT,R_O
IDropDowns,Creator,Creator,HRESULT,R_O
IDropDowns,Parent,Parent,HRESULT,R_O
IDropDowns,Enabled,Enabled,HRESULT,V
IDropDowns,Height,Height,HRESULT,V
IDropDowns,Left,Left,HRESULT,V
IDropDowns,Locked,Locked,HRESULT,V
IDropDowns,Placement,Placement,HRESULT,V
IDropDowns,PrintObject,Print Object,HRESULT,V
IDropDowns,Top,Top,HRESULT,V
IDropDowns,Visible,Visible,HRESULT,V
IDropDowns,Width,Width,HRESULT,V
IDropDowns,ZOrder,Z Order,HRESULT,R_O
IDropDowns,ShapeRange,Shape Range,HRESULT,R_O
IDropDowns,Display3DShading,Display3 D Shading,HRESULT,V
IDropDowns,_Default,_Default,HRESULT,V
IDropDowns,LinkedCell,Linked Cell,HRESULT,V
IDropDowns,List,List,HRESULT,V
IDropDowns,ListFillRange,List Fill Range,HRESULT,V
IDropDowns,ListIndex,List Index,HRESULT,V
IDropDowns,Selected,Selected,HRESULT,V
IDropDowns,Value,Value,HRESULT,V
IDropDowns,Caption,Caption,HRESULT,V
IDropDowns,Characters,Characters,HRESULT,R_O
IDropDowns,DropDownLines,Drop Down Lines,HRESULT,V
IDropDowns,Text,Text,HRESULT,V
IDropDowns,Count,Count,HRESULT,R_O
IDropLines,Application,Application,HRESULT,R_O
IDropLines,Creator,Creator,HRESULT,R_O
IDropLines,Parent,Parent,HRESULT,R_O
IDropLines,Name,Name,HRESULT,R_O
IDropLines,Border,Border,HRESULT,R_O
IDropLines,Format,Format,HRESULT,R_O
IDummy,ShowSignaturesPane,Show Signatures Pane,HRESULT,V
IEditBox,Application,Application,HRESULT,R_O
IEditBox,Creator,Creator,HRESULT,R_O
IEditBox,Parent,Parent,HRESULT,R_O
IEditBox,BottomRightCell,Bottom Right Cell,HRESULT,R_O
IEditBox,Enabled,Enabled,HRESULT,V
IEditBox,Height,Height,HRESULT,V
IEditBox,Index,Index,HRESULT,R_O
IEditBox,Left,Left,HRESULT,V
IEditBox,Locked,Locked,HRESULT,V
IEditBox,Name,Name,HRESULT,V
IEditBox,Placement,Placement,HRESULT,V
IEditBox,PrintObject,Print Object,HRESULT,V
IEditBox,Top,Top,HRESULT,V
IEditBox,TopLeftCell,Top Left Cell,HRESULT,R_O
IEditBox,Visible,Visible,HRESULT,V
IEditBox,Width,Width,HRESULT,V
IEditBox,ZOrder,Z Order,HRESULT,R_O
IEditBox,ShapeRange,Shape Range,HRESULT,R_O
IEditBox,Caption,Caption,HRESULT,V
IEditBox,Characters,Characters,HRESULT,R_O
IEditBox,LockedText,Locked Text,HRESULT,V
IEditBox,Text,Text,HRESULT,V
IEditBox,DisplayVerticalScrollBar,Display Vertical Scroll Bar,HRESULT,V
IEditBox,InputType,Input Type,HRESULT,V
IEditBox,LinkedObject,Linked Object,HRESULT,R_O
IEditBox,MultiLine,Multi Line,HRESULT,V
IEditBox,PasswordEdit,Password Edit,HRESULT,V
IEditBoxes,Application,Application,HRESULT,R_O
IEditBoxes,Creator,Creator,HRESULT,R_O
IEditBoxes,Parent,Parent,HRESULT,R_O
IEditBoxes,Enabled,Enabled,HRESULT,V
IEditBoxes,Height,Height,HRESULT,V
IEditBoxes,Left,Left,HRESULT,V
IEditBoxes,Locked,Locked,HRESULT,V
IEditBoxes,Placement,Placement,HRESULT,V
IEditBoxes,PrintObject,Print Object,HRESULT,V
IEditBoxes,Top,Top,HRESULT,V
IEditBoxes,Visible,Visible,HRESULT,V
IEditBoxes,Width,Width,HRESULT,V
IEditBoxes,ZOrder,Z Order,HRESULT,R_O
IEditBoxes,ShapeRange,Shape Range,HRESULT,R_O
IEditBoxes,Caption,Caption,HRESULT,V
IEditBoxes,Characters,Characters,HRESULT,R_O
IEditBoxes,LockedText,Locked Text,HRESULT,V
IEditBoxes,Text,Text,HRESULT,V
IEditBoxes,DisplayVerticalScrollBar,Display Vertical Scroll Bar,HRESULT,V
IEditBoxes,InputType,Input Type,HRESULT,V
IEditBoxes,MultiLine,Multi Line,HRESULT,V
IEditBoxes,PasswordEdit,Password Edit,HRESULT,V
IEditBoxes,Count,Count,HRESULT,R_O
IError,Application,Application,HRESULT,R_O
IError,Creator,Creator,HRESULT,R_O
IError,Parent,Parent,HRESULT,R_O
IError,Value,Value,HRESULT,R_O
IError,Ignore,Ignore,HRESULT,V
IErrorBars,Application,Application,HRESULT,R_O
IErrorBars,Creator,Creator,HRESULT,R_O
IErrorBars,Parent,Parent,HRESULT,R_O
IErrorBars,Name,Name,HRESULT,R_O
IErrorBars,Border,Border,HRESULT,R_O
IErrorBars,EndStyle,End Style,HRESULT,V
IErrorBars,Format,Format,HRESULT,R_O
IErrorCheckingOptions,Application,Application,HRESULT,R_O
IErrorCheckingOptions,Creator,Creator,HRESULT,R_O
IErrorCheckingOptions,Parent,Parent,HRESULT,R_O
IErrorCheckingOptions,BackgroundChecking,Background Checking,HRESULT,V
IErrorCheckingOptions,IndicatorColorIndex,Indicator Color Index,HRESULT,V
IErrorCheckingOptions,EvaluateToError,Evaluate To Error,HRESULT,V
IErrorCheckingOptions,TextDate,Text Date,HRESULT,V
IErrorCheckingOptions,NumberAsText,Number As Text,HRESULT,V
IErrorCheckingOptions,InconsistentFormula,Inconsistent Formula,HRESULT,V
IErrorCheckingOptions,OmittedCells,Omitted Cells,HRESULT,V
IErrorCheckingOptions,UnlockedFormulaCells,Unlocked Formula Cells,HRESULT,V
IErrorCheckingOptions,EmptyCellReferences,Empty Cell References,HRESULT,V
IErrorCheckingOptions,ListDataValidation,List Data Validation,HRESULT,V
IErrorCheckingOptions,InconsistentTableFormula,Inconsistent Table Formula,HRESULT,V
IErrorCheckingOptions,MisleadingNumberFormats,Misleading Number Formats,HRESULT,V
IErrors,Application,Application,HRESULT,R_O
IErrors,Creator,Creator,HRESULT,R_O
IErrors,Parent,Parent,HRESULT,R_O
IErrors,Item,Item,HRESULT,R_O
IErrors,_Default,_Default,HRESULT,R_O
IFileExportConverter,Application,Application,HRESULT,R_O
IFileExportConverter,Creator,Creator,HRESULT,R_O
IFileExportConverter,Parent,Parent,HRESULT,R_O
IFileExportConverter,Extensions,Extensions,HRESULT,R_O
IFileExportConverter,Description,Description,HRESULT,R_O
IFileExportConverter,FileFormat,File Format,HRESULT,R_O
IFileExportConverters,Application,Application,HRESULT,R_O
IFileExportConverters,Creator,Creator,HRESULT,R_O
IFileExportConverters,Parent,Parent,HRESULT,R_O
IFileExportConverters,Count,Count,HRESULT,R_O
IFileExportConverters,_Default,_Default,HRESULT,R_O
IFileExportConverters,_NewEnum,_New Enum,HRESULT,R_O
IFileExportConverters,Item,Item,HRESULT,R_O
IFilter,Application,Application,HRESULT,R_O
IFilter,Creator,Creator,HRESULT,R_O
IFilter,Parent,Parent,HRESULT,R_O
IFilter,On,On,HRESULT,R_O
IFilter,Criteria1,Criteria1,HRESULT,R_O
IFilter,Criteria2,Criteria2,HRESULT,R_O
IFilter,Operator,Operator,HRESULT,V
IFilter,Count,Count,HRESULT,R_O
IFilters,Application,Application,HRESULT,R_O
IFilters,Creator,Creator,HRESULT,R_O
IFilters,Parent,Parent,HRESULT,R_O
IFilters,Count,Count,HRESULT,R_O
IFilters,_Default,_Default,HRESULT,R_O
IFilters,Item,Item,HRESULT,R_O
IFilters,_NewEnum,_New Enum,HRESULT,R_O
IFloor,Application,Application,HRESULT,R_O
IFloor,Creator,Creator,HRESULT,R_O
IFloor,Parent,Parent,HRESULT,R_O
IFloor,Name,Name,HRESULT,R_O
IFloor,PictureType,Picture Type,HRESULT,V
IFloor,Thickness,Thickness,HRESULT,V
IFloor,Format,Format,HRESULT,R_O
IFont,Application,Application,HRESULT,R_O
IFont,Creator,Creator,HRESULT,R_O
IFont,Parent,Parent,HRESULT,R_O
IFont,Background,Background,HRESULT,V
IFont,Bold,Bold,HRESULT,V
IFont,Color,Color,HRESULT,V
IFont,ColorIndex,Color Index,HRESULT,V
IFont,FontStyle,Font Style,HRESULT,V
IFont,Italic,Italic,HRESULT,V
IFont,Name,Name,HRESULT,V
IFont,Size,Size,HRESULT,V
IFont,Strikethrough,Strikethrough,HRESULT,V
IFont,Subscript,Subscript,HRESULT,V
IFont,Superscript,Superscript,HRESULT,V
IFont,Underline,Underline,HRESULT,V
IFont,ThemeColor,Theme Color,HRESULT,V
IFont,TintAndShade,Tint And Shade,HRESULT,V
IFont,ThemeFont,Theme Font,HRESULT,V
IFormatColor,Application,Application,HRESULT,R_O
IFormatColor,Creator,Creator,HRESULT,R_O
IFormatColor,Parent,Parent,HRESULT,R_O
IFormatColor,Color,Color,HRESULT,V
IFormatColor,ColorIndex,Color Index,HRESULT,V
IFormatColor,ThemeColor,Theme Color,HRESULT,V
IFormatColor,TintAndShade,Tint And Shade,HRESULT,V
IFormatCondition,Application,Application,HRESULT,R_O
IFormatCondition,Creator,Creator,HRESULT,R_O
IFormatCondition,Parent,Parent,HRESULT,R_O
IFormatCondition,Type,Type,HRESULT,R_O
IFormatCondition,Operator,Operator,HRESULT,R_O
IFormatCondition,Formula1,Formula1,HRESULT,R_O
IFormatCondition,Formula2,Formula2,HRESULT,R_O
IFormatCondition,Interior,Interior,HRESULT,R_O
IFormatCondition,Borders,Borders,HRESULT,R_O
IFormatCondition,Font,Font,HRESULT,R_O
IFormatCondition,Text,Text,HRESULT,V
IFormatCondition,TextOperator,Text Operator,HRESULT,V
IFormatCondition,DateOperator,Date Operator,HRESULT,V
IFormatCondition,NumberFormat,Number Format,HRESULT,V
IFormatCondition,Priority,Priority,HRESULT,V
IFormatCondition,StopIfTrue,Stop If True,HRESULT,V
IFormatCondition,AppliesTo,Applies To,HRESULT,R_O
IFormatCondition,PTCondition,PT Condition,HRESULT,R_O
IFormatCondition,ScopeType,Scope Type,HRESULT,V
IFormatConditions,Application,Application,HRESULT,R_O
IFormatConditions,Creator,Creator,HRESULT,R_O
IFormatConditions,Parent,Parent,HRESULT,R_O
IFormatConditions,Count,Count,HRESULT,R_O
IFormatConditions,_Default,_Default,HRESULT,R_O
IFormatConditions,_NewEnum,_New Enum,HRESULT,R_O
IFreeformBuilder,Application,Application,HRESULT,R_O
IFreeformBuilder,Creator,Creator,HRESULT,R_O
IFreeformBuilder,Parent,Parent,HRESULT,R_O
IFullSeriesCollection,Application,Application,HRESULT,R_O
IFullSeriesCollection,Creator,Creator,HRESULT,R_O
IFullSeriesCollection,Parent,Parent,HRESULT,R_O
IFullSeriesCollection,Count,Count,HRESULT,R_O
IGraphic,Application,Application,HRESULT,R_O
IGraphic,Creator,Creator,HRESULT,R_O
IGraphic,Parent,Parent,HRESULT,R_O
IGraphic,Brightness,Brightness,HRESULT,V
IGraphic,ColorType,Color Type,HRESULT,V
IGraphic,Contrast,Contrast,HRESULT,V
IGraphic,CropBottom,Crop Bottom,HRESULT,V
IGraphic,CropLeft,Crop Left,HRESULT,V
IGraphic,CropRight,Crop Right,HRESULT,V
IGraphic,CropTop,Crop Top,HRESULT,V
IGraphic,Filename,Filename,HRESULT,V
IGraphic,Height,Height,HRESULT,V
IGraphic,LockAspectRatio,Lock Aspect Ratio,HRESULT,V
IGraphic,Width,Width,HRESULT,V
IGridlines,Application,Application,HRESULT,R_O
IGridlines,Creator,Creator,HRESULT,R_O
IGridlines,Parent,Parent,HRESULT,R_O
IGridlines,Name,Name,HRESULT,R_O
IGridlines,Border,Border,HRESULT,R_O
IGridlines,Format,Format,HRESULT,R_O
IGroupBox,Application,Application,HRESULT,R_O
IGroupBox,Creator,Creator,HRESULT,R_O
IGroupBox,Parent,Parent,HRESULT,R_O
IGroupBox,BottomRightCell,Bottom Right Cell,HRESULT,R_O
IGroupBox,Enabled,Enabled,HRESULT,V
IGroupBox,Height,Height,HRESULT,V
IGroupBox,Index,Index,HRESULT,R_O
IGroupBox,Left,Left,HRESULT,V
IGroupBox,Locked,Locked,HRESULT,V
IGroupBox,Name,Name,HRESULT,V
IGroupBox,Placement,Placement,HRESULT,V
IGroupBox,PrintObject,Print Object,HRESULT,V
IGroupBox,Top,Top,HRESULT,V
IGroupBox,TopLeftCell,Top Left Cell,HRESULT,R_O
IGroupBox,Visible,Visible,HRESULT,V
IGroupBox,Width,Width,HRESULT,V
IGroupBox,ZOrder,Z Order,HRESULT,R_O
IGroupBox,ShapeRange,Shape Range,HRESULT,R_O
IGroupBox,Caption,Caption,HRESULT,V
IGroupBox,Characters,Characters,HRESULT,R_O
IGroupBox,LockedText,Locked Text,HRESULT,V
IGroupBox,Text,Text,HRESULT,V
IGroupBox,Accelerator,Accelerator,HRESULT,V
IGroupBox,Display3DShading,Display3 D Shading,HRESULT,V
IGroupBox,PhoneticAccelerator,Phonetic Accelerator,HRESULT,V
IGroupBoxes,Application,Application,HRESULT,R_O
IGroupBoxes,Creator,Creator,HRESULT,R_O
IGroupBoxes,Parent,Parent,HRESULT,R_O
IGroupBoxes,Enabled,Enabled,HRESULT,V
IGroupBoxes,Height,Height,HRESULT,V
IGroupBoxes,Left,Left,HRESULT,V
IGroupBoxes,Locked,Locked,HRESULT,V
IGroupBoxes,Placement,Placement,HRESULT,V
IGroupBoxes,PrintObject,Print Object,HRESULT,V
IGroupBoxes,Top,Top,HRESULT,V
IGroupBoxes,Visible,Visible,HRESULT,V
IGroupBoxes,Width,Width,HRESULT,V
IGroupBoxes,ZOrder,Z Order,HRESULT,R_O
IGroupBoxes,ShapeRange,Shape Range,HRESULT,R_O
IGroupBoxes,Caption,Caption,HRESULT,V
IGroupBoxes,Characters,Characters,HRESULT,R_O
IGroupBoxes,LockedText,Locked Text,HRESULT,V
IGroupBoxes,Text,Text,HRESULT,V
IGroupBoxes,Accelerator,Accelerator,HRESULT,V
IGroupBoxes,Display3DShading,Display3 D Shading,HRESULT,V
IGroupBoxes,PhoneticAccelerator,Phonetic Accelerator,HRESULT,V
IGroupBoxes,Count,Count,HRESULT,R_O
IGroupObject,Application,Application,HRESULT,R_O
IGroupObject,Creator,Creator,HRESULT,R_O
IGroupObject,Parent,Parent,HRESULT,R_O
IGroupObject,BottomRightCell,Bottom Right Cell,HRESULT,R_O
IGroupObject,Enabled,Enabled,HRESULT,V
IGroupObject,Height,Height,HRESULT,V
IGroupObject,Index,Index,HRESULT,R_O
IGroupObject,Left,Left,HRESULT,V
IGroupObject,Locked,Locked,HRESULT,V
IGroupObject,Name,Name,HRESULT,V
IGroupObject,Placement,Placement,HRESULT,V
IGroupObject,PrintObject,Print Object,HRESULT,V
IGroupObject,Top,Top,HRESULT,V
IGroupObject,TopLeftCell,Top Left Cell,HRESULT,R_O
IGroupObject,Visible,Visible,HRESULT,V
IGroupObject,Width,Width,HRESULT,V
IGroupObject,ZOrder,Z Order,HRESULT,R_O
IGroupObject,ShapeRange,Shape Range,HRESULT,R_O
IGroupObject,AddIndent,Add Indent,HRESULT,V
IGroupObject,ArrowHeadLength,Arrow Head Length,HRESULT,V
IGroupObject,ArrowHeadStyle,Arrow Head Style,HRESULT,V
IGroupObject,ArrowHeadWidth,Arrow Head Width,HRESULT,V
IGroupObject,AutoSize,Auto Size,HRESULT,V
IGroupObject,Border,Border,HRESULT,R_O
IGroupObject,_Default,_Default,HRESULT,V
IGroupObject,Font,Font,HRESULT,R_O
IGroupObject,HorizontalAlignment,Horizontal Alignment,HRESULT,V
IGroupObject,Interior,Interior,HRESULT,R_O
IGroupObject,Orientation,Orientation,HRESULT,V
IGroupObject,RoundedCorners,Rounded Corners,HRESULT,V
IGroupObject,Shadow,Shadow,HRESULT,V
IGroupObject,VerticalAlignment,Vertical Alignment,HRESULT,V
IGroupObject,ReadingOrder,Reading Order,HRESULT,V
IGroupObjects,Application,Application,HRESULT,R_O
IGroupObjects,Creator,Creator,HRESULT,R_O
IGroupObjects,Parent,Parent,HRESULT,R_O
IGroupObjects,Enabled,Enabled,HRESULT,V
IGroupObjects,Height,Height,HRESULT,V
IGroupObjects,Left,Left,HRESULT,V
IGroupObjects,Locked,Locked,HRESULT,V
IGroupObjects,Placement,Placement,HRESULT,V
IGroupObjects,PrintObject,Print Object,HRESULT,V
IGroupObjects,Top,Top,HRESULT,V
IGroupObjects,Visible,Visible,HRESULT,V
IGroupObjects,Width,Width,HRESULT,V
IGroupObjects,ZOrder,Z Order,HRESULT,R_O
IGroupObjects,ShapeRange,Shape Range,HRESULT,R_O
IGroupObjects,AddIndent,Add Indent,HRESULT,V
IGroupObjects,ArrowHeadLength,Arrow Head Length,HRESULT,V
IGroupObjects,ArrowHeadStyle,Arrow Head Style,HRESULT,V
IGroupObjects,ArrowHeadWidth,Arrow Head Width,HRESULT,V
IGroupObjects,AutoSize,Auto Size,HRESULT,V
IGroupObjects,Border,Border,HRESULT,R_O
IGroupObjects,_Default,_Default,HRESULT,V
IGroupObjects,Font,Font,HRESULT,R_O
IGroupObjects,HorizontalAlignment,Horizontal Alignment,HRESULT,V
IGroupObjects,Interior,Interior,HRESULT,R_O
IGroupObjects,Orientation,Orientation,HRESULT,V
IGroupObjects,RoundedCorners,Rounded Corners,HRESULT,V
IGroupObjects,Shadow,Shadow,HRESULT,V
IGroupObjects,VerticalAlignment,Vertical Alignment,HRESULT,V
IGroupObjects,ReadingOrder,Reading Order,HRESULT,V
IGroupObjects,Count,Count,HRESULT,R_O
IGroupShapes,Application,Application,HRESULT,R_O
IGroupShapes,Creator,Creator,HRESULT,R_O
IGroupShapes,Parent,Parent,HRESULT,R_O
IGroupShapes,Count,Count,HRESULT,R_O
IGroupShapes,_NewEnum,_New Enum,HRESULT,R_O
IGroupShapes,Range,Range,HRESULT,R_O
IHeaderFooter,Text,Text,HRESULT,V
IHeaderFooter,Picture,Picture,HRESULT,R_O
IHiLoLines,Application,Application,HRESULT,R_O
IHiLoLines,Creator,Creator,HRESULT,R_O
IHiLoLines,Parent,Parent,HRESULT,R_O
IHiLoLines,Name,Name,HRESULT,R_O
IHiLoLines,Border,Border,HRESULT,R_O
IHiLoLines,Format,Format,HRESULT,R_O
IHPageBreak,Application,Application,HRESULT,R_O
IHPageBreak,Creator,Creator,HRESULT,R_O
IHPageBreak,Parent,Parent,HRESULT,R_O
IHPageBreak,Type,Type,HRESULT,V
IHPageBreak,Extent,Extent,HRESULT,R_O
IHPageBreak,Location,Location,HRESULT,V
IHPageBreaks,Application,Application,HRESULT,R_O
IHPageBreaks,Creator,Creator,HRESULT,R_O
IHPageBreaks,Parent,Parent,HRESULT,R_O
IHPageBreaks,Count,Count,HRESULT,R_O
IHPageBreaks,Item,Item,HRESULT,R_O
IHPageBreaks,_Default,_Default,HRESULT,R_O
IHPageBreaks,_NewEnum,_New Enum,HRESULT,R_O
IHyperlink,Application,Application,HRESULT,R_O
IHyperlink,Creator,Creator,HRESULT,R_O
IHyperlink,Parent,Parent,HRESULT,R_O
IHyperlink,Name,Name,HRESULT,R_O
IHyperlink,Range,Range,HRESULT,R_O
IHyperlink,Shape,Shape,HRESULT,R_O
IHyperlink,SubAddress,Sub Address,HRESULT,V
IHyperlink,Address,Address,HRESULT,V
IHyperlink,Type,Type,HRESULT,R_O
IHyperlink,EmailSubject,Email Subject,HRESULT,V
IHyperlink,ScreenTip,Screen Tip,HRESULT,V
IHyperlink,TextToDisplay,Text To Display,HRESULT,V
IHyperlinks,Application,Application,HRESULT,R_O
IHyperlinks,Creator,Creator,HRESULT,R_O
IHyperlinks,Parent,Parent,HRESULT,R_O
IHyperlinks,Count,Count,HRESULT,R_O
IHyperlinks,Item,Item,HRESULT,R_O
IHyperlinks,_Default,_Default,HRESULT,R_O
IHyperlinks,_NewEnum,_New Enum,HRESULT,R_O
IIcon,Application,Application,HRESULT,R_O
IIcon,Creator,Creator,HRESULT,R_O
IIcon,Parent,Parent,HRESULT,R_O
IIcon,Index,Index,HRESULT,R_O
IIconCriteria,Count,Count,HRESULT,R_O
IIconCriteria,_Default,_Default,HRESULT,R_O
IIconCriteria,_NewEnum,_New Enum,HRESULT,R_O
IIconCriteria,Item,Item,HRESULT,R_O
IIconCriterion,Index,Index,HRESULT,R_O
IIconCriterion,Type,Type,HRESULT,V
IIconCriterion,Value,Value,HRESULT,V
IIconCriterion,Operator,Operator,HRESULT,V
IIconCriterion,Icon,Icon,HRESULT,V
IIconSet,Application,Application,HRESULT,R_O
IIconSet,Creator,Creator,HRESULT,R_O
IIconSet,Parent,Parent,HRESULT,R_O
IIconSet,ID,ID,HRESULT,R_O
IIconSet,Count,Count,HRESULT,R_O
IIconSet,_Default,_Default,HRESULT,R_O
IIconSet,_NewEnum,_New Enum,HRESULT,R_O
IIconSet,Item,Item,HRESULT,R_O
IIconSetCondition,Application,Application,HRESULT,R_O
IIconSetCondition,Creator,Creator,HRESULT,R_O
IIconSetCondition,Parent,Parent,HRESULT,R_O
IIconSetCondition,Priority,Priority,HRESULT,V
IIconSetCondition,StopIfTrue,Stop If True,HRESULT,R_O
IIconSetCondition,AppliesTo,Applies To,HRESULT,R_O
IIconSetCondition,Type,Type,HRESULT,R_O
IIconSetCondition,PTCondition,PT Condition,HRESULT,R_O
IIconSetCondition,ScopeType,Scope Type,HRESULT,V
IIconSetCondition,ReverseOrder,Reverse Order,HRESULT,V
IIconSetCondition,PercentileValues,Percentile Values,HRESULT,V
IIconSetCondition,ShowIconOnly,Show Icon Only,HRESULT,V
IIconSetCondition,Formula,Formula,HRESULT,V
IIconSetCondition,IconSet,Icon Set,HRESULT,V
IIconSetCondition,IconCriteria,Icon Criteria,HRESULT,R_O
IIconSets,Application,Application,HRESULT,R_O
IIconSets,Creator,Creator,HRESULT,R_O
IIconSets,Parent,Parent,HRESULT,R_O
IIconSets,Count,Count,HRESULT,R_O
IIconSets,_Default,_Default,HRESULT,R_O
IIconSets,_NewEnum,_New Enum,HRESULT,R_O
IIconSets,Item,Item,HRESULT,R_O
IInterior,Application,Application,HRESULT,R_O
IInterior,Creator,Creator,HRESULT,R_O
IInterior,Parent,Parent,HRESULT,R_O
IInterior,Color,Color,HRESULT,V
IInterior,ColorIndex,Color Index,HRESULT,V
IInterior,InvertIfNegative,Invert If Negative,HRESULT,V
IInterior,Pattern,Pattern,HRESULT,V
IInterior,PatternColor,Pattern Color,HRESULT,V
IInterior,PatternColorIndex,Pattern Color Index,HRESULT,V
IInterior,ThemeColor,Theme Color,HRESULT,V
IInterior,TintAndShade,Tint And Shade,HRESULT,V
IInterior,PatternThemeColor,Pattern Theme Color,HRESULT,V
IInterior,PatternTintAndShade,Pattern Tint And Shade,HRESULT,V
IInterior,Gradient,Gradient,HRESULT,R_O
ILabel,Application,Application,HRESULT,R_O
ILabel,Creator,Creator,HRESULT,R_O
ILabel,Parent,Parent,HRESULT,R_O
ILabel,BottomRightCell,Bottom Right Cell,HRESULT,R_O
ILabel,Enabled,Enabled,HRESULT,V
ILabel,Height,Height,HRESULT,V
ILabel,Index,Index,HRESULT,R_O
ILabel,Left,Left,HRESULT,V
ILabel,Locked,Locked,HRESULT,V
ILabel,Name,Name,HRESULT,V
ILabel,Placement,Placement,HRESULT,V
ILabel,PrintObject,Print Object,HRESULT,V
ILabel,Top,Top,HRESULT,V
ILabel,TopLeftCell,Top Left Cell,HRESULT,R_O
ILabel,Visible,Visible,HRESULT,V
ILabel,Width,Width,HRESULT,V
ILabel,ZOrder,Z Order,HRESULT,R_O
ILabel,ShapeRange,Shape Range,HRESULT,R_O
ILabel,Caption,Caption,HRESULT,V
ILabel,Characters,Characters,HRESULT,R_O
ILabel,LockedText,Locked Text,HRESULT,V
ILabel,Text,Text,HRESULT,V
ILabel,Accelerator,Accelerator,HRESULT,V
ILabel,PhoneticAccelerator,Phonetic Accelerator,HRESULT,V
ILabels,Application,Application,HRESULT,R_O
ILabels,Creator,Creator,HRESULT,R_O
ILabels,Parent,Parent,HRESULT,R_O
ILabels,Enabled,Enabled,HRESULT,V
ILabels,Height,Height,HRESULT,V
ILabels,Left,Left,HRESULT,V
ILabels,Locked,Locked,HRESULT,V
ILabels,Placement,Placement,HRESULT,V
ILabels,PrintObject,Print Object,HRESULT,V
ILabels,Top,Top,HRESULT,V
ILabels,Visible,Visible,HRESULT,V
ILabels,Width,Width,HRESULT,V
ILabels,ZOrder,Z Order,HRESULT,R_O
ILabels,ShapeRange,Shape Range,HRESULT,R_O
ILabels,Caption,Caption,HRESULT,V
ILabels,Characters,Characters,HRESULT,R_O
ILabels,LockedText,Locked Text,HRESULT,V
ILabels,Text,Text,HRESULT,V
ILabels,Accelerator,Accelerator,HRESULT,V
ILabels,PhoneticAccelerator,Phonetic Accelerator,HRESULT,V
ILabels,Count,Count,HRESULT,R_O
ILeaderLines,Application,Application,HRESULT,R_O
ILeaderLines,Creator,Creator,HRESULT,R_O
ILeaderLines,Parent,Parent,HRESULT,R_O
ILeaderLines,Border,Border,HRESULT,R_O
ILeaderLines,Format,Format,HRESULT,R_O
ILegend,Application,Application,HRESULT,R_O
ILegend,Creator,Creator,HRESULT,R_O
ILegend,Parent,Parent,HRESULT,R_O
ILegend,Name,Name,HRESULT,R_O
ILegend,Position,Position,HRESULT,V
ILegend,Shadow,Shadow,HRESULT,V
ILegend,Height,Height,HRESULT,V
ILegend,Left,Left,HRESULT,V
ILegend,Top,Top,HRESULT,V
ILegend,Width,Width,HRESULT,V
ILegend,IncludeInLayout,Include In Layout,HRESULT,V
ILegend,Format,Format,HRESULT,R_O
ILegendEntries,Application,Application,HRESULT,R_O
ILegendEntries,Creator,Creator,HRESULT,R_O
ILegendEntries,Parent,Parent,HRESULT,R_O
ILegendEntries,Count,Count,HRESULT,R_O
ILegendEntry,Application,Application,HRESULT,R_O
ILegendEntry,Creator,Creator,HRESULT,R_O
ILegendEntry,Parent,Parent,HRESULT,R_O
ILegendEntry,Font,Font,HRESULT,R_O
ILegendEntry,Index,Index,HRESULT,R_O
ILegendEntry,LegendKey,Legend Key,HRESULT,R_O
ILegendEntry,Left,Left,HRESULT,R_O
ILegendEntry,Top,Top,HRESULT,R_O
ILegendEntry,Width,Width,HRESULT,R_O
ILegendEntry,Height,Height,HRESULT,R_O
ILegendEntry,Format,Format,HRESULT,R_O
ILegendKey,Application,Application,HRESULT,R_O
ILegendKey,Creator,Creator,HRESULT,R_O
ILegendKey,Parent,Parent,HRESULT,R_O
ILegendKey,InvertIfNegative,Invert If Negative,HRESULT,V
ILegendKey,MarkerBackgroundColor,Marker Background Color,HRESULT,V
ILegendKey,MarkerBackgroundColorIndex,Marker Background Color Index,HRESULT,V
ILegendKey,MarkerForegroundColor,Marker Foreground Color,HRESULT,V
ILegendKey,MarkerForegroundColorIndex,Marker Foreground Color Index,HRESULT,V
ILegendKey,MarkerSize,Marker Size,HRESULT,V
ILegendKey,MarkerStyle,Marker Style,HRESULT,V
ILegendKey,PictureType,Picture Type,HRESULT,V
ILegendKey,Smooth,Smooth,HRESULT,V
ILegendKey,Left,Left,HRESULT,R_O
ILegendKey,Top,Top,HRESULT,R_O
ILegendKey,Width,Width,HRESULT,R_O
ILegendKey,Height,Height,HRESULT,R_O
ILegendKey,Shadow,Shadow,HRESULT,V
ILegendKey,PictureUnit2,Picture Unit2,HRESULT,V
ILegendKey,Format,Format,HRESULT,R_O
ILine,Application,Application,HRESULT,R_O
ILine,Creator,Creator,HRESULT,R_O
ILine,Parent,Parent,HRESULT,R_O
ILine,BottomRightCell,Bottom Right Cell,HRESULT,R_O
ILine,Enabled,Enabled,HRESULT,V
ILine,Height,Height,HRESULT,V
ILine,Index,Index,HRESULT,R_O
ILine,Left,Left,HRESULT,V
ILine,Locked,Locked,HRESULT,V
ILine,Name,Name,HRESULT,V
ILine,Placement,Placement,HRESULT,V
ILine,PrintObject,Print Object,HRESULT,V
ILine,Top,Top,HRESULT,V
ILine,TopLeftCell,Top Left Cell,HRESULT,R_O
ILine,Visible,Visible,HRESULT,V
ILine,Width,Width,HRESULT,V
ILine,ZOrder,Z Order,HRESULT,R_O
ILine,ShapeRange,Shape Range,HRESULT,R_O
ILine,ArrowHeadLength,Arrow Head Length,HRESULT,V
ILine,ArrowHeadStyle,Arrow Head Style,HRESULT,V
ILine,ArrowHeadWidth,Arrow Head Width,HRESULT,V
ILine,Border,Border,HRESULT,R_O
ILinearGradient,Application,Application,HRESULT,R_O
ILinearGradient,Creator,Creator,HRESULT,R_O
ILinearGradient,Parent,Parent,HRESULT,R_O
ILinearGradient,ColorStops,Color Stops,HRESULT,R_O
ILinearGradient,Degree,Degree,HRESULT,V
ILines,Application,Application,HRESULT,R_O
ILines,Creator,Creator,HRESULT,R_O
ILines,Parent,Parent,HRESULT,R_O
ILines,Enabled,Enabled,HRESULT,V
ILines,Height,Height,HRESULT,V
ILines,Left,Left,HRESULT,V
ILines,Locked,Locked,HRESULT,V
ILines,Placement,Placement,HRESULT,V
ILines,PrintObject,Print Object,HRESULT,V
ILines,Top,Top,HRESULT,V
ILines,Visible,Visible,HRESULT,V
ILines,Width,Width,HRESULT,V
ILines,ZOrder,Z Order,HRESULT,R_O
ILines,ShapeRange,Shape Range,HRESULT,R_O
ILines,ArrowHeadLength,Arrow Head Length,HRESULT,V
ILines,ArrowHeadStyle,Arrow Head Style,HRESULT,V
ILines,ArrowHeadWidth,Arrow Head Width,HRESULT,V
ILines,Border,Border,HRESULT,R_O
ILines,Count,Count,HRESULT,R_O
ILinkFormat,Application,Application,HRESULT,R_O
ILinkFormat,Creator,Creator,HRESULT,R_O
ILinkFormat,Parent,Parent,HRESULT,R_O
ILinkFormat,AutoUpdate,Auto Update,HRESULT,V
ILinkFormat,Locked,Locked,HRESULT,V
IListBox,Application,Application,HRESULT,R_O
IListBox,Creator,Creator,HRESULT,R_O
IListBox,Parent,Parent,HRESULT,R_O
IListBox,BottomRightCell,Bottom Right Cell,HRESULT,R_O
IListBox,Enabled,Enabled,HRESULT,V
IListBox,Height,Height,HRESULT,V
IListBox,Index,Index,HRESULT,R_O
IListBox,Left,Left,HRESULT,V
IListBox,Locked,Locked,HRESULT,V
IListBox,Name,Name,HRESULT,V
IListBox,Placement,Placement,HRESULT,V
IListBox,PrintObject,Print Object,HRESULT,V
IListBox,Top,Top,HRESULT,V
IListBox,TopLeftCell,Top Left Cell,HRESULT,R_O
IListBox,Visible,Visible,HRESULT,V
IListBox,Width,Width,HRESULT,V
IListBox,ZOrder,Z Order,HRESULT,R_O
IListBox,ShapeRange,Shape Range,HRESULT,R_O
IListBox,Display3DShading,Display3 D Shading,HRESULT,V
IListBox,_Default,_Default,HRESULT,V
IListBox,LinkedCell,Linked Cell,HRESULT,V
IListBox,LinkedObject,Linked Object,HRESULT,R_O
IListBox,List,List,HRESULT,V
IListBox,ListCount,List Count,HRESULT,R_O
IListBox,ListFillRange,List Fill Range,HRESULT,V
IListBox,ListIndex,List Index,HRESULT,V
IListBox,MultiSelect,Multi Select,HRESULT,V
IListBox,Selected,Selected,HRESULT,V
IListBox,Value,Value,HRESULT,V
IListBoxes,Application,Application,HRESULT,R_O
IListBoxes,Creator,Creator,HRESULT,R_O
IListBoxes,Parent,Parent,HRESULT,R_O
IListBoxes,Enabled,Enabled,HRESULT,V
IListBoxes,Height,Height,HRESULT,V
IListBoxes,Left,Left,HRESULT,V
IListBoxes,Locked,Locked,HRESULT,V
IListBoxes,Placement,Placement,HRESULT,V
IListBoxes,PrintObject,Print Object,HRESULT,V
IListBoxes,Top,Top,HRESULT,V
IListBoxes,Visible,Visible,HRESULT,V
IListBoxes,Width,Width,HRESULT,V
IListBoxes,ZOrder,Z Order,HRESULT,R_O
IListBoxes,ShapeRange,Shape Range,HRESULT,R_O
IListBoxes,Display3DShading,Display3 D Shading,HRESULT,V
IListBoxes,_Default,_Default,HRESULT,V
IListBoxes,LinkedCell,Linked Cell,HRESULT,V
IListBoxes,List,List,HRESULT,V
IListBoxes,ListFillRange,List Fill Range,HRESULT,V
IListBoxes,ListIndex,List Index,HRESULT,V
IListBoxes,MultiSelect,Multi Select,HRESULT,V
IListBoxes,Selected,Selected,HRESULT,V
IListBoxes,Value,Value,HRESULT,V
IListBoxes,Count,Count,HRESULT,R_O
IListColumn,Application,Application,HRESULT,R_O
IListColumn,Creator,Creator,HRESULT,R_O
IListColumn,Parent,Parent,HRESULT,R_O
IListColumn,_Default,_Default,HRESULT,R_O
IListColumn,Index,Index,HRESULT,R_O
IListColumn,Name,Name,HRESULT,V
IListColumn,Range,Range,HRESULT,R_O
IListColumn,TotalsCalculation,Totals Calculation,HRESULT,V
IListColumn,XPath,X Path,HRESULT,R_O
IListColumn,DataBodyRange,Data Body Range,HRESULT,R_O
IListColumn,Total,Total,HRESULT,R_O
IListColumns,Application,Application,HRESULT,R_O
IListColumns,Creator,Creator,HRESULT,R_O
IListColumns,Parent,Parent,HRESULT,R_O
IListColumns,_Default,_Default,HRESULT,R_O
IListColumns,_NewEnum,_New Enum,HRESULT,R_O
IListColumns,Item,Item,HRESULT,R_O
IListColumns,Count,Count,HRESULT,R_O
IListDataFormat,Application,Application,HRESULT,R_O
IListDataFormat,Creator,Creator,HRESULT,R_O
IListDataFormat,Parent,Parent,HRESULT,R_O
IListDataFormat,_Default,_Default,HRESULT,R_O
IListDataFormat,Choices,Choices,HRESULT,R_O
IListDataFormat,DecimalPlaces,Decimal Places,HRESULT,R_O
IListDataFormat,DefaultValue,Default Value,HRESULT,R_O
IListDataFormat,IsPercent,Is Percent,HRESULT,R_O
IListDataFormat,lcid,lcid,HRESULT,R_O
IListDataFormat,MaxCharacters,Max Characters,HRESULT,R_O
IListDataFormat,MaxNumber,Max Number,HRESULT,R_O
IListDataFormat,MinNumber,Min Number,HRESULT,R_O
IListDataFormat,Required,Required,HRESULT,R_O
IListDataFormat,Type,Type,HRESULT,R_O
IListDataFormat,ReadOnly,Read Only,HRESULT,R_O
IListDataFormat,AllowFillIn,Allow Fill In,HRESULT,R_O
IListObject,Application,Application,HRESULT,R_O
IListObject,Creator,Creator,HRESULT,R_O
IListObject,Parent,Parent,HRESULT,R_O
IListObject,_Default,_Default,HRESULT,R_O
IListObject,Active,Active,HRESULT,R_O
IListObject,DataBodyRange,Data Body Range,HRESULT,R_O
IListObject,DisplayRightToLeft,Display Right To Left,HRESULT,R_O
IListObject,HeaderRowRange,Header Row Range,HRESULT,R_O
IListObject,InsertRowRange,Insert Row Range,HRESULT,R_O
IListObject,ListColumns,List Columns,HRESULT,R_O
IListObject,ListRows,List Rows,HRESULT,R_O
IListObject,Name,Name,HRESULT,V
IListObject,QueryTable,Query Table,HRESULT,R_O
IListObject,Range,Range,HRESULT,R_O
IListObject,ShowAutoFilter,Show Auto Filter,HRESULT,V
IListObject,ShowTotals,Show Totals,HRESULT,V
IListObject,SourceType,Source Type,HRESULT,R_O
IListObject,TotalsRowRange,Totals Row Range,HRESULT,R_O
IListObject,SharePointURL,Share Point URL,HRESULT,R_O
IListObject,XmlMap,Xml Map,HRESULT,R_O
IListObject,DisplayName,Display Name,HRESULT,V
IListObject,ShowHeaders,Show Headers,HRESULT,V
IListObject,TableStyle,Table Style,HRESULT,V
IListObject,ShowTableStyleFirstColumn,Show Table Style First Column,HRESULT,V
IListObject,ShowTableStyleLastColumn,Show Table Style Last Column,HRESULT,V
IListObject,ShowTableStyleRowStripes,Show Table Style Row Stripes,HRESULT,V
IListObject,ShowTableStyleColumnStripes,Show Table Style Column Stripes,HRESULT,V
IListObject,Comment,Comment,HRESULT,V
IListObject,AlternativeText,Alternative Text,HRESULT,V
IListObject,Summary,Summary,HRESULT,V
IListObject,TableObject,Table Object,HRESULT,R_O
IListObject,Slicers,Slicers,HRESULT,R_O
IListObject,ShowAutoFilterDropDown,Show Auto Filter Drop Down,HRESULT,V
IListObject,AutoFilter,Auto Filter,HRESULT,R_O
IListObject,Sort,Sort,HRESULT,R_O
IListObjects,Application,Application,HRESULT,R_O
IListObjects,Creator,Creator,HRESULT,R_O
IListObjects,Parent,Parent,HRESULT,R_O
IListObjects,_Default,_Default,HRESULT,R_O
IListObjects,_NewEnum,_New Enum,HRESULT,R_O
IListObjects,Item,Item,HRESULT,R_O
IListObjects,Count,Count,HRESULT,R_O
IListRow,Application,Application,HRESULT,R_O
IListRow,Creator,Creator,HRESULT,R_O
IListRow,Parent,Parent,HRESULT,R_O
IListRow,Index,Index,HRESULT,R_O
IListRow,Range,Range,HRESULT,R_O
IListRows,Application,Application,HRESULT,R_O
IListRows,Creator,Creator,HRESULT,R_O
IListRows,Parent,Parent,HRESULT,R_O
IListRows,_Default,_Default,HRESULT,R_O
IListRows,_NewEnum,_New Enum,HRESULT,R_O
IListRows,Item,Item,HRESULT,R_O
IListRows,Count,Count,HRESULT,R_O
IMailer,Application,Application,HRESULT,R_O
IMailer,Creator,Creator,HRESULT,R_O
IMailer,Parent,Parent,HRESULT,R_O
IMailer,BCCRecipients,BCC Recipients,HRESULT,V
IMailer,CCRecipients,CC Recipients,HRESULT,V
IMailer,Enclosures,Enclosures,HRESULT,V
IMailer,Received,Received,HRESULT,R_O
IMailer,SendDateTime,Send Date Time,HRESULT,R_O
IMailer,Sender,Sender,HRESULT,R_O
IMailer,Subject,Subject,HRESULT,V
IMailer,ToRecipients,To Recipients,HRESULT,V
IMailer,WhichAddress,Which Address,HRESULT,V
IMenu,Application,Application,HRESULT,R_O
IMenu,Creator,Creator,HRESULT,R_O
IMenu,Parent,Parent,HRESULT,R_O
IMenu,Caption,Caption,HRESULT,V
IMenu,Enabled,Enabled,HRESULT,V
IMenu,Index,Index,HRESULT,R_O
IMenu,MenuItems,Menu Items,HRESULT,R_O
IMenuBar,Application,Application,HRESULT,R_O
IMenuBar,Creator,Creator,HRESULT,R_O
IMenuBar,Parent,Parent,HRESULT,R_O
IMenuBar,BuiltIn,Built In,HRESULT,R_O
IMenuBar,Caption,Caption,HRESULT,V
IMenuBar,Index,Index,HRESULT,R_O
IMenuBar,Menus,Menus,HRESULT,R_O
IMenuBars,Application,Application,HRESULT,R_O
IMenuBars,Creator,Creator,HRESULT,R_O
IMenuBars,Parent,Parent,HRESULT,R_O
IMenuBars,Count,Count,HRESULT,R_O
IMenuBars,_Default,_Default,HRESULT,R_O
IMenuBars,Item,Item,HRESULT,R_O
IMenuBars,_NewEnum,_New Enum,HRESULT,R_O
IMenuItem,Application,Application,HRESULT,R_O
IMenuItem,Creator,Creator,HRESULT,R_O
IMenuItem,Parent,Parent,HRESULT,R_O
IMenuItem,Caption,Caption,HRESULT,V
IMenuItem,Checked,Checked,HRESULT,V
IMenuItem,Enabled,Enabled,HRESULT,V
IMenuItem,HelpContextID,Help Context ID,HRESULT,V
IMenuItem,HelpFile,Help File,HRESULT,V
IMenuItem,Index,Index,HRESULT,R_O
IMenuItem,OnAction,On Action,HRESULT,V
IMenuItem,StatusBar,Status Bar,HRESULT,V
IMenuItems,Application,Application,HRESULT,R_O
IMenuItems,Creator,Creator,HRESULT,R_O
IMenuItems,Parent,Parent,HRESULT,R_O
IMenuItems,Count,Count,HRESULT,R_O
IMenuItems,_Default,_Default,HRESULT,R_O
IMenuItems,Item,Item,HRESULT,R_O
IMenuItems,_NewEnum,_New Enum,HRESULT,R_O
IMenus,Application,Application,HRESULT,R_O
IMenus,Creator,Creator,HRESULT,R_O
IMenus,Parent,Parent,HRESULT,R_O
IMenus,Count,Count,HRESULT,R_O
IMenus,_Default,_Default,HRESULT,R_O
IMenus,Item,Item,HRESULT,R_O
IMenus,_NewEnum,_New Enum,HRESULT,R_O
IModel,Application,Application,HRESULT,R_O
IModel,Creator,Creator,HRESULT,R_O
IModel,Parent,Parent,HRESULT,R_O
IModel,ModelTables,Model Tables,HRESULT,R_O
IModel,ModelRelationships,Model Relationships,HRESULT,R_O
IModel,DataModelConnection,Data Model Connection,HRESULT,R_O
IModel,Name,Name,HRESULT,R_O
IModel,ModelMeasures,Model Measures,HRESULT,R_O
IModel,ModelFormatGeneral,Model Format General,HRESULT,R_O
IModel,ModelFormatDate,Model Format Date,HRESULT,R_O
IModel,ModelFormatDecimalNumber,Model Format Decimal Number,HRESULT,R_O
IModel,ModelFormatWholeNumber,Model Format Whole Number,HRESULT,R_O
IModel,ModelFormatPercentageNumber,Model Format Percentage Number,HRESULT,R_O
IModel,ModelFormatScientificNumber,Model Format Scientific Number,HRESULT,R_O
IModel,ModelFormatCurrency,Model Format Currency,HRESULT,R_O
IModel,ModelFormatBoolean,Model Format Boolean,HRESULT,R_O
IModelChanges,Application,Application,HRESULT,R_O
IModelChanges,Creator,Creator,HRESULT,R_O
IModelChanges,Parent,Parent,HRESULT,R_O
IModelChanges,TablesAdded,Tables Added,HRESULT,R_O
IModelChanges,TablesDeleted,Tables Deleted,HRESULT,R_O
IModelChanges,TablesModified,Tables Modified,HRESULT,R_O
IModelChanges,TableNamesChanged,Table Names Changed,HRESULT,R_O
IModelChanges,RelationshipChange,Relationship Change,HRESULT,R_O
IModelChanges,ColumnsAdded,Columns Added,HRESULT,R_O
IModelChanges,ColumnsDeleted,Columns Deleted,HRESULT,R_O
IModelChanges,ColumnsChanged,Columns Changed,HRESULT,R_O
IModelChanges,MeasuresAdded,Measures Added,HRESULT,R_O
IModelChanges,UnknownChange,Unknown Change,HRESULT,R_O
IModelChanges,Source,Source,HRESULT,R_O
IModelColumnChange,Application,Application,HRESULT,R_O
IModelColumnChange,Creator,Creator,HRESULT,R_O
IModelColumnChange,Parent,Parent,HRESULT,R_O
IModelColumnChange,TableName,Table Name,HRESULT,R_O
IModelColumnChange,ColumnName,Column Name,HRESULT,R_O
IModelColumnChanges,Application,Application,HRESULT,R_O
IModelColumnChanges,Creator,Creator,HRESULT,R_O
IModelColumnChanges,Parent,Parent,HRESULT,R_O
IModelColumnChanges,Count,Count,HRESULT,R_O
IModelColumnChanges,_Default,_Default,HRESULT,R_O
IModelColumnChanges,_NewEnum,_New Enum,HRESULT,R_O
IModelColumnName,Application,Application,HRESULT,R_O
IModelColumnName,Creator,Creator,HRESULT,R_O
IModelColumnName,Parent,Parent,HRESULT,R_O
IModelColumnName,TableName,Table Name,HRESULT,R_O
IModelColumnName,ColumnName,Column Name,HRESULT,R_O
IModelColumnNames,Application,Application,HRESULT,R_O
IModelColumnNames,Creator,Creator,HRESULT,R_O
IModelColumnNames,Parent,Parent,HRESULT,R_O
IModelColumnNames,Count,Count,HRESULT,R_O
IModelColumnNames,_Default,_Default,HRESULT,R_O
IModelColumnNames,_NewEnum,_New Enum,HRESULT,R_O
IModelConnection,Application,Application,HRESULT,R_O
IModelConnection,Creator,Creator,HRESULT,R_O
IModelConnection,Parent,Parent,HRESULT,R_O
IModelConnection,CommandText,Command Text,HRESULT,V
IModelConnection,CommandType,Command Type,HRESULT,V
IModelConnection,ADOConnection,ADO Connection,HRESULT,R_O
IModelConnection,CalculatedMembers,Calculated Members,HRESULT,R_O
IModelFormatBoolean,Application,Application,HRESULT,R_O
IModelFormatBoolean,Creator,Creator,HRESULT,R_O
IModelFormatBoolean,Parent,Parent,HRESULT,R_O
IModelFormatCurrency,Application,Application,HRESULT,R_O
IModelFormatCurrency,Creator,Creator,HRESULT,R_O
IModelFormatCurrency,Parent,Parent,HRESULT,R_O
IModelFormatCurrency,Symbol,Symbol,HRESULT,V
IModelFormatCurrency,DecimalPlaces,Decimal Places,HRESULT,V
IModelFormatDate,Application,Application,HRESULT,R_O
IModelFormatDate,Creator,Creator,HRESULT,R_O
IModelFormatDate,Parent,Parent,HRESULT,R_O
IModelFormatDate,FormatString,Format String,HRESULT,V
IModelFormatDecimalNumber,Application,Application,HRESULT,R_O
IModelFormatDecimalNumber,Creator,Creator,HRESULT,R_O
IModelFormatDecimalNumber,Parent,Parent,HRESULT,R_O
IModelFormatDecimalNumber,UseThousandSeparator,Use Thousand Separator,HRESULT,V
IModelFormatDecimalNumber,DecimalPlaces,Decimal Places,HRESULT,V
IModelFormatGeneral,Application,Application,HRESULT,R_O
IModelFormatGeneral,Creator,Creator,HRESULT,R_O
IModelFormatGeneral,Parent,Parent,HRESULT,R_O
IModelFormatPercentageNumber,Application,Application,HRESULT,R_O
IModelFormatPercentageNumber,Creator,Creator,HRESULT,R_O
IModelFormatPercentageNumber,Parent,Parent,HRESULT,R_O
IModelFormatPercentageNumber,UseThousandSeparator,Use Thousand Separator,HRESULT,V
IModelFormatPercentageNumber,DecimalPlaces,Decimal Places,HRESULT,V
IModelFormatScientificNumber,Application,Application,HRESULT,R_O
IModelFormatScientificNumber,Creator,Creator,HRESULT,R_O
IModelFormatScientificNumber,Parent,Parent,HRESULT,R_O
IModelFormatScientificNumber,DecimalPlaces,Decimal Places,HRESULT,V
IModelFormatWholeNumber,Application,Application,HRESULT,R_O
IModelFormatWholeNumber,Creator,Creator,HRESULT,R_O
IModelFormatWholeNumber,Parent,Parent,HRESULT,R_O
IModelFormatWholeNumber,UseThousandSeparator,Use Thousand Separator,HRESULT,V
IModelMeasure,Application,Application,HRESULT,R_O
IModelMeasure,Creator,Creator,HRESULT,R_O
IModelMeasure,Parent,Parent,HRESULT,R_O
IModelMeasure,Name,Name,HRESULT,V
IModelMeasure,AssociatedTable,Associated Table,HRESULT,V
IModelMeasure,Formula,Formula,HRESULT,V
IModelMeasure,FormatInformation,Format Information,HRESULT,V
IModelMeasure,Description,Description,HRESULT,V
IModelMeasureName,Application,Application,HRESULT,R_O
IModelMeasureName,Creator,Creator,HRESULT,R_O
IModelMeasureName,Parent,Parent,HRESULT,R_O
IModelMeasureName,TableName,Table Name,HRESULT,R_O
IModelMeasureName,MeasureName,Measure Name,HRESULT,R_O
IModelMeasureNames,Application,Application,HRESULT,R_O
IModelMeasureNames,Creator,Creator,HRESULT,R_O
IModelMeasureNames,Parent,Parent,HRESULT,R_O
IModelMeasureNames,Count,Count,HRESULT,R_O
IModelMeasureNames,_Default,_Default,HRESULT,R_O
IModelMeasureNames,_NewEnum,_New Enum,HRESULT,R_O
IModelMeasures,Application,Application,HRESULT,R_O
IModelMeasures,Creator,Creator,HRESULT,R_O
IModelMeasures,Parent,Parent,HRESULT,R_O
IModelMeasures,Count,Count,HRESULT,R_O
IModelMeasures,_Default,_Default,HRESULT,R_O
IModelMeasures,_NewEnum,_New Enum,HRESULT,R_O
IModelRelationship,Application,Application,HRESULT,R_O
IModelRelationship,Creator,Creator,HRESULT,R_O
IModelRelationship,Parent,Parent,HRESULT,R_O
IModelRelationship,ForeignKeyTable,Foreign Key Table,HRESULT,R_O
IModelRelationship,ForeignKeyColumn,Foreign Key Column,HRESULT,R_O
IModelRelationship,PrimaryKeyTable,Primary Key Table,HRESULT,R_O
IModelRelationship,PrimaryKeyColumn,Primary Key Column,HRESULT,R_O
IModelRelationship,Active,Active,HRESULT,V
IModelRelationships,Application,Application,HRESULT,R_O
IModelRelationships,Creator,Creator,HRESULT,R_O
IModelRelationships,Parent,Parent,HRESULT,R_O
IModelRelationships,Count,Count,HRESULT,R_O
IModelRelationships,_Default,_Default,HRESULT,R_O
IModelRelationships,_NewEnum,_New Enum,HRESULT,R_O
IModelTable,Application,Application,HRESULT,R_O
IModelTable,Creator,Creator,HRESULT,R_O
IModelTable,Parent,Parent,HRESULT,R_O
IModelTable,Name,Name,HRESULT,R_O
IModelTable,SourceName,Source Name,HRESULT,R_O
IModelTable,ModelTableColumns,Model Table Columns,HRESULT,R_O
IModelTable,SourceWorkbookConnection,Source Workbook Connection,HRESULT,R_O
IModelTable,RecordCount,Record Count,HRESULT,R_O
IModelTableColumn,Application,Application,HRESULT,R_O
IModelTableColumn,Creator,Creator,HRESULT,R_O
IModelTableColumn,Parent,Parent,HRESULT,R_O
IModelTableColumn,Name,Name,HRESULT,R_O
IModelTableColumn,DataType,Data Type,HRESULT,R_O
IModelTableColumns,Application,Application,HRESULT,R_O
IModelTableColumns,Creator,Creator,HRESULT,R_O
IModelTableColumns,Parent,Parent,HRESULT,R_O
IModelTableColumns,Count,Count,HRESULT,R_O
IModelTableColumns,_Default,_Default,HRESULT,R_O
IModelTableColumns,_NewEnum,_New Enum,HRESULT,R_O
IModelTableNameChange,Application,Application,HRESULT,R_O
IModelTableNameChange,Creator,Creator,HRESULT,R_O
IModelTableNameChange,Parent,Parent,HRESULT,R_O
IModelTableNameChange,TableNameOld,Table Name Old,HRESULT,R_O
IModelTableNameChange,TableNameNew,Table Name New,HRESULT,R_O
IModelTableNameChanges,Application,Application,HRESULT,R_O
IModelTableNameChanges,Creator,Creator,HRESULT,R_O
IModelTableNameChanges,Parent,Parent,HRESULT,R_O
IModelTableNameChanges,Count,Count,HRESULT,R_O
IModelTableNameChanges,_Default,_Default,HRESULT,R_O
IModelTableNameChanges,_NewEnum,_New Enum,HRESULT,R_O
IModelTableNames,Application,Application,HRESULT,R_O
IModelTableNames,Creator,Creator,HRESULT,R_O
IModelTableNames,Parent,Parent,HRESULT,R_O
IModelTableNames,Count,Count,HRESULT,R_O
IModelTableNames,_Default,_Default,HRESULT,R_O
IModelTables,Application,Application,HRESULT,R_O
IModelTables,Creator,Creator,HRESULT,R_O
IModelTables,Parent,Parent,HRESULT,R_O
IModelTables,Count,Count,HRESULT,R_O
IModelTables,_Default,_Default,HRESULT,R_O
IModelTables,_NewEnum,_New Enum,HRESULT,R_O
IModule,Application,Application,HRESULT,R_O
IModule,Creator,Creator,HRESULT,R_O
IModule,Parent,Parent,HRESULT,R_O
IModule,CodeName,Code Name,HRESULT,R_O
IModule,_CodeName,_Code Name,HRESULT,V
IModule,Index,Index,HRESULT,R_O
IModule,Name,Name,HRESULT,V
IModule,Next,Next,HRESULT,R_O
IModule,PageSetup,Page Setup,HRESULT,R_O
IModule,Previous,Previous,HRESULT,R_O
IModule,ProtectContents,Protect Contents,HRESULT,R_O
IModule,ProtectionMode,Protection Mode,HRESULT,R_O
IModule,Visible,Visible,HRESULT,V
IModule,Shapes,Shapes,HRESULT,R_O
IModules,Application,Application,HRESULT,R_O
IModules,Creator,Creator,HRESULT,R_O
IModules,Parent,Parent,HRESULT,R_O
IModules,Count,Count,HRESULT,R_O
IModules,Item,Item,HRESULT,R_O
IModules,_NewEnum,_New Enum,HRESULT,R_O
IModules,HPageBreaks,H Page Breaks,HRESULT,R_O
IModules,VPageBreaks,V Page Breaks,HRESULT,R_O
IModules,Visible,Visible,HRESULT,V
IModules,_Default,_Default,HRESULT,R_O
IModuleView,Application,Application,HRESULT,R_O
IModuleView,Creator,Creator,HRESULT,R_O
IModuleView,Parent,Parent,HRESULT,R_O
IModuleView,Sheet,Sheet,HRESULT,R_O
IMultiThreadedCalculation,Application,Application,HRESULT,R_O
IMultiThreadedCalculation,Creator,Creator,HRESULT,R_O
IMultiThreadedCalculation,Parent,Parent,HRESULT,R_O
IMultiThreadedCalculation,Enabled,Enabled,HRESULT,V
IMultiThreadedCalculation,ThreadMode,Thread Mode,HRESULT,V
IMultiThreadedCalculation,ThreadCount,Thread Count,HRESULT,V
IName,Application,Application,HRESULT,R_O
IName,Creator,Creator,HRESULT,R_O
IName,Parent,Parent,HRESULT,R_O
IName,_Default,_Default,HRESULT,R_O
IName,Index,Index,HRESULT,R_O
IName,Category,Category,HRESULT,V
IName,CategoryLocal,Category Local,HRESULT,V
IName,MacroType,Macro Type,HRESULT,V
IName,Name,Name,HRESULT,V
IName,RefersTo,Refers To,HRESULT,V
IName,ShortcutKey,Shortcut Key,HRESULT,V
IName,Value,Value,HRESULT,V
IName,Visible,Visible,HRESULT,V
IName,NameLocal,Name Local,HRESULT,V
IName,RefersToLocal,Refers To Local,HRESULT,V
IName,RefersToR1C1,Refers To R1 C1,HRESULT,V
IName,RefersToR1C1Local,Refers To R1 C1 Local,HRESULT,V
IName,RefersToRange,Refers To Range,HRESULT,R_O
IName,Comment,Comment,HRESULT,V
IName,WorkbookParameter,Workbook Parameter,HRESULT,V
IName,ValidWorkbookParameter,Valid Workbook Parameter,HRESULT,R_O
INamedSheetView,Application,Application,HRESULT,R_O
INamedSheetView,Creator,Creator,HRESULT,R_O
INamedSheetView,Parent,Parent,HRESULT,R_O
INamedSheetView,Name,Name,HRESULT,V
INamedSheetViewCollection,Application,Application,HRESULT,R_O
INamedSheetViewCollection,Creator,Creator,HRESULT,R_O
INamedSheetViewCollection,Parent,Parent,HRESULT,R_O
INamedSheetViewCollection,Count,Count,HRESULT,R_O
INamedSheetViewCollection,_NewEnum,_New Enum,HRESULT,R_O
INames,Application,Application,HRESULT,R_O
INames,Creator,Creator,HRESULT,R_O
INames,Parent,Parent,HRESULT,R_O
INames,Count,Count,HRESULT,R_O
INames,_NewEnum,_New Enum,HRESULT,R_O
INegativeBarFormat,Application,Application,HRESULT,R_O
INegativeBarFormat,Creator,Creator,HRESULT,R_O
INegativeBarFormat,Parent,Parent,HRESULT,R_O
INegativeBarFormat,ColorType,Color Type,HRESULT,V
INegativeBarFormat,BorderColorType,Border Color Type,HRESULT,V
INegativeBarFormat,Color,Color,HRESULT,R_O
INegativeBarFormat,BorderColor,Border Color,HRESULT,R_O
Interior,Application,Application,Application,R_O
Interior,Creator,Creator,XlCreator,R_O
Interior,Parent,Parent,Object,R_O
Interior,Color,Color,Variant,V
Interior,ColorIndex,Color Index,Variant,V
Interior,InvertIfNegative,Invert If Negative,Variant,V
Interior,Pattern,Pattern,Variant,V
Interior,PatternColor,Pattern Color,Variant,V
Interior,PatternColorIndex,Pattern Color Index,Variant,V
Interior,ThemeColor,Theme Color,Variant,V
Interior,TintAndShade,Tint And Shade,Variant,V
Interior,PatternThemeColor,Pattern Theme Color,Variant,V
Interior,PatternTintAndShade,Pattern Tint And Shade,Variant,V
Interior,Gradient,Gradient,Object,R_O
IODBCConnection,Application,Application,HRESULT,R_O
IODBCConnection,Creator,Creator,HRESULT,R_O
IODBCConnection,Parent,Parent,HRESULT,R_O
IODBCConnection,BackgroundQuery,Background Query,HRESULT,V
IODBCConnection,CommandText,Command Text,HRESULT,V
IODBCConnection,CommandType,Command Type,HRESULT,V
IODBCConnection,Connection,Connection,HRESULT,V
IODBCConnection,EnableRefresh,Enable Refresh,HRESULT,V
IODBCConnection,RefreshDate,Refresh Date,HRESULT,R_O
IODBCConnection,Refreshing,Refreshing,HRESULT,R_O
IODBCConnection,RefreshOnFileOpen,Refresh On File Open,HRESULT,V
IODBCConnection,RefreshPeriod,Refresh Period,HRESULT,V
IODBCConnection,RobustConnect,Robust Connect,HRESULT,V
IODBCConnection,SavePassword,Save Password,HRESULT,V
IODBCConnection,SourceConnectionFile,Source Connection File,HRESULT,V
IODBCConnection,SourceData,Source Data,HRESULT,V
IODBCConnection,SourceDataFile,Source Data File,HRESULT,V
IODBCConnection,ServerCredentialsMethod,Server Credentials Method,HRESULT,V
IODBCConnection,ServerSSOApplicationID,Server SSO Application ID,HRESULT,V
IODBCConnection,AlwaysUseConnectionFile,Always Use Connection File,HRESULT,V
IODBCError,Application,Application,HRESULT,R_O
IODBCError,Creator,Creator,HRESULT,R_O
IODBCError,Parent,Parent,HRESULT,R_O
IODBCError,SqlState,Sql State,HRESULT,R_O
IODBCError,ErrorString,Error String,HRESULT,R_O
IODBCErrors,Application,Application,HRESULT,R_O
IODBCErrors,Creator,Creator,HRESULT,R_O
IODBCErrors,Parent,Parent,HRESULT,R_O
IODBCErrors,Count,Count,HRESULT,R_O
IODBCErrors,_Default,_Default,HRESULT,R_O
IOLEDBConnection,Application,Application,HRESULT,R_O
IOLEDBConnection,Creator,Creator,HRESULT,R_O
IOLEDBConnection,Parent,Parent,HRESULT,R_O
IOLEDBConnection,ADOConnection,ADO Connection,HRESULT,R_O
IOLEDBConnection,BackgroundQuery,Background Query,HRESULT,V
IOLEDBConnection,CommandText,Command Text,HRESULT,V
IOLEDBConnection,CommandType,Command Type,HRESULT,V
IOLEDBConnection,Connection,Connection,HRESULT,V
IOLEDBConnection,EnableRefresh,Enable Refresh,HRESULT,V
IOLEDBConnection,LocalConnection,Local Connection,HRESULT,V
IOLEDBConnection,MaintainConnection,Maintain Connection,HRESULT,V
IOLEDBConnection,RefreshDate,Refresh Date,HRESULT,R_O
IOLEDBConnection,Refreshing,Refreshing,HRESULT,R_O
IOLEDBConnection,RefreshOnFileOpen,Refresh On File Open,HRESULT,V
IOLEDBConnection,RefreshPeriod,Refresh Period,HRESULT,V
IOLEDBConnection,RobustConnect,Robust Connect,HRESULT,V
IOLEDBConnection,SavePassword,Save Password,HRESULT,V
IOLEDBConnection,SourceConnectionFile,Source Connection File,HRESULT,V
IOLEDBConnection,SourceDataFile,Source Data File,HRESULT,V
IOLEDBConnection,OLAP,OLAP,HRESULT,R_O
IOLEDBConnection,UseLocalConnection,Use Local Connection,HRESULT,V
IOLEDBConnection,MaxDrillthroughRecords,Max Drillthrough Records,HRESULT,V
IOLEDBConnection,IsConnected,Is Connected,HRESULT,R_O
IOLEDBConnection,ServerCredentialsMethod,Server Credentials Method,HRESULT,V
IOLEDBConnection,ServerSSOApplicationID,Server SSO Application ID,HRESULT,V
IOLEDBConnection,AlwaysUseConnectionFile,Always Use Connection File,HRESULT,V
IOLEDBConnection,ServerFillColor,Server Fill Color,HRESULT,V
IOLEDBConnection,ServerFontStyle,Server Font Style,HRESULT,V
IOLEDBConnection,ServerNumberFormat,Server Number Format,HRESULT,V
IOLEDBConnection,ServerTextColor,Server Text Color,HRESULT,V
IOLEDBConnection,RetrieveInOfficeUILang,Retrieve In Office UI Lang,HRESULT,V
IOLEDBConnection,CalculatedMembers,Calculated Members,HRESULT,R_O
IOLEDBConnection,LocaleID,Locale ID,HRESULT,V
IOLEDBError,Application,Application,HRESULT,R_O
IOLEDBError,Creator,Creator,HRESULT,R_O
IOLEDBError,Parent,Parent,HRESULT,R_O
IOLEDBError,SqlState,Sql State,HRESULT,R_O
IOLEDBError,ErrorString,Error String,HRESULT,R_O
IOLEDBError,Native,Native,HRESULT,R_O
IOLEDBError,Number,Number,HRESULT,R_O
IOLEDBError,Stage,Stage,HRESULT,R_O
IOLEDBErrors,Application,Application,HRESULT,R_O
IOLEDBErrors,Creator,Creator,HRESULT,R_O
IOLEDBErrors,Parent,Parent,HRESULT,R_O
IOLEDBErrors,Count,Count,HRESULT,R_O
IOLEDBErrors,_Default,_Default,HRESULT,R_O
IOLEFormat,Application,Application,HRESULT,R_O
IOLEFormat,Creator,Creator,HRESULT,R_O
IOLEFormat,Parent,Parent,HRESULT,R_O
IOLEFormat,Object,Object,HRESULT,R_O
IOLEFormat,progID,prog ID,HRESULT,R_O
IOLEObject,Application,Application,HRESULT,R_O
IOLEObject,Creator,Creator,HRESULT,R_O
IOLEObject,Parent,Parent,HRESULT,R_O
IOLEObject,BottomRightCell,Bottom Right Cell,HRESULT,R_O
IOLEObject,Enabled,Enabled,HRESULT,V
IOLEObject,Height,Height,HRESULT,V
IOLEObject,Index,Index,HRESULT,R_O
IOLEObject,Left,Left,HRESULT,V
IOLEObject,Locked,Locked,HRESULT,V
IOLEObject,Name,Name,HRESULT,V
IOLEObject,Placement,Placement,HRESULT,V
IOLEObject,PrintObject,Print Object,HRESULT,V
IOLEObject,Top,Top,HRESULT,V
IOLEObject,TopLeftCell,Top Left Cell,HRESULT,R_O
IOLEObject,Visible,Visible,HRESULT,V
IOLEObject,Width,Width,HRESULT,V
IOLEObject,ZOrder,Z Order,HRESULT,R_O
IOLEObject,ShapeRange,Shape Range,HRESULT,R_O
IOLEObject,Border,Border,HRESULT,R_O
IOLEObject,Interior,Interior,HRESULT,R_O
IOLEObject,Shadow,Shadow,HRESULT,V
IOLEObject,AutoLoad,Auto Load,HRESULT,V
IOLEObject,AutoUpdate,Auto Update,HRESULT,V
IOLEObject,Object,Object,HRESULT,R_O
IOLEObject,OLEType,OLE Type,HRESULT,R_O
IOLEObject,SourceName,Source Name,HRESULT,V
IOLEObject,LinkedCell,Linked Cell,HRESULT,V
IOLEObject,ListFillRange,List Fill Range,HRESULT,V
IOLEObject,progID,prog ID,HRESULT,R_O
IOLEObjects,Application,Application,HRESULT,R_O
IOLEObjects,Creator,Creator,HRESULT,R_O
IOLEObjects,Parent,Parent,HRESULT,R_O
IOLEObjects,Enabled,Enabled,HRESULT,V
IOLEObjects,Height,Height,HRESULT,V
IOLEObjects,Left,Left,HRESULT,V
IOLEObjects,Locked,Locked,HRESULT,V
IOLEObjects,Placement,Placement,HRESULT,V
IOLEObjects,PrintObject,Print Object,HRESULT,V
IOLEObjects,Top,Top,HRESULT,V
IOLEObjects,Visible,Visible,HRESULT,V
IOLEObjects,Width,Width,HRESULT,V
IOLEObjects,ZOrder,Z Order,HRESULT,R_O
IOLEObjects,ShapeRange,Shape Range,HRESULT,R_O
IOLEObjects,Border,Border,HRESULT,R_O
IOLEObjects,Interior,Interior,HRESULT,R_O
IOLEObjects,Shadow,Shadow,HRESULT,V
IOLEObjects,AutoLoad,Auto Load,HRESULT,V
IOLEObjects,SourceName,Source Name,HRESULT,V
IOLEObjects,Count,Count,HRESULT,R_O
IOptionButton,Application,Application,HRESULT,R_O
IOptionButton,Creator,Creator,HRESULT,R_O
IOptionButton,Parent,Parent,HRESULT,R_O
IOptionButton,BottomRightCell,Bottom Right Cell,HRESULT,R_O
IOptionButton,Enabled,Enabled,HRESULT,V
IOptionButton,Height,Height,HRESULT,V
IOptionButton,Index,Index,HRESULT,R_O
IOptionButton,Left,Left,HRESULT,V
IOptionButton,Locked,Locked,HRESULT,V
IOptionButton,Name,Name,HRESULT,V
IOptionButton,Placement,Placement,HRESULT,V
IOptionButton,PrintObject,Print Object,HRESULT,V
IOptionButton,Top,Top,HRESULT,V
IOptionButton,TopLeftCell,Top Left Cell,HRESULT,R_O
IOptionButton,Visible,Visible,HRESULT,V
IOptionButton,Width,Width,HRESULT,V
IOptionButton,ZOrder,Z Order,HRESULT,R_O
IOptionButton,ShapeRange,Shape Range,HRESULT,R_O
IOptionButton,Caption,Caption,HRESULT,V
IOptionButton,Characters,Characters,HRESULT,R_O
IOptionButton,LockedText,Locked Text,HRESULT,V
IOptionButton,Text,Text,HRESULT,V
IOptionButton,Accelerator,Accelerator,HRESULT,V
IOptionButton,Border,Border,HRESULT,R_O
IOptionButton,_Default,_Default,HRESULT,V
IOptionButton,Display3DShading,Display3 D Shading,HRESULT,V
IOptionButton,Interior,Interior,HRESULT,R_O
IOptionButton,LinkedCell,Linked Cell,HRESULT,V
IOptionButton,PhoneticAccelerator,Phonetic Accelerator,HRESULT,V
IOptionButton,Value,Value,HRESULT,V
IOptionButton,GroupBox,Group Box,HRESULT,R_O
IOptionButtons,Application,Application,HRESULT,R_O
IOptionButtons,Creator,Creator,HRESULT,R_O
IOptionButtons,Parent,Parent,HRESULT,R_O
IOptionButtons,Enabled,Enabled,HRESULT,V
IOptionButtons,Height,Height,HRESULT,V
IOptionButtons,Left,Left,HRESULT,V
IOptionButtons,Locked,Locked,HRESULT,V
IOptionButtons,Placement,Placement,HRESULT,V
IOptionButtons,PrintObject,Print Object,HRESULT,V
IOptionButtons,Top,Top,HRESULT,V
IOptionButtons,Visible,Visible,HRESULT,V
IOptionButtons,Width,Width,HRESULT,V
IOptionButtons,ZOrder,Z Order,HRESULT,R_O
IOptionButtons,ShapeRange,Shape Range,HRESULT,R_O
IOptionButtons,Caption,Caption,HRESULT,V
IOptionButtons,Characters,Characters,HRESULT,R_O
IOptionButtons,LockedText,Locked Text,HRESULT,V
IOptionButtons,Text,Text,HRESULT,V
IOptionButtons,Accelerator,Accelerator,HRESULT,V
IOptionButtons,Border,Border,HRESULT,R_O
IOptionButtons,_Default,_Default,HRESULT,V
IOptionButtons,Display3DShading,Display3 D Shading,HRESULT,V
IOptionButtons,Interior,Interior,HRESULT,R_O
IOptionButtons,LinkedCell,Linked Cell,HRESULT,V
IOptionButtons,PhoneticAccelerator,Phonetic Accelerator,HRESULT,V
IOptionButtons,Value,Value,HRESULT,V
IOptionButtons,GroupBox,Group Box,HRESULT,R_O
IOptionButtons,Count,Count,HRESULT,R_O
IOutline,Application,Application,HRESULT,R_O
IOutline,Creator,Creator,HRESULT,R_O
IOutline,Parent,Parent,HRESULT,R_O
IOutline,AutomaticStyles,Automatic Styles,HRESULT,V
IOutline,SummaryColumn,Summary Column,HRESULT,V
IOutline,SummaryRow,Summary Row,HRESULT,V
IOval,Application,Application,HRESULT,R_O
IOval,Creator,Creator,HRESULT,R_O
IOval,Parent,Parent,HRESULT,R_O
IOval,BottomRightCell,Bottom Right Cell,HRESULT,R_O
IOval,Enabled,Enabled,HRESULT,V
IOval,Height,Height,HRESULT,V
IOval,Index,Index,HRESULT,R_O
IOval,Left,Left,HRESULT,V
IOval,Locked,Locked,HRESULT,V
IOval,Name,Name,HRESULT,V
IOval,Placement,Placement,HRESULT,V
IOval,PrintObject,Print Object,HRESULT,V
IOval,Top,Top,HRESULT,V
IOval,TopLeftCell,Top Left Cell,HRESULT,R_O
IOval,Visible,Visible,HRESULT,V
IOval,Width,Width,HRESULT,V
IOval,ZOrder,Z Order,HRESULT,R_O
IOval,ShapeRange,Shape Range,HRESULT,R_O
IOval,AddIndent,Add Indent,HRESULT,V
IOval,AutoScaleFont,Auto Scale Font,HRESULT,V
IOval,AutoSize,Auto Size,HRESULT,V
IOval,Caption,Caption,HRESULT,V
IOval,Characters,Characters,HRESULT,R_O
IOval,Font,Font,HRESULT,R_O
IOval,Formula,Formula,HRESULT,V
IOval,HorizontalAlignment,Horizontal Alignment,HRESULT,V
IOval,LockedText,Locked Text,HRESULT,V
IOval,Orientation,Orientation,HRESULT,V
IOval,Text,Text,HRESULT,V
IOval,VerticalAlignment,Vertical Alignment,HRESULT,V
IOval,ReadingOrder,Reading Order,HRESULT,V
IOval,Border,Border,HRESULT,R_O
IOval,Interior,Interior,HRESULT,R_O
IOval,Shadow,Shadow,HRESULT,V
IOvals,Application,Application,HRESULT,R_O
IOvals,Creator,Creator,HRESULT,R_O
IOvals,Parent,Parent,HRESULT,R_O
IOvals,Enabled,Enabled,HRESULT,V
IOvals,Height,Height,HRESULT,V
IOvals,Left,Left,HRESULT,V
IOvals,Locked,Locked,HRESULT,V
IOvals,Placement,Placement,HRESULT,V
IOvals,PrintObject,Print Object,HRESULT,V
IOvals,Top,Top,HRESULT,V
IOvals,Visible,Visible,HRESULT,V
IOvals,Width,Width,HRESULT,V
IOvals,ZOrder,Z Order,HRESULT,R_O
IOvals,ShapeRange,Shape Range,HRESULT,R_O
IOvals,AddIndent,Add Indent,HRESULT,V
IOvals,AutoScaleFont,Auto Scale Font,HRESULT,V
IOvals,AutoSize,Auto Size,HRESULT,V
IOvals,Caption,Caption,HRESULT,V
IOvals,Characters,Characters,HRESULT,R_O
IOvals,Font,Font,HRESULT,R_O
IOvals,Formula,Formula,HRESULT,V
IOvals,HorizontalAlignment,Horizontal Alignment,HRESULT,V
IOvals,LockedText,Locked Text,HRESULT,V
IOvals,Orientation,Orientation,HRESULT,V
IOvals,Text,Text,HRESULT,V
IOvals,VerticalAlignment,Vertical Alignment,HRESULT,V
IOvals,ReadingOrder,Reading Order,HRESULT,V
IOvals,Border,Border,HRESULT,R_O
IOvals,Interior,Interior,HRESULT,R_O
IOvals,Shadow,Shadow,HRESULT,V
IOvals,Count,Count,HRESULT,R_O
IPage,LeftHeader,Left Header,HRESULT,R_O
IPage,CenterHeader,Center Header,HRESULT,R_O
IPage,RightHeader,Right Header,HRESULT,R_O
IPage,LeftFooter,Left Footer,HRESULT,R_O
IPage,CenterFooter,Center Footer,HRESULT,R_O
IPage,RightFooter,Right Footer,HRESULT,R_O
IPages,Item,Item,HRESULT,R_O
IPages,_Default,_Default,HRESULT,R_O
IPages,Count,Count,HRESULT,R_O
IPages,_NewEnum,_New Enum,HRESULT,R_O
IPageSetup,Application,Application,HRESULT,R_O
IPageSetup,Creator,Creator,HRESULT,R_O
IPageSetup,Parent,Parent,HRESULT,R_O
IPageSetup,BlackAndWhite,Black And White,HRESULT,V
IPageSetup,BottomMargin,Bottom Margin,HRESULT,V
IPageSetup,CenterFooter,Center Footer,HRESULT,V
IPageSetup,CenterHeader,Center Header,HRESULT,V
IPageSetup,CenterHorizontally,Center Horizontally,HRESULT,V
IPageSetup,CenterVertically,Center Vertically,HRESULT,V
IPageSetup,Draft,Draft,HRESULT,V
IPageSetup,FirstPageNumber,First Page Number,HRESULT,V
IPageSetup,FitToPagesTall,Fit To Pages Tall,HRESULT,V
IPageSetup,FitToPagesWide,Fit To Pages Wide,HRESULT,V
IPageSetup,FooterMargin,Footer Margin,HRESULT,V
IPageSetup,HeaderMargin,Header Margin,HRESULT,V
IPageSetup,LeftFooter,Left Footer,HRESULT,V
IPageSetup,LeftHeader,Left Header,HRESULT,V
IPageSetup,LeftMargin,Left Margin,HRESULT,V
IPageSetup,Order,Order,HRESULT,V
IPageSetup,Orientation,Orientation,HRESULT,V
IPageSetup,PaperSize,Paper Size,HRESULT,V
IPageSetup,PrintArea,Print Area,HRESULT,V
IPageSetup,PrintGridlines,Print Gridlines,HRESULT,V
IPageSetup,PrintHeadings,Print Headings,HRESULT,V
IPageSetup,PrintNotes,Print Notes,HRESULT,V
IPageSetup,PrintQuality,Print Quality,HRESULT,V
IPageSetup,PrintTitleColumns,Print Title Columns,HRESULT,V
IPageSetup,PrintTitleRows,Print Title Rows,HRESULT,V
IPageSetup,RightFooter,Right Footer,HRESULT,V
IPageSetup,RightHeader,Right Header,HRESULT,V
IPageSetup,RightMargin,Right Margin,HRESULT,V
IPageSetup,TopMargin,Top Margin,HRESULT,V
IPageSetup,Zoom,Zoom,HRESULT,V
IPageSetup,PrintComments,Print Comments,HRESULT,V
IPageSetup,PrintErrors,Print Errors,HRESULT,V
IPageSetup,CenterHeaderPicture,Center Header Picture,HRESULT,R_O
IPageSetup,CenterFooterPicture,Center Footer Picture,HRESULT,R_O
IPageSetup,LeftHeaderPicture,Left Header Picture,HRESULT,R_O
IPageSetup,LeftFooterPicture,Left Footer Picture,HRESULT,R_O
IPageSetup,RightHeaderPicture,Right Header Picture,HRESULT,R_O
IPageSetup,RightFooterPicture,Right Footer Picture,HRESULT,R_O
IPageSetup,OddAndEvenPagesHeaderFooter,Odd And Even Pages Header Footer,HRESULT,V
IPageSetup,DifferentFirstPageHeaderFooter,Different First Page Header Footer,HRESULT,V
IPageSetup,ScaleWithDocHeaderFooter,Scale With Doc Header Footer,HRESULT,V
IPageSetup,AlignMarginsHeaderFooter,Align Margins Header Footer,HRESULT,V
IPageSetup,Pages,Pages,HRESULT,R_O
IPageSetup,EvenPage,Even Page,HRESULT,R_O
IPageSetup,FirstPage,First Page,HRESULT,R_O
IPane,Application,Application,HRESULT,R_O
IPane,Creator,Creator,HRESULT,R_O
IPane,Parent,Parent,HRESULT,R_O
IPane,Index,Index,HRESULT,R_O
IPane,ScrollColumn,Scroll Column,HRESULT,V
IPane,ScrollRow,Scroll Row,HRESULT,V
IPane,VisibleRange,Visible Range,HRESULT,R_O
IPanes,Application,Application,HRESULT,R_O
IPanes,Creator,Creator,HRESULT,R_O
IPanes,Parent,Parent,HRESULT,R_O
IPanes,Count,Count,HRESULT,R_O
IPanes,Item,Item,HRESULT,R_O
IPanes,_Default,_Default,HRESULT,R_O
IParameter,Application,Application,HRESULT,R_O
IParameter,Creator,Creator,HRESULT,R_O
IParameter,Parent,Parent,HRESULT,R_O
IParameter,DataType,Data Type,HRESULT,V
IParameter,Type,Type,HRESULT,R_O
IParameter,PromptString,Prompt String,HRESULT,R_O
IParameter,Value,Value,HRESULT,R_O
IParameter,SourceRange,Source Range,HRESULT,R_O
IParameter,Name,Name,HRESULT,V
IParameter,RefreshOnChange,Refresh On Change,HRESULT,V
IParameters,Application,Application,HRESULT,R_O
IParameters,Creator,Creator,HRESULT,R_O
IParameters,Parent,Parent,HRESULT,R_O
IParameters,Count,Count,HRESULT,R_O
IParameters,_Default,_Default,HRESULT,R_O
IPhonetic,Application,Application,HRESULT,R_O
IPhonetic,Creator,Creator,HRESULT,R_O
IPhonetic,Parent,Parent,HRESULT,R_O
IPhonetic,Visible,Visible,HRESULT,V
IPhonetic,CharacterType,Character Type,HRESULT,V
IPhonetic,Alignment,Alignment,HRESULT,V
IPhonetic,Font,Font,HRESULT,R_O
IPhonetic,Text,Text,HRESULT,V
IPhonetics,Application,Application,HRESULT,R_O
IPhonetics,Creator,Creator,HRESULT,R_O
IPhonetics,Parent,Parent,HRESULT,R_O
IPhonetics,Count,Count,HRESULT,R_O
IPhonetics,Start,Start,HRESULT,R_O
IPhonetics,Length,Length,HRESULT,R_O
IPhonetics,Visible,Visible,HRESULT,V
IPhonetics,CharacterType,Character Type,HRESULT,V
IPhonetics,Alignment,Alignment,HRESULT,V
IPhonetics,Font,Font,HRESULT,R_O
IPhonetics,Item,Item,HRESULT,R_O
IPhonetics,Text,Text,HRESULT,V
IPhonetics,_Default,_Default,HRESULT,R_O
IPhonetics,_NewEnum,_New Enum,HRESULT,R_O
IPicture,Application,Application,HRESULT,R_O
IPicture,Creator,Creator,HRESULT,R_O
IPicture,Parent,Parent,HRESULT,R_O
IPicture,BottomRightCell,Bottom Right Cell,HRESULT,R_O
IPicture,Enabled,Enabled,HRESULT,V
IPicture,Height,Height,HRESULT,V
IPicture,Index,Index,HRESULT,R_O
IPicture,Left,Left,HRESULT,V
IPicture,Locked,Locked,HRESULT,V
IPicture,Name,Name,HRESULT,V
IPicture,Placement,Placement,HRESULT,V
IPicture,PrintObject,Print Object,HRESULT,V
IPicture,Top,Top,HRESULT,V
IPicture,TopLeftCell,Top Left Cell,HRESULT,R_O
IPicture,Visible,Visible,HRESULT,V
IPicture,Width,Width,HRESULT,V
IPicture,ZOrder,Z Order,HRESULT,R_O
IPicture,ShapeRange,Shape Range,HRESULT,R_O
IPicture,Border,Border,HRESULT,R_O
IPicture,Interior,Interior,HRESULT,R_O
IPicture,Shadow,Shadow,HRESULT,V
IPicture,Formula,Formula,HRESULT,V
IPictures,Application,Application,HRESULT,R_O
IPictures,Creator,Creator,HRESULT,R_O
IPictures,Parent,Parent,HRESULT,R_O
IPictures,Enabled,Enabled,HRESULT,V
IPictures,Height,Height,HRESULT,V
IPictures,Left,Left,HRESULT,V
IPictures,Locked,Locked,HRESULT,V
IPictures,Placement,Placement,HRESULT,V
IPictures,PrintObject,Print Object,HRESULT,V
IPictures,Top,Top,HRESULT,V
IPictures,Visible,Visible,HRESULT,V
IPictures,Width,Width,HRESULT,V
IPictures,ZOrder,Z Order,HRESULT,R_O
IPictures,ShapeRange,Shape Range,HRESULT,R_O
IPictures,Border,Border,HRESULT,R_O
IPictures,Interior,Interior,HRESULT,R_O
IPictures,Shadow,Shadow,HRESULT,V
IPictures,Formula,Formula,HRESULT,V
IPictures,Count,Count,HRESULT,R_O
IPivotAxis,Application,Application,HRESULT,R_O
IPivotAxis,Creator,Creator,HRESULT,R_O
IPivotAxis,Parent,Parent,HRESULT,R_O
IPivotAxis,PivotLines,Pivot Lines,HRESULT,R_O
IPivotCache,Application,Application,HRESULT,R_O
IPivotCache,Creator,Creator,HRESULT,R_O
IPivotCache,Parent,Parent,HRESULT,R_O
IPivotCache,BackgroundQuery,Background Query,HRESULT,V
IPivotCache,Connection,Connection,HRESULT,V
IPivotCache,EnableRefresh,Enable Refresh,HRESULT,V
IPivotCache,Index,Index,HRESULT,R_O
IPivotCache,MemoryUsed,Memory Used,HRESULT,R_O
IPivotCache,OptimizeCache,Optimize Cache,HRESULT,V
IPivotCache,RecordCount,Record Count,HRESULT,R_O
IPivotCache,RefreshDate,Refresh Date,HRESULT,R_O
IPivotCache,RefreshName,Refresh Name,HRESULT,R_O
IPivotCache,RefreshOnFileOpen,Refresh On File Open,HRESULT,V
IPivotCache,SavePassword,Save Password,HRESULT,V
IPivotCache,SourceData,Source Data,HRESULT,V
IPivotCache,CommandText,Command Text,HRESULT,V
IPivotCache,CommandType,Command Type,HRESULT,V
IPivotCache,QueryType,Query Type,HRESULT,R_O
IPivotCache,MaintainConnection,Maintain Connection,HRESULT,V
IPivotCache,RefreshPeriod,Refresh Period,HRESULT,V
IPivotCache,Recordset,Recordset,HRESULT,V
IPivotCache,LocalConnection,Local Connection,HRESULT,V
IPivotCache,UseLocalConnection,Use Local Connection,HRESULT,V
IPivotCache,ADOConnection,ADO Connection,HRESULT,R_O
IPivotCache,IsConnected,Is Connected,HRESULT,R_O
IPivotCache,OLAP,OLAP,HRESULT,R_O
IPivotCache,SourceType,Source Type,HRESULT,R_O
IPivotCache,MissingItemsLimit,Missing Items Limit,HRESULT,V
IPivotCache,SourceConnectionFile,Source Connection File,HRESULT,V
IPivotCache,SourceDataFile,Source Data File,HRESULT,R_O
IPivotCache,RobustConnect,Robust Connect,HRESULT,V
IPivotCache,WorkbookConnection,Workbook Connection,HRESULT,R_O
IPivotCache,Version,Version,HRESULT,R_O
IPivotCache,UpgradeOnRefresh,Upgrade On Refresh,HRESULT,V
IPivotCaches,Application,Application,HRESULT,R_O
IPivotCaches,Creator,Creator,HRESULT,R_O
IPivotCaches,Parent,Parent,HRESULT,R_O
IPivotCaches,Count,Count,HRESULT,R_O
IPivotCaches,_Default,_Default,HRESULT,R_O
IPivotCell,Application,Application,HRESULT,R_O
IPivotCell,Creator,Creator,HRESULT,R_O
IPivotCell,Parent,Parent,HRESULT,R_O
IPivotCell,PivotCellType,Pivot Cell Type,HRESULT,R_O
IPivotCell,PivotTable,Pivot Table,HRESULT,R_O
IPivotCell,DataField,Data Field,HRESULT,R_O
IPivotCell,PivotField,Pivot Field,HRESULT,R_O
IPivotCell,PivotItem,Pivot Item,HRESULT,R_O
IPivotCell,RowItems,Row Items,HRESULT,R_O
IPivotCell,ColumnItems,Column Items,HRESULT,R_O
IPivotCell,Range,Range,HRESULT,R_O
IPivotCell,CustomSubtotalFunction,Custom Subtotal Function,HRESULT,R_O
IPivotCell,PivotRowLine,Pivot Row Line,HRESULT,R_O
IPivotCell,PivotColumnLine,Pivot Column Line,HRESULT,R_O
IPivotCell,DataSourceValue,Data Source Value,HRESULT,R_O
IPivotCell,CellChanged,Cell Changed,HRESULT,R_O
IPivotCell,MDX,MDX,HRESULT,R_O
IPivotCell,ServerActions,Server Actions,HRESULT,R_O
IPivotField,Application,Application,HRESULT,R_O
IPivotField,Creator,Creator,HRESULT,R_O
IPivotField,Parent,Parent,HRESULT,R_O
IPivotField,Calculation,Calculation,HRESULT,V
IPivotField,ChildField,Child Field,HRESULT,R_O
IPivotField,ChildItems,Child Items,HRESULT,R_O
IPivotField,CurrentPage,Current Page,HRESULT,V
IPivotField,DataRange,Data Range,HRESULT,R_O
IPivotField,DataType,Data Type,HRESULT,R_O
IPivotField,_Default,_Default,HRESULT,V
IPivotField,Function,Function,HRESULT,V
IPivotField,GroupLevel,Group Level,HRESULT,R_O
IPivotField,HiddenItems,Hidden Items,HRESULT,R_O
IPivotField,LabelRange,Label Range,HRESULT,R_O
IPivotField,Name,Name,HRESULT,V
IPivotField,NumberFormat,Number Format,HRESULT,V
IPivotField,Orientation,Orientation,HRESULT,V
IPivotField,ShowAllItems,Show All Items,HRESULT,V
IPivotField,ParentField,Parent Field,HRESULT,R_O
IPivotField,ParentItems,Parent Items,HRESULT,R_O
IPivotField,Position,Position,HRESULT,V
IPivotField,SourceName,Source Name,HRESULT,R_O
IPivotField,Subtotals,Subtotals,HRESULT,V
IPivotField,BaseField,Base Field,HRESULT,V
IPivotField,BaseItem,Base Item,HRESULT,V
IPivotField,TotalLevels,Total Levels,HRESULT,R_O
IPivotField,Value,Value,HRESULT,V
IPivotField,VisibleItems,Visible Items,HRESULT,R_O
IPivotField,DragToColumn,Drag To Column,HRESULT,V
IPivotField,DragToHide,Drag To Hide,HRESULT,V
IPivotField,DragToPage,Drag To Page,HRESULT,V
IPivotField,DragToRow,Drag To Row,HRESULT,V
IPivotField,DragToData,Drag To Data,HRESULT,V
IPivotField,Formula,Formula,HRESULT,V
IPivotField,IsCalculated,Is Calculated,HRESULT,R_O
IPivotField,MemoryUsed,Memory Used,HRESULT,R_O
IPivotField,ServerBased,Server Based,HRESULT,V
IPivotField,AutoSortOrder,Auto Sort Order,HRESULT,R_O
IPivotField,AutoSortField,Auto Sort Field,HRESULT,R_O
IPivotField,AutoShowType,Auto Show Type,HRESULT,R_O
IPivotField,AutoShowRange,Auto Show Range,HRESULT,R_O
IPivotField,AutoShowCount,Auto Show Count,HRESULT,R_O
IPivotField,AutoShowField,Auto Show Field,HRESULT,R_O
IPivotField,LayoutBlankLine,Layout Blank Line,HRESULT,V
IPivotField,LayoutSubtotalLocation,Layout Subtotal Location,HRESULT,V
IPivotField,LayoutPageBreak,Layout Page Break,HRESULT,V
IPivotField,LayoutForm,Layout Form,HRESULT,V
IPivotField,SubtotalName,Subtotal Name,HRESULT,V
IPivotField,Caption,Caption,HRESULT,V
IPivotField,DrilledDown,Drilled Down,HRESULT,V
IPivotField,CubeField,Cube Field,HRESULT,R_O
IPivotField,CurrentPageName,Current Page Name,HRESULT,V
IPivotField,StandardFormula,Standard Formula,HRESULT,V
IPivotField,HiddenItemsList,Hidden Items List,HRESULT,V
IPivotField,DatabaseSort,Database Sort,HRESULT,V
IPivotField,IsMemberProperty,Is Member Property,HRESULT,R_O
IPivotField,PropertyParentField,Property Parent Field,HRESULT,R_O
IPivotField,PropertyOrder,Property Order,HRESULT,V
IPivotField,EnableItemSelection,Enable Item Selection,HRESULT,V
IPivotField,CurrentPageList,Current Page List,HRESULT,V
IPivotField,Hidden,Hidden,HRESULT,V
IPivotField,UseMemberPropertyAsCaption,Use Member Property As Caption,HRESULT,V
IPivotField,MemberPropertyCaption,Member Property Caption,HRESULT,V
IPivotField,DisplayAsTooltip,Display As Tooltip,HRESULT,V
IPivotField,DisplayInReport,Display In Report,HRESULT,V
IPivotField,DisplayAsCaption,Display As Caption,HRESULT,R_O
IPivotField,LayoutCompactRow,Layout Compact Row,HRESULT,V
IPivotField,IncludeNewItemsInFilter,Include New Items In Filter,HRESULT,V
IPivotField,VisibleItemsList,Visible Items List,HRESULT,V
IPivotField,PivotFilters,Pivot Filters,HRESULT,R_O
IPivotField,AutoSortPivotLine,Auto Sort Pivot Line,HRESULT,R_O
IPivotField,AutoSortCustomSubtotal,Auto Sort Custom Subtotal,HRESULT,R_O
IPivotField,ShowingInAxis,Showing In Axis,HRESULT,R_O
IPivotField,EnableMultiplePageItems,Enable Multiple Page Items,HRESULT,V
IPivotField,AllItemsVisible,All Items Visible,HRESULT,R_O
IPivotField,SourceCaption,Source Caption,HRESULT,R_O
IPivotField,ShowDetail,Show Detail,HRESULT,V
IPivotField,RepeatLabels,Repeat Labels,HRESULT,V
IPivotFields,Application,Application,HRESULT,R_O
IPivotFields,Creator,Creator,HRESULT,R_O
IPivotFields,Parent,Parent,HRESULT,R_O
IPivotFields,Count,Count,HRESULT,R_O
IPivotFilter,Application,Application,HRESULT,R_O
IPivotFilter,Creator,Creator,HRESULT,R_O
IPivotFilter,Parent,Parent,HRESULT,R_O
IPivotFilter,Order,Order,HRESULT,V
IPivotFilter,FilterType,Filter Type,HRESULT,R_O
IPivotFilter,Name,Name,HRESULT,R_O
IPivotFilter,Description,Description,HRESULT,R_O
IPivotFilter,Active,Active,HRESULT,R_O
IPivotFilter,PivotField,Pivot Field,HRESULT,R_O
IPivotFilter,DataField,Data Field,HRESULT,R_O
IPivotFilter,DataCubeField,Data Cube Field,HRESULT,R_O
IPivotFilter,Value1,Value1,HRESULT,R_O
IPivotFilter,Value2,Value2,HRESULT,R_O
IPivotFilter,MemberPropertyField,Member Property Field,HRESULT,R_O
IPivotFilter,IsMemberPropertyFilter,Is Member Property Filter,HRESULT,R_O
IPivotFilter,WholeDayFilter,Whole Day Filter,HRESULT,V
IPivotFilters,Application,Application,HRESULT,R_O
IPivotFilters,Creator,Creator,HRESULT,R_O
IPivotFilters,Parent,Parent,HRESULT,R_O
IPivotFilters,_Default,_Default,HRESULT,R_O
IPivotFilters,_NewEnum,_New Enum,HRESULT,R_O
IPivotFilters,Item,Item,HRESULT,R_O
IPivotFilters,Count,Count,HRESULT,R_O
IPivotFormula,Application,Application,HRESULT,R_O
IPivotFormula,Creator,Creator,HRESULT,R_O
IPivotFormula,Parent,Parent,HRESULT,R_O
IPivotFormula,_Default,_Default,HRESULT,V
IPivotFormula,Formula,Formula,HRESULT,V
IPivotFormula,Value,Value,HRESULT,V
IPivotFormula,Index,Index,HRESULT,V
IPivotFormula,StandardFormula,Standard Formula,HRESULT,V
IPivotFormulas,Application,Application,HRESULT,R_O
IPivotFormulas,Creator,Creator,HRESULT,R_O
IPivotFormulas,Parent,Parent,HRESULT,R_O
IPivotFormulas,Count,Count,HRESULT,R_O
IPivotFormulas,_Default,_Default,HRESULT,R_O
IPivotItem,Application,Application,HRESULT,R_O
IPivotItem,Creator,Creator,HRESULT,R_O
IPivotItem,Parent,Parent,HRESULT,R_O
IPivotItem,ChildItems,Child Items,HRESULT,R_O
IPivotItem,DataRange,Data Range,HRESULT,R_O
IPivotItem,_Default,_Default,HRESULT,V
IPivotItem,LabelRange,Label Range,HRESULT,R_O
IPivotItem,Name,Name,HRESULT,V
IPivotItem,ParentItem,Parent Item,HRESULT,R_O
IPivotItem,ParentShowDetail,Parent Show Detail,HRESULT,R_O
IPivotItem,Position,Position,HRESULT,V
IPivotItem,ShowDetail,Show Detail,HRESULT,V
IPivotItem,SourceName,Source Name,HRESULT,R_O
IPivotItem,Value,Value,HRESULT,V
IPivotItem,Visible,Visible,HRESULT,V
IPivotItem,IsCalculated,Is Calculated,HRESULT,R_O
IPivotItem,RecordCount,Record Count,HRESULT,R_O
IPivotItem,Formula,Formula,HRESULT,V
IPivotItem,Caption,Caption,HRESULT,V
IPivotItem,DrilledDown,Drilled Down,HRESULT,V
IPivotItem,StandardFormula,Standard Formula,HRESULT,V
IPivotItem,SourceNameStandard,Source Name Standard,HRESULT,R_O
IPivotItemList,Application,Application,HRESULT,R_O
IPivotItemList,Creator,Creator,HRESULT,R_O
IPivotItemList,Parent,Parent,HRESULT,R_O
IPivotItemList,Count,Count,HRESULT,R_O
IPivotItemList,_Default,_Default,HRESULT,R_O
IPivotItems,Application,Application,HRESULT,R_O
IPivotItems,Creator,Creator,HRESULT,R_O
IPivotItems,Parent,Parent,HRESULT,R_O
IPivotItems,Count,Count,HRESULT,R_O
IPivotLayout,Application,Application,HRESULT,R_O
IPivotLayout,Creator,Creator,HRESULT,R_O
IPivotLayout,Parent,Parent,HRESULT,R_O
IPivotLayout,PivotTable,Pivot Table,HRESULT,R_O
IPivotLine,Application,Application,HRESULT,R_O
IPivotLine,Creator,Creator,HRESULT,R_O
IPivotLine,Parent,Parent,HRESULT,R_O
IPivotLine,LineType,Line Type,HRESULT,R_O
IPivotLine,Position,Position,HRESULT,R_O
IPivotLine,PivotLineCells,Pivot Line Cells,HRESULT,R_O
IPivotLine,PivotLineCellsFull,Pivot Line Cells Full,HRESULT,R_O
IPivotLineCells,Application,Application,HRESULT,R_O
IPivotLineCells,Creator,Creator,HRESULT,R_O
IPivotLineCells,Parent,Parent,HRESULT,R_O
IPivotLineCells,_Default,_Default,HRESULT,R_O
IPivotLineCells,_NewEnum,_New Enum,HRESULT,R_O
IPivotLineCells,Item,Item,HRESULT,R_O
IPivotLineCells,Count,Count,HRESULT,R_O
IPivotLineCells,Full,Full,HRESULT,R_O
IPivotLines,Application,Application,HRESULT,R_O
IPivotLines,Creator,Creator,HRESULT,R_O
IPivotLines,Parent,Parent,HRESULT,R_O
IPivotLines,_Default,_Default,HRESULT,R_O
IPivotLines,_NewEnum,_New Enum,HRESULT,R_O
IPivotLines,Item,Item,HRESULT,R_O
IPivotLines,Count,Count,HRESULT,R_O
IPivotTable,Application,Application,HRESULT,R_O
IPivotTable,Creator,Creator,HRESULT,R_O
IPivotTable,Parent,Parent,HRESULT,R_O
IPivotTable,ColumnFields,Column Fields,HRESULT,R_O
IPivotTable,ColumnGrand,Column Grand,HRESULT,V
IPivotTable,ColumnRange,Column Range,HRESULT,R_O
IPivotTable,DataBodyRange,Data Body Range,HRESULT,R_O
IPivotTable,DataFields,Data Fields,HRESULT,R_O
IPivotTable,DataLabelRange,Data Label Range,HRESULT,R_O
IPivotTable,_Default,_Default,HRESULT,V
IPivotTable,HasAutoFormat,Has Auto Format,HRESULT,V
IPivotTable,HiddenFields,Hidden Fields,HRESULT,R_O
IPivotTable,InnerDetail,Inner Detail,HRESULT,V
IPivotTable,Name,Name,HRESULT,V
IPivotTable,PageFields,Page Fields,HRESULT,R_O
IPivotTable,PageRange,Page Range,HRESULT,R_O
IPivotTable,PageRangeCells,Page Range Cells,HRESULT,R_O
IPivotTable,RefreshDate,Refresh Date,HRESULT,R_O
IPivotTable,RefreshName,Refresh Name,HRESULT,R_O
IPivotTable,RowFields,Row Fields,HRESULT,R_O
IPivotTable,RowGrand,Row Grand,HRESULT,V
IPivotTable,RowRange,Row Range,HRESULT,R_O
IPivotTable,SaveData,Save Data,HRESULT,V
IPivotTable,SourceData,Source Data,HRESULT,V
IPivotTable,TableRange1,Table Range1,HRESULT,R_O
IPivotTable,TableRange2,Table Range2,HRESULT,R_O
IPivotTable,Value,Value,HRESULT,V
IPivotTable,VisibleFields,Visible Fields,HRESULT,R_O
IPivotTable,CacheIndex,Cache Index,HRESULT,V
IPivotTable,DisplayErrorString,Display Error String,HRESULT,V
IPivotTable,DisplayNullString,Display Null String,HRESULT,V
IPivotTable,EnableDrilldown,Enable Drilldown,HRESULT,V
IPivotTable,EnableFieldDialog,Enable Field Dialog,HRESULT,V
IPivotTable,EnableWizard,Enable Wizard,HRESULT,V
IPivotTable,ErrorString,Error String,HRESULT,V
IPivotTable,ManualUpdate,Manual Update,HRESULT,V
IPivotTable,MergeLabels,Merge Labels,HRESULT,V
IPivotTable,NullString,Null String,HRESULT,V
IPivotTable,PivotFormulas,Pivot Formulas,HRESULT,R_O
IPivotTable,SubtotalHiddenPageItems,Subtotal Hidden Page Items,HRESULT,V
IPivotTable,PageFieldOrder,Page Field Order,HRESULT,V
IPivotTable,PageFieldStyle,Page Field Style,HRESULT,V
IPivotTable,PageFieldWrapCount,Page Field Wrap Count,HRESULT,V
IPivotTable,PreserveFormatting,Preserve Formatting,HRESULT,V
IPivotTable,PivotSelection,Pivot Selection,HRESULT,V
IPivotTable,SelectionMode,Selection Mode,HRESULT,V
IPivotTable,Tag,Tag,HRESULT,V
IPivotTable,VacatedStyle,Vacated Style,HRESULT,V
IPivotTable,PrintTitles,Print Titles,HRESULT,V
IPivotTable,CubeFields,Cube Fields,HRESULT,R_O
IPivotTable,GrandTotalName,Grand Total Name,HRESULT,V
IPivotTable,SmallGrid,Small Grid,HRESULT,V
IPivotTable,RepeatItemsOnEachPrintedPage,Repeat Items On Each Printed Page,HRESULT,V
IPivotTable,TotalsAnnotation,Totals Annotation,HRESULT,V
IPivotTable,PivotSelectionStandard,Pivot Selection Standard,HRESULT,V
IPivotTable,DataPivotField,Data Pivot Field,HRESULT,R_O
IPivotTable,EnableDataValueEditing,Enable Data Value Editing,HRESULT,V
IPivotTable,MDX,MDX,HRESULT,R_O
IPivotTable,ViewCalculatedMembers,View Calculated Members,HRESULT,V
IPivotTable,CalculatedMembers,Calculated Members,HRESULT,R_O
IPivotTable,DisplayImmediateItems,Display Immediate Items,HRESULT,V
IPivotTable,EnableFieldList,Enable Field List,HRESULT,V
IPivotTable,VisualTotals,Visual Totals,HRESULT,V
IPivotTable,ShowPageMultipleItemLabel,Show Page Multiple Item Label,HRESULT,V
IPivotTable,Version,Version,HRESULT,R_O
IPivotTable,DisplayEmptyRow,Display Empty Row,HRESULT,V
IPivotTable,DisplayEmptyColumn,Display Empty Column,HRESULT,V
IPivotTable,PivotColumnAxis,Pivot Column Axis,HRESULT,R_O
IPivotTable,PivotRowAxis,Pivot Row Axis,HRESULT,R_O
IPivotTable,ShowDrillIndicators,Show Drill Indicators,HRESULT,V
IPivotTable,PrintDrillIndicators,Print Drill Indicators,HRESULT,V
IPivotTable,DisplayMemberPropertyTooltips,Display Member Property Tooltips,HRESULT,V
IPivotTable,DisplayContextTooltips,Display Context Tooltips,HRESULT,V
IPivotTable,CompactRowIndent,Compact Row Indent,HRESULT,V
IPivotTable,LayoutRowDefault,Layout Row Default,HRESULT,V
IPivotTable,DisplayFieldCaptions,Display Field Captions,HRESULT,V
IPivotTable,ActiveFilters,Active Filters,HRESULT,R_O
IPivotTable,InGridDropZones,In Grid Drop Zones,HRESULT,V
IPivotTable,TableStyle2,Table Style2,HRESULT,V
IPivotTable,ShowTableStyleLastColumn,Show Table Style Last Column,HRESULT,V
IPivotTable,ShowTableStyleRowStripes,Show Table Style Row Stripes,HRESULT,V
IPivotTable,ShowTableStyleColumnStripes,Show Table Style Column Stripes,HRESULT,V
IPivotTable,ShowTableStyleRowHeaders,Show Table Style Row Headers,HRESULT,V
IPivotTable,ShowTableStyleColumnHeaders,Show Table Style Column Headers,HRESULT,V
IPivotTable,AllowMultipleFilters,Allow Multiple Filters,HRESULT,V
IPivotTable,CompactLayoutRowHeader,Compact Layout Row Header,HRESULT,V
IPivotTable,CompactLayoutColumnHeader,Compact Layout Column Header,HRESULT,V
IPivotTable,FieldListSortAscending,Field List Sort Ascending,HRESULT,V
IPivotTable,SortUsingCustomLists,Sort Using Custom Lists,HRESULT,V
IPivotTable,Location,Location,HRESULT,V
IPivotTable,EnableWriteback,Enable Writeback,HRESULT,V
IPivotTable,Allocation,Allocation,HRESULT,V
IPivotTable,AllocationValue,Allocation Value,HRESULT,V
IPivotTable,AllocationMethod,Allocation Method,HRESULT,V
IPivotTable,AllocationWeightExpression,Allocation Weight Expression,HRESULT,V
IPivotTable,ChangeList,Change List,HRESULT,R_O
IPivotTable,Slicers,Slicers,HRESULT,R_O
IPivotTable,AlternativeText,Alternative Text,HRESULT,V
IPivotTable,Summary,Summary,HRESULT,V
IPivotTable,VisualTotalsForSets,Visual Totals For Sets,HRESULT,V
IPivotTable,ShowValuesRow,Show Values Row,HRESULT,V
IPivotTable,CalculatedMembersInFilters,Calculated Members In Filters,HRESULT,V
IPivotTable,Hidden,Hidden,HRESULT,R_O
IPivotTable,PivotChart,Pivot Chart,HRESULT,R_O
IPivotTable,AutoRefresh,Auto Refresh,HRESULT,V
IPivotTableChangeList,Application,Application,HRESULT,R_O
IPivotTableChangeList,Creator,Creator,HRESULT,R_O
IPivotTableChangeList,Parent,Parent,HRESULT,R_O
IPivotTableChangeList,_Default,_Default,HRESULT,R_O
IPivotTableChangeList,_NewEnum,_New Enum,HRESULT,R_O
IPivotTableChangeList,Item,Item,HRESULT,R_O
IPivotTableChangeList,Count,Count,HRESULT,R_O
IPivotTables,Application,Application,HRESULT,R_O
IPivotTables,Creator,Creator,HRESULT,R_O
IPivotTables,Parent,Parent,HRESULT,R_O
IPivotTables,Count,Count,HRESULT,R_O
IPivotValueCell,Application,Application,HRESULT,R_O
IPivotValueCell,Creator,Creator,HRESULT,R_O
IPivotValueCell,Parent,Parent,HRESULT,R_O
IPivotValueCell,PivotCell,Pivot Cell,HRESULT,R_O
IPivotValueCell,Value,Value,HRESULT,R_O
IPivotValueCell,ServerActions,Server Actions,HRESULT,R_O
IPlotArea,Application,Application,HRESULT,R_O
IPlotArea,Creator,Creator,HRESULT,R_O
IPlotArea,Parent,Parent,HRESULT,R_O
IPlotArea,Name,Name,HRESULT,R_O
IPlotArea,Height,Height,HRESULT,V
IPlotArea,Left,Left,HRESULT,V
IPlotArea,Top,Top,HRESULT,V
IPlotArea,Width,Width,HRESULT,V
IPlotArea,InsideLeft,Inside Left,HRESULT,V
IPlotArea,InsideTop,Inside Top,HRESULT,V
IPlotArea,InsideWidth,Inside Width,HRESULT,V
IPlotArea,InsideHeight,Inside Height,HRESULT,V
IPlotArea,Position,Position,HRESULT,V
IPlotArea,Format,Format,HRESULT,R_O
IPoint,Application,Application,HRESULT,R_O
IPoint,Creator,Creator,HRESULT,R_O
IPoint,Parent,Parent,HRESULT,R_O
IPoint,DataLabel,Data Label,HRESULT,R_O
IPoint,Explosion,Explosion,HRESULT,V
IPoint,HasDataLabel,Has Data Label,HRESULT,V
IPoint,InvertIfNegative,Invert If Negative,HRESULT,V
IPoint,MarkerBackgroundColor,Marker Background Color,HRESULT,V
IPoint,MarkerBackgroundColorIndex,Marker Background Color Index,HRESULT,V
IPoint,MarkerForegroundColor,Marker Foreground Color,HRESULT,V
IPoint,MarkerForegroundColorIndex,Marker Foreground Color Index,HRESULT,V
IPoint,MarkerSize,Marker Size,HRESULT,V
IPoint,MarkerStyle,Marker Style,HRESULT,V
IPoint,PictureType,Picture Type,HRESULT,V
IPoint,ApplyPictToSides,Apply Pict To Sides,HRESULT,V
IPoint,ApplyPictToFront,Apply Pict To Front,HRESULT,V
IPoint,ApplyPictToEnd,Apply Pict To End,HRESULT,V
IPoint,Shadow,Shadow,HRESULT,V
IPoint,SecondaryPlot,Secondary Plot,HRESULT,V
IPoint,Has3DEffect,Has3 D Effect,HRESULT,V
IPoint,PictureUnit2,Picture Unit2,HRESULT,V
IPoint,Format,Format,HRESULT,R_O
IPoint,Height,Height,HRESULT,R_O
IPoint,Width,Width,HRESULT,R_O
IPoint,Top,Top,HRESULT,R_O
IPoint,Left,Left,HRESULT,R_O
IPoint,Name,Name,HRESULT,R_O
IPoint,IsTotal,Is Total,HRESULT,V
IPoints,Application,Application,HRESULT,R_O
IPoints,Creator,Creator,HRESULT,R_O
IPoints,Parent,Parent,HRESULT,R_O
IPoints,Count,Count,HRESULT,R_O
IProtectedViewWindow,_Default,_Default,HRESULT,R_O
IProtectedViewWindow,Caption,Caption,HRESULT,V
IProtectedViewWindow,EnableResize,Enable Resize,HRESULT,V
IProtectedViewWindow,Height,Height,HRESULT,V
IProtectedViewWindow,Left,Left,HRESULT,V
IProtectedViewWindow,Top,Top,HRESULT,V
IProtectedViewWindow,Width,Width,HRESULT,V
IProtectedViewWindow,Visible,Visible,HRESULT,V
IProtectedViewWindow,SourceName,Source Name,HRESULT,R_O
IProtectedViewWindow,SourcePath,Source Path,HRESULT,R_O
IProtectedViewWindow,WindowState,Window State,HRESULT,V
IProtectedViewWindow,Workbook,Workbook,HRESULT,R_O
IProtectedViewWindows,Application,Application,HRESULT,R_O
IProtectedViewWindows,Creator,Creator,HRESULT,R_O
IProtectedViewWindows,Parent,Parent,HRESULT,R_O
IProtectedViewWindows,Count,Count,HRESULT,R_O
IProtectedViewWindows,Item,Item,HRESULT,R_O
IProtectedViewWindows,_NewEnum,_New Enum,HRESULT,R_O
IProtectedViewWindows,_Default,_Default,HRESULT,R_O
IProtection,AllowFormattingCells,Allow Formatting Cells,HRESULT,R_O
IProtection,AllowFormattingColumns,Allow Formatting Columns,HRESULT,R_O
IProtection,AllowFormattingRows,Allow Formatting Rows,HRESULT,R_O
IProtection,AllowInsertingColumns,Allow Inserting Columns,HRESULT,R_O
IProtection,AllowInsertingRows,Allow Inserting Rows,HRESULT,R_O
IProtection,AllowInsertingHyperlinks,Allow Inserting Hyperlinks,HRESULT,R_O
IProtection,AllowDeletingColumns,Allow Deleting Columns,HRESULT,R_O
IProtection,AllowDeletingRows,Allow Deleting Rows,HRESULT,R_O
IProtection,AllowSorting,Allow Sorting,HRESULT,R_O
IProtection,AllowFiltering,Allow Filtering,HRESULT,R_O
IProtection,AllowUsingPivotTables,Allow Using Pivot Tables,HRESULT,R_O
IProtection,AllowEditRanges,Allow Edit Ranges,HRESULT,R_O
IPublishedDoc,Application,Application,HRESULT,R_O
IPublishedDoc,Creator,Creator,HRESULT,R_O
IPublishedDoc,Parent,Parent,HRESULT,R_O
IPublishedDoc,Title,Title,HRESULT,R_O
IPublishedDoc,DisclosureScope,Disclosure Scope,HRESULT,R_O
IPublishedDoc,Url,Url,HRESULT,R_O
IPublishedDoc,PublishedDate,Published Date,HRESULT,R_O
IPublishedDocs,Application,Application,HRESULT,R_O
IPublishedDocs,Creator,Creator,HRESULT,R_O
IPublishedDocs,Parent,Parent,HRESULT,R_O
IPublishedDocs,Count,Count,HRESULT,R_O
IPublishedDocs,_NewEnum,_New Enum,HRESULT,R_O
IPublishObjects,Application,Application,HRESULT,R_O
IPublishObjects,Creator,Creator,HRESULT,R_O
IPublishObjects,Parent,Parent,HRESULT,R_O
IPublishObjects,Count,Count,HRESULT,R_O
IPublishObjects,Item,Item,HRESULT,R_O
IPublishObjects,_Default,_Default,HRESULT,R_O
IPublishObjects,_NewEnum,_New Enum,HRESULT,R_O
IQueries,Application,Application,HRESULT,R_O
IQueries,Creator,Creator,HRESULT,R_O
IQueries,Parent,Parent,HRESULT,R_O
IQueries,Count,Count,HRESULT,R_O
IQueries,_Default,_Default,HRESULT,R_O
IQueries,_NewEnum,_New Enum,HRESULT,R_O
IQueries,FastCombine,Fast Combine,HRESULT,V
IQueryTable,Application,Application,HRESULT,R_O
IQueryTable,Creator,Creator,HRESULT,R_O
IQueryTable,Parent,Parent,HRESULT,R_O
IQueryTable,Name,Name,HRESULT,V
IQueryTable,FieldNames,Field Names,HRESULT,V
IQueryTable,RowNumbers,Row Numbers,HRESULT,V
IQueryTable,FillAdjacentFormulas,Fill Adjacent Formulas,HRESULT,V
IQueryTable,RefreshOnFileOpen,Refresh On File Open,HRESULT,V
IQueryTable,Refreshing,Refreshing,HRESULT,R_O
IQueryTable,FetchedRowOverflow,Fetched Row Overflow,HRESULT,R_O
IQueryTable,BackgroundQuery,Background Query,HRESULT,V
IQueryTable,RefreshStyle,Refresh Style,HRESULT,V
IQueryTable,EnableRefresh,Enable Refresh,HRESULT,V
IQueryTable,SavePassword,Save Password,HRESULT,V
IQueryTable,Destination,Destination,HRESULT,R_O
IQueryTable,Connection,Connection,HRESULT,V
IQueryTable,PostText,Post Text,HRESULT,V
IQueryTable,ResultRange,Result Range,HRESULT,R_O
IQueryTable,Parameters,Parameters,HRESULT,R_O
IQueryTable,Recordset,Recordset,HRESULT,V
IQueryTable,SaveData,Save Data,HRESULT,V
IQueryTable,EnableEditing,Enable Editing,HRESULT,V
IQueryTable,TextFilePlatform,Text File Platform,HRESULT,V
IQueryTable,TextFileStartRow,Text File Start Row,HRESULT,V
IQueryTable,TextFileParseType,Text File Parse Type,HRESULT,V
IQueryTable,TextFileTextQualifier,Text File Text Qualifier,HRESULT,V
IQueryTable,TextFileConsecutiveDelimiter,Text File Consecutive Delimiter,HRESULT,V
IQueryTable,TextFileTabDelimiter,Text File Tab Delimiter,HRESULT,V
IQueryTable,TextFileSemicolonDelimiter,Text File Semicolon Delimiter,HRESULT,V
IQueryTable,TextFileCommaDelimiter,Text File Comma Delimiter,HRESULT,V
IQueryTable,TextFileSpaceDelimiter,Text File Space Delimiter,HRESULT,V
IQueryTable,TextFileOtherDelimiter,Text File Other Delimiter,HRESULT,V
IQueryTable,TextFileColumnDataTypes,Text File Column Data Types,HRESULT,V
IQueryTable,TextFileFixedColumnWidths,Text File Fixed Column Widths,HRESULT,V
IQueryTable,PreserveColumnInfo,Preserve Column Info,HRESULT,V
IQueryTable,PreserveFormatting,Preserve Formatting,HRESULT,V
IQueryTable,AdjustColumnWidth,Adjust Column Width,HRESULT,V
IQueryTable,CommandText,Command Text,HRESULT,V
IQueryTable,CommandType,Command Type,HRESULT,V
IQueryTable,TextFilePromptOnRefresh,Text File Prompt On Refresh,HRESULT,V
IQueryTable,QueryType,Query Type,HRESULT,R_O
IQueryTable,MaintainConnection,Maintain Connection,HRESULT,V
IQueryTable,TextFileDecimalSeparator,Text File Decimal Separator,HRESULT,V
IQueryTable,TextFileThousandsSeparator,Text File Thousands Separator,HRESULT,V
IQueryTable,RefreshPeriod,Refresh Period,HRESULT,V
IQueryTable,WebSelectionType,Web Selection Type,HRESULT,V
IQueryTable,WebFormatting,Web Formatting,HRESULT,V
IQueryTable,WebTables,Web Tables,HRESULT,V
IQueryTable,WebPreFormattedTextToColumns,Web Pre Formatted Text To Columns,HRESULT,V
IQueryTable,WebSingleBlockTextImport,Web Single Block Text Import,HRESULT,V
IQueryTable,WebDisableDateRecognition,Web Disable Date Recognition,HRESULT,V
IQueryTable,WebConsecutiveDelimitersAsOne,Web Consecutive Delimiters As One,HRESULT,V
IQueryTable,WebDisableRedirections,Web Disable Redirections,HRESULT,V
IQueryTable,EditWebPage,Edit Web Page,HRESULT,V
IQueryTable,SourceConnectionFile,Source Connection File,HRESULT,V
IQueryTable,SourceDataFile,Source Data File,HRESULT,V
IQueryTable,RobustConnect,Robust Connect,HRESULT,V
IQueryTable,TextFileTrailingMinusNumbers,Text File Trailing Minus Numbers,HRESULT,V
IQueryTable,ListObject,List Object,HRESULT,R_O
IQueryTable,TextFileVisualLayout,Text File Visual Layout,HRESULT,V
IQueryTable,WorkbookConnection,Workbook Connection,HRESULT,R_O
IQueryTable,Sort,Sort,HRESULT,R_O
IQueryTables,Application,Application,HRESULT,R_O
IQueryTables,Creator,Creator,HRESULT,R_O
IQueryTables,Parent,Parent,HRESULT,R_O
IQueryTables,Count,Count,HRESULT,R_O
IQueryTables,_Default,_Default,HRESULT,R_O
IQuickAnalysis,Application,Application,HRESULT,R_O
IQuickAnalysis,Creator,Creator,HRESULT,R_O
IQuickAnalysis,Parent,Parent,HRESULT,R_O
IRange,Application,Application,HRESULT,R_O
IRange,Creator,Creator,HRESULT,R_O
IRange,Parent,Parent,HRESULT,R_O
IRange,AddIndent,Add Indent,HRESULT,V
IRange,Address,Address,HRESULT,R_O
IRange,AddressLocal,Address Local,HRESULT,R_O
IRange,Areas,Areas,HRESULT,R_O
IRange,Borders,Borders,HRESULT,R_O
IRange,Cells,Cells,HRESULT,R_O
IRange,Characters,Characters,HRESULT,R_O
IRange,Column,Column,HRESULT,R_O
IRange,Columns,Columns,HRESULT,R_O
IRange,ColumnWidth,Column Width,HRESULT,V
IRange,Count,Count,HRESULT,R_O
IRange,CurrentArray,Current Array,HRESULT,R_O
IRange,CurrentRegion,Current Region,HRESULT,R_O
IRange,_Default,_Default,HRESULT,V
IRange,Dependents,Dependents,HRESULT,R_O
IRange,DirectDependents,Direct Dependents,HRESULT,R_O
IRange,DirectPrecedents,Direct Precedents,HRESULT,R_O
IRange,End,End,HRESULT,R_O
IRange,EntireColumn,Entire Column,HRESULT,R_O
IRange,EntireRow,Entire Row,HRESULT,R_O
IRange,Font,Font,HRESULT,R_O
IRange,Formula,Formula,HRESULT,V
IRange,FormulaArray,Formula Array,HRESULT,V
IRange,FormulaHidden,Formula Hidden,HRESULT,V
IRange,FormulaLocal,Formula Local,HRESULT,V
IRange,FormulaR1C1,Formula R1 C1,HRESULT,V
IRange,FormulaR1C1Local,Formula R1 C1 Local,HRESULT,V
IRange,HasArray,Has Array,HRESULT,R_O
IRange,HasFormula,Has Formula,HRESULT,R_O
IRange,Height,Height,HRESULT,R_O
IRange,Hidden,Hidden,HRESULT,V
IRange,HorizontalAlignment,Horizontal Alignment,HRESULT,V
IRange,IndentLevel,Indent Level,HRESULT,V
IRange,Interior,Interior,HRESULT,R_O
IRange,Item,Item,HRESULT,V
IRange,Left,Left,HRESULT,R_O
IRange,ListHeaderRows,List Header Rows,HRESULT,R_O
IRange,LocationInTable,Location In Table,HRESULT,R_O
IRange,Locked,Locked,HRESULT,V
IRange,MergeArea,Merge Area,HRESULT,R_O
IRange,MergeCells,Merge Cells,HRESULT,V
IRange,Name,Name,HRESULT,V
IRange,_NewEnum,_New Enum,HRESULT,R_O
IRange,Next,Next,HRESULT,R_O
IRange,NumberFormat,Number Format,HRESULT,V
IRange,NumberFormatLocal,Number Format Local,HRESULT,V
IRange,Offset,Offset,HRESULT,R_O
IRange,Orientation,Orientation,HRESULT,V
IRange,OutlineLevel,Outline Level,HRESULT,V
IRange,PageBreak,Page Break,HRESULT,V
IRange,PivotField,Pivot Field,HRESULT,R_O
IRange,PivotItem,Pivot Item,HRESULT,R_O
IRange,PivotTable,Pivot Table,HRESULT,R_O
IRange,Precedents,Precedents,HRESULT,R_O
IRange,PrefixCharacter,Prefix Character,HRESULT,R_O
IRange,Previous,Previous,HRESULT,R_O
IRange,QueryTable,Query Table,HRESULT,R_O
IRange,Range,Range,HRESULT,R_O
IRange,Resize,Resize,HRESULT,R_O
IRange,Row,Row,HRESULT,R_O
IRange,RowHeight,Row Height,HRESULT,V
IRange,Rows,Rows,HRESULT,R_O
IRange,ShowDetail,Show Detail,HRESULT,V
IRange,ShrinkToFit,Shrink To Fit,HRESULT,V
IRange,SoundNote,Sound Note,HRESULT,R_O
IRange,Style,Style,HRESULT,V
IRange,Summary,Summary,HRESULT,R_O
IRange,Text,Text,HRESULT,R_O
IRange,Top,Top,HRESULT,R_O
IRange,UseStandardHeight,Use Standard Height,HRESULT,V
IRange,UseStandardWidth,Use Standard Width,HRESULT,V
IRange,Validation,Validation,HRESULT,R_O
IRange,Value,Value,HRESULT,V
IRange,Value2,Value2,HRESULT,V
IRange,VerticalAlignment,Vertical Alignment,HRESULT,V
IRange,Width,Width,HRESULT,R_O
IRange,Worksheet,Worksheet,HRESULT,R_O
IRange,WrapText,Wrap Text,HRESULT,V
IRange,Comment,Comment,HRESULT,R_O
IRange,Phonetic,Phonetic,HRESULT,R_O
IRange,FormatConditions,Format Conditions,HRESULT,R_O
IRange,ReadingOrder,Reading Order,HRESULT,V
IRange,Hyperlinks,Hyperlinks,HRESULT,R_O
IRange,Phonetics,Phonetics,HRESULT,R_O
IRange,ID,ID,HRESULT,V
IRange,PivotCell,Pivot Cell,HRESULT,R_O
IRange,Errors,Errors,HRESULT,R_O
IRange,AllowEdit,Allow Edit,HRESULT,R_O
IRange,ListObject,List Object,HRESULT,R_O
IRange,XPath,X Path,HRESULT,R_O
IRange,ServerActions,Server Actions,HRESULT,R_O
IRange,MDX,MDX,HRESULT,R_O
IRange,CountLarge,Count Large,HRESULT,R_O
IRange,SparklineGroups,Sparkline Groups,HRESULT,R_O
IRange,DisplayFormat,Display Format,HRESULT,R_O
IRange,HasRichDataType,Has Rich Data Type,HRESULT,R_O
IRange,CommentThreaded,Comment Threaded,HRESULT,R_O
IRange,LinkedDataTypeState,Linked Data Type State,HRESULT,R_O
IRange,HasSpill,Has Spill,HRESULT,R_O
IRange,SpillingToRange,Spilling To Range,HRESULT,R_O
IRange,SpillParent,Spill Parent,HRESULT,R_O
IRange,Formula2,Formula2,HRESULT,V
IRange,Formula2Local,Formula2 Local,HRESULT,V
IRange,Formula2R1C1,Formula2 R1 C1,HRESULT,V
IRange,Formula2R1C1Local,Formula2 R1 C1 Local,HRESULT,V
IRange,SavedAsArray,Saved As Array,HRESULT,R_O
IRange,CellControl,Cell Control,HRESULT,R_O
IRanges,Application,Application,HRESULT,R_O
IRanges,Creator,Creator,HRESULT,R_O
IRanges,Parent,Parent,HRESULT,R_O
IRanges,_Default,_Default,HRESULT,R_O
IRanges,_NewEnum,_New Enum,HRESULT,R_O
IRanges,Item,Item,HRESULT,R_O
IRanges,Count,Count,HRESULT,R_O
IRecentFile,Application,Application,HRESULT,R_O
IRecentFile,Creator,Creator,HRESULT,R_O
IRecentFile,Parent,Parent,HRESULT,R_O
IRecentFile,Name,Name,HRESULT,R_O
IRecentFile,Path,Path,HRESULT,R_O
IRecentFile,Index,Index,HRESULT,R_O
IRecentFiles,Application,Application,HRESULT,R_O
IRecentFiles,Creator,Creator,HRESULT,R_O
IRecentFiles,Parent,Parent,HRESULT,R_O
IRecentFiles,Maximum,Maximum,HRESULT,V
IRecentFiles,Count,Count,HRESULT,R_O
IRecentFiles,Item,Item,HRESULT,R_O
IRecentFiles,_Default,_Default,HRESULT,R_O
IRecentFiles,_NewEnum,_New Enum,HRESULT,R_O
IRectangle,Application,Application,HRESULT,R_O
IRectangle,Creator,Creator,HRESULT,R_O
IRectangle,Parent,Parent,HRESULT,R_O
IRectangle,BottomRightCell,Bottom Right Cell,HRESULT,R_O
IRectangle,Enabled,Enabled,HRESULT,V
IRectangle,Height,Height,HRESULT,V
IRectangle,Index,Index,HRESULT,R_O
IRectangle,Left,Left,HRESULT,V
IRectangle,Locked,Locked,HRESULT,V
IRectangle,Name,Name,HRESULT,V
IRectangle,Placement,Placement,HRESULT,V
IRectangle,PrintObject,Print Object,HRESULT,V
IRectangle,Top,Top,HRESULT,V
IRectangle,TopLeftCell,Top Left Cell,HRESULT,R_O
IRectangle,Visible,Visible,HRESULT,V
IRectangle,Width,Width,HRESULT,V
IRectangle,ZOrder,Z Order,HRESULT,R_O
IRectangle,ShapeRange,Shape Range,HRESULT,R_O
IRectangle,AddIndent,Add Indent,HRESULT,V
IRectangle,AutoScaleFont,Auto Scale Font,HRESULT,V
IRectangle,AutoSize,Auto Size,HRESULT,V
IRectangle,Caption,Caption,HRESULT,V
IRectangle,Characters,Characters,HRESULT,R_O
IRectangle,Font,Font,HRESULT,R_O
IRectangle,Formula,Formula,HRESULT,V
IRectangle,HorizontalAlignment,Horizontal Alignment,HRESULT,V
IRectangle,LockedText,Locked Text,HRESULT,V
IRectangle,Orientation,Orientation,HRESULT,V
IRectangle,Text,Text,HRESULT,V
IRectangle,VerticalAlignment,Vertical Alignment,HRESULT,V
IRectangle,ReadingOrder,Reading Order,HRESULT,V
IRectangle,Border,Border,HRESULT,R_O
IRectangle,Interior,Interior,HRESULT,R_O
IRectangle,Shadow,Shadow,HRESULT,V
IRectangle,RoundedCorners,Rounded Corners,HRESULT,V
IRectangles,Application,Application,HRESULT,R_O
IRectangles,Creator,Creator,HRESULT,R_O
IRectangles,Parent,Parent,HRESULT,R_O
IRectangles,Enabled,Enabled,HRESULT,V
IRectangles,Height,Height,HRESULT,V
IRectangles,Left,Left,HRESULT,V
IRectangles,Locked,Locked,HRESULT,V
IRectangles,Placement,Placement,HRESULT,V
IRectangles,PrintObject,Print Object,HRESULT,V
IRectangles,Top,Top,HRESULT,V
IRectangles,Visible,Visible,HRESULT,V
IRectangles,Width,Width,HRESULT,V
IRectangles,ZOrder,Z Order,HRESULT,R_O
IRectangles,ShapeRange,Shape Range,HRESULT,R_O
IRectangles,AddIndent,Add Indent,HRESULT,V
IRectangles,AutoScaleFont,Auto Scale Font,HRESULT,V
IRectangles,AutoSize,Auto Size,HRESULT,V
IRectangles,Caption,Caption,HRESULT,V
IRectangles,Characters,Characters,HRESULT,R_O
IRectangles,Font,Font,HRESULT,R_O
IRectangles,Formula,Formula,HRESULT,V
IRectangles,HorizontalAlignment,Horizontal Alignment,HRESULT,V
IRectangles,LockedText,Locked Text,HRESULT,V
IRectangles,Orientation,Orientation,HRESULT,V
IRectangles,Text,Text,HRESULT,V
IRectangles,VerticalAlignment,Vertical Alignment,HRESULT,V
IRectangles,ReadingOrder,Reading Order,HRESULT,V
IRectangles,Border,Border,HRESULT,R_O
IRectangles,Interior,Interior,HRESULT,R_O
IRectangles,Shadow,Shadow,HRESULT,V
IRectangles,RoundedCorners,Rounded Corners,HRESULT,V
IRectangles,Count,Count,HRESULT,R_O
IRectangularGradient,Application,Application,HRESULT,R_O
IRectangularGradient,Creator,Creator,HRESULT,R_O
IRectangularGradient,Parent,Parent,HRESULT,R_O
IRectangularGradient,ColorStops,Color Stops,HRESULT,R_O
IRectangularGradient,RectangleTop,Rectangle Top,HRESULT,V
IRectangularGradient,RectangleBottom,Rectangle Bottom,HRESULT,V
IRectangularGradient,RectangleLeft,Rectangle Left,HRESULT,V
IRectangularGradient,RectangleRight,Rectangle Right,HRESULT,V
IResearch,Application,Application,HRESULT,R_O
IResearch,Creator,Creator,HRESULT,R_O
IResearch,Parent,Parent,HRESULT,R_O
IRoutingSlip,Application,Application,HRESULT,R_O
IRoutingSlip,Creator,Creator,HRESULT,R_O
IRoutingSlip,Parent,Parent,HRESULT,R_O
IRoutingSlip,Delivery,Delivery,HRESULT,V
IRoutingSlip,Message,Message,HRESULT,V
IRoutingSlip,Recipients,Recipients,HRESULT,V
IRoutingSlip,ReturnWhenDone,Return When Done,HRESULT,V
IRoutingSlip,Status,Status,HRESULT,R_O
IRoutingSlip,Subject,Subject,HRESULT,V
IRoutingSlip,TrackStatus,Track Status,HRESULT,V
IRTD,ThrottleInterval,Throttle Interval,HRESULT,V
IRTDUpdateEvent,HeartbeatInterval,Heartbeat Interval,Long,V
IScenario,Application,Application,HRESULT,R_O
IScenario,Creator,Creator,HRESULT,R_O
IScenario,Parent,Parent,HRESULT,R_O
IScenario,ChangingCells,Changing Cells,HRESULT,R_O
IScenario,Comment,Comment,HRESULT,V
IScenario,Hidden,Hidden,HRESULT,V
IScenario,Index,Index,HRESULT,R_O
IScenario,Locked,Locked,HRESULT,V
IScenario,Name,Name,HRESULT,V
IScenario,Values,Values,HRESULT,R_O
IScenarios,Application,Application,HRESULT,R_O
IScenarios,Creator,Creator,HRESULT,R_O
IScenarios,Parent,Parent,HRESULT,R_O
IScenarios,Count,Count,HRESULT,R_O
IScrollBar,Application,Application,HRESULT,R_O
IScrollBar,Creator,Creator,HRESULT,R_O
IScrollBar,Parent,Parent,HRESULT,R_O
IScrollBar,BottomRightCell,Bottom Right Cell,HRESULT,R_O
IScrollBar,Enabled,Enabled,HRESULT,V
IScrollBar,Height,Height,HRESULT,V
IScrollBar,Index,Index,HRESULT,R_O
IScrollBar,Left,Left,HRESULT,V
IScrollBar,Locked,Locked,HRESULT,V
IScrollBar,Name,Name,HRESULT,V
IScrollBar,Placement,Placement,HRESULT,V
IScrollBar,PrintObject,Print Object,HRESULT,V
IScrollBar,Top,Top,HRESULT,V
IScrollBar,TopLeftCell,Top Left Cell,HRESULT,R_O
IScrollBar,Visible,Visible,HRESULT,V
IScrollBar,Width,Width,HRESULT,V
IScrollBar,ZOrder,Z Order,HRESULT,R_O
IScrollBar,ShapeRange,Shape Range,HRESULT,R_O
IScrollBar,_Default,_Default,HRESULT,V
IScrollBar,Display3DShading,Display3 D Shading,HRESULT,V
IScrollBar,LinkedCell,Linked Cell,HRESULT,V
IScrollBar,Max,Max,HRESULT,V
IScrollBar,Min,Min,HRESULT,V
IScrollBar,SmallChange,Small Change,HRESULT,V
IScrollBar,Value,Value,HRESULT,V
IScrollBar,LargeChange,Large Change,HRESULT,V
IScrollBars,Application,Application,HRESULT,R_O
IScrollBars,Creator,Creator,HRESULT,R_O
IScrollBars,Parent,Parent,HRESULT,R_O
IScrollBars,Enabled,Enabled,HRESULT,V
IScrollBars,Height,Height,HRESULT,V
IScrollBars,Left,Left,HRESULT,V
IScrollBars,Locked,Locked,HRESULT,V
IScrollBars,Placement,Placement,HRESULT,V
IScrollBars,PrintObject,Print Object,HRESULT,V
IScrollBars,Top,Top,HRESULT,V
IScrollBars,Visible,Visible,HRESULT,V
IScrollBars,Width,Width,HRESULT,V
IScrollBars,ZOrder,Z Order,HRESULT,R_O
IScrollBars,ShapeRange,Shape Range,HRESULT,R_O
IScrollBars,_Default,_Default,HRESULT,V
IScrollBars,Display3DShading,Display3 D Shading,HRESULT,V
IScrollBars,LinkedCell,Linked Cell,HRESULT,V
IScrollBars,Max,Max,HRESULT,V
IScrollBars,Min,Min,HRESULT,V
IScrollBars,SmallChange,Small Change,HRESULT,V
IScrollBars,Value,Value,HRESULT,V
IScrollBars,LargeChange,Large Change,HRESULT,V
IScrollBars,Count,Count,HRESULT,R_O
ISeries,Application,Application,HRESULT,R_O
ISeries,Creator,Creator,HRESULT,R_O
ISeries,Parent,Parent,HRESULT,R_O
ISeries,AxisGroup,Axis Group,HRESULT,V
ISeries,ErrorBars,Error Bars,HRESULT,R_O
ISeries,Explosion,Explosion,HRESULT,V
ISeries,Formula,Formula,HRESULT,V
ISeries,FormulaLocal,Formula Local,HRESULT,V
ISeries,FormulaR1C1,Formula R1 C1,HRESULT,V
ISeries,FormulaR1C1Local,Formula R1 C1 Local,HRESULT,V
ISeries,HasDataLabels,Has Data Labels,HRESULT,V
ISeries,HasErrorBars,Has Error Bars,HRESULT,V
ISeries,InvertIfNegative,Invert If Negative,HRESULT,V
ISeries,MarkerBackgroundColor,Marker Background Color,HRESULT,V
ISeries,MarkerBackgroundColorIndex,Marker Background Color Index,HRESULT,V
ISeries,MarkerForegroundColor,Marker Foreground Color,HRESULT,V
ISeries,MarkerForegroundColorIndex,Marker Foreground Color Index,HRESULT,V
ISeries,MarkerSize,Marker Size,HRESULT,V
ISeries,MarkerStyle,Marker Style,HRESULT,V
ISeries,Name,Name,HRESULT,V
ISeries,PictureType,Picture Type,HRESULT,V
ISeries,PlotOrder,Plot Order,HRESULT,V
ISeries,Smooth,Smooth,HRESULT,V
ISeries,Type,Type,HRESULT,V
ISeries,ChartType,Chart Type,HRESULT,V
ISeries,Values,Values,HRESULT,V
ISeries,XValues,X Values,HRESULT,V
ISeries,BubbleSizes,Bubble Sizes,HRESULT,V
ISeries,BarShape,Bar Shape,HRESULT,V
ISeries,ApplyPictToSides,Apply Pict To Sides,HRESULT,V
ISeries,ApplyPictToFront,Apply Pict To Front,HRESULT,V
ISeries,ApplyPictToEnd,Apply Pict To End,HRESULT,V
ISeries,Has3DEffect,Has3 D Effect,HRESULT,V
ISeries,Shadow,Shadow,HRESULT,V
ISeries,HasLeaderLines,Has Leader Lines,HRESULT,V
ISeries,LeaderLines,Leader Lines,HRESULT,R_O
ISeries,PictureUnit2,Picture Unit2,HRESULT,V
ISeries,Format,Format,HRESULT,R_O
ISeries,PlotColorIndex,Plot Color Index,HRESULT,R_O
ISeries,InvertColor,Invert Color,HRESULT,V
ISeries,InvertColorIndex,Invert Color Index,HRESULT,V
ISeries,IsFiltered,Is Filtered,HRESULT,V
ISeries,ParentDataLabelOption,Parent Data Label Option,HRESULT,V
ISeries,QuartileCalculationInclusiveMedian,Quartile Calculation Inclusive Median,HRESULT,V
ISeries,ValueSortOrder,Value Sort Order,HRESULT,V
ISeries,GeoProjectionType,Geo Projection Type,HRESULT,V
ISeries,GeoMappingLevel,Geo Mapping Level,HRESULT,V
ISeries,RegionLabelOption,Region Label Option,HRESULT,V
ISeries,SeriesColorGradientStyle,Series Color Gradient Style,HRESULT,V
ISeries,SeriesColorMinGradientStop,Series Color Min Gradient Stop,HRESULT,R_O
ISeries,SeriesColorMidGradientStop,Series Color Mid Gradient Stop,HRESULT,R_O
ISeries,SeriesColorMaxGradientStop,Series Color Max Gradient Stop,HRESULT,R_O
ISeriesCollection,Application,Application,HRESULT,R_O
ISeriesCollection,Creator,Creator,HRESULT,R_O
ISeriesCollection,Parent,Parent,HRESULT,R_O
ISeriesCollection,Count,Count,HRESULT,R_O
ISeriesGradientStopColorFormat,Application,Application,HRESULT,R_O
ISeriesGradientStopColorFormat,Creator,Creator,HRESULT,R_O
ISeriesGradientStopColorFormat,Parent,Parent,HRESULT,R_O
ISeriesGradientStopColorFormat,TintAndShade,Tint And Shade,HRESULT,V
ISeriesGradientStopColorFormat,ObjectThemeColor,Object Theme Color,HRESULT,V
ISeriesGradientStopColorFormat,RGB,RGB,HRESULT,V
ISeriesGradientStopColorFormat,Transparency,Transparency,HRESULT,V
ISeriesGradientStopColorFormat,Type,Type,HRESULT,R_O
ISeriesLines,Application,Application,HRESULT,R_O
ISeriesLines,Creator,Creator,HRESULT,R_O
ISeriesLines,Parent,Parent,HRESULT,R_O
ISeriesLines,Name,Name,HRESULT,R_O
ISeriesLines,Border,Border,HRESULT,R_O
ISeriesLines,Format,Format,HRESULT,R_O
IServerViewableItems,Application,Application,HRESULT,R_O
IServerViewableItems,Creator,Creator,HRESULT,R_O
IServerViewableItems,Parent,Parent,HRESULT,R_O
IServerViewableItems,Count,Count,HRESULT,R_O
IServerViewableItems,_Default,_Default,HRESULT,R_O
IServerViewableItems,_NewEnum,_New Enum,HRESULT,R_O
IShape,Application,Application,HRESULT,R_O
IShape,Creator,Creator,HRESULT,R_O
IShape,Parent,Parent,HRESULT,R_O
IShape,Adjustments,Adjustments,HRESULT,R_O
IShape,TextFrame,Text Frame,HRESULT,R_O
IShape,AutoShapeType,Auto Shape Type,HRESULT,V
IShape,Callout,Callout,HRESULT,R_O
IShape,ConnectionSiteCount,Connection Site Count,HRESULT,R_O
IShape,Connector,Connector,HRESULT,R_O
IShape,ConnectorFormat,Connector Format,HRESULT,R_O
IShape,Fill,Fill,HRESULT,R_O
IShape,GroupItems,Group Items,HRESULT,R_O
IShape,Height,Height,HRESULT,V
IShape,HorizontalFlip,Horizontal Flip,HRESULT,R_O
IShape,Left,Left,HRESULT,V
IShape,Line,Line,HRESULT,R_O
IShape,LockAspectRatio,Lock Aspect Ratio,HRESULT,V
IShape,Name,Name,HRESULT,V
IShape,Nodes,Nodes,HRESULT,R_O
IShape,Rotation,Rotation,HRESULT,V
IShape,PictureFormat,Picture Format,HRESULT,R_O
IShape,Shadow,Shadow,HRESULT,R_O
IShape,TextEffect,Text Effect,HRESULT,R_O
IShape,ThreeD,Three D,HRESULT,R_O
IShape,Top,Top,HRESULT,V
IShape,Type,Type,HRESULT,R_O
IShape,VerticalFlip,Vertical Flip,HRESULT,R_O
IShape,Vertices,Vertices,HRESULT,R_O
IShape,Visible,Visible,HRESULT,V
IShape,Width,Width,HRESULT,V
IShape,ZOrderPosition,Z Order Position,HRESULT,R_O
IShape,Hyperlink,Hyperlink,HRESULT,R_O
IShape,BlackWhiteMode,Black White Mode,HRESULT,V
IShape,OnAction,On Action,HRESULT,V
IShape,Locked,Locked,HRESULT,V
IShape,TopLeftCell,Top Left Cell,HRESULT,R_O
IShape,BottomRightCell,Bottom Right Cell,HRESULT,R_O
IShape,Placement,Placement,HRESULT,V
IShape,ControlFormat,Control Format,HRESULT,R_O
IShape,LinkFormat,Link Format,HRESULT,R_O
IShape,OLEFormat,OLE Format,HRESULT,R_O
IShape,FormControlType,Form Control Type,HRESULT,R_O
IShape,AlternativeText,Alternative Text,HRESULT,V
IShape,Child,Child,HRESULT,R_O
IShape,ParentGroup,Parent Group,HRESULT,R_O
IShape,ID,ID,HRESULT,R_O
IShape,Chart,Chart,HRESULT,R_O
IShape,HasChart,Has Chart,HRESULT,R_O
IShape,TextFrame2,Text Frame2,HRESULT,R_O
IShape,ShapeStyle,Shape Style,HRESULT,V
IShape,BackgroundStyle,Background Style,HRESULT,V
IShape,SoftEdge,Soft Edge,HRESULT,R_O
IShape,Glow,Glow,HRESULT,R_O
IShape,Reflection,Reflection,HRESULT,R_O
IShape,HasSmartArt,Has Smart Art,HRESULT,R_O
IShape,SmartArt,Smart Art,HRESULT,R_O
IShape,Title,Title,HRESULT,V
IShape,GraphicStyle,Graphic Style,HRESULT,V
IShape,Model3D,Model3 D,HRESULT,R_O
IShape,Decorative,Decorative,HRESULT,V
IShapeRange,Application,Application,HRESULT,R_O
IShapeRange,Creator,Creator,HRESULT,R_O
IShapeRange,Parent,Parent,HRESULT,R_O
IShapeRange,Count,Count,HRESULT,R_O
IShapeRange,_NewEnum,_New Enum,HRESULT,R_O
IShapeRange,Adjustments,Adjustments,HRESULT,R_O
IShapeRange,TextFrame,Text Frame,HRESULT,R_O
IShapeRange,AutoShapeType,Auto Shape Type,HRESULT,V
IShapeRange,Callout,Callout,HRESULT,R_O
IShapeRange,ConnectionSiteCount,Connection Site Count,HRESULT,R_O
IShapeRange,Connector,Connector,HRESULT,R_O
IShapeRange,ConnectorFormat,Connector Format,HRESULT,R_O
IShapeRange,Fill,Fill,HRESULT,R_O
IShapeRange,GroupItems,Group Items,HRESULT,R_O
IShapeRange,Height,Height,HRESULT,V
IShapeRange,HorizontalFlip,Horizontal Flip,HRESULT,R_O
IShapeRange,Left,Left,HRESULT,V
IShapeRange,Line,Line,HRESULT,R_O
IShapeRange,LockAspectRatio,Lock Aspect Ratio,HRESULT,V
IShapeRange,Name,Name,HRESULT,V
IShapeRange,Nodes,Nodes,HRESULT,R_O
IShapeRange,Rotation,Rotation,HRESULT,V
IShapeRange,PictureFormat,Picture Format,HRESULT,R_O
IShapeRange,Shadow,Shadow,HRESULT,R_O
IShapeRange,TextEffect,Text Effect,HRESULT,R_O
IShapeRange,ThreeD,Three D,HRESULT,R_O
IShapeRange,Top,Top,HRESULT,V
IShapeRange,Type,Type,HRESULT,R_O
IShapeRange,VerticalFlip,Vertical Flip,HRESULT,R_O
IShapeRange,Vertices,Vertices,HRESULT,R_O
IShapeRange,Visible,Visible,HRESULT,V
IShapeRange,Width,Width,HRESULT,V
IShapeRange,ZOrderPosition,Z Order Position,HRESULT,R_O
IShapeRange,BlackWhiteMode,Black White Mode,HRESULT,V
IShapeRange,AlternativeText,Alternative Text,HRESULT,V
IShapeRange,Child,Child,HRESULT,R_O
IShapeRange,ParentGroup,Parent Group,HRESULT,R_O
IShapeRange,ID,ID,HRESULT,R_O
IShapeRange,Chart,Chart,HRESULT,R_O
IShapeRange,HasChart,Has Chart,HRESULT,R_O
IShapeRange,TextFrame2,Text Frame2,HRESULT,R_O
IShapeRange,ShapeStyle,Shape Style,HRESULT,V
IShapeRange,BackgroundStyle,Background Style,HRESULT,V
IShapeRange,SoftEdge,Soft Edge,HRESULT,R_O
IShapeRange,Glow,Glow,HRESULT,R_O
IShapeRange,Reflection,Reflection,HRESULT,R_O
IShapeRange,Title,Title,HRESULT,V
IShapeRange,GraphicStyle,Graphic Style,HRESULT,V
IShapeRange,Model3D,Model3 D,HRESULT,R_O
IShapeRange,Decorative,Decorative,HRESULT,V
IShapes,Application,Application,HRESULT,R_O
IShapes,Creator,Creator,HRESULT,R_O
IShapes,Parent,Parent,HRESULT,R_O
IShapes,Count,Count,HRESULT,R_O
IShapes,_NewEnum,_New Enum,HRESULT,R_O
IShapes,Range,Range,HRESULT,R_O
ISheetViews,Application,Application,HRESULT,R_O
ISheetViews,Creator,Creator,HRESULT,R_O
ISheetViews,Parent,Parent,HRESULT,R_O
ISheetViews,Count,Count,HRESULT,R_O
ISheetViews,Item,Item,HRESULT,R_O
ISheetViews,_Default,_Default,HRESULT,R_O
ISlicer,Application,Application,HRESULT,R_O
ISlicer,Creator,Creator,HRESULT,R_O
ISlicer,Parent,Parent,HRESULT,R_O
ISlicer,Name,Name,HRESULT,V
ISlicer,Caption,Caption,HRESULT,V
ISlicer,Top,Top,HRESULT,V
ISlicer,Left,Left,HRESULT,V
ISlicer,DisableMoveResizeUI,Disable Move Resize UI,HRESULT,V
ISlicer,Width,Width,HRESULT,V
ISlicer,Height,Height,HRESULT,V
ISlicer,RowHeight,Row Height,HRESULT,V
ISlicer,ColumnWidth,Column Width,HRESULT,V
ISlicer,NumberOfColumns,Number Of Columns,HRESULT,V
ISlicer,DisplayHeader,Display Header,HRESULT,V
ISlicer,Locked,Locked,HRESULT,V
ISlicer,SlicerCache,Slicer Cache,HRESULT,R_O
ISlicer,SlicerCacheLevel,Slicer Cache Level,HRESULT,R_O
ISlicer,Shape,Shape,HRESULT,R_O
ISlicer,Style,Style,HRESULT,V
ISlicer,ActiveItem,Active Item,HRESULT,R_O
ISlicer,TimelineViewState,Timeline View State,HRESULT,R_O
ISlicer,SlicerCacheType,Slicer Cache Type,HRESULT,R_O
ISlicerCache,Application,Application,HRESULT,R_O
ISlicerCache,Creator,Creator,HRESULT,R_O
ISlicerCache,Parent,Parent,HRESULT,R_O
ISlicerCache,Index,Index,HRESULT,R_O
ISlicerCache,OLAP,OLAP,HRESULT,R_O
ISlicerCache,SourceType,Source Type,HRESULT,R_O
ISlicerCache,WorkbookConnection,Workbook Connection,HRESULT,R_O
ISlicerCache,Slicers,Slicers,HRESULT,R_O
ISlicerCache,PivotTables,Pivot Tables,HRESULT,R_O
ISlicerCache,SlicerCacheLevels,Slicer Cache Levels,HRESULT,R_O
ISlicerCache,Name,Name,HRESULT,V
ISlicerCache,VisibleSlicerItems,Visible Slicer Items,HRESULT,R_O
ISlicerCache,VisibleSlicerItemsList,Visible Slicer Items List,HRESULT,V
ISlicerCache,SlicerItems,Slicer Items,HRESULT,R_O
ISlicerCache,CrossFilterType,Cross Filter Type,HRESULT,V
ISlicerCache,SortItems,Sort Items,HRESULT,V
ISlicerCache,SourceName,Source Name,HRESULT,R_O
ISlicerCache,SortUsingCustomLists,Sort Using Custom Lists,HRESULT,V
ISlicerCache,ShowAllItems,Show All Items,HRESULT,V
ISlicerCache,TimelineState,Timeline State,HRESULT,R_O
ISlicerCache,SlicerCacheType,Slicer Cache Type,HRESULT,R_O
ISlicerCache,FilterCleared,Filter Cleared,HRESULT,R_O
ISlicerCache,List,List,HRESULT,R_O
ISlicerCache,RequireManualUpdate,Require Manual Update,HRESULT,V
ISlicerCache,ListObject,List Object,HRESULT,R_O
ISlicerCacheLevel,Application,Application,HRESULT,R_O
ISlicerCacheLevel,Creator,Creator,HRESULT,R_O
ISlicerCacheLevel,Parent,Parent,HRESULT,R_O
ISlicerCacheLevel,SlicerItems,Slicer Items,HRESULT,R_O
ISlicerCacheLevel,Count,Count,HRESULT,R_O
ISlicerCacheLevel,Ordinal,Ordinal,HRESULT,R_O
ISlicerCacheLevel,Name,Name,HRESULT,R_O
ISlicerCacheLevel,CrossFilterType,Cross Filter Type,HRESULT,V
ISlicerCacheLevel,SortItems,Sort Items,HRESULT,V
ISlicerCacheLevel,VisibleSlicerItemsList,Visible Slicer Items List,HRESULT,R_O
ISlicerCacheLevels,Application,Application,HRESULT,R_O
ISlicerCacheLevels,Creator,Creator,HRESULT,R_O
ISlicerCacheLevels,Parent,Parent,HRESULT,R_O
ISlicerCacheLevels,Count,Count,HRESULT,R_O
ISlicerCacheLevels,Item,Item,HRESULT,R_O
ISlicerCacheLevels,_Default,_Default,HRESULT,R_O
ISlicerCacheLevels,_NewEnum,_New Enum,HRESULT,R_O
ISlicerCaches,Application,Application,HRESULT,R_O
ISlicerCaches,Creator,Creator,HRESULT,R_O
ISlicerCaches,Parent,Parent,HRESULT,R_O
ISlicerCaches,Count,Count,HRESULT,R_O
ISlicerCaches,Item,Item,HRESULT,R_O
ISlicerCaches,_Default,_Default,HRESULT,R_O
ISlicerCaches,_NewEnum,_New Enum,HRESULT,R_O
ISlicerItem,Application,Application,HRESULT,R_O
ISlicerItem,Creator,Creator,HRESULT,R_O
ISlicerItem,Parent,Parent,HRESULT,R_O
ISlicerItem,Caption,Caption,HRESULT,R_O
ISlicerItem,Name,Name,HRESULT,R_O
ISlicerItem,SourceName,Source Name,HRESULT,R_O
ISlicerItem,SourceNameStandard,Source Name Standard,HRESULT,R_O
ISlicerItem,Value,Value,HRESULT,R_O
ISlicerItem,Selected,Selected,HRESULT,V
ISlicerItem,HasData,Has Data,HRESULT,R_O
ISlicerItems,Application,Application,HRESULT,R_O
ISlicerItems,Creator,Creator,HRESULT,R_O
ISlicerItems,Parent,Parent,HRESULT,R_O
ISlicerItems,Count,Count,HRESULT,R_O
ISlicerItems,Item,Item,HRESULT,R_O
ISlicerItems,_Default,_Default,HRESULT,R_O
ISlicerItems,_NewEnum,_New Enum,HRESULT,R_O
ISlicerPivotTables,Application,Application,HRESULT,R_O
ISlicerPivotTables,Creator,Creator,HRESULT,R_O
ISlicerPivotTables,Parent,Parent,HRESULT,R_O
ISlicerPivotTables,Count,Count,HRESULT,R_O
ISlicerPivotTables,Item,Item,HRESULT,R_O
ISlicerPivotTables,_Default,_Default,HRESULT,R_O
ISlicerPivotTables,_NewEnum,_New Enum,HRESULT,R_O
ISlicers,Application,Application,HRESULT,R_O
ISlicers,Creator,Creator,HRESULT,R_O
ISlicers,Parent,Parent,HRESULT,R_O
ISlicers,Count,Count,HRESULT,R_O
ISlicers,Item,Item,HRESULT,R_O
ISlicers,_Default,_Default,HRESULT,R_O
ISlicers,_NewEnum,_New Enum,HRESULT,R_O
ISmartTag,Application,Application,HRESULT,R_O
ISmartTag,Creator,Creator,HRESULT,R_O
ISmartTag,Parent,Parent,HRESULT,R_O
ISmartTag,DownloadURL,Download URL,HRESULT,R_O
ISmartTag,Name,Name,HRESULT,R_O
ISmartTag,_Default,_Default,HRESULT,R_O
ISmartTag,XML,XML,HRESULT,R_O
ISmartTag,Range,Range,HRESULT,R_O
ISmartTag,SmartTagActions,Smart Tag Actions,HRESULT,R_O
ISmartTag,Properties,Properties,HRESULT,R_O
ISmartTagAction,Application,Application,HRESULT,R_O
ISmartTagAction,Creator,Creator,HRESULT,R_O
ISmartTagAction,Parent,Parent,HRESULT,R_O
ISmartTagAction,Name,Name,HRESULT,R_O
ISmartTagAction,_Default,_Default,HRESULT,R_O
ISmartTagAction,Type,Type,HRESULT,R_O
ISmartTagAction,PresentInPane,Present In Pane,HRESULT,R_O
ISmartTagAction,ExpandHelp,Expand Help,HRESULT,V
ISmartTagAction,CheckboxState,Checkbox State,HRESULT,V
ISmartTagAction,TextboxText,Textbox Text,HRESULT,V
ISmartTagAction,ListSelection,List Selection,HRESULT,V
ISmartTagAction,RadioGroupSelection,Radio Group Selection,HRESULT,V
ISmartTagAction,ActiveXControl,Active X Control,HRESULT,R_O
ISmartTagActions,Application,Application,HRESULT,R_O
ISmartTagActions,Creator,Creator,HRESULT,R_O
ISmartTagActions,Parent,Parent,HRESULT,R_O
ISmartTagActions,Count,Count,HRESULT,R_O
ISmartTagActions,_Default,_Default,HRESULT,R_O
ISmartTagActions,Item,Item,HRESULT,R_O
ISmartTagActions,_NewEnum,_New Enum,HRESULT,R_O
ISmartTagOptions,Application,Application,HRESULT,R_O
ISmartTagOptions,Creator,Creator,HRESULT,R_O
ISmartTagOptions,Parent,Parent,HRESULT,R_O
ISmartTagOptions,DisplaySmartTags,Display Smart Tags,HRESULT,V
ISmartTagOptions,EmbedSmartTags,Embed Smart Tags,HRESULT,V
ISmartTagRecognizer,Application,Application,HRESULT,R_O
ISmartTagRecognizer,Creator,Creator,HRESULT,R_O
ISmartTagRecognizer,Parent,Parent,HRESULT,R_O
ISmartTagRecognizer,Enabled,Enabled,HRESULT,V
ISmartTagRecognizer,progID,prog ID,HRESULT,R_O
ISmartTagRecognizer,_Default,_Default,HRESULT,R_O
ISmartTagRecognizer,FullName,Full Name,HRESULT,R_O
ISmartTagRecognizers,Application,Application,HRESULT,R_O
ISmartTagRecognizers,Creator,Creator,HRESULT,R_O
ISmartTagRecognizers,Parent,Parent,HRESULT,R_O
ISmartTagRecognizers,Count,Count,HRESULT,R_O
ISmartTagRecognizers,Item,Item,HRESULT,R_O
ISmartTagRecognizers,_Default,_Default,HRESULT,R_O
ISmartTagRecognizers,_NewEnum,_New Enum,HRESULT,R_O
ISmartTagRecognizers,Recognize,Recognize,HRESULT,V
ISmartTags,Application,Application,HRESULT,R_O
ISmartTags,Creator,Creator,HRESULT,R_O
ISmartTags,Parent,Parent,HRESULT,R_O
ISmartTags,Count,Count,HRESULT,R_O
ISmartTags,_Default,_Default,HRESULT,R_O
ISmartTags,_NewEnum,_New Enum,HRESULT,R_O
ISort,Application,Application,HRESULT,R_O
ISort,Creator,Creator,HRESULT,R_O
ISort,Parent,Parent,HRESULT,R_O
ISort,Rng,Rng,HRESULT,R_O
ISort,Header,Header,HRESULT,V
ISort,MatchCase,Match Case,HRESULT,V
ISort,Orientation,Orientation,HRESULT,V
ISort,SortMethod,Sort Method,HRESULT,V
ISort,SortFields,Sort Fields,HRESULT,R_O
ISortField,Application,Application,HRESULT,R_O
ISortField,Creator,Creator,HRESULT,R_O
ISortField,Parent,Parent,HRESULT,R_O
ISortField,SortOn,Sort On,HRESULT,V
ISortField,SortOnValue,Sort On Value,HRESULT,R_O
ISortField,Key,Key,HRESULT,R_O
ISortField,Order,Order,HRESULT,V
ISortField,CustomOrder,Custom Order,HRESULT,V
ISortField,DataOption,Data Option,HRESULT,V
ISortField,Priority,Priority,HRESULT,V
ISortField,SubField,Sub Field,HRESULT,V
ISortFields,Application,Application,HRESULT,R_O
ISortFields,Creator,Creator,HRESULT,R_O
ISortFields,Parent,Parent,HRESULT,R_O
ISortFields,Item,Item,HRESULT,R_O
ISortFields,Count,Count,HRESULT,R_O
ISortFields,_Default,_Default,HRESULT,R_O
ISortFields,_NewEnum,_New Enum,HRESULT,R_O
ISoundNote,Application,Application,HRESULT,R_O
ISoundNote,Creator,Creator,HRESULT,R_O
ISoundNote,Parent,Parent,HRESULT,R_O
ISparkAxes,Application,Application,HRESULT,R_O
ISparkAxes,Creator,Creator,HRESULT,R_O
ISparkAxes,Parent,Parent,HRESULT,R_O
ISparkAxes,Vertical,Vertical,HRESULT,R_O
ISparkAxes,Horizontal,Horizontal,HRESULT,R_O
ISparkColor,Application,Application,HRESULT,R_O
ISparkColor,Creator,Creator,HRESULT,R_O
ISparkColor,Parent,Parent,HRESULT,R_O
ISparkColor,Visible,Visible,HRESULT,V
ISparkColor,Color,Color,HRESULT,R_O
ISparkHorizontalAxis,Application,Application,HRESULT,R_O
ISparkHorizontalAxis,Creator,Creator,HRESULT,R_O
ISparkHorizontalAxis,Parent,Parent,HRESULT,R_O
ISparkHorizontalAxis,Axis,Axis,HRESULT,R_O
ISparkHorizontalAxis,IsDateAxis,Is Date Axis,HRESULT,R_O
ISparkHorizontalAxis,RightToLeftPlotOrder,Right To Left Plot Order,HRESULT,V
ISparkline,Application,Application,HRESULT,R_O
ISparkline,Creator,Creator,HRESULT,R_O
ISparkline,Parent,Parent,HRESULT,R_O
ISparkline,Location,Location,HRESULT,V
ISparkline,SourceData,Source Data,HRESULT,V
ISparklineGroup,Application,Application,HRESULT,R_O
ISparklineGroup,Creator,Creator,HRESULT,R_O
ISparklineGroup,Parent,Parent,HRESULT,R_O
ISparklineGroup,Count,Count,HRESULT,R_O
ISparklineGroup,Item,Item,HRESULT,R_O
ISparklineGroup,_NewEnum,_New Enum,HRESULT,R_O
ISparklineGroup,Location,Location,HRESULT,V
ISparklineGroup,SourceData,Source Data,HRESULT,V
ISparklineGroup,DateRange,Date Range,HRESULT,V
ISparklineGroup,Type,Type,HRESULT,V
ISparklineGroup,SeriesColor,Series Color,HRESULT,R_O
ISparklineGroup,Points,Points,HRESULT,R_O
ISparklineGroup,Axes,Axes,HRESULT,R_O
ISparklineGroup,DisplayBlanksAs,Display Blanks As,HRESULT,V
ISparklineGroup,DisplayHidden,Display Hidden,HRESULT,V
ISparklineGroup,LineWeight,Line Weight,HRESULT,V
ISparklineGroup,PlotBy,Plot By,HRESULT,V
ISparklineGroups,Application,Application,HRESULT,R_O
ISparklineGroups,Creator,Creator,HRESULT,R_O
ISparklineGroups,Parent,Parent,HRESULT,R_O
ISparklineGroups,Count,Count,HRESULT,R_O
ISparklineGroups,Item,Item,HRESULT,R_O
ISparklineGroups,_NewEnum,_New Enum,HRESULT,R_O
ISparklineGroups,_Default,_Default,HRESULT,R_O
ISparkPoints,Application,Application,HRESULT,R_O
ISparkPoints,Creator,Creator,HRESULT,R_O
ISparkPoints,Parent,Parent,HRESULT,R_O
ISparkPoints,Negative,Negative,HRESULT,R_O
ISparkPoints,Markers,Markers,HRESULT,R_O
ISparkPoints,Highpoint,Highpoint,HRESULT,R_O
ISparkPoints,Lowpoint,Lowpoint,HRESULT,R_O
ISparkPoints,Firstpoint,Firstpoint,HRESULT,R_O
ISparkPoints,Lastpoint,Lastpoint,HRESULT,R_O
ISparkVerticalAxis,Application,Application,HRESULT,R_O
ISparkVerticalAxis,Creator,Creator,HRESULT,R_O
ISparkVerticalAxis,Parent,Parent,HRESULT,R_O
ISparkVerticalAxis,MinScaleType,Min Scale Type,HRESULT,V
ISparkVerticalAxis,CustomMinScaleValue,Custom Min Scale Value,HRESULT,V
ISparkVerticalAxis,MaxScaleType,Max Scale Type,HRESULT,V
ISparkVerticalAxis,CustomMaxScaleValue,Custom Max Scale Value,HRESULT,V
ISpeech,Direction,Direction,HRESULT,V
ISpeech,SpeakCellOnEnter,Speak Cell On Enter,HRESULT,V
ISpellingOptions,DictLang,Dict Lang,HRESULT,V
ISpellingOptions,UserDict,User Dict,HRESULT,V
ISpellingOptions,IgnoreCaps,Ignore Caps,HRESULT,V
ISpellingOptions,SuggestMainOnly,Suggest Main Only,HRESULT,V
ISpellingOptions,IgnoreMixedDigits,Ignore Mixed Digits,HRESULT,V
ISpellingOptions,IgnoreFileNames,Ignore File Names,HRESULT,V
ISpellingOptions,GermanPostReform,German Post Reform,HRESULT,V
ISpellingOptions,KoreanCombineAux,Korean Combine Aux,HRESULT,V
ISpellingOptions,KoreanUseAutoChangeList,Korean Use Auto Change List,HRESULT,V
ISpellingOptions,KoreanProcessCompound,Korean Process Compound,HRESULT,V
ISpellingOptions,HebrewModes,Hebrew Modes,HRESULT,V
ISpellingOptions,ArabicModes,Arabic Modes,HRESULT,V
ISpellingOptions,ArabicStrictAlefHamza,Arabic Strict Alef Hamza,HRESULT,V
ISpellingOptions,ArabicStrictFinalYaa,Arabic Strict Final Yaa,HRESULT,V
ISpellingOptions,ArabicStrictTaaMarboota,Arabic Strict Taa Marboota,HRESULT,V
ISpellingOptions,RussianStrictE,Russian Strict E,HRESULT,V
ISpellingOptions,SpanishModes,Spanish Modes,HRESULT,V
ISpellingOptions,PortugalReform,Portugal Reform,HRESULT,V
ISpellingOptions,BrazilReform,Brazil Reform,HRESULT,V
ISpinner,Application,Application,HRESULT,R_O
ISpinner,Creator,Creator,HRESULT,R_O
ISpinner,Parent,Parent,HRESULT,R_O
ISpinner,BottomRightCell,Bottom Right Cell,HRESULT,R_O
ISpinner,Enabled,Enabled,HRESULT,V
ISpinner,Height,Height,HRESULT,V
ISpinner,Index,Index,HRESULT,R_O
ISpinner,Left,Left,HRESULT,V
ISpinner,Locked,Locked,HRESULT,V
ISpinner,Name,Name,HRESULT,V
ISpinner,Placement,Placement,HRESULT,V
ISpinner,PrintObject,Print Object,HRESULT,V
ISpinner,Top,Top,HRESULT,V
ISpinner,TopLeftCell,Top Left Cell,HRESULT,R_O
ISpinner,Visible,Visible,HRESULT,V
ISpinner,Width,Width,HRESULT,V
ISpinner,ZOrder,Z Order,HRESULT,R_O
ISpinner,ShapeRange,Shape Range,HRESULT,R_O
ISpinner,_Default,_Default,HRESULT,V
ISpinner,Display3DShading,Display3 D Shading,HRESULT,V
ISpinner,LinkedCell,Linked Cell,HRESULT,V
ISpinner,Max,Max,HRESULT,V
ISpinner,Min,Min,HRESULT,V
ISpinner,SmallChange,Small Change,HRESULT,V
ISpinner,Value,Value,HRESULT,V
ISpinners,Application,Application,HRESULT,R_O
ISpinners,Creator,Creator,HRESULT,R_O
ISpinners,Parent,Parent,HRESULT,R_O
ISpinners,Enabled,Enabled,HRESULT,V
ISpinners,Height,Height,HRESULT,V
ISpinners,Left,Left,HRESULT,V
ISpinners,Locked,Locked,HRESULT,V
ISpinners,Placement,Placement,HRESULT,V
ISpinners,PrintObject,Print Object,HRESULT,V
ISpinners,Top,Top,HRESULT,V
ISpinners,Visible,Visible,HRESULT,V
ISpinners,Width,Width,HRESULT,V
ISpinners,ZOrder,Z Order,HRESULT,R_O
ISpinners,ShapeRange,Shape Range,HRESULT,R_O
ISpinners,_Default,_Default,HRESULT,V
ISpinners,Display3DShading,Display3 D Shading,HRESULT,V
ISpinners,LinkedCell,Linked Cell,HRESULT,V
ISpinners,Max,Max,HRESULT,V
ISpinners,Min,Min,HRESULT,V
ISpinners,SmallChange,Small Change,HRESULT,V
ISpinners,Value,Value,HRESULT,V
ISpinners,Count,Count,HRESULT,R_O
IStyle,Application,Application,HRESULT,R_O
IStyle,Creator,Creator,HRESULT,R_O
IStyle,Parent,Parent,HRESULT,R_O
IStyle,AddIndent,Add Indent,HRESULT,V
IStyle,BuiltIn,Built In,HRESULT,R_O
IStyle,Borders,Borders,HRESULT,R_O
IStyle,Font,Font,HRESULT,R_O
IStyle,FormulaHidden,Formula Hidden,HRESULT,V
IStyle,HorizontalAlignment,Horizontal Alignment,HRESULT,V
IStyle,IncludeAlignment,Include Alignment,HRESULT,V
IStyle,IncludeBorder,Include Border,HRESULT,V
IStyle,IncludeFont,Include Font,HRESULT,V
IStyle,IncludeNumber,Include Number,HRESULT,V
IStyle,IncludePatterns,Include Patterns,HRESULT,V
IStyle,IncludeProtection,Include Protection,HRESULT,V
IStyle,IndentLevel,Indent Level,HRESULT,V
IStyle,Interior,Interior,HRESULT,R_O
IStyle,Locked,Locked,HRESULT,V
IStyle,MergeCells,Merge Cells,HRESULT,V
IStyle,Name,Name,HRESULT,R_O
IStyle,NameLocal,Name Local,HRESULT,R_O
IStyle,NumberFormat,Number Format,HRESULT,V
IStyle,NumberFormatLocal,Number Format Local,HRESULT,V
IStyle,Orientation,Orientation,HRESULT,V
IStyle,ShrinkToFit,Shrink To Fit,HRESULT,V
IStyle,Value,Value,HRESULT,R_O
IStyle,VerticalAlignment,Vertical Alignment,HRESULT,V
IStyle,WrapText,Wrap Text,HRESULT,V
IStyle,_Default,_Default,HRESULT,R_O
IStyle,ReadingOrder,Reading Order,HRESULT,V
IStyles,Application,Application,HRESULT,R_O
IStyles,Creator,Creator,HRESULT,R_O
IStyles,Parent,Parent,HRESULT,R_O
IStyles,Count,Count,HRESULT,R_O
IStyles,Item,Item,HRESULT,R_O
IStyles,_NewEnum,_New Enum,HRESULT,R_O
IStyles,_Default,_Default,HRESULT,R_O
ITab,Application,Application,HRESULT,R_O
ITab,Creator,Creator,HRESULT,R_O
ITab,Parent,Parent,HRESULT,R_O
ITab,Color,Color,HRESULT,V
ITab,ColorIndex,Color Index,HRESULT,V
ITab,ThemeColor,Theme Color,HRESULT,V
ITab,TintAndShade,Tint And Shade,HRESULT,V
ITableObject,Application,Application,HRESULT,R_O
ITableObject,Creator,Creator,HRESULT,R_O
ITableObject,Parent,Parent,HRESULT,R_O
ITableObject,RowNumbers,Row Numbers,HRESULT,V
ITableObject,FetchedRowOverflow,Fetched Row Overflow,HRESULT,R_O
ITableObject,RefreshStyle,Refresh Style,HRESULT,V
ITableObject,EnableRefresh,Enable Refresh,HRESULT,V
ITableObject,Destination,Destination,HRESULT,R_O
ITableObject,ResultRange,Result Range,HRESULT,R_O
ITableObject,EnableEditing,Enable Editing,HRESULT,V
ITableObject,PreserveColumnInfo,Preserve Column Info,HRESULT,V
ITableObject,PreserveFormatting,Preserve Formatting,HRESULT,V
ITableObject,AdjustColumnWidth,Adjust Column Width,HRESULT,V
ITableObject,ListObject,List Object,HRESULT,R_O
ITableObject,WorkbookConnection,Workbook Connection,HRESULT,R_O
ITableStyle,Application,Application,HRESULT,R_O
ITableStyle,Creator,Creator,HRESULT,R_O
ITableStyle,Parent,Parent,HRESULT,R_O
ITableStyle,_Default,_Default,HRESULT,R_O
ITableStyle,Name,Name,HRESULT,R_O
ITableStyle,NameLocal,Name Local,HRESULT,R_O
ITableStyle,BuiltIn,Built In,HRESULT,R_O
ITableStyle,TableStyleElements,Table Style Elements,HRESULT,R_O
ITableStyle,ShowAsAvailableTableStyle,Show As Available Table Style,HRESULT,V
ITableStyle,ShowAsAvailablePivotTableStyle,Show As Available Pivot Table Style,HRESULT,V
ITableStyle,ShowAsAvailableSlicerStyle,Show As Available Slicer Style,HRESULT,V
ITableStyle,ShowAsAvailableTimelineStyle,Show As Available Timeline Style,HRESULT,V
ITableStyleElement,Application,Application,HRESULT,R_O
ITableStyleElement,Creator,Creator,HRESULT,R_O
ITableStyleElement,Parent,Parent,HRESULT,R_O
ITableStyleElement,HasFormat,Has Format,HRESULT,R_O
ITableStyleElement,Interior,Interior,HRESULT,R_O
ITableStyleElement,Borders,Borders,HRESULT,R_O
ITableStyleElement,Font,Font,HRESULT,R_O
ITableStyleElement,StripeSize,Stripe Size,HRESULT,V
ITableStyleElements,Application,Application,HRESULT,R_O
ITableStyleElements,Creator,Creator,HRESULT,R_O
ITableStyleElements,Parent,Parent,HRESULT,R_O
ITableStyleElements,Count,Count,HRESULT,R_O
ITableStyleElements,_Default,_Default,HRESULT,R_O
ITableStyleElements,_NewEnum,_New Enum,HRESULT,R_O
ITableStyles,Application,Application,HRESULT,R_O
ITableStyles,Creator,Creator,HRESULT,R_O
ITableStyles,Parent,Parent,HRESULT,R_O
ITableStyles,Count,Count,HRESULT,R_O
ITableStyles,_Default,_Default,HRESULT,R_O
ITableStyles,_NewEnum,_New Enum,HRESULT,R_O
ITextBox,Application,Application,HRESULT,R_O
ITextBox,Creator,Creator,HRESULT,R_O
ITextBox,Parent,Parent,HRESULT,R_O
ITextBox,BottomRightCell,Bottom Right Cell,HRESULT,R_O
ITextBox,Enabled,Enabled,HRESULT,V
ITextBox,Height,Height,HRESULT,V
ITextBox,Index,Index,HRESULT,R_O
ITextBox,Left,Left,HRESULT,V
ITextBox,Locked,Locked,HRESULT,V
ITextBox,Name,Name,HRESULT,V
ITextBox,Placement,Placement,HRESULT,V
ITextBox,PrintObject,Print Object,HRESULT,V
ITextBox,Top,Top,HRESULT,V
ITextBox,TopLeftCell,Top Left Cell,HRESULT,R_O
ITextBox,Visible,Visible,HRESULT,V
ITextBox,Width,Width,HRESULT,V
ITextBox,ZOrder,Z Order,HRESULT,R_O
ITextBox,ShapeRange,Shape Range,HRESULT,R_O
ITextBox,AddIndent,Add Indent,HRESULT,V
ITextBox,AutoScaleFont,Auto Scale Font,HRESULT,V
ITextBox,AutoSize,Auto Size,HRESULT,V
ITextBox,Caption,Caption,HRESULT,V
ITextBox,Characters,Characters,HRESULT,R_O
ITextBox,Font,Font,HRESULT,R_O
ITextBox,Formula,Formula,HRESULT,V
ITextBox,HorizontalAlignment,Horizontal Alignment,HRESULT,V
ITextBox,LockedText,Locked Text,HRESULT,V
ITextBox,Orientation,Orientation,HRESULT,V
ITextBox,Text,Text,HRESULT,V
ITextBox,VerticalAlignment,Vertical Alignment,HRESULT,V
ITextBox,ReadingOrder,Reading Order,HRESULT,V
ITextBox,Border,Border,HRESULT,R_O
ITextBox,Interior,Interior,HRESULT,R_O
ITextBox,RoundedCorners,Rounded Corners,HRESULT,V
ITextBox,Shadow,Shadow,HRESULT,V
ITextBoxes,Application,Application,HRESULT,R_O
ITextBoxes,Creator,Creator,HRESULT,R_O
ITextBoxes,Parent,Parent,HRESULT,R_O
ITextBoxes,Enabled,Enabled,HRESULT,V
ITextBoxes,Height,Height,HRESULT,V
ITextBoxes,Left,Left,HRESULT,V
ITextBoxes,Locked,Locked,HRESULT,V
ITextBoxes,Placement,Placement,HRESULT,V
ITextBoxes,PrintObject,Print Object,HRESULT,V
ITextBoxes,Top,Top,HRESULT,V
ITextBoxes,Visible,Visible,HRESULT,V
ITextBoxes,Width,Width,HRESULT,V
ITextBoxes,ZOrder,Z Order,HRESULT,R_O
ITextBoxes,ShapeRange,Shape Range,HRESULT,R_O
ITextBoxes,AddIndent,Add Indent,HRESULT,V
ITextBoxes,AutoScaleFont,Auto Scale Font,HRESULT,V
ITextBoxes,AutoSize,Auto Size,HRESULT,V
ITextBoxes,Caption,Caption,HRESULT,V
ITextBoxes,Characters,Characters,HRESULT,R_O
ITextBoxes,Font,Font,HRESULT,R_O
ITextBoxes,Formula,Formula,HRESULT,V
ITextBoxes,HorizontalAlignment,Horizontal Alignment,HRESULT,V
ITextBoxes,LockedText,Locked Text,HRESULT,V
ITextBoxes,Orientation,Orientation,HRESULT,V
ITextBoxes,Text,Text,HRESULT,V
ITextBoxes,VerticalAlignment,Vertical Alignment,HRESULT,V
ITextBoxes,ReadingOrder,Reading Order,HRESULT,V
ITextBoxes,Border,Border,HRESULT,R_O
ITextBoxes,Interior,Interior,HRESULT,R_O
ITextBoxes,RoundedCorners,Rounded Corners,HRESULT,V
ITextBoxes,Shadow,Shadow,HRESULT,V
ITextBoxes,Count,Count,HRESULT,R_O
ITextConnection,Application,Application,HRESULT,R_O
ITextConnection,Creator,Creator,HRESULT,R_O
ITextConnection,Parent,Parent,HRESULT,R_O
ITextConnection,Connection,Connection,HRESULT,V
ITextConnection,TextFileHeaderRow,Text File Header Row,HRESULT,V
ITextConnection,TextFileColumnDataTypes,Text File Column Data Types,HRESULT,V
ITextConnection,TextFileCommaDelimiter,Text File Comma Delimiter,HRESULT,V
ITextConnection,TextFileConsecutiveDelimiter,Text File Consecutive Delimiter,HRESULT,V
ITextConnection,TextFileDecimalSeparator,Text File Decimal Separator,HRESULT,V
ITextConnection,TextFileFixedColumnWidths,Text File Fixed Column Widths,HRESULT,V
ITextConnection,TextFileOtherDelimiter,Text File Other Delimiter,HRESULT,V
ITextConnection,TextFileParseType,Text File Parse Type,HRESULT,V
ITextConnection,TextFilePlatform,Text File Platform,HRESULT,V
ITextConnection,TextFilePromptOnRefresh,Text File Prompt On Refresh,HRESULT,V
ITextConnection,TextFileSemicolonDelimiter,Text File Semicolon Delimiter,HRESULT,V
ITextConnection,TextFileSpaceDelimiter,Text File Space Delimiter,HRESULT,V
ITextConnection,TextFileStartRow,Text File Start Row,HRESULT,V
ITextConnection,TextFileTabDelimiter,Text File Tab Delimiter,HRESULT,V
ITextConnection,TextFileTextQualifier,Text File Text Qualifier,HRESULT,V
ITextConnection,TextFileThousandsSeparator,Text File Thousands Separator,HRESULT,V
ITextConnection,TextFileTrailingMinusNumbers,Text File Trailing Minus Numbers,HRESULT,V
ITextConnection,TextFileVisualLayout,Text File Visual Layout,HRESULT,V
ITextFrame,Application,Application,HRESULT,R_O
ITextFrame,Creator,Creator,HRESULT,R_O
ITextFrame,Parent,Parent,HRESULT,R_O
ITextFrame,MarginBottom,Margin Bottom,HRESULT,V
ITextFrame,MarginLeft,Margin Left,HRESULT,V
ITextFrame,MarginRight,Margin Right,HRESULT,V
ITextFrame,MarginTop,Margin Top,HRESULT,V
ITextFrame,Orientation,Orientation,HRESULT,V
ITextFrame,HorizontalAlignment,Horizontal Alignment,HRESULT,V
ITextFrame,VerticalAlignment,Vertical Alignment,HRESULT,V
ITextFrame,AutoSize,Auto Size,HRESULT,V
ITextFrame,ReadingOrder,Reading Order,HRESULT,V
ITextFrame,AutoMargins,Auto Margins,HRESULT,V
ITextFrame,VerticalOverflow,Vertical Overflow,HRESULT,V
ITextFrame,HorizontalOverflow,Horizontal Overflow,HRESULT,V
ITickLabels,Application,Application,HRESULT,R_O
ITickLabels,Creator,Creator,HRESULT,R_O
ITickLabels,Parent,Parent,HRESULT,R_O
ITickLabels,Font,Font,HRESULT,R_O
ITickLabels,Name,Name,HRESULT,R_O
ITickLabels,NumberFormat,Number Format,HRESULT,V
ITickLabels,NumberFormatLinked,Number Format Linked,HRESULT,V
ITickLabels,NumberFormatLocal,Number Format Local,HRESULT,V
ITickLabels,Orientation,Orientation,HRESULT,V
ITickLabels,ReadingOrder,Reading Order,HRESULT,V
ITickLabels,Depth,Depth,HRESULT,R_O
ITickLabels,Offset,Offset,HRESULT,V
ITickLabels,Alignment,Alignment,HRESULT,V
ITickLabels,MultiLevel,Multi Level,HRESULT,V
ITickLabels,Format,Format,HRESULT,R_O
ITimelineState,Application,Application,HRESULT,R_O
ITimelineState,Creator,Creator,HRESULT,R_O
ITimelineState,Parent,Parent,HRESULT,R_O
ITimelineState,StartDate,Start Date,HRESULT,R_O
ITimelineState,EndDate,End Date,HRESULT,R_O
ITimelineState,FilterType,Filter Type,HRESULT,R_O
ITimelineState,FilterValue1,Filter Value1,HRESULT,R_O
ITimelineState,FilterValue2,Filter Value2,HRESULT,R_O
ITimelineState,SingleRangeFilterState,Single Range Filter State,HRESULT,R_O
ITimelineViewState,Application,Application,HRESULT,R_O
ITimelineViewState,Creator,Creator,HRESULT,R_O
ITimelineViewState,Parent,Parent,HRESULT,R_O
ITimelineViewState,ShowHeader,Show Header,HRESULT,V
ITimelineViewState,ShowSelectionLabel,Show Selection Label,HRESULT,V
ITimelineViewState,ShowTimeLevel,Show Time Level,HRESULT,V
ITimelineViewState,ShowHorizontalScrollbar,Show Horizontal Scrollbar,HRESULT,V
ITimelineViewState,Level,Level,HRESULT,V
IToolbar,Application,Application,HRESULT,R_O
IToolbar,Creator,Creator,HRESULT,R_O
IToolbar,Parent,Parent,HRESULT,R_O
IToolbar,BuiltIn,Built In,HRESULT,R_O
IToolbar,Height,Height,HRESULT,V
IToolbar,Left,Left,HRESULT,V
IToolbar,Name,Name,HRESULT,R_O
IToolbar,Position,Position,HRESULT,V
IToolbar,Protection,Protection,HRESULT,V
IToolbar,ToolbarButtons,Toolbar Buttons,HRESULT,R_O
IToolbar,Top,Top,HRESULT,V
IToolbar,Visible,Visible,HRESULT,V
IToolbar,Width,Width,HRESULT,V
IToolbarButton,Application,Application,HRESULT,R_O
IToolbarButton,Creator,Creator,HRESULT,R_O
IToolbarButton,Parent,Parent,HRESULT,R_O
IToolbarButton,BuiltIn,Built In,HRESULT,R_O
IToolbarButton,BuiltInFace,Built In Face,HRESULT,V
IToolbarButton,Enabled,Enabled,HRESULT,V
IToolbarButton,HelpContextID,Help Context ID,HRESULT,V
IToolbarButton,HelpFile,Help File,HRESULT,V
IToolbarButton,ID,ID,HRESULT,R_O
IToolbarButton,IsGap,Is Gap,HRESULT,R_O
IToolbarButton,Name,Name,HRESULT,V
IToolbarButton,OnAction,On Action,HRESULT,V
IToolbarButton,Pushed,Pushed,HRESULT,V
IToolbarButton,StatusBar,Status Bar,HRESULT,V
IToolbarButton,Width,Width,HRESULT,V
IToolbarButtons,Application,Application,HRESULT,R_O
IToolbarButtons,Creator,Creator,HRESULT,R_O
IToolbarButtons,Parent,Parent,HRESULT,R_O
IToolbarButtons,Count,Count,HRESULT,R_O
IToolbarButtons,Item,Item,HRESULT,R_O
IToolbarButtons,_NewEnum,_New Enum,HRESULT,R_O
IToolbarButtons,_Default,_Default,HRESULT,R_O
IToolbars,Application,Application,HRESULT,R_O
IToolbars,Creator,Creator,HRESULT,R_O
IToolbars,Parent,Parent,HRESULT,R_O
IToolbars,Count,Count,HRESULT,R_O
IToolbars,_Default,_Default,HRESULT,R_O
IToolbars,Item,Item,HRESULT,R_O
IToolbars,_NewEnum,_New Enum,HRESULT,R_O
ITop10,Application,Application,HRESULT,R_O
ITop10,Creator,Creator,HRESULT,R_O
ITop10,Parent,Parent,HRESULT,R_O
ITop10,Priority,Priority,HRESULT,V
ITop10,StopIfTrue,Stop If True,HRESULT,V
ITop10,AppliesTo,Applies To,HRESULT,R_O
ITop10,TopBottom,Top Bottom,HRESULT,V
ITop10,Rank,Rank,HRESULT,V
ITop10,Percent,Percent,HRESULT,V
ITop10,Interior,Interior,HRESULT,R_O
ITop10,Borders,Borders,HRESULT,R_O
ITop10,Font,Font,HRESULT,R_O
ITop10,Type,Type,HRESULT,R_O
ITop10,NumberFormat,Number Format,HRESULT,V
ITop10,PTCondition,PT Condition,HRESULT,R_O
ITop10,ScopeType,Scope Type,HRESULT,V
ITop10,CalcFor,Calc For,HRESULT,V
ITrendline,Application,Application,HRESULT,R_O
ITrendline,Creator,Creator,HRESULT,R_O
ITrendline,Parent,Parent,HRESULT,R_O
ITrendline,Border,Border,HRESULT,R_O
ITrendline,DataLabel,Data Label,HRESULT,R_O
ITrendline,DisplayEquation,Display Equation,HRESULT,V
ITrendline,DisplayRSquared,Display R Squared,HRESULT,V
ITrendline,Index,Index,HRESULT,R_O
ITrendline,Intercept,Intercept,HRESULT,V
ITrendline,InterceptIsAuto,Intercept Is Auto,HRESULT,V
ITrendline,Name,Name,HRESULT,V
ITrendline,NameIsAuto,Name Is Auto,HRESULT,V
ITrendline,Order,Order,HRESULT,V
ITrendline,Period,Period,HRESULT,V
ITrendline,Type,Type,HRESULT,V
ITrendline,Backward2,Backward2,HRESULT,V
ITrendline,Forward2,Forward2,HRESULT,V
ITrendline,Format,Format,HRESULT,R_O
ITrendlines,Application,Application,HRESULT,R_O
ITrendlines,Creator,Creator,HRESULT,R_O
ITrendlines,Parent,Parent,HRESULT,R_O
ITrendlines,Count,Count,HRESULT,R_O
IUniqueValues,Application,Application,HRESULT,R_O
IUniqueValues,Creator,Creator,HRESULT,R_O
IUniqueValues,Parent,Parent,HRESULT,R_O
IUniqueValues,Priority,Priority,HRESULT,V
IUniqueValues,StopIfTrue,Stop If True,HRESULT,V
IUniqueValues,AppliesTo,Applies To,HRESULT,R_O
IUniqueValues,DupeUnique,Dupe Unique,HRESULT,V
IUniqueValues,Interior,Interior,HRESULT,R_O
IUniqueValues,Borders,Borders,HRESULT,R_O
IUniqueValues,Font,Font,HRESULT,R_O
IUniqueValues,Type,Type,HRESULT,R_O
IUniqueValues,NumberFormat,Number Format,HRESULT,V
IUniqueValues,PTCondition,PT Condition,HRESULT,R_O
IUniqueValues,ScopeType,Scope Type,HRESULT,V
IUpBars,Application,Application,HRESULT,R_O
IUpBars,Creator,Creator,HRESULT,R_O
IUpBars,Parent,Parent,HRESULT,R_O
IUpBars,Name,Name,HRESULT,R_O
IUpBars,Format,Format,HRESULT,R_O
IUsedObjects,Application,Application,HRESULT,R_O
IUsedObjects,Creator,Creator,HRESULT,R_O
IUsedObjects,Parent,Parent,HRESULT,R_O
IUsedObjects,Count,Count,HRESULT,R_O
IUsedObjects,_NewEnum,_New Enum,HRESULT,R_O
IUsedObjects,_Default,_Default,HRESULT,R_O
IUsedObjects,Item,Item,HRESULT,R_O
IUserAccess,Name,Name,HRESULT,R_O
IUserAccess,AllowEdit,Allow Edit,HRESULT,V
IUserAccessList,Count,Count,HRESULT,R_O
IUserAccessList,Item,Item,HRESULT,R_O
IUserAccessList,_Default,_Default,HRESULT,R_O
IUserAccessList,_NewEnum,_New Enum,HRESULT,R_O
IValidation,Application,Application,HRESULT,R_O
IValidation,Creator,Creator,HRESULT,R_O
IValidation,Parent,Parent,HRESULT,R_O
IValidation,AlertStyle,Alert Style,HRESULT,R_O
IValidation,IgnoreBlank,Ignore Blank,HRESULT,V
IValidation,IMEMode,IME Mode,HRESULT,V
IValidation,InCellDropdown,In Cell Dropdown,HRESULT,V
IValidation,ErrorMessage,Error Message,HRESULT,V
IValidation,ErrorTitle,Error Title,HRESULT,V
IValidation,InputMessage,Input Message,HRESULT,V
IValidation,InputTitle,Input Title,HRESULT,V
IValidation,Formula1,Formula1,HRESULT,R_O
IValidation,Formula2,Formula2,HRESULT,R_O
IValidation,Operator,Operator,HRESULT,R_O
IValidation,ShowError,Show Error,HRESULT,V
IValidation,ShowInput,Show Input,HRESULT,V
IValidation,Type,Type,HRESULT,R_O
IValidation,Value,Value,HRESULT,R_O
IValueChange,Application,Application,HRESULT,R_O
IValueChange,Creator,Creator,HRESULT,R_O
IValueChange,Parent,Parent,HRESULT,R_O
IValueChange,Order,Order,HRESULT,R_O
IValueChange,VisibleInPivotTable,Visible In Pivot Table,HRESULT,R_O
IValueChange,PivotCell,Pivot Cell,HRESULT,R_O
IValueChange,Tuple,Tuple,HRESULT,R_O
IValueChange,Value,Value,HRESULT,R_O
IValueChange,AllocationValue,Allocation Value,HRESULT,R_O
IValueChange,AllocationMethod,Allocation Method,HRESULT,R_O
IValueChange,AllocationWeightExpression,Allocation Weight Expression,HRESULT,R_O
IVPageBreak,Application,Application,HRESULT,R_O
IVPageBreak,Creator,Creator,HRESULT,R_O
IVPageBreak,Parent,Parent,HRESULT,R_O
IVPageBreak,Type,Type,HRESULT,V
IVPageBreak,Extent,Extent,HRESULT,R_O
IVPageBreak,Location,Location,HRESULT,V
IVPageBreaks,Application,Application,HRESULT,R_O
IVPageBreaks,Creator,Creator,HRESULT,R_O
IVPageBreaks,Parent,Parent,HRESULT,R_O
IVPageBreaks,Count,Count,HRESULT,R_O
IVPageBreaks,Item,Item,HRESULT,R_O
IVPageBreaks,_Default,_Default,HRESULT,R_O
IVPageBreaks,_NewEnum,_New Enum,HRESULT,R_O
IWalls,Application,Application,HRESULT,R_O
IWalls,Creator,Creator,HRESULT,R_O
IWalls,Parent,Parent,HRESULT,R_O
IWalls,Name,Name,HRESULT,R_O
IWalls,PictureType,Picture Type,HRESULT,V
IWalls,PictureUnit,Picture Unit,HRESULT,V
IWalls,Thickness,Thickness,HRESULT,V
IWalls,Format,Format,HRESULT,R_O
IWatch,Application,Application,HRESULT,R_O
IWatch,Creator,Creator,HRESULT,R_O
IWatch,Parent,Parent,HRESULT,R_O
IWatch,Source,Source,HRESULT,R_O
IWatches,Application,Application,HRESULT,R_O
IWatches,Creator,Creator,HRESULT,R_O
IWatches,Parent,Parent,HRESULT,R_O
IWatches,Count,Count,HRESULT,R_O
IWatches,_Default,_Default,HRESULT,R_O
IWatches,Item,Item,HRESULT,R_O
IWatches,_NewEnum,_New Enum,HRESULT,R_O
IWindow,Application,Application,HRESULT,R_O
IWindow,Creator,Creator,HRESULT,R_O
IWindow,Parent,Parent,HRESULT,R_O
IWindow,ActiveCell,Active Cell,HRESULT,R_O
IWindow,ActiveChart,Active Chart,HRESULT,R_O
IWindow,ActivePane,Active Pane,HRESULT,R_O
IWindow,ActiveSheet,Active Sheet,HRESULT,R_O
IWindow,Caption,Caption,HRESULT,V
IWindow,DisplayFormulas,Display Formulas,HRESULT,V
IWindow,DisplayGridlines,Display Gridlines,HRESULT,V
IWindow,DisplayHeadings,Display Headings,HRESULT,V
IWindow,DisplayHorizontalScrollBar,Display Horizontal Scroll Bar,HRESULT,V
IWindow,DisplayOutline,Display Outline,HRESULT,V
IWindow,DisplayVerticalScrollBar,Display Vertical Scroll Bar,HRESULT,V
IWindow,DisplayWorkbookTabs,Display Workbook Tabs,HRESULT,V
IWindow,DisplayZeros,Display Zeros,HRESULT,V
IWindow,EnableResize,Enable Resize,HRESULT,V
IWindow,FreezePanes,Freeze Panes,HRESULT,V
IWindow,GridlineColor,Gridline Color,HRESULT,V
IWindow,GridlineColorIndex,Gridline Color Index,HRESULT,V
IWindow,Height,Height,HRESULT,V
IWindow,Index,Index,HRESULT,R_O
IWindow,Left,Left,HRESULT,V
IWindow,OnWindow,On Window,HRESULT,V
IWindow,Panes,Panes,HRESULT,R_O
IWindow,RangeSelection,Range Selection,HRESULT,R_O
IWindow,ScrollColumn,Scroll Column,HRESULT,V
IWindow,ScrollRow,Scroll Row,HRESULT,V
IWindow,SelectedSheets,Selected Sheets,HRESULT,R_O
IWindow,Selection,Selection,HRESULT,R_O
IWindow,Split,Split,HRESULT,V
IWindow,SplitColumn,Split Column,HRESULT,V
IWindow,SplitHorizontal,Split Horizontal,HRESULT,V
IWindow,SplitRow,Split Row,HRESULT,V
IWindow,SplitVertical,Split Vertical,HRESULT,V
IWindow,TabRatio,Tab Ratio,HRESULT,V
IWindow,Top,Top,HRESULT,V
IWindow,Type,Type,HRESULT,R_O
IWindow,UsableHeight,Usable Height,HRESULT,R_O
IWindow,UsableWidth,Usable Width,HRESULT,R_O
IWindow,Visible,Visible,HRESULT,V
IWindow,VisibleRange,Visible Range,HRESULT,R_O
IWindow,Width,Width,HRESULT,V
IWindow,WindowNumber,Window Number,HRESULT,R_O
IWindow,WindowState,Window State,HRESULT,V
IWindow,Zoom,Zoom,HRESULT,V
IWindow,View,View,HRESULT,V
IWindow,DisplayRightToLeft,Display Right To Left,HRESULT,V
IWindow,SheetViews,Sheet Views,HRESULT,R_O
IWindow,ActiveSheetView,Active Sheet View,HRESULT,R_O
IWindow,DisplayRuler,Display Ruler,HRESULT,V
IWindow,AutoFilterDateGrouping,Auto Filter Date Grouping,HRESULT,V
IWindow,DisplayWhitespace,Display Whitespace,HRESULT,V
IWindow,Hwnd,Hwnd,HRESULT,R_O
IWindow,DisplayDataTypeIcons,Display Data Type Icons,HRESULT,V
IWindows,Application,Application,HRESULT,R_O
IWindows,Creator,Creator,HRESULT,R_O
IWindows,Parent,Parent,HRESULT,R_O
IWindows,Count,Count,HRESULT,R_O
IWindows,Item,Item,HRESULT,R_O
IWindows,_NewEnum,_New Enum,HRESULT,R_O
IWindows,_Default,_Default,HRESULT,R_O
IWindows,SyncScrollingSideBySide,Sync Scrolling Side By Side,HRESULT,V
IWorkbookConnection,Application,Application,HRESULT,R_O
IWorkbookConnection,Creator,Creator,HRESULT,R_O
IWorkbookConnection,Parent,Parent,HRESULT,R_O
IWorkbookConnection,Name,Name,HRESULT,V
IWorkbookConnection,Description,Description,HRESULT,V
IWorkbookConnection,_Default,_Default,HRESULT,V
IWorkbookConnection,Type,Type,HRESULT,R_O
IWorkbookConnection,OLEDBConnection,OLEDB Connection,HRESULT,R_O
IWorkbookConnection,ODBCConnection,ODBC Connection,HRESULT,R_O
IWorkbookConnection,Ranges,Ranges,HRESULT,R_O
IWorkbookConnection,ModelConnection,Model Connection,HRESULT,R_O
IWorkbookConnection,WorksheetDataConnection,Worksheet Data Connection,HRESULT,R_O
IWorkbookConnection,RefreshWithRefreshAll,Refresh With Refresh All,HRESULT,V
IWorkbookConnection,TextConnection,Text Connection,HRESULT,R_O
IWorkbookConnection,DataFeedConnection,Data Feed Connection,HRESULT,R_O
IWorkbookConnection,InModel,In Model,HRESULT,R_O
IWorkbookConnection,ModelTables,Model Tables,HRESULT,R_O
IWorkbookQuery,Application,Application,HRESULT,R_O
IWorkbookQuery,Creator,Creator,HRESULT,R_O
IWorkbookQuery,Parent,Parent,HRESULT,R_O
IWorkbookQuery,Name,Name,HRESULT,V
IWorkbookQuery,Formula,Formula,HRESULT,V
IWorkbookQuery,Description,Description,HRESULT,V
IWorkbookQuery,_Default,_Default,HRESULT,V
IWorksheetDataConnection,Application,Application,HRESULT,R_O
IWorksheetDataConnection,Creator,Creator,HRESULT,R_O
IWorksheetDataConnection,Parent,Parent,HRESULT,R_O
IWorksheetDataConnection,Connection,Connection,HRESULT,R_O
IWorksheetDataConnection,CommandText,Command Text,HRESULT,V
IWorksheetDataConnection,CommandType,Command Type,HRESULT,V
IWorksheetFunction,Application,Application,HRESULT,R_O
IWorksheetFunction,Creator,Creator,HRESULT,R_O
IWorksheetFunction,Parent,Parent,HRESULT,R_O
IWorksheets,Application,Application,HRESULT,R_O
IWorksheets,Creator,Creator,HRESULT,R_O
IWorksheets,Parent,Parent,HRESULT,R_O
IWorksheets,Count,Count,HRESULT,R_O
IWorksheets,Item,Item,HRESULT,R_O
IWorksheets,_NewEnum,_New Enum,HRESULT,R_O
IWorksheets,HPageBreaks,H Page Breaks,HRESULT,R_O
IWorksheets,VPageBreaks,V Page Breaks,HRESULT,R_O
IWorksheets,Visible,Visible,HRESULT,V
IWorksheets,_Default,_Default,HRESULT,R_O
IWorksheetView,Application,Application,HRESULT,R_O
IWorksheetView,Creator,Creator,HRESULT,R_O
IWorksheetView,Parent,Parent,HRESULT,R_O
IWorksheetView,Sheet,Sheet,HRESULT,R_O
IWorksheetView,DisplayGridlines,Display Gridlines,HRESULT,V
IWorksheetView,DisplayFormulas,Display Formulas,HRESULT,V
IWorksheetView,DisplayHeadings,Display Headings,HRESULT,V
IWorksheetView,DisplayOutline,Display Outline,HRESULT,V
IWorksheetView,DisplayZeros,Display Zeros,HRESULT,V
IWorksheetView,DisplayDataTypeIcons,Display Data Type Icons,HRESULT,V
IXmlDataBinding,Application,Application,HRESULT,R_O
IXmlDataBinding,Creator,Creator,HRESULT,R_O
IXmlDataBinding,Parent,Parent,HRESULT,R_O
IXmlDataBinding,_Default,_Default,HRESULT,R_O
IXmlDataBinding,SourceUrl,Source Url,HRESULT,R_O
IXmlMap,Application,Application,HRESULT,R_O
IXmlMap,Creator,Creator,HRESULT,R_O
IXmlMap,Parent,Parent,HRESULT,R_O
IXmlMap,_Default,_Default,HRESULT,R_O
IXmlMap,Name,Name,HRESULT,V
IXmlMap,IsExportable,Is Exportable,HRESULT,R_O
IXmlMap,ShowImportExportValidationErrors,Show Import Export Validation Errors,HRESULT,V
IXmlMap,SaveDataSourceDefinition,Save Data Source Definition,HRESULT,V
IXmlMap,AdjustColumnWidth,Adjust Column Width,HRESULT,V
IXmlMap,PreserveColumnFilter,Preserve Column Filter,HRESULT,V
IXmlMap,PreserveNumberFormatting,Preserve Number Formatting,HRESULT,V
IXmlMap,AppendOnImport,Append On Import,HRESULT,V
IXmlMap,RootElementName,Root Element Name,HRESULT,R_O
IXmlMap,RootElementNamespace,Root Element Namespace,HRESULT,R_O
IXmlMap,Schemas,Schemas,HRESULT,R_O
IXmlMap,DataBinding,Data Binding,HRESULT,R_O
IXmlMap,WorkbookConnection,Workbook Connection,HRESULT,R_O
IXmlMaps,Application,Application,HRESULT,R_O
IXmlMaps,Creator,Creator,HRESULT,R_O
IXmlMaps,Parent,Parent,HRESULT,R_O
IXmlMaps,_Default,_Default,HRESULT,R_O
IXmlMaps,Item,Item,HRESULT,R_O
IXmlMaps,Count,Count,HRESULT,R_O
IXmlMaps,_NewEnum,_New Enum,HRESULT,R_O
IXmlNamespace,Application,Application,HRESULT,R_O
IXmlNamespace,Creator,Creator,HRESULT,R_O
IXmlNamespace,Parent,Parent,HRESULT,R_O
IXmlNamespace,_Default,_Default,HRESULT,R_O
IXmlNamespace,Uri,Uri,HRESULT,R_O
IXmlNamespace,Prefix,Prefix,HRESULT,R_O
IXmlNamespaces,Application,Application,HRESULT,R_O
IXmlNamespaces,Creator,Creator,HRESULT,R_O
IXmlNamespaces,Parent,Parent,HRESULT,R_O
IXmlNamespaces,_Default,_Default,HRESULT,R_O
IXmlNamespaces,Item,Item,HRESULT,R_O
IXmlNamespaces,Count,Count,HRESULT,R_O
IXmlNamespaces,Value,Value,HRESULT,R_O
IXmlNamespaces,_NewEnum,_New Enum,HRESULT,R_O
IXmlSchema,Application,Application,HRESULT,R_O
IXmlSchema,Creator,Creator,HRESULT,R_O
IXmlSchema,Parent,Parent,HRESULT,R_O
IXmlSchema,Namespace,Namespace,HRESULT,R_O
IXmlSchema,XML,XML,HRESULT,R_O
IXmlSchema,Name,Name,HRESULT,R_O
IXmlSchemas,Application,Application,HRESULT,R_O
IXmlSchemas,Creator,Creator,HRESULT,R_O
IXmlSchemas,Parent,Parent,HRESULT,R_O
IXmlSchemas,_Default,_Default,HRESULT,R_O
IXmlSchemas,Item,Item,HRESULT,R_O
IXmlSchemas,Count,Count,HRESULT,R_O
IXmlSchemas,_NewEnum,_New Enum,HRESULT,R_O
IXPath,Application,Application,HRESULT,R_O
IXPath,Creator,Creator,HRESULT,R_O
IXPath,Parent,Parent,HRESULT,R_O
IXPath,_Default,_Default,HRESULT,R_O
IXPath,Value,Value,HRESULT,R_O
IXPath,Map,Map,HRESULT,R_O
IXPath,Repeating,Repeating,HRESULT,R_O
Label,Application,Application,Application,R_O
Label,Creator,Creator,XlCreator,R_O
Label,Parent,Parent,Object,R_O
Label,BottomRightCell,Bottom Right Cell,Range,R_O
Label,Enabled,Enabled,Boolean,V
Label,Height,Height,Double,V
Label,Index,Index,Long,R_O
Label,Left,Left,Double,V
Label,Locked,Locked,Boolean,V
Label,Name,Name,String,V
Label,Placement,Placement,Variant,V
Label,PrintObject,Print Object,Boolean,V
Label,Top,Top,Double,V
Label,TopLeftCell,Top Left Cell,Range,R_O
Label,Visible,Visible,Boolean,V
Label,Width,Width,Double,V
Label,ZOrder,Z Order,Long,R_O
Label,ShapeRange,Shape Range,ShapeRange,R_O
Label,Caption,Caption,String,V
Label,Characters,Characters,Characters,R_O
Label,LockedText,Locked Text,Boolean,V
Label,Text,Text,String,V
Label,Accelerator,Accelerator,Variant,V
Label,PhoneticAccelerator,Phonetic Accelerator,Variant,V
Labels,Application,Application,Application,R_O
Labels,Creator,Creator,XlCreator,R_O
Labels,Parent,Parent,Object,R_O
Labels,Enabled,Enabled,Boolean,V
Labels,Height,Height,Double,V
Labels,Left,Left,Double,V
Labels,Locked,Locked,Boolean,V
Labels,Placement,Placement,Variant,V
Labels,PrintObject,Print Object,Boolean,V
Labels,Top,Top,Double,V
Labels,Visible,Visible,Boolean,V
Labels,Width,Width,Double,V
Labels,ZOrder,Z Order,Long,R_O
Labels,ShapeRange,Shape Range,ShapeRange,R_O
Labels,Caption,Caption,String,V
Labels,Characters,Characters,Characters,R_O
Labels,LockedText,Locked Text,Boolean,V
Labels,Text,Text,String,V
Labels,Accelerator,Accelerator,Variant,V
Labels,PhoneticAccelerator,Phonetic Accelerator,Variant,V
Labels,Count,Count,Long,R_O
LeaderLines,Application,Application,Application,R_O
LeaderLines,Creator,Creator,XlCreator,R_O
LeaderLines,Parent,Parent,Object,R_O
LeaderLines,Border,Border,Border,R_O
LeaderLines,Format,Format,ChartFormat,R_O
Legend,Application,Application,Application,R_O
Legend,Creator,Creator,XlCreator,R_O
Legend,Parent,Parent,Object,R_O
Legend,Name,Name,String,R_O
Legend,Position,Position,XlLegendPosition,V
Legend,Shadow,Shadow,Boolean,V
Legend,Height,Height,Double,V
Legend,Left,Left,Double,V
Legend,Top,Top,Double,V
Legend,Width,Width,Double,V
Legend,IncludeInLayout,Include In Layout,Boolean,V
Legend,Format,Format,ChartFormat,R_O
LegendEntries,Application,Application,Application,R_O
LegendEntries,Creator,Creator,XlCreator,R_O
LegendEntries,Parent,Parent,Object,R_O
LegendEntries,Count,Count,Long,R_O
LegendEntry,Application,Application,Application,R_O
LegendEntry,Creator,Creator,XlCreator,R_O
LegendEntry,Parent,Parent,Object,R_O
LegendEntry,Font,Font,Font,R_O
LegendEntry,Index,Index,Long,R_O
LegendEntry,LegendKey,Legend Key,LegendKey,R_O
LegendEntry,Left,Left,Double,R_O
LegendEntry,Top,Top,Double,R_O
LegendEntry,Width,Width,Double,R_O
LegendEntry,Height,Height,Double,R_O
LegendEntry,Format,Format,ChartFormat,R_O
LegendKey,Application,Application,Application,R_O
LegendKey,Creator,Creator,XlCreator,R_O
LegendKey,Parent,Parent,Object,R_O
LegendKey,InvertIfNegative,Invert If Negative,Boolean,V
LegendKey,MarkerBackgroundColor,Marker Background Color,Long,V
LegendKey,MarkerBackgroundColorIndex,Marker Background Color Index,XlColorIndex,V
LegendKey,MarkerForegroundColor,Marker Foreground Color,Long,V
LegendKey,MarkerForegroundColorIndex,Marker Foreground Color Index,XlColorIndex,V
LegendKey,MarkerSize,Marker Size,Long,V
LegendKey,MarkerStyle,Marker Style,XlMarkerStyle,V
LegendKey,PictureType,Picture Type,Long,V
LegendKey,Smooth,Smooth,Boolean,V
LegendKey,Left,Left,Double,R_O
LegendKey,Top,Top,Double,R_O
LegendKey,Width,Width,Double,R_O
LegendKey,Height,Height,Double,R_O
LegendKey,Shadow,Shadow,Boolean,V
LegendKey,PictureUnit2,Picture Unit2,Double,V
LegendKey,Format,Format,ChartFormat,R_O
Line,Application,Application,Application,R_O
Line,Creator,Creator,XlCreator,R_O
Line,Parent,Parent,Object,R_O
Line,BottomRightCell,Bottom Right Cell,Range,R_O
Line,Enabled,Enabled,Boolean,V
Line,Height,Height,Double,V
Line,Index,Index,Long,R_O
Line,Left,Left,Double,V
Line,Locked,Locked,Boolean,V
Line,Name,Name,String,V
Line,Placement,Placement,Variant,V
Line,PrintObject,Print Object,Boolean,V
Line,Top,Top,Double,V
Line,TopLeftCell,Top Left Cell,Range,R_O
Line,Visible,Visible,Boolean,V
Line,Width,Width,Double,V
Line,ZOrder,Z Order,Long,R_O
Line,ShapeRange,Shape Range,ShapeRange,R_O
Line,ArrowHeadLength,Arrow Head Length,Variant,V
Line,ArrowHeadStyle,Arrow Head Style,Variant,V
Line,ArrowHeadWidth,Arrow Head Width,Variant,V
Line,Border,Border,Border,R_O
LinearGradient,Application,Application,Application,R_O
LinearGradient,Creator,Creator,XlCreator,R_O
LinearGradient,Parent,Parent,Object,R_O
LinearGradient,ColorStops,Color Stops,ColorStops,R_O
LinearGradient,Degree,Degree,Double,V
LineFormat,Application,Application,Object,R_O
LineFormat,Creator,Creator,Long,R_O
LineFormat,Parent,Parent,Object,R_O
LineFormat,BackColor,Back Color,ColorFormat,V
LineFormat,BeginArrowheadLength,Begin Arrowhead Length,MsoArrowheadLength,V
LineFormat,BeginArrowheadStyle,Begin Arrowhead Style,MsoArrowheadStyle,V
LineFormat,BeginArrowheadWidth,Begin Arrowhead Width,MsoArrowheadWidth,V
LineFormat,DashStyle,Dash Style,MsoLineDashStyle,V
LineFormat,EndArrowheadLength,End Arrowhead Length,MsoArrowheadLength,V
LineFormat,EndArrowheadStyle,End Arrowhead Style,MsoArrowheadStyle,V
LineFormat,EndArrowheadWidth,End Arrowhead Width,MsoArrowheadWidth,V
LineFormat,ForeColor,Fore Color,ColorFormat,V
LineFormat,Pattern,Pattern,MsoPatternType,V
LineFormat,Style,Style,MsoLineStyle,V
LineFormat,Transparency,Transparency,Single,V
LineFormat,Visible,Visible,MsoTriState,V
LineFormat,Weight,Weight,Single,V
LineFormat,InsetPen,Inset Pen,MsoTriState,V
Lines,Application,Application,Application,R_O
Lines,Creator,Creator,XlCreator,R_O
Lines,Parent,Parent,Object,R_O
Lines,Enabled,Enabled,Boolean,V
Lines,Height,Height,Double,V
Lines,Left,Left,Double,V
Lines,Locked,Locked,Boolean,V
Lines,Placement,Placement,Variant,V
Lines,PrintObject,Print Object,Boolean,V
Lines,Top,Top,Double,V
Lines,Visible,Visible,Boolean,V
Lines,Width,Width,Double,V
Lines,ZOrder,Z Order,Long,R_O
Lines,ShapeRange,Shape Range,ShapeRange,R_O
Lines,ArrowHeadLength,Arrow Head Length,Variant,V
Lines,ArrowHeadStyle,Arrow Head Style,Variant,V
Lines,ArrowHeadWidth,Arrow Head Width,Variant,V
Lines,Border,Border,Border,R_O
Lines,Count,Count,Long,R_O
LinkFormat,Application,Application,Application,R_O
LinkFormat,Creator,Creator,XlCreator,R_O
LinkFormat,Parent,Parent,Object,R_O
LinkFormat,AutoUpdate,Auto Update,Boolean,V
LinkFormat,Locked,Locked,Boolean,V
ListBox,Application,Application,Application,R_O
ListBox,Creator,Creator,XlCreator,R_O
ListBox,Parent,Parent,Object,R_O
ListBox,BottomRightCell,Bottom Right Cell,Range,R_O
ListBox,Enabled,Enabled,Boolean,V
ListBox,Height,Height,Double,V
ListBox,Index,Index,Long,R_O
ListBox,Left,Left,Double,V
ListBox,Locked,Locked,Boolean,V
ListBox,Name,Name,String,V
ListBox,Placement,Placement,Variant,V
ListBox,PrintObject,Print Object,Boolean,V
ListBox,Top,Top,Double,V
ListBox,TopLeftCell,Top Left Cell,Range,R_O
ListBox,Visible,Visible,Boolean,V
ListBox,Width,Width,Double,V
ListBox,ZOrder,Z Order,Long,R_O
ListBox,ShapeRange,Shape Range,ShapeRange,R_O
ListBox,Display3DShading,Display3 D Shading,Boolean,V
ListBox,_Default,_Default,Long,V
ListBox,LinkedCell,Linked Cell,String,V
ListBox,LinkedObject,Linked Object,Variant,R_O
ListBox,List,List,Variant,V
ListBox,ListCount,List Count,Long,R_O
ListBox,ListFillRange,List Fill Range,String,V
ListBox,ListIndex,List Index,Long,V
ListBox,MultiSelect,Multi Select,Long,V
ListBox,Selected,Selected,Variant,V
ListBox,Value,Value,Long,V
ListBoxes,Application,Application,Application,R_O
ListBoxes,Creator,Creator,XlCreator,R_O
ListBoxes,Parent,Parent,Object,R_O
ListBoxes,Enabled,Enabled,Boolean,V
ListBoxes,Height,Height,Double,V
ListBoxes,Left,Left,Double,V
ListBoxes,Locked,Locked,Boolean,V
ListBoxes,Placement,Placement,Variant,V
ListBoxes,PrintObject,Print Object,Boolean,V
ListBoxes,Top,Top,Double,V
ListBoxes,Visible,Visible,Boolean,V
ListBoxes,Width,Width,Double,V
ListBoxes,ZOrder,Z Order,Long,R_O
ListBoxes,ShapeRange,Shape Range,ShapeRange,R_O
ListBoxes,Display3DShading,Display3 D Shading,Boolean,V
ListBoxes,_Default,_Default,Long,V
ListBoxes,LinkedCell,Linked Cell,String,V
ListBoxes,List,List,Variant,V
ListBoxes,ListFillRange,List Fill Range,String,V
ListBoxes,ListIndex,List Index,Long,V
ListBoxes,MultiSelect,Multi Select,Long,V
ListBoxes,Selected,Selected,Variant,V
ListBoxes,Value,Value,Long,V
ListBoxes,Count,Count,Long,R_O
ListColumn,Application,Application,Application,R_O
ListColumn,Creator,Creator,XlCreator,R_O
ListColumn,Parent,Parent,Object,R_O
ListColumn,_Default,_Default,String,R_O
ListColumn,Index,Index,Long,R_O
ListColumn,Name,Name,String,V
ListColumn,Range,Range,Range,R_O
ListColumn,TotalsCalculation,Totals Calculation,XlTotalsCalculation,V
ListColumn,XPath,X Path,XPath,R_O
ListColumn,DataBodyRange,Data Body Range,Range,R_O
ListColumn,Total,Total,Range,R_O
ListColumns,Application,Application,Application,R_O
ListColumns,Creator,Creator,XlCreator,R_O
ListColumns,Parent,Parent,Object,R_O
ListColumns,_Default,_Default,ListColumn,R_O
ListColumns,_NewEnum,_New Enum,IUnknown,R_O
ListColumns,Item,Item,ListColumn,R_O
ListColumns,Count,Count,Long,R_O
ListDataFormat,Application,Application,Application,R_O
ListDataFormat,Creator,Creator,XlCreator,R_O
ListDataFormat,Parent,Parent,Object,R_O
ListDataFormat,_Default,_Default,XlListDataType,R_O
ListDataFormat,Choices,Choices,Variant,R_O
ListDataFormat,DecimalPlaces,Decimal Places,Long,R_O
ListDataFormat,DefaultValue,Default Value,Variant,R_O
ListDataFormat,IsPercent,Is Percent,Boolean,R_O
ListDataFormat,lcid,lcid,Long,R_O
ListDataFormat,MaxCharacters,Max Characters,Long,R_O
ListDataFormat,MaxNumber,Max Number,Variant,R_O
ListDataFormat,MinNumber,Min Number,Variant,R_O
ListDataFormat,Required,Required,Boolean,R_O
ListDataFormat,Type,Type,XlListDataType,R_O
ListDataFormat,ReadOnly,Read Only,Boolean,R_O
ListDataFormat,AllowFillIn,Allow Fill In,Boolean,R_O
ListObject,Application,Application,Application,R_O
ListObject,Creator,Creator,XlCreator,R_O
ListObject,Parent,Parent,Object,R_O
ListObject,_Default,_Default,String,R_O
ListObject,Active,Active,Boolean,R_O
ListObject,DataBodyRange,Data Body Range,Range,R_O
ListObject,DisplayRightToLeft,Display Right To Left,Boolean,R_O
ListObject,HeaderRowRange,Header Row Range,Range,R_O
ListObject,InsertRowRange,Insert Row Range,Range,R_O
ListObject,ListColumns,List Columns,ListColumns,R_O
ListObject,ListRows,List Rows,ListRows,R_O
ListObject,Name,Name,String,V
ListObject,QueryTable,Query Table,QueryTable,R_O
ListObject,Range,Range,Range,R_O
ListObject,ShowAutoFilter,Show Auto Filter,Boolean,V
ListObject,ShowTotals,Show Totals,Boolean,V
ListObject,SourceType,Source Type,XlListObjectSourceType,R_O
ListObject,TotalsRowRange,Totals Row Range,Range,R_O
ListObject,SharePointURL,Share Point URL,String,R_O
ListObject,XmlMap,Xml Map,XmlMap,R_O
ListObject,DisplayName,Display Name,String,V
ListObject,ShowHeaders,Show Headers,Boolean,V
ListObject,TableStyle,Table Style,Variant,V
ListObject,ShowTableStyleFirstColumn,Show Table Style First Column,Boolean,V
ListObject,ShowTableStyleLastColumn,Show Table Style Last Column,Boolean,V
ListObject,ShowTableStyleRowStripes,Show Table Style Row Stripes,Boolean,V
ListObject,ShowTableStyleColumnStripes,Show Table Style Column Stripes,Boolean,V
ListObject,Comment,Comment,String,V
ListObject,AlternativeText,Alternative Text,String,V
ListObject,Summary,Summary,String,V
ListObject,TableObject,Table Object,TableObject,R_O
ListObject,Slicers,Slicers,Slicers,R_O
ListObject,ShowAutoFilterDropDown,Show Auto Filter Drop Down,Boolean,V
ListObject,AutoFilter,Auto Filter,AutoFilter,R_O
ListObject,Sort,Sort,Sort,R_O
ListObjects,Application,Application,Application,R_O
ListObjects,Creator,Creator,XlCreator,R_O
ListObjects,Parent,Parent,Object,R_O
ListObjects,_Default,_Default,ListObject,R_O
ListObjects,_NewEnum,_New Enum,IUnknown,R_O
ListObjects,Item,Item,ListObject,R_O
ListObjects,Count,Count,Long,R_O
ListRow,Application,Application,Application,R_O
ListRow,Creator,Creator,XlCreator,R_O
ListRow,Parent,Parent,Object,R_O
ListRow,Index,Index,Long,R_O
ListRow,Range,Range,Range,R_O
ListRows,Application,Application,Application,R_O
ListRows,Creator,Creator,XlCreator,R_O
ListRows,Parent,Parent,Object,R_O
ListRows,_Default,_Default,ListRow,R_O
ListRows,_NewEnum,_New Enum,IUnknown,R_O
ListRows,Item,Item,ListRow,R_O
ListRows,Count,Count,Long,R_O
Mailer,Application,Application,Application,R_O
Mailer,Creator,Creator,XlCreator,R_O
Mailer,Parent,Parent,Object,R_O
Mailer,BCCRecipients,BCC Recipients,Variant,V
Mailer,CCRecipients,CC Recipients,Variant,V
Mailer,Enclosures,Enclosures,Variant,V
Mailer,Received,Received,Boolean,R_O
Mailer,SendDateTime,Send Date Time,Date,R_O
Mailer,Sender,Sender,String,R_O
Mailer,Subject,Subject,String,V
Mailer,ToRecipients,To Recipients,Variant,V
Mailer,WhichAddress,Which Address,Variant,V
Menu,Application,Application,Application,R_O
Menu,Creator,Creator,XlCreator,R_O
Menu,Parent,Parent,Object,R_O
Menu,Caption,Caption,String,V
Menu,Enabled,Enabled,Boolean,V
Menu,Index,Index,Long,R_O
Menu,MenuItems,Menu Items,MenuItems,R_O
MenuBar,Application,Application,Application,R_O
MenuBar,Creator,Creator,XlCreator,R_O
MenuBar,Parent,Parent,Object,R_O
MenuBar,BuiltIn,Built In,Boolean,R_O
MenuBar,Caption,Caption,String,V
MenuBar,Index,Index,Long,R_O
MenuBar,Menus,Menus,Menus,R_O
MenuBars,Application,Application,Application,R_O
MenuBars,Creator,Creator,XlCreator,R_O
MenuBars,Parent,Parent,Object,R_O
MenuBars,Count,Count,Long,R_O
MenuBars,_Default,_Default,MenuBar,R_O
MenuBars,Item,Item,MenuBar,R_O
MenuBars,_NewEnum,_New Enum,IUnknown,R_O
MenuItem,Application,Application,Application,R_O
MenuItem,Creator,Creator,XlCreator,R_O
MenuItem,Parent,Parent,Object,R_O
MenuItem,Caption,Caption,String,V
MenuItem,Checked,Checked,Boolean,V
MenuItem,Enabled,Enabled,Boolean,V
MenuItem,HelpContextID,Help Context ID,Long,V
MenuItem,HelpFile,Help File,String,V
MenuItem,Index,Index,Long,R_O
MenuItem,OnAction,On Action,String,V
MenuItem,StatusBar,Status Bar,String,V
MenuItems,Application,Application,Application,R_O
MenuItems,Creator,Creator,XlCreator,R_O
MenuItems,Parent,Parent,Object,R_O
MenuItems,Count,Count,Long,R_O
MenuItems,_Default,_Default,Object,R_O
MenuItems,Item,Item,Object,R_O
MenuItems,_NewEnum,_New Enum,IUnknown,R_O
Menus,Application,Application,Application,R_O
Menus,Creator,Creator,XlCreator,R_O
Menus,Parent,Parent,Object,R_O
Menus,Count,Count,Long,R_O
Menus,_Default,_Default,Menu,R_O
Menus,Item,Item,Menu,R_O
Menus,_NewEnum,_New Enum,IUnknown,R_O
Model,Application,Application,Application,R_O
Model,Creator,Creator,XlCreator,R_O
Model,Parent,Parent,Object,R_O
Model,ModelTables,Model Tables,ModelTables,R_O
Model,ModelRelationships,Model Relationships,ModelRelationships,R_O
Model,DataModelConnection,Data Model Connection,WorkbookConnection,R_O
Model,Name,Name,String,R_O
Model,ModelMeasures,Model Measures,ModelMeasures,R_O
Model,ModelFormatGeneral,Model Format General,ModelFormatGeneral,R_O
Model,ModelFormatDate,Model Format Date,ModelFormatDate,R_O
Model,ModelFormatDecimalNumber,Model Format Decimal Number,ModelFormatDecimalNumber,R_O
Model,ModelFormatWholeNumber,Model Format Whole Number,ModelFormatWholeNumber,R_O
Model,ModelFormatPercentageNumber,Model Format Percentage Number,ModelFormatPercentageNumber,R_O
Model,ModelFormatScientificNumber,Model Format Scientific Number,ModelFormatScientificNumber,R_O
Model,ModelFormatCurrency,Model Format Currency,ModelFormatCurrency,R_O
Model,ModelFormatBoolean,Model Format Boolean,ModelFormatBoolean,R_O
Model3DFormat,Application,Application,Object,R_O
Model3DFormat,Creator,Creator,Long,R_O
Model3DFormat,Parent,Parent,Object,R_O
Model3DFormat,AutoFit,Auto Fit,MsoTriState,V
Model3DFormat,RotationX,Rotation X,Single,V
Model3DFormat,RotationY,Rotation Y,Single,V
Model3DFormat,RotationZ,Rotation Z,Single,V
Model3DFormat,FieldOfView,Field Of View,Single,V
Model3DFormat,CameraPositionX,Camera Position X,Single,V
Model3DFormat,CameraPositionY,Camera Position Y,Single,V
Model3DFormat,CameraPositionZ,Camera Position Z,Single,V
Model3DFormat,LookAtPointX,Look At Point X,Single,V
Model3DFormat,LookAtPointY,Look At Point Y,Single,V
Model3DFormat,LookAtPointZ,Look At Point Z,Single,V
ModelChanges,Application,Application,Application,R_O
ModelChanges,Creator,Creator,XlCreator,R_O
ModelChanges,Parent,Parent,Object,R_O
ModelChanges,TablesAdded,Tables Added,ModelTableNames,R_O
ModelChanges,TablesDeleted,Tables Deleted,ModelTableNames,R_O
ModelChanges,TablesModified,Tables Modified,ModelTableNames,R_O
ModelChanges,TableNamesChanged,Table Names Changed,ModelTableNameChanges,R_O
ModelChanges,RelationshipChange,Relationship Change,Boolean,R_O
ModelChanges,ColumnsAdded,Columns Added,ModelColumnNames,R_O
ModelChanges,ColumnsDeleted,Columns Deleted,ModelColumnNames,R_O
ModelChanges,ColumnsChanged,Columns Changed,ModelColumnChanges,R_O
ModelChanges,MeasuresAdded,Measures Added,ModelMeasureNames,R_O
ModelChanges,UnknownChange,Unknown Change,Boolean,R_O
ModelChanges,Source,Source,XlModelChangeSource,R_O
ModelColumnChange,Application,Application,Application,R_O
ModelColumnChange,Creator,Creator,XlCreator,R_O
ModelColumnChange,Parent,Parent,Object,R_O
ModelColumnChange,TableName,Table Name,String,R_O
ModelColumnChange,ColumnName,Column Name,String,R_O
ModelColumnChanges,Application,Application,Application,R_O
ModelColumnChanges,Creator,Creator,XlCreator,R_O
ModelColumnChanges,Parent,Parent,Object,R_O
ModelColumnChanges,Count,Count,Long,R_O
ModelColumnChanges,_Default,_Default,ModelColumnChange,R_O
ModelColumnChanges,_NewEnum,_New Enum,IUnknown,R_O
ModelColumnName,Application,Application,Application,R_O
ModelColumnName,Creator,Creator,XlCreator,R_O
ModelColumnName,Parent,Parent,Object,R_O
ModelColumnName,TableName,Table Name,String,R_O
ModelColumnName,ColumnName,Column Name,String,R_O
ModelColumnNames,Application,Application,Application,R_O
ModelColumnNames,Creator,Creator,XlCreator,R_O
ModelColumnNames,Parent,Parent,Object,R_O
ModelColumnNames,Count,Count,Long,R_O
ModelColumnNames,_Default,_Default,ModelColumnName,R_O
ModelColumnNames,_NewEnum,_New Enum,IUnknown,R_O
ModelConnection,Application,Application,Application,R_O
ModelConnection,Creator,Creator,XlCreator,R_O
ModelConnection,Parent,Parent,Object,R_O
ModelConnection,CommandText,Command Text,Variant,V
ModelConnection,CommandType,Command Type,XlCmdType,V
ModelConnection,ADOConnection,ADO Connection,Object,R_O
ModelConnection,CalculatedMembers,Calculated Members,CalculatedMembers,R_O
ModelFormatBoolean,Application,Application,Application,R_O
ModelFormatBoolean,Creator,Creator,XlCreator,R_O
ModelFormatBoolean,Parent,Parent,Object,R_O
ModelFormatCurrency,Application,Application,Application,R_O
ModelFormatCurrency,Creator,Creator,XlCreator,R_O
ModelFormatCurrency,Parent,Parent,Object,R_O
ModelFormatCurrency,Symbol,Symbol,String,V
ModelFormatCurrency,DecimalPlaces,Decimal Places,Long,V
ModelFormatDate,Application,Application,Application,R_O
ModelFormatDate,Creator,Creator,XlCreator,R_O
ModelFormatDate,Parent,Parent,Object,R_O
ModelFormatDate,FormatString,Format String,String,V
ModelFormatDecimalNumber,Application,Application,Application,R_O
ModelFormatDecimalNumber,Creator,Creator,XlCreator,R_O
ModelFormatDecimalNumber,Parent,Parent,Object,R_O
ModelFormatDecimalNumber,UseThousandSeparator,Use Thousand Separator,Boolean,V
ModelFormatDecimalNumber,DecimalPlaces,Decimal Places,Long,V
ModelFormatGeneral,Application,Application,Application,R_O
ModelFormatGeneral,Creator,Creator,XlCreator,R_O
ModelFormatGeneral,Parent,Parent,Object,R_O
ModelFormatPercentageNumber,Application,Application,Application,R_O
ModelFormatPercentageNumber,Creator,Creator,XlCreator,R_O
ModelFormatPercentageNumber,Parent,Parent,Object,R_O
ModelFormatPercentageNumber,UseThousandSeparator,Use Thousand Separator,Boolean,V
ModelFormatPercentageNumber,DecimalPlaces,Decimal Places,Long,V
ModelFormatScientificNumber,Application,Application,Application,R_O
ModelFormatScientificNumber,Creator,Creator,XlCreator,R_O
ModelFormatScientificNumber,Parent,Parent,Object,R_O
ModelFormatScientificNumber,DecimalPlaces,Decimal Places,Long,V
ModelFormatWholeNumber,Application,Application,Application,R_O
ModelFormatWholeNumber,Creator,Creator,XlCreator,R_O
ModelFormatWholeNumber,Parent,Parent,Object,R_O
ModelFormatWholeNumber,UseThousandSeparator,Use Thousand Separator,Boolean,V
ModelMeasure,Application,Application,Application,R_O
ModelMeasure,Creator,Creator,XlCreator,R_O
ModelMeasure,Parent,Parent,Object,R_O
ModelMeasure,Name,Name,String,V
ModelMeasure,AssociatedTable,Associated Table,ModelTable,V
ModelMeasure,Formula,Formula,String,V
ModelMeasure,FormatInformation,Format Information,Variant,V
ModelMeasure,Description,Description,String,V
ModelMeasureName,Application,Application,Application,R_O
ModelMeasureName,Creator,Creator,XlCreator,R_O
ModelMeasureName,Parent,Parent,Object,R_O
ModelMeasureName,TableName,Table Name,String,R_O
ModelMeasureName,MeasureName,Measure Name,String,R_O
ModelMeasureNames,Application,Application,Application,R_O
ModelMeasureNames,Creator,Creator,XlCreator,R_O
ModelMeasureNames,Parent,Parent,Object,R_O
ModelMeasureNames,Count,Count,Long,R_O
ModelMeasureNames,_Default,_Default,ModelMeasureName,R_O
ModelMeasureNames,_NewEnum,_New Enum,IUnknown,R_O
ModelMeasures,Application,Application,Application,R_O
ModelMeasures,Creator,Creator,XlCreator,R_O
ModelMeasures,Parent,Parent,Object,R_O
ModelMeasures,Count,Count,Long,R_O
ModelMeasures,_Default,_Default,ModelMeasure,R_O
ModelMeasures,_NewEnum,_New Enum,IUnknown,R_O
ModelRelationship,Application,Application,Application,R_O
ModelRelationship,Creator,Creator,XlCreator,R_O
ModelRelationship,Parent,Parent,Object,R_O
ModelRelationship,ForeignKeyTable,Foreign Key Table,ModelTable,R_O
ModelRelationship,ForeignKeyColumn,Foreign Key Column,ModelTableColumn,R_O
ModelRelationship,PrimaryKeyTable,Primary Key Table,ModelTable,R_O
ModelRelationship,PrimaryKeyColumn,Primary Key Column,ModelTableColumn,R_O
ModelRelationship,Active,Active,Boolean,V
ModelRelationships,Application,Application,Application,R_O
ModelRelationships,Creator,Creator,XlCreator,R_O
ModelRelationships,Parent,Parent,Object,R_O
ModelRelationships,Count,Count,Long,R_O
ModelRelationships,_Default,_Default,ModelRelationship,R_O
ModelRelationships,_NewEnum,_New Enum,IUnknown,R_O
ModelTable,Application,Application,Application,R_O
ModelTable,Creator,Creator,XlCreator,R_O
ModelTable,Parent,Parent,Object,R_O
ModelTable,Name,Name,String,R_O
ModelTable,SourceName,Source Name,String,R_O
ModelTable,ModelTableColumns,Model Table Columns,ModelTableColumns,R_O
ModelTable,SourceWorkbookConnection,Source Workbook Connection,WorkbookConnection,R_O
ModelTable,RecordCount,Record Count,Long,R_O
ModelTableColumn,Application,Application,Application,R_O
ModelTableColumn,Creator,Creator,XlCreator,R_O
ModelTableColumn,Parent,Parent,Object,R_O
ModelTableColumn,Name,Name,String,R_O
ModelTableColumn,DataType,Data Type,Long,R_O
ModelTableColumns,Application,Application,Application,R_O
ModelTableColumns,Creator,Creator,XlCreator,R_O
ModelTableColumns,Parent,Parent,Object,R_O
ModelTableColumns,Count,Count,Long,R_O
ModelTableColumns,_Default,_Default,ModelTableColumn,R_O
ModelTableColumns,_NewEnum,_New Enum,IUnknown,R_O
ModelTableNameChange,Application,Application,Application,R_O
ModelTableNameChange,Creator,Creator,XlCreator,R_O
ModelTableNameChange,Parent,Parent,Object,R_O
ModelTableNameChange,TableNameOld,Table Name Old,String,R_O
ModelTableNameChange,TableNameNew,Table Name New,String,R_O
ModelTableNameChanges,Application,Application,Application,R_O
ModelTableNameChanges,Creator,Creator,XlCreator,R_O
ModelTableNameChanges,Parent,Parent,Object,R_O
ModelTableNameChanges,Count,Count,Long,R_O
ModelTableNameChanges,_Default,_Default,ModelTableNameChange,R_O
ModelTableNameChanges,_NewEnum,_New Enum,IUnknown,R_O
ModelTableNames,Application,Application,Application,R_O
ModelTableNames,Creator,Creator,XlCreator,R_O
ModelTableNames,Parent,Parent,Object,R_O
ModelTableNames,Count,Count,Long,R_O
ModelTableNames,_Default,_Default,String,R_O
ModelTables,Application,Application,Application,R_O
ModelTables,Creator,Creator,XlCreator,R_O
ModelTables,Parent,Parent,Object,R_O
ModelTables,Count,Count,Long,R_O
ModelTables,_Default,_Default,ModelTable,R_O
ModelTables,_NewEnum,_New Enum,IUnknown,R_O
Module,Application,Application,Application,R_O
Module,Creator,Creator,XlCreator,R_O
Module,Parent,Parent,Object,R_O
Module,CodeName,Code Name,String,R_O
Module,_CodeName,_Code Name,String,V
Module,Index,Index,Long,R_O
Module,Name,Name,String,V
Module,Next,Next,Object,R_O
Module,PageSetup,Page Setup,PageSetup,R_O
Module,Previous,Previous,Object,R_O
Module,ProtectContents,Protect Contents,Boolean,R_O
Module,ProtectionMode,Protection Mode,Boolean,R_O
Module,Visible,Visible,XlSheetVisibility,V
Module,Shapes,Shapes,Shapes,R_O
Modules,Application,Application,Application,R_O
Modules,Creator,Creator,XlCreator,R_O
Modules,Parent,Parent,Object,R_O
Modules,Count,Count,Long,R_O
Modules,Item,Item,Object,R_O
Modules,_NewEnum,_New Enum,IUnknown,R_O
Modules,HPageBreaks,H Page Breaks,HPageBreaks,R_O
Modules,VPageBreaks,V Page Breaks,VPageBreaks,R_O
Modules,Visible,Visible,Variant,V
Modules,_Default,_Default,Object,R_O
ModuleView,Application,Application,Application,R_O
ModuleView,Creator,Creator,XlCreator,R_O
ModuleView,Parent,Parent,Object,R_O
ModuleView,Sheet,Sheet,Object,R_O
MultiThreadedCalculation,Application,Application,Application,R_O
MultiThreadedCalculation,Creator,Creator,XlCreator,R_O
MultiThreadedCalculation,Parent,Parent,Object,R_O
MultiThreadedCalculation,Enabled,Enabled,Boolean,V
MultiThreadedCalculation,ThreadMode,Thread Mode,XlThreadMode,V
MultiThreadedCalculation,ThreadCount,Thread Count,Long,V
Name,Application,Application,Application,R_O
Name,Creator,Creator,XlCreator,R_O
Name,Parent,Parent,Object,R_O
Name,_Default,_Default,String,R_O
Name,Index,Index,Long,R_O
Name,Category,Category,String,V
Name,CategoryLocal,Category Local,String,V
Name,MacroType,Macro Type,XlXLMMacroType,V
Name,Name,Name,String,V
Name,RefersTo,Refers To,Variant,V
Name,ShortcutKey,Shortcut Key,String,V
Name,Value,Value,String,V
Name,Visible,Visible,Boolean,V
Name,NameLocal,Name Local,String,V
Name,RefersToLocal,Refers To Local,Variant,V
Name,RefersToR1C1,Refers To R1 C1,Variant,V
Name,RefersToR1C1Local,Refers To R1 C1 Local,Variant,V
Name,RefersToRange,Refers To Range,Range,R_O
Name,Comment,Comment,String,V
Name,WorkbookParameter,Workbook Parameter,Boolean,V
Name,ValidWorkbookParameter,Valid Workbook Parameter,Boolean,R_O
NamedSheetView,Application,Application,Application,R_O
NamedSheetView,Creator,Creator,XlCreator,R_O
NamedSheetView,Parent,Parent,Object,R_O
NamedSheetView,Name,Name,String,V
NamedSheetViewCollection,Application,Application,Application,R_O
NamedSheetViewCollection,Creator,Creator,XlCreator,R_O
NamedSheetViewCollection,Parent,Parent,Object,R_O
NamedSheetViewCollection,Count,Count,Long,R_O
NamedSheetViewCollection,_NewEnum,_New Enum,IUnknown,R_O
Names,Application,Application,Application,R_O
Names,Creator,Creator,XlCreator,R_O
Names,Parent,Parent,Object,R_O
Names,Count,Count,Long,R_O
Names,_NewEnum,_New Enum,IUnknown,R_O
NegativeBarFormat,Application,Application,Application,R_O
NegativeBarFormat,Creator,Creator,XlCreator,R_O
NegativeBarFormat,Parent,Parent,Object,R_O
NegativeBarFormat,ColorType,Color Type,XlDataBarNegativeColorType,V
NegativeBarFormat,BorderColorType,Border Color Type,XlDataBarNegativeColorType,V
NegativeBarFormat,Color,Color,Object,R_O
NegativeBarFormat,BorderColor,Border Color,Object,R_O
ODBCConnection,Application,Application,Application,R_O
ODBCConnection,Creator,Creator,XlCreator,R_O
ODBCConnection,Parent,Parent,Object,R_O
ODBCConnection,BackgroundQuery,Background Query,Boolean,V
ODBCConnection,CommandText,Command Text,Variant,V
ODBCConnection,CommandType,Command Type,XlCmdType,V
ODBCConnection,Connection,Connection,Variant,V
ODBCConnection,EnableRefresh,Enable Refresh,Boolean,V
ODBCConnection,RefreshDate,Refresh Date,Date,R_O
ODBCConnection,Refreshing,Refreshing,Boolean,R_O
ODBCConnection,RefreshOnFileOpen,Refresh On File Open,Boolean,V
ODBCConnection,RefreshPeriod,Refresh Period,Long,V
ODBCConnection,RobustConnect,Robust Connect,XlRobustConnect,V
ODBCConnection,SavePassword,Save Password,Boolean,V
ODBCConnection,SourceConnectionFile,Source Connection File,String,V
ODBCConnection,SourceData,Source Data,Variant,V
ODBCConnection,SourceDataFile,Source Data File,String,V
ODBCConnection,ServerCredentialsMethod,Server Credentials Method,XlCredentialsMethod,V
ODBCConnection,ServerSSOApplicationID,Server SSO Application ID,String,V
ODBCConnection,AlwaysUseConnectionFile,Always Use Connection File,Boolean,V
ODBCError,Application,Application,Application,R_O
ODBCError,Creator,Creator,XlCreator,R_O
ODBCError,Parent,Parent,Object,R_O
ODBCError,SqlState,Sql State,String,R_O
ODBCError,ErrorString,Error String,String,R_O
ODBCErrors,Application,Application,Application,R_O
ODBCErrors,Creator,Creator,XlCreator,R_O
ODBCErrors,Parent,Parent,Object,R_O
ODBCErrors,Count,Count,Long,R_O
ODBCErrors,_Default,_Default,ODBCError,R_O
OLEDBConnection,Application,Application,Application,R_O
OLEDBConnection,Creator,Creator,XlCreator,R_O
OLEDBConnection,Parent,Parent,Object,R_O
OLEDBConnection,ADOConnection,ADO Connection,Object,R_O
OLEDBConnection,BackgroundQuery,Background Query,Boolean,V
OLEDBConnection,CommandText,Command Text,Variant,V
OLEDBConnection,CommandType,Command Type,XlCmdType,V
OLEDBConnection,Connection,Connection,Variant,V
OLEDBConnection,EnableRefresh,Enable Refresh,Boolean,V
OLEDBConnection,LocalConnection,Local Connection,Variant,V
OLEDBConnection,MaintainConnection,Maintain Connection,Boolean,V
OLEDBConnection,RefreshDate,Refresh Date,Date,R_O
OLEDBConnection,Refreshing,Refreshing,Boolean,R_O
OLEDBConnection,RefreshOnFileOpen,Refresh On File Open,Boolean,V
OLEDBConnection,RefreshPeriod,Refresh Period,Long,V
OLEDBConnection,RobustConnect,Robust Connect,XlRobustConnect,V
OLEDBConnection,SavePassword,Save Password,Boolean,V
OLEDBConnection,SourceConnectionFile,Source Connection File,String,V
OLEDBConnection,SourceDataFile,Source Data File,String,V
OLEDBConnection,OLAP,OLAP,Boolean,R_O
OLEDBConnection,UseLocalConnection,Use Local Connection,Boolean,V
OLEDBConnection,MaxDrillthroughRecords,Max Drillthrough Records,Long,V
OLEDBConnection,IsConnected,Is Connected,Boolean,R_O
OLEDBConnection,ServerCredentialsMethod,Server Credentials Method,XlCredentialsMethod,V
OLEDBConnection,ServerSSOApplicationID,Server SSO Application ID,String,V
OLEDBConnection,AlwaysUseConnectionFile,Always Use Connection File,Boolean,V
OLEDBConnection,ServerFillColor,Server Fill Color,Boolean,V
OLEDBConnection,ServerFontStyle,Server Font Style,Boolean,V
OLEDBConnection,ServerNumberFormat,Server Number Format,Boolean,V
OLEDBConnection,ServerTextColor,Server Text Color,Boolean,V
OLEDBConnection,RetrieveInOfficeUILang,Retrieve In Office UI Lang,Boolean,V
OLEDBConnection,CalculatedMembers,Calculated Members,CalculatedMembers,R_O
OLEDBConnection,LocaleID,Locale ID,Long,V
OLEDBError,Application,Application,Application,R_O
OLEDBError,Creator,Creator,XlCreator,R_O
OLEDBError,Parent,Parent,Object,R_O
OLEDBError,SqlState,Sql State,String,R_O
OLEDBError,ErrorString,Error String,String,R_O
OLEDBError,Native,Native,Long,R_O
OLEDBError,Number,Number,Long,R_O
OLEDBError,Stage,Stage,Long,R_O
OLEDBErrors,Application,Application,Application,R_O
OLEDBErrors,Creator,Creator,XlCreator,R_O
OLEDBErrors,Parent,Parent,Object,R_O
OLEDBErrors,Count,Count,Long,R_O
OLEDBErrors,_Default,_Default,OLEDBError,R_O
OLEFormat,Application,Application,Application,R_O
OLEFormat,Creator,Creator,XlCreator,R_O
OLEFormat,Parent,Parent,Object,R_O
OLEFormat,Object,Object,Object,R_O
OLEFormat,progID,prog ID,String,R_O
OLEObject,Application,Application,Application,R_O
OLEObject,Creator,Creator,XlCreator,R_O
OLEObject,Parent,Parent,Object,R_O
OLEObject,BottomRightCell,Bottom Right Cell,Range,R_O
OLEObject,Enabled,Enabled,Boolean,V
OLEObject,Height,Height,Double,V
OLEObject,Index,Index,Long,R_O
OLEObject,Left,Left,Double,V
OLEObject,Locked,Locked,Boolean,V
OLEObject,Name,Name,String,V
OLEObject,Placement,Placement,Variant,V
OLEObject,PrintObject,Print Object,Boolean,V
OLEObject,Top,Top,Double,V
OLEObject,TopLeftCell,Top Left Cell,Range,R_O
OLEObject,Visible,Visible,Boolean,V
OLEObject,Width,Width,Double,V
OLEObject,ZOrder,Z Order,Long,R_O
OLEObject,ShapeRange,Shape Range,ShapeRange,R_O
OLEObject,Border,Border,Border,R_O
OLEObject,Interior,Interior,Interior,R_O
OLEObject,Shadow,Shadow,Boolean,V
OLEObject,AutoLoad,Auto Load,Boolean,V
OLEObject,AutoUpdate,Auto Update,Boolean,V
OLEObject,Object,Object,Object,R_O
OLEObject,OLEType,OLE Type,Variant,R_O
OLEObject,SourceName,Source Name,String,V
OLEObject,LinkedCell,Linked Cell,String,V
OLEObject,ListFillRange,List Fill Range,String,V
OLEObject,progID,prog ID,String,R_O
OLEObjects,Application,Application,Application,R_O
OLEObjects,Creator,Creator,XlCreator,R_O
OLEObjects,Parent,Parent,Object,R_O
OLEObjects,Enabled,Enabled,Boolean,V
OLEObjects,Height,Height,Double,V
OLEObjects,Left,Left,Double,V
OLEObjects,Locked,Locked,Boolean,V
OLEObjects,Placement,Placement,Variant,V
OLEObjects,PrintObject,Print Object,Boolean,V
OLEObjects,Top,Top,Double,V
OLEObjects,Visible,Visible,Boolean,V
OLEObjects,Width,Width,Double,V
OLEObjects,ZOrder,Z Order,Long,R_O
OLEObjects,ShapeRange,Shape Range,ShapeRange,R_O
OLEObjects,Border,Border,Border,R_O
OLEObjects,Interior,Interior,Interior,R_O
OLEObjects,Shadow,Shadow,Boolean,V
OLEObjects,AutoLoad,Auto Load,Boolean,V
OLEObjects,SourceName,Source Name,String,V
OLEObjects,Count,Count,Long,R_O
OptionButton,Application,Application,Application,R_O
OptionButton,Creator,Creator,XlCreator,R_O
OptionButton,Parent,Parent,Object,R_O
OptionButton,BottomRightCell,Bottom Right Cell,Range,R_O
OptionButton,Enabled,Enabled,Boolean,V
OptionButton,Height,Height,Double,V
OptionButton,Index,Index,Long,R_O
OptionButton,Left,Left,Double,V
OptionButton,Locked,Locked,Boolean,V
OptionButton,Name,Name,String,V
OptionButton,Placement,Placement,Variant,V
OptionButton,PrintObject,Print Object,Boolean,V
OptionButton,Top,Top,Double,V
OptionButton,TopLeftCell,Top Left Cell,Range,R_O
OptionButton,Visible,Visible,Boolean,V
OptionButton,Width,Width,Double,V
OptionButton,ZOrder,Z Order,Long,R_O
OptionButton,ShapeRange,Shape Range,ShapeRange,R_O
OptionButton,Caption,Caption,String,V
OptionButton,Characters,Characters,Characters,R_O
OptionButton,LockedText,Locked Text,Boolean,V
OptionButton,Text,Text,String,V
OptionButton,Accelerator,Accelerator,Variant,V
OptionButton,Border,Border,Border,R_O
OptionButton,_Default,_Default,Long,V
OptionButton,Display3DShading,Display3 D Shading,Boolean,V
OptionButton,Interior,Interior,Interior,R_O
OptionButton,LinkedCell,Linked Cell,String,V
OptionButton,PhoneticAccelerator,Phonetic Accelerator,Variant,V
OptionButton,Value,Value,Variant,V
OptionButton,GroupBox,Group Box,GroupBox,R_O
OptionButtons,Application,Application,Application,R_O
OptionButtons,Creator,Creator,XlCreator,R_O
OptionButtons,Parent,Parent,Object,R_O
OptionButtons,Enabled,Enabled,Boolean,V
OptionButtons,Height,Height,Double,V
OptionButtons,Left,Left,Double,V
OptionButtons,Locked,Locked,Boolean,V
OptionButtons,Placement,Placement,Variant,V
OptionButtons,PrintObject,Print Object,Boolean,V
OptionButtons,Top,Top,Double,V
OptionButtons,Visible,Visible,Boolean,V
OptionButtons,Width,Width,Double,V
OptionButtons,ZOrder,Z Order,Long,R_O
OptionButtons,ShapeRange,Shape Range,ShapeRange,R_O
OptionButtons,Caption,Caption,String,V
OptionButtons,Characters,Characters,Characters,R_O
OptionButtons,LockedText,Locked Text,Boolean,V
OptionButtons,Text,Text,String,V
OptionButtons,Accelerator,Accelerator,Variant,V
OptionButtons,Border,Border,Border,R_O
OptionButtons,_Default,_Default,Long,V
OptionButtons,Display3DShading,Display3 D Shading,Boolean,V
OptionButtons,Interior,Interior,Interior,R_O
OptionButtons,LinkedCell,Linked Cell,String,V
OptionButtons,PhoneticAccelerator,Phonetic Accelerator,Variant,V
OptionButtons,Value,Value,Variant,V
OptionButtons,GroupBox,Group Box,GroupBox,R_O
OptionButtons,Count,Count,Long,R_O
Outline,Application,Application,Application,R_O
Outline,Creator,Creator,XlCreator,R_O
Outline,Parent,Parent,Object,R_O
Outline,AutomaticStyles,Automatic Styles,Boolean,V
Outline,SummaryColumn,Summary Column,XlSummaryColumn,V
Outline,SummaryRow,Summary Row,XlSummaryRow,V
Oval,Application,Application,Application,R_O
Oval,Creator,Creator,XlCreator,R_O
Oval,Parent,Parent,Object,R_O
Oval,BottomRightCell,Bottom Right Cell,Range,R_O
Oval,Enabled,Enabled,Boolean,V
Oval,Height,Height,Double,V
Oval,Index,Index,Long,R_O
Oval,Left,Left,Double,V
Oval,Locked,Locked,Boolean,V
Oval,Name,Name,String,V
Oval,Placement,Placement,Variant,V
Oval,PrintObject,Print Object,Boolean,V
Oval,Top,Top,Double,V
Oval,TopLeftCell,Top Left Cell,Range,R_O
Oval,Visible,Visible,Boolean,V
Oval,Width,Width,Double,V
Oval,ZOrder,Z Order,Long,R_O
Oval,ShapeRange,Shape Range,ShapeRange,R_O
Oval,AddIndent,Add Indent,Boolean,V
Oval,AutoScaleFont,Auto Scale Font,Variant,V
Oval,AutoSize,Auto Size,Boolean,V
Oval,Caption,Caption,String,V
Oval,Characters,Characters,Characters,R_O
Oval,Font,Font,Font,R_O
Oval,Formula,Formula,String,V
Oval,HorizontalAlignment,Horizontal Alignment,Variant,V
Oval,LockedText,Locked Text,Boolean,V
Oval,Orientation,Orientation,Variant,V
Oval,Text,Text,String,V
Oval,VerticalAlignment,Vertical Alignment,Variant,V
Oval,ReadingOrder,Reading Order,Long,V
Oval,Border,Border,Border,R_O
Oval,Interior,Interior,Interior,R_O
Oval,Shadow,Shadow,Boolean,V
Ovals,Application,Application,Application,R_O
Ovals,Creator,Creator,XlCreator,R_O
Ovals,Parent,Parent,Object,R_O
Ovals,Enabled,Enabled,Boolean,V
Ovals,Height,Height,Double,V
Ovals,Left,Left,Double,V
Ovals,Locked,Locked,Boolean,V
Ovals,Placement,Placement,Variant,V
Ovals,PrintObject,Print Object,Boolean,V
Ovals,Top,Top,Double,V
Ovals,Visible,Visible,Boolean,V
Ovals,Width,Width,Double,V
Ovals,ZOrder,Z Order,Long,R_O
Ovals,ShapeRange,Shape Range,ShapeRange,R_O
Ovals,AddIndent,Add Indent,Boolean,V
Ovals,AutoScaleFont,Auto Scale Font,Variant,V
Ovals,AutoSize,Auto Size,Boolean,V
Ovals,Caption,Caption,String,V
Ovals,Characters,Characters,Characters,R_O
Ovals,Font,Font,Font,R_O
Ovals,Formula,Formula,String,V
Ovals,HorizontalAlignment,Horizontal Alignment,Variant,V
Ovals,LockedText,Locked Text,Boolean,V
Ovals,Orientation,Orientation,Variant,V
Ovals,Text,Text,String,V
Ovals,VerticalAlignment,Vertical Alignment,Variant,V
Ovals,ReadingOrder,Reading Order,Long,V
Ovals,Border,Border,Border,R_O
Ovals,Interior,Interior,Interior,R_O
Ovals,Shadow,Shadow,Boolean,V
Ovals,Count,Count,Long,R_O
Page,LeftHeader,Left Header,HeaderFooter,R_O
Page,CenterHeader,Center Header,HeaderFooter,R_O
Page,RightHeader,Right Header,HeaderFooter,R_O
Page,LeftFooter,Left Footer,HeaderFooter,R_O
Page,CenterFooter,Center Footer,HeaderFooter,R_O
Page,RightFooter,Right Footer,HeaderFooter,R_O
Pages,Item,Item,Page,R_O
Pages,_Default,_Default,Page,R_O
Pages,Count,Count,Long,R_O
Pages,_NewEnum,_New Enum,IUnknown,R_O
PageSetup,Application,Application,Application,R_O
PageSetup,Creator,Creator,XlCreator,R_O
PageSetup,Parent,Parent,Object,R_O
PageSetup,BlackAndWhite,Black And White,Boolean,V
PageSetup,BottomMargin,Bottom Margin,Double,V
PageSetup,CenterFooter,Center Footer,String,V
PageSetup,CenterHeader,Center Header,String,V
PageSetup,CenterHorizontally,Center Horizontally,Boolean,V
PageSetup,CenterVertically,Center Vertically,Boolean,V
PageSetup,Draft,Draft,Boolean,V
PageSetup,FirstPageNumber,First Page Number,Long,V
PageSetup,FitToPagesTall,Fit To Pages Tall,Variant,V
PageSetup,FitToPagesWide,Fit To Pages Wide,Variant,V
PageSetup,FooterMargin,Footer Margin,Double,V
PageSetup,HeaderMargin,Header Margin,Double,V
PageSetup,LeftFooter,Left Footer,String,V
PageSetup,LeftHeader,Left Header,String,V
PageSetup,LeftMargin,Left Margin,Double,V
PageSetup,Order,Order,XlOrder,V
PageSetup,Orientation,Orientation,XlPageOrientation,V
PageSetup,PaperSize,Paper Size,XlPaperSize,V
PageSetup,PrintArea,Print Area,String,V
PageSetup,PrintGridlines,Print Gridlines,Boolean,V
PageSetup,PrintHeadings,Print Headings,Boolean,V
PageSetup,PrintNotes,Print Notes,Boolean,V
PageSetup,PrintQuality,Print Quality,Variant,V
PageSetup,PrintTitleColumns,Print Title Columns,String,V
PageSetup,PrintTitleRows,Print Title Rows,String,V
PageSetup,RightFooter,Right Footer,String,V
PageSetup,RightHeader,Right Header,String,V
PageSetup,RightMargin,Right Margin,Double,V
PageSetup,TopMargin,Top Margin,Double,V
PageSetup,Zoom,Zoom,Variant,V
PageSetup,PrintComments,Print Comments,XlPrintLocation,V
PageSetup,PrintErrors,Print Errors,XlPrintErrors,V
PageSetup,CenterHeaderPicture,Center Header Picture,Graphic,R_O
PageSetup,CenterFooterPicture,Center Footer Picture,Graphic,R_O
PageSetup,LeftHeaderPicture,Left Header Picture,Graphic,R_O
PageSetup,LeftFooterPicture,Left Footer Picture,Graphic,R_O
PageSetup,RightHeaderPicture,Right Header Picture,Graphic,R_O
PageSetup,RightFooterPicture,Right Footer Picture,Graphic,R_O
PageSetup,OddAndEvenPagesHeaderFooter,Odd And Even Pages Header Footer,Boolean,V
PageSetup,DifferentFirstPageHeaderFooter,Different First Page Header Footer,Boolean,V
PageSetup,ScaleWithDocHeaderFooter,Scale With Doc Header Footer,Boolean,V
PageSetup,AlignMarginsHeaderFooter,Align Margins Header Footer,Boolean,V
PageSetup,Pages,Pages,Pages,R_O
PageSetup,EvenPage,Even Page,Page,R_O
PageSetup,FirstPage,First Page,Page,R_O
Pane,Application,Application,Application,R_O
Pane,Creator,Creator,XlCreator,R_O
Pane,Parent,Parent,Object,R_O
Pane,Index,Index,Long,R_O
Pane,ScrollColumn,Scroll Column,Long,V
Pane,ScrollRow,Scroll Row,Long,V
Pane,VisibleRange,Visible Range,Range,R_O
Panes,Application,Application,Application,R_O
Panes,Creator,Creator,XlCreator,R_O
Panes,Parent,Parent,Object,R_O
Panes,Count,Count,Long,R_O
Panes,Item,Item,Pane,R_O
Panes,_Default,_Default,Pane,R_O
Parameter,Application,Application,Application,R_O
Parameter,Creator,Creator,XlCreator,R_O
Parameter,Parent,Parent,Object,R_O
Parameter,DataType,Data Type,XlParameterDataType,V
Parameter,Type,Type,XlParameterType,R_O
Parameter,PromptString,Prompt String,String,R_O
Parameter,Value,Value,Variant,R_O
Parameter,SourceRange,Source Range,Range,R_O
Parameter,Name,Name,String,V
Parameter,RefreshOnChange,Refresh On Change,Boolean,V
Parameters,Application,Application,Application,R_O
Parameters,Creator,Creator,XlCreator,R_O
Parameters,Parent,Parent,Object,R_O
Parameters,Count,Count,Long,R_O
Parameters,_Default,_Default,Parameter,R_O
Phonetic,Application,Application,Application,R_O
Phonetic,Creator,Creator,XlCreator,R_O
Phonetic,Parent,Parent,Object,R_O
Phonetic,Visible,Visible,Boolean,V
Phonetic,CharacterType,Character Type,Long,V
Phonetic,Alignment,Alignment,Long,V
Phonetic,Font,Font,Font,R_O
Phonetic,Text,Text,String,V
Phonetics,Application,Application,Application,R_O
Phonetics,Creator,Creator,XlCreator,R_O
Phonetics,Parent,Parent,Object,R_O
Phonetics,Count,Count,Long,R_O
Phonetics,Start,Start,Long,R_O
Phonetics,Length,Length,Long,R_O
Phonetics,Visible,Visible,Boolean,V
Phonetics,CharacterType,Character Type,Long,V
Phonetics,Alignment,Alignment,Long,V
Phonetics,Font,Font,Font,R_O
Phonetics,Item,Item,Object,R_O
Phonetics,Text,Text,String,V
Phonetics,_Default,_Default,Object,R_O
Phonetics,_NewEnum,_New Enum,IUnknown,R_O
Picture,Application,Application,Application,R_O
Picture,Creator,Creator,XlCreator,R_O
Picture,Parent,Parent,Object,R_O
Picture,BottomRightCell,Bottom Right Cell,Range,R_O
Picture,Enabled,Enabled,Boolean,V
Picture,Height,Height,Double,V
Picture,Index,Index,Long,R_O
Picture,Left,Left,Double,V
Picture,Locked,Locked,Boolean,V
Picture,Name,Name,String,V
Picture,Placement,Placement,Variant,V
Picture,PrintObject,Print Object,Boolean,V
Picture,Top,Top,Double,V
Picture,TopLeftCell,Top Left Cell,Range,R_O
Picture,Visible,Visible,Boolean,V
Picture,Width,Width,Double,V
Picture,ZOrder,Z Order,Long,R_O
Picture,ShapeRange,Shape Range,ShapeRange,R_O
Picture,Border,Border,Border,R_O
Picture,Interior,Interior,Interior,R_O
Picture,Shadow,Shadow,Boolean,V
Picture,Formula,Formula,String,V
PictureFormat,Application,Application,Object,R_O
PictureFormat,Creator,Creator,Long,R_O
PictureFormat,Parent,Parent,Object,R_O
PictureFormat,Brightness,Brightness,Single,V
PictureFormat,ColorType,Color Type,MsoPictureColorType,V
PictureFormat,Contrast,Contrast,Single,V
PictureFormat,CropBottom,Crop Bottom,Single,V
PictureFormat,CropLeft,Crop Left,Single,V
PictureFormat,CropRight,Crop Right,Single,V
PictureFormat,CropTop,Crop Top,Single,V
PictureFormat,TransparencyColor,Transparency Color,MsoRGBType,V
PictureFormat,TransparentBackground,Transparent Background,MsoTriState,V
PictureFormat,Crop,Crop,Crop,R_O
Pictures,Application,Application,Application,R_O
Pictures,Creator,Creator,XlCreator,R_O
Pictures,Parent,Parent,Object,R_O
Pictures,Enabled,Enabled,Boolean,V
Pictures,Height,Height,Double,V
Pictures,Left,Left,Double,V
Pictures,Locked,Locked,Boolean,V
Pictures,Placement,Placement,Variant,V
Pictures,PrintObject,Print Object,Boolean,V
Pictures,Top,Top,Double,V
Pictures,Visible,Visible,Boolean,V
Pictures,Width,Width,Double,V
Pictures,ZOrder,Z Order,Long,R_O
Pictures,ShapeRange,Shape Range,ShapeRange,R_O
Pictures,Border,Border,Border,R_O
Pictures,Interior,Interior,Interior,R_O
Pictures,Shadow,Shadow,Boolean,V
Pictures,Formula,Formula,String,V
Pictures,Count,Count,Long,R_O
PivotAxis,Application,Application,Application,R_O
PivotAxis,Creator,Creator,XlCreator,R_O
PivotAxis,Parent,Parent,Object,R_O
PivotAxis,PivotLines,Pivot Lines,PivotLines,R_O
PivotCache,Application,Application,Application,R_O
PivotCache,Creator,Creator,XlCreator,R_O
PivotCache,Parent,Parent,Object,R_O
PivotCache,BackgroundQuery,Background Query,Boolean,V
PivotCache,Connection,Connection,Variant,V
PivotCache,EnableRefresh,Enable Refresh,Boolean,V
PivotCache,Index,Index,Long,R_O
PivotCache,MemoryUsed,Memory Used,Long,R_O
PivotCache,OptimizeCache,Optimize Cache,Boolean,V
PivotCache,RecordCount,Record Count,Long,R_O
PivotCache,RefreshDate,Refresh Date,Date,R_O
PivotCache,RefreshName,Refresh Name,String,R_O
PivotCache,RefreshOnFileOpen,Refresh On File Open,Boolean,V
PivotCache,SavePassword,Save Password,Boolean,V
PivotCache,SourceData,Source Data,Variant,V
PivotCache,CommandText,Command Text,Variant,V
PivotCache,CommandType,Command Type,XlCmdType,V
PivotCache,QueryType,Query Type,XlQueryType,R_O
PivotCache,MaintainConnection,Maintain Connection,Boolean,V
PivotCache,RefreshPeriod,Refresh Period,Long,V
PivotCache,Recordset,Recordset,Object,V
PivotCache,LocalConnection,Local Connection,Variant,V
PivotCache,UseLocalConnection,Use Local Connection,Boolean,V
PivotCache,ADOConnection,ADO Connection,Object,R_O
PivotCache,IsConnected,Is Connected,Boolean,R_O
PivotCache,OLAP,OLAP,Boolean,R_O
PivotCache,SourceType,Source Type,XlPivotTableSourceType,R_O
PivotCache,MissingItemsLimit,Missing Items Limit,XlPivotTableMissingItems,V
PivotCache,SourceConnectionFile,Source Connection File,String,V
PivotCache,SourceDataFile,Source Data File,String,R_O
PivotCache,RobustConnect,Robust Connect,XlRobustConnect,V
PivotCache,WorkbookConnection,Workbook Connection,WorkbookConnection,R_O
PivotCache,Version,Version,XlPivotTableVersionList,R_O
PivotCache,UpgradeOnRefresh,Upgrade On Refresh,Boolean,V
PivotCaches,Application,Application,Application,R_O
PivotCaches,Creator,Creator,XlCreator,R_O
PivotCaches,Parent,Parent,Object,R_O
PivotCaches,Count,Count,Long,R_O
PivotCaches,_Default,_Default,PivotCache,R_O
PivotCell,Application,Application,Application,R_O
PivotCell,Creator,Creator,XlCreator,R_O
PivotCell,Parent,Parent,Object,R_O
PivotCell,PivotCellType,Pivot Cell Type,XlPivotCellType,R_O
PivotCell,PivotTable,Pivot Table,PivotTable,R_O
PivotCell,DataField,Data Field,PivotField,R_O
PivotCell,PivotField,Pivot Field,PivotField,R_O
PivotCell,PivotItem,Pivot Item,PivotItem,R_O
PivotCell,RowItems,Row Items,PivotItemList,R_O
PivotCell,ColumnItems,Column Items,PivotItemList,R_O
PivotCell,Range,Range,Range,R_O
PivotCell,CustomSubtotalFunction,Custom Subtotal Function,XlConsolidationFunction,R_O
PivotCell,PivotRowLine,Pivot Row Line,PivotLine,R_O
PivotCell,PivotColumnLine,Pivot Column Line,PivotLine,R_O
PivotCell,DataSourceValue,Data Source Value,Variant,R_O
PivotCell,CellChanged,Cell Changed,XlCellChangedState,R_O
PivotCell,MDX,MDX,String,R_O
PivotCell,ServerActions,Server Actions,Actions,R_O
PivotField,Application,Application,Application,R_O
PivotField,Creator,Creator,XlCreator,R_O
PivotField,Parent,Parent,Object,R_O
PivotField,Calculation,Calculation,XlPivotFieldCalculation,V
PivotField,ChildField,Child Field,PivotField,R_O
PivotField,ChildItems,Child Items,Variant,R_O
PivotField,CurrentPage,Current Page,Variant,V
PivotField,DataRange,Data Range,Range,R_O
PivotField,DataType,Data Type,XlPivotFieldDataType,R_O
PivotField,_Default,_Default,String,V
PivotField,Function,Function,XlConsolidationFunction,V
PivotField,GroupLevel,Group Level,Variant,R_O
PivotField,HiddenItems,Hidden Items,Variant,R_O
PivotField,LabelRange,Label Range,Range,R_O
PivotField,Name,Name,String,V
PivotField,NumberFormat,Number Format,String,V
PivotField,Orientation,Orientation,XlPivotFieldOrientation,V
PivotField,ShowAllItems,Show All Items,Boolean,V
PivotField,ParentField,Parent Field,PivotField,R_O
PivotField,ParentItems,Parent Items,Variant,R_O
PivotField,Position,Position,Variant,V
PivotField,SourceName,Source Name,String,R_O
PivotField,Subtotals,Subtotals,Variant,V
PivotField,BaseField,Base Field,Variant,V
PivotField,BaseItem,Base Item,Variant,V
PivotField,TotalLevels,Total Levels,Variant,R_O
PivotField,Value,Value,String,V
PivotField,VisibleItems,Visible Items,Variant,R_O
PivotField,DragToColumn,Drag To Column,Boolean,V
PivotField,DragToHide,Drag To Hide,Boolean,V
PivotField,DragToPage,Drag To Page,Boolean,V
PivotField,DragToRow,Drag To Row,Boolean,V
PivotField,DragToData,Drag To Data,Boolean,V
PivotField,Formula,Formula,String,V
PivotField,IsCalculated,Is Calculated,Boolean,R_O
PivotField,MemoryUsed,Memory Used,Long,R_O
PivotField,ServerBased,Server Based,Boolean,V
PivotField,AutoSortOrder,Auto Sort Order,Long,R_O
PivotField,AutoSortField,Auto Sort Field,String,R_O
PivotField,AutoShowType,Auto Show Type,Long,R_O
PivotField,AutoShowRange,Auto Show Range,Long,R_O
PivotField,AutoShowCount,Auto Show Count,Long,R_O
PivotField,AutoShowField,Auto Show Field,String,R_O
PivotField,LayoutBlankLine,Layout Blank Line,Boolean,V
PivotField,LayoutSubtotalLocation,Layout Subtotal Location,XlSubtototalLocationType,V
PivotField,LayoutPageBreak,Layout Page Break,Boolean,V
PivotField,LayoutForm,Layout Form,XlLayoutFormType,V
PivotField,SubtotalName,Subtotal Name,String,V
PivotField,Caption,Caption,String,V
PivotField,DrilledDown,Drilled Down,Boolean,V
PivotField,CubeField,Cube Field,CubeField,R_O
PivotField,CurrentPageName,Current Page Name,String,V
PivotField,StandardFormula,Standard Formula,String,V
PivotField,HiddenItemsList,Hidden Items List,Variant,V
PivotField,DatabaseSort,Database Sort,Boolean,V
PivotField,IsMemberProperty,Is Member Property,Boolean,R_O
PivotField,PropertyParentField,Property Parent Field,PivotField,R_O
PivotField,PropertyOrder,Property Order,Long,V
PivotField,EnableItemSelection,Enable Item Selection,Boolean,V
PivotField,CurrentPageList,Current Page List,Variant,V
PivotField,Hidden,Hidden,Boolean,V
PivotField,UseMemberPropertyAsCaption,Use Member Property As Caption,Boolean,V
PivotField,MemberPropertyCaption,Member Property Caption,String,V
PivotField,DisplayAsTooltip,Display As Tooltip,Boolean,V
PivotField,DisplayInReport,Display In Report,Boolean,V
PivotField,DisplayAsCaption,Display As Caption,Boolean,R_O
PivotField,LayoutCompactRow,Layout Compact Row,Boolean,V
PivotField,IncludeNewItemsInFilter,Include New Items In Filter,Boolean,V
PivotField,VisibleItemsList,Visible Items List,Variant,V
PivotField,PivotFilters,Pivot Filters,PivotFilters,R_O
PivotField,AutoSortPivotLine,Auto Sort Pivot Line,PivotLine,R_O
PivotField,AutoSortCustomSubtotal,Auto Sort Custom Subtotal,Long,R_O
PivotField,ShowingInAxis,Showing In Axis,Boolean,R_O
PivotField,EnableMultiplePageItems,Enable Multiple Page Items,Boolean,V
PivotField,AllItemsVisible,All Items Visible,Boolean,R_O
PivotField,SourceCaption,Source Caption,String,R_O
PivotField,ShowDetail,Show Detail,Boolean,V
PivotField,RepeatLabels,Repeat Labels,Boolean,V
PivotFields,Application,Application,Application,R_O
PivotFields,Creator,Creator,XlCreator,R_O
PivotFields,Parent,Parent,PivotTable,R_O
PivotFields,Count,Count,Long,R_O
PivotFilter,Application,Application,Application,R_O
PivotFilter,Creator,Creator,XlCreator,R_O
PivotFilter,Parent,Parent,Object,R_O
PivotFilter,Order,Order,Long,V
PivotFilter,FilterType,Filter Type,XlPivotFilterType,R_O
PivotFilter,Name,Name,String,R_O
PivotFilter,Description,Description,String,R_O
PivotFilter,Active,Active,Boolean,R_O
PivotFilter,PivotField,Pivot Field,PivotField,R_O
PivotFilter,DataField,Data Field,PivotField,R_O
PivotFilter,DataCubeField,Data Cube Field,CubeField,R_O
PivotFilter,Value1,Value1,Variant,R_O
PivotFilter,Value2,Value2,Variant,R_O
PivotFilter,MemberPropertyField,Member Property Field,PivotField,R_O
PivotFilter,IsMemberPropertyFilter,Is Member Property Filter,Boolean,R_O
PivotFilter,WholeDayFilter,Whole Day Filter,Boolean,V
PivotFilters,Application,Application,Application,R_O
PivotFilters,Creator,Creator,XlCreator,R_O
PivotFilters,Parent,Parent,Object,R_O
PivotFilters,_Default,_Default,PivotFilter,R_O
PivotFilters,_NewEnum,_New Enum,IUnknown,R_O
PivotFilters,Item,Item,PivotFilter,R_O
PivotFilters,Count,Count,Long,R_O
PivotFormula,Application,Application,Application,R_O
PivotFormula,Creator,Creator,XlCreator,R_O
PivotFormula,Parent,Parent,Object,R_O
PivotFormula,_Default,_Default,String,V
PivotFormula,Formula,Formula,String,V
PivotFormula,Value,Value,String,V
PivotFormula,Index,Index,Long,V
PivotFormula,StandardFormula,Standard Formula,String,V
PivotFormulas,Application,Application,Application,R_O
PivotFormulas,Creator,Creator,XlCreator,R_O
PivotFormulas,Parent,Parent,Object,R_O
PivotFormulas,Count,Count,Long,R_O
PivotFormulas,_Default,_Default,PivotFormula,R_O
PivotItem,Application,Application,Application,R_O
PivotItem,Creator,Creator,XlCreator,R_O
PivotItem,Parent,Parent,PivotField,R_O
PivotItem,ChildItems,Child Items,Variant,R_O
PivotItem,DataRange,Data Range,Range,R_O
PivotItem,_Default,_Default,String,V
PivotItem,LabelRange,Label Range,Range,R_O
PivotItem,Name,Name,String,V
PivotItem,ParentItem,Parent Item,PivotItem,R_O
PivotItem,ParentShowDetail,Parent Show Detail,Boolean,R_O
PivotItem,Position,Position,Long,V
PivotItem,ShowDetail,Show Detail,Boolean,V
PivotItem,SourceName,Source Name,Variant,R_O
PivotItem,Value,Value,String,V
PivotItem,Visible,Visible,Boolean,V
PivotItem,IsCalculated,Is Calculated,Boolean,R_O
PivotItem,RecordCount,Record Count,Long,R_O
PivotItem,Formula,Formula,String,V
PivotItem,Caption,Caption,String,V
PivotItem,DrilledDown,Drilled Down,Boolean,V
PivotItem,StandardFormula,Standard Formula,String,V
PivotItem,SourceNameStandard,Source Name Standard,String,R_O
PivotItemList,Application,Application,Application,R_O
PivotItemList,Creator,Creator,XlCreator,R_O
PivotItemList,Parent,Parent,Object,R_O
PivotItemList,Count,Count,Long,R_O
PivotItemList,_Default,_Default,PivotItem,R_O
PivotItems,Application,Application,Application,R_O
PivotItems,Creator,Creator,XlCreator,R_O
PivotItems,Parent,Parent,PivotField,R_O
PivotItems,Count,Count,Long,R_O
PivotLayout,Application,Application,Application,R_O
PivotLayout,Creator,Creator,XlCreator,R_O
PivotLayout,Parent,Parent,Object,R_O
PivotLayout,PivotTable,Pivot Table,PivotTable,R_O
PivotLine,Application,Application,Application,R_O
PivotLine,Creator,Creator,XlCreator,R_O
PivotLine,Parent,Parent,Object,R_O
PivotLine,LineType,Line Type,XlPivotLineType,R_O
PivotLine,Position,Position,Long,R_O
PivotLine,PivotLineCells,Pivot Line Cells,PivotLineCells,R_O
PivotLine,PivotLineCellsFull,Pivot Line Cells Full,PivotLineCells,R_O
PivotLineCells,Application,Application,Application,R_O
PivotLineCells,Creator,Creator,XlCreator,R_O
PivotLineCells,Parent,Parent,Object,R_O
PivotLineCells,_Default,_Default,PivotCell,R_O
PivotLineCells,_NewEnum,_New Enum,IUnknown,R_O
PivotLineCells,Item,Item,PivotCell,R_O
PivotLineCells,Count,Count,Long,R_O
PivotLineCells,Full,Full,Boolean,R_O
PivotLines,Application,Application,Application,R_O
PivotLines,Creator,Creator,XlCreator,R_O
PivotLines,Parent,Parent,Object,R_O
PivotLines,_Default,_Default,PivotLine,R_O
PivotLines,_NewEnum,_New Enum,IUnknown,R_O
PivotLines,Item,Item,PivotLine,R_O
PivotLines,Count,Count,Long,R_O
PivotTable,Application,Application,Application,R_O
PivotTable,Creator,Creator,XlCreator,R_O
PivotTable,Parent,Parent,Object,R_O
PivotTable,ColumnFields,Column Fields,Object,R_O
PivotTable,ColumnGrand,Column Grand,Boolean,V
PivotTable,ColumnRange,Column Range,Range,R_O
PivotTable,DataBodyRange,Data Body Range,Range,R_O
PivotTable,DataFields,Data Fields,Object,R_O
PivotTable,DataLabelRange,Data Label Range,Range,R_O
PivotTable,_Default,_Default,String,V
PivotTable,HasAutoFormat,Has Auto Format,Boolean,V
PivotTable,HiddenFields,Hidden Fields,Object,R_O
PivotTable,InnerDetail,Inner Detail,String,V
PivotTable,Name,Name,String,V
PivotTable,PageFields,Page Fields,Object,R_O
PivotTable,PageRange,Page Range,Range,R_O
PivotTable,PageRangeCells,Page Range Cells,Range,R_O
PivotTable,RefreshDate,Refresh Date,Date,R_O
PivotTable,RefreshName,Refresh Name,String,R_O
PivotTable,RowFields,Row Fields,Object,R_O
PivotTable,RowGrand,Row Grand,Boolean,V
PivotTable,RowRange,Row Range,Range,R_O
PivotTable,SaveData,Save Data,Boolean,V
PivotTable,SourceData,Source Data,Variant,V
PivotTable,TableRange1,Table Range1,Range,R_O
PivotTable,TableRange2,Table Range2,Range,R_O
PivotTable,Value,Value,String,V
PivotTable,VisibleFields,Visible Fields,Object,R_O
PivotTable,CacheIndex,Cache Index,Long,V
PivotTable,DisplayErrorString,Display Error String,Boolean,V
PivotTable,DisplayNullString,Display Null String,Boolean,V
PivotTable,EnableDrilldown,Enable Drilldown,Boolean,V
PivotTable,EnableFieldDialog,Enable Field Dialog,Boolean,V
PivotTable,EnableWizard,Enable Wizard,Boolean,V
PivotTable,ErrorString,Error String,String,V
PivotTable,ManualUpdate,Manual Update,Boolean,V
PivotTable,MergeLabels,Merge Labels,Boolean,V
PivotTable,NullString,Null String,String,V
PivotTable,PivotFormulas,Pivot Formulas,PivotFormulas,R_O
PivotTable,SubtotalHiddenPageItems,Subtotal Hidden Page Items,Boolean,V
PivotTable,PageFieldOrder,Page Field Order,Long,V
PivotTable,PageFieldStyle,Page Field Style,String,V
PivotTable,PageFieldWrapCount,Page Field Wrap Count,Long,V
PivotTable,PreserveFormatting,Preserve Formatting,Boolean,V
PivotTable,PivotSelection,Pivot Selection,String,V
PivotTable,SelectionMode,Selection Mode,XlPTSelectionMode,V
PivotTable,Tag,Tag,String,V
PivotTable,VacatedStyle,Vacated Style,String,V
PivotTable,PrintTitles,Print Titles,Boolean,V
PivotTable,CubeFields,Cube Fields,CubeFields,R_O
PivotTable,GrandTotalName,Grand Total Name,String,V
PivotTable,SmallGrid,Small Grid,Boolean,V
PivotTable,RepeatItemsOnEachPrintedPage,Repeat Items On Each Printed Page,Boolean,V
PivotTable,TotalsAnnotation,Totals Annotation,Boolean,V
PivotTable,PivotSelectionStandard,Pivot Selection Standard,String,V
PivotTable,DataPivotField,Data Pivot Field,PivotField,R_O
PivotTable,EnableDataValueEditing,Enable Data Value Editing,Boolean,V
PivotTable,MDX,MDX,String,R_O
PivotTable,ViewCalculatedMembers,View Calculated Members,Boolean,V
PivotTable,CalculatedMembers,Calculated Members,CalculatedMembers,R_O
PivotTable,DisplayImmediateItems,Display Immediate Items,Boolean,V
PivotTable,EnableFieldList,Enable Field List,Boolean,V
PivotTable,VisualTotals,Visual Totals,Boolean,V
PivotTable,ShowPageMultipleItemLabel,Show Page Multiple Item Label,Boolean,V
PivotTable,Version,Version,XlPivotTableVersionList,R_O
PivotTable,DisplayEmptyRow,Display Empty Row,Boolean,V
PivotTable,DisplayEmptyColumn,Display Empty Column,Boolean,V
PivotTable,PivotColumnAxis,Pivot Column Axis,PivotAxis,R_O
PivotTable,PivotRowAxis,Pivot Row Axis,PivotAxis,R_O
PivotTable,ShowDrillIndicators,Show Drill Indicators,Boolean,V
PivotTable,PrintDrillIndicators,Print Drill Indicators,Boolean,V
PivotTable,DisplayMemberPropertyTooltips,Display Member Property Tooltips,Boolean,V
PivotTable,DisplayContextTooltips,Display Context Tooltips,Boolean,V
PivotTable,CompactRowIndent,Compact Row Indent,Long,V
PivotTable,LayoutRowDefault,Layout Row Default,XlLayoutRowType,V
PivotTable,DisplayFieldCaptions,Display Field Captions,Boolean,V
PivotTable,ActiveFilters,Active Filters,PivotFilters,R_O
PivotTable,InGridDropZones,In Grid Drop Zones,Boolean,V
PivotTable,TableStyle2,Table Style2,Variant,V
PivotTable,ShowTableStyleLastColumn,Show Table Style Last Column,Boolean,V
PivotTable,ShowTableStyleRowStripes,Show Table Style Row Stripes,Boolean,V
PivotTable,ShowTableStyleColumnStripes,Show Table Style Column Stripes,Boolean,V
PivotTable,ShowTableStyleRowHeaders,Show Table Style Row Headers,Boolean,V
PivotTable,ShowTableStyleColumnHeaders,Show Table Style Column Headers,Boolean,V
PivotTable,AllowMultipleFilters,Allow Multiple Filters,Boolean,V
PivotTable,CompactLayoutRowHeader,Compact Layout Row Header,String,V
PivotTable,CompactLayoutColumnHeader,Compact Layout Column Header,String,V
PivotTable,FieldListSortAscending,Field List Sort Ascending,Boolean,V
PivotTable,SortUsingCustomLists,Sort Using Custom Lists,Boolean,V
PivotTable,Location,Location,String,V
PivotTable,EnableWriteback,Enable Writeback,Boolean,V
PivotTable,Allocation,Allocation,XlAllocation,V
PivotTable,AllocationValue,Allocation Value,XlAllocationValue,V
PivotTable,AllocationMethod,Allocation Method,XlAllocationMethod,V
PivotTable,AllocationWeightExpression,Allocation Weight Expression,String,V
PivotTable,ChangeList,Change List,PivotTableChangeList,R_O
PivotTable,Slicers,Slicers,Slicers,R_O
PivotTable,AlternativeText,Alternative Text,String,V
PivotTable,Summary,Summary,String,V
PivotTable,VisualTotalsForSets,Visual Totals For Sets,Boolean,V
PivotTable,ShowValuesRow,Show Values Row,Boolean,V
PivotTable,CalculatedMembersInFilters,Calculated Members In Filters,Boolean,V
PivotTable,Hidden,Hidden,Boolean,R_O
PivotTable,PivotChart,Pivot Chart,Shape,R_O
PivotTable,AutoRefresh,Auto Refresh,Boolean,V
PivotTableChangeList,Application,Application,Application,R_O
PivotTableChangeList,Creator,Creator,XlCreator,R_O
PivotTableChangeList,Parent,Parent,Object,R_O
PivotTableChangeList,_Default,_Default,ValueChange,R_O
PivotTableChangeList,_NewEnum,_New Enum,IUnknown,R_O
PivotTableChangeList,Item,Item,ValueChange,R_O
PivotTableChangeList,Count,Count,Long,R_O
PivotTables,Application,Application,Application,R_O
PivotTables,Creator,Creator,XlCreator,R_O
PivotTables,Parent,Parent,Object,R_O
PivotTables,Count,Count,Long,R_O
PivotValueCell,Application,Application,Application,R_O
PivotValueCell,Creator,Creator,XlCreator,R_O
PivotValueCell,Parent,Parent,Object,R_O
PivotValueCell,PivotCell,Pivot Cell,PivotCell,R_O
PivotValueCell,Value,Value,Variant,R_O
PivotValueCell,ServerActions,Server Actions,Actions,R_O
PlotArea,Application,Application,Application,R_O
PlotArea,Creator,Creator,XlCreator,R_O
PlotArea,Parent,Parent,Object,R_O
PlotArea,Name,Name,String,R_O
PlotArea,Height,Height,Double,V
PlotArea,Left,Left,Double,V
PlotArea,Top,Top,Double,V
PlotArea,Width,Width,Double,V
PlotArea,InsideLeft,Inside Left,Double,V
PlotArea,InsideTop,Inside Top,Double,V
PlotArea,InsideWidth,Inside Width,Double,V
PlotArea,InsideHeight,Inside Height,Double,V
PlotArea,Position,Position,XlChartElementPosition,V
PlotArea,Format,Format,ChartFormat,R_O
Point,Application,Application,Application,R_O
Point,Creator,Creator,XlCreator,R_O
Point,Parent,Parent,Object,R_O
Point,DataLabel,Data Label,DataLabel,R_O
Point,Explosion,Explosion,Long,V
Point,HasDataLabel,Has Data Label,Boolean,V
Point,InvertIfNegative,Invert If Negative,Boolean,V
Point,MarkerBackgroundColor,Marker Background Color,Long,V
Point,MarkerBackgroundColorIndex,Marker Background Color Index,XlColorIndex,V
Point,MarkerForegroundColor,Marker Foreground Color,Long,V
Point,MarkerForegroundColorIndex,Marker Foreground Color Index,XlColorIndex,V
Point,MarkerSize,Marker Size,Long,V
Point,MarkerStyle,Marker Style,XlMarkerStyle,V
Point,PictureType,Picture Type,XlChartPictureType,V
Point,ApplyPictToSides,Apply Pict To Sides,Boolean,V
Point,ApplyPictToFront,Apply Pict To Front,Boolean,V
Point,ApplyPictToEnd,Apply Pict To End,Boolean,V
Point,Shadow,Shadow,Boolean,V
Point,SecondaryPlot,Secondary Plot,Boolean,V
Point,Has3DEffect,Has3 D Effect,Boolean,V
Point,PictureUnit2,Picture Unit2,Double,V
Point,Format,Format,ChartFormat,R_O
Point,Height,Height,Double,R_O
Point,Width,Width,Double,R_O
Point,Top,Top,Double,R_O
Point,Left,Left,Double,R_O
Point,Name,Name,String,R_O
Point,IsTotal,Is Total,Boolean,V
Points,Application,Application,Application,R_O
Points,Creator,Creator,XlCreator,R_O
Points,Parent,Parent,Object,R_O
Points,Count,Count,Long,R_O
ProtectedViewWindow,_Default,_Default,String,R_O
ProtectedViewWindow,Caption,Caption,String,V
ProtectedViewWindow,EnableResize,Enable Resize,Boolean,V
ProtectedViewWindow,Height,Height,Double,V
ProtectedViewWindow,Left,Left,Double,V
ProtectedViewWindow,Top,Top,Double,V
ProtectedViewWindow,Width,Width,Double,V
ProtectedViewWindow,Visible,Visible,Boolean,V
ProtectedViewWindow,SourceName,Source Name,String,R_O
ProtectedViewWindow,SourcePath,Source Path,String,R_O
ProtectedViewWindow,WindowState,Window State,XlProtectedViewWindowState,V
ProtectedViewWindow,Workbook,Workbook,Workbook,R_O
ProtectedViewWindows,Application,Application,Application,R_O
ProtectedViewWindows,Creator,Creator,XlCreator,R_O
ProtectedViewWindows,Parent,Parent,Object,R_O
ProtectedViewWindows,Count,Count,Long,R_O
ProtectedViewWindows,Item,Item,ProtectedViewWindow,R_O
ProtectedViewWindows,_NewEnum,_New Enum,IUnknown,R_O
ProtectedViewWindows,_Default,_Default,ProtectedViewWindow,R_O
Protection,AllowFormattingCells,Allow Formatting Cells,Boolean,R_O
Protection,AllowFormattingColumns,Allow Formatting Columns,Boolean,R_O
Protection,AllowFormattingRows,Allow Formatting Rows,Boolean,R_O
Protection,AllowInsertingColumns,Allow Inserting Columns,Boolean,R_O
Protection,AllowInsertingRows,Allow Inserting Rows,Boolean,R_O
Protection,AllowInsertingHyperlinks,Allow Inserting Hyperlinks,Boolean,R_O
Protection,AllowDeletingColumns,Allow Deleting Columns,Boolean,R_O
Protection,AllowDeletingRows,Allow Deleting Rows,Boolean,R_O
Protection,AllowSorting,Allow Sorting,Boolean,R_O
Protection,AllowFiltering,Allow Filtering,Boolean,R_O
Protection,AllowUsingPivotTables,Allow Using Pivot Tables,Boolean,R_O
Protection,AllowEditRanges,Allow Edit Ranges,AllowEditRanges,R_O
PublishedDoc,Application,Application,Application,R_O
PublishedDoc,Creator,Creator,XlCreator,R_O
PublishedDoc,Parent,Parent,Object,R_O
PublishedDoc,Title,Title,String,R_O
PublishedDoc,DisclosureScope,Disclosure Scope,Long,R_O
PublishedDoc,Url,Url,String,R_O
PublishedDoc,PublishedDate,Published Date,Date,R_O
PublishedDocs,Application,Application,Application,R_O
PublishedDocs,Creator,Creator,XlCreator,R_O
PublishedDocs,Parent,Parent,Object,R_O
PublishedDocs,Count,Count,Long,R_O
PublishedDocs,_NewEnum,_New Enum,IUnknown,R_O
PublishObject,Application,Application,Application,R_O
PublishObject,Creator,Creator,XlCreator,R_O
PublishObject,Parent,Parent,Object,R_O
PublishObject,DivID,Div ID,String,R_O
PublishObject,Sheet,Sheet,String,R_O
PublishObject,SourceType,Source Type,XlSourceType,R_O
PublishObject,Source,Source,String,R_O
PublishObject,HtmlType,Html Type,XlHtmlType,V
PublishObject,Title,Title,String,V
PublishObject,Filename,Filename,String,V
PublishObject,AutoRepublish,Auto Republish,Boolean,V
PublishObjects,Application,Application,Application,R_O
PublishObjects,Creator,Creator,XlCreator,R_O
PublishObjects,Parent,Parent,Object,R_O
PublishObjects,Count,Count,Long,R_O
PublishObjects,Item,Item,PublishObject,R_O
PublishObjects,_Default,_Default,PublishObject,R_O
PublishObjects,_NewEnum,_New Enum,IUnknown,R_O
Queries,Application,Application,Application,R_O
Queries,Creator,Creator,XlCreator,R_O
Queries,Parent,Parent,Object,R_O
Queries,Count,Count,Long,R_O
Queries,_Default,_Default,WorkbookQuery,R_O
Queries,_NewEnum,_New Enum,IUnknown,R_O
Queries,FastCombine,Fast Combine,Boolean,V
QueryTable,Application,Application,Application,R_O
QueryTable,Creator,Creator,XlCreator,R_O
QueryTable,Parent,Parent,Object,R_O
QueryTable,Name,Name,String,V
QueryTable,FieldNames,Field Names,Boolean,V
QueryTable,RowNumbers,Row Numbers,Boolean,V
QueryTable,FillAdjacentFormulas,Fill Adjacent Formulas,Boolean,V
QueryTable,RefreshOnFileOpen,Refresh On File Open,Boolean,V
QueryTable,Refreshing,Refreshing,Boolean,R_O
QueryTable,FetchedRowOverflow,Fetched Row Overflow,Boolean,R_O
QueryTable,BackgroundQuery,Background Query,Boolean,V
QueryTable,RefreshStyle,Refresh Style,XlCellInsertionMode,V
QueryTable,EnableRefresh,Enable Refresh,Boolean,V
QueryTable,SavePassword,Save Password,Boolean,V
QueryTable,Destination,Destination,Range,R_O
QueryTable,Connection,Connection,Variant,V
QueryTable,PostText,Post Text,String,V
QueryTable,ResultRange,Result Range,Range,R_O
QueryTable,Parameters,Parameters,Parameters,R_O
QueryTable,Recordset,Recordset,Object,V
QueryTable,SaveData,Save Data,Boolean,V
QueryTable,EnableEditing,Enable Editing,Boolean,V
QueryTable,TextFilePlatform,Text File Platform,Long,V
QueryTable,TextFileStartRow,Text File Start Row,Long,V
QueryTable,TextFileParseType,Text File Parse Type,XlTextParsingType,V
QueryTable,TextFileTextQualifier,Text File Text Qualifier,XlTextQualifier,V
QueryTable,TextFileConsecutiveDelimiter,Text File Consecutive Delimiter,Boolean,V
QueryTable,TextFileTabDelimiter,Text File Tab Delimiter,Boolean,V
QueryTable,TextFileSemicolonDelimiter,Text File Semicolon Delimiter,Boolean,V
QueryTable,TextFileCommaDelimiter,Text File Comma Delimiter,Boolean,V
QueryTable,TextFileSpaceDelimiter,Text File Space Delimiter,Boolean,V
QueryTable,TextFileOtherDelimiter,Text File Other Delimiter,String,V
QueryTable,TextFileColumnDataTypes,Text File Column Data Types,Variant,V
QueryTable,TextFileFixedColumnWidths,Text File Fixed Column Widths,Variant,V
QueryTable,PreserveColumnInfo,Preserve Column Info,Boolean,V
QueryTable,PreserveFormatting,Preserve Formatting,Boolean,V
QueryTable,AdjustColumnWidth,Adjust Column Width,Boolean,V
QueryTable,CommandText,Command Text,Variant,V
QueryTable,CommandType,Command Type,XlCmdType,V
QueryTable,TextFilePromptOnRefresh,Text File Prompt On Refresh,Boolean,V
QueryTable,QueryType,Query Type,XlQueryType,R_O
QueryTable,MaintainConnection,Maintain Connection,Boolean,V
QueryTable,TextFileDecimalSeparator,Text File Decimal Separator,String,V
QueryTable,TextFileThousandsSeparator,Text File Thousands Separator,String,V
QueryTable,RefreshPeriod,Refresh Period,Long,V
QueryTable,WebSelectionType,Web Selection Type,XlWebSelectionType,V
QueryTable,WebFormatting,Web Formatting,XlWebFormatting,V
QueryTable,WebTables,Web Tables,String,V
QueryTable,WebPreFormattedTextToColumns,Web Pre Formatted Text To Columns,Boolean,V
QueryTable,WebSingleBlockTextImport,Web Single Block Text Import,Boolean,V
QueryTable,WebDisableDateRecognition,Web Disable Date Recognition,Boolean,V
QueryTable,WebConsecutiveDelimitersAsOne,Web Consecutive Delimiters As One,Boolean,V
QueryTable,WebDisableRedirections,Web Disable Redirections,Boolean,V
QueryTable,EditWebPage,Edit Web Page,Variant,V
QueryTable,SourceConnectionFile,Source Connection File,String,V
QueryTable,SourceDataFile,Source Data File,String,V
QueryTable,RobustConnect,Robust Connect,XlRobustConnect,V
QueryTable,TextFileTrailingMinusNumbers,Text File Trailing Minus Numbers,Boolean,V
QueryTable,ListObject,List Object,ListObject,R_O
QueryTable,TextFileVisualLayout,Text File Visual Layout,XlTextVisualLayoutType,V
QueryTable,WorkbookConnection,Workbook Connection,WorkbookConnection,R_O
QueryTable,Sort,Sort,Sort,R_O
QueryTables,Application,Application,Application,R_O
QueryTables,Creator,Creator,XlCreator,R_O
QueryTables,Parent,Parent,Object,R_O
QueryTables,Count,Count,Long,R_O
QueryTables,_Default,_Default,QueryTable,R_O
QuickAnalysis,Application,Application,Application,R_O
QuickAnalysis,Creator,Creator,XlCreator,R_O
QuickAnalysis,Parent,Parent,Object,R_O
Range,Application,Application,Application,R_O
Range,Creator,Creator,XlCreator,R_O
Range,Parent,Parent,Object,R_O
Range,AddIndent,Add Indent,Variant,V
Range,Address,Address,String,R_O
Range,AddressLocal,Address Local,String,R_O
Range,Areas,Areas,Areas,R_O
Range,Borders,Borders,Borders,R_O
Range,Cells,Cells,Range,R_O
Range,Characters,Characters,Characters,R_O
Range,Column,Column,Long,R_O
Range,Columns,Columns,Range,R_O
Range,ColumnWidth,Column Width,Variant,V
Range,Count,Count,Long,R_O
Range,CurrentArray,Current Array,Range,R_O
Range,CurrentRegion,Current Region,Range,R_O
Range,_Default,_Default,Variant,V
Range,Dependents,Dependents,Range,R_O
Range,DirectDependents,Direct Dependents,Range,R_O
Range,DirectPrecedents,Direct Precedents,Range,R_O
Range,End,End,Range,R_O
Range,EntireColumn,Entire Column,Range,R_O
Range,EntireRow,Entire Row,Range,R_O
Range,Font,Font,Font,R_O
Range,Formula,Formula,Variant,V
Range,FormulaArray,Formula Array,Variant,V
Range,FormulaHidden,Formula Hidden,Variant,V
Range,FormulaLocal,Formula Local,Variant,V
Range,FormulaR1C1,Formula R1 C1,Variant,V
Range,FormulaR1C1Local,Formula R1 C1 Local,Variant,V
Range,HasArray,Has Array,Variant,R_O
Range,HasFormula,Has Formula,Variant,R_O
Range,Height,Height,Variant,R_O
Range,Hidden,Hidden,Variant,V
Range,HorizontalAlignment,Horizontal Alignment,Variant,V
Range,IndentLevel,Indent Level,Variant,V
Range,Interior,Interior,Interior,R_O
Range,Item,Item,Variant,V
Range,Left,Left,Variant,R_O
Range,ListHeaderRows,List Header Rows,Long,R_O
Range,LocationInTable,Location In Table,XlLocationInTable,R_O
Range,Locked,Locked,Variant,V
Range,MergeArea,Merge Area,Range,R_O
Range,MergeCells,Merge Cells,Variant,V
Range,Name,Name,Variant,V
Range,_NewEnum,_New Enum,IUnknown,R_O
Range,Next,Next,Range,R_O
Range,NumberFormat,Number Format,Variant,V
Range,NumberFormatLocal,Number Format Local,Variant,V
Range,Offset,Offset,Range,R_O
Range,Orientation,Orientation,Variant,V
Range,OutlineLevel,Outline Level,Variant,V
Range,PageBreak,Page Break,Long,V
Range,PivotField,Pivot Field,PivotField,R_O
Range,PivotItem,Pivot Item,PivotItem,R_O
Range,PivotTable,Pivot Table,PivotTable,R_O
Range,Precedents,Precedents,Range,R_O
Range,PrefixCharacter,Prefix Character,Variant,R_O
Range,Previous,Previous,Range,R_O
Range,QueryTable,Query Table,QueryTable,R_O
Range,Range,Range,Range,R_O
Range,Resize,Resize,Range,R_O
Range,Row,Row,Long,R_O
Range,RowHeight,Row Height,Variant,V
Range,Rows,Rows,Range,R_O
Range,ShowDetail,Show Detail,Variant,V
Range,ShrinkToFit,Shrink To Fit,Variant,V
Range,SoundNote,Sound Note,SoundNote,R_O
Range,Style,Style,Variant,V
Range,Summary,Summary,Variant,R_O
Range,Text,Text,Variant,R_O
Range,Top,Top,Variant,R_O
Range,UseStandardHeight,Use Standard Height,Variant,V
Range,UseStandardWidth,Use Standard Width,Variant,V
Range,Validation,Validation,Validation,R_O
Range,Value,Value,Variant,V
Range,Value2,Value2,Variant,V
Range,VerticalAlignment,Vertical Alignment,Variant,V
Range,Width,Width,Variant,R_O
Range,Worksheet,Worksheet,Worksheet,R_O
Range,WrapText,Wrap Text,Variant,V
Range,Comment,Comment,Comment,R_O
Range,Phonetic,Phonetic,Phonetic,R_O
Range,FormatConditions,Format Conditions,FormatConditions,R_O
Range,ReadingOrder,Reading Order,Long,V
Range,Hyperlinks,Hyperlinks,Hyperlinks,R_O
Range,Phonetics,Phonetics,Phonetics,R_O
Range,ID,ID,String,V
Range,PivotCell,Pivot Cell,PivotCell,R_O
Range,Errors,Errors,Errors,R_O
Range,AllowEdit,Allow Edit,Boolean,R_O
Range,ListObject,List Object,ListObject,R_O
Range,XPath,X Path,XPath,R_O
Range,ServerActions,Server Actions,Actions,R_O
Range,MDX,MDX,String,R_O
Range,CountLarge,Count Large,Variant,R_O
Range,SparklineGroups,Sparkline Groups,SparklineGroups,R_O
Range,DisplayFormat,Display Format,DisplayFormat,R_O
Range,HasRichDataType,Has Rich Data Type,Variant,R_O
Range,CommentThreaded,Comment Threaded,CommentThreaded,R_O
Range,LinkedDataTypeState,Linked Data Type State,Variant,R_O
Range,HasSpill,Has Spill,Variant,R_O
Range,SpillingToRange,Spilling To Range,Range,R_O
Range,SpillParent,Spill Parent,Range,R_O
Range,Formula2,Formula2,Variant,V
Range,Formula2Local,Formula2 Local,Variant,V
Range,Formula2R1C1,Formula2 R1 C1,Variant,V
Range,Formula2R1C1Local,Formula2 R1 C1 Local,Variant,V
Range,SavedAsArray,Saved As Array,Variant,R_O
Range,CellControl,Cell Control,CellControl,R_O
Ranges,Application,Application,Application,R_O
Ranges,Creator,Creator,XlCreator,R_O
Ranges,Parent,Parent,Object,R_O
Ranges,_Default,_Default,Range,R_O
Ranges,_NewEnum,_New Enum,IUnknown,R_O
Ranges,Item,Item,Range,R_O
Ranges,Count,Count,Long,R_O
RecentFile,Application,Application,Application,R_O
RecentFile,Creator,Creator,XlCreator,R_O
RecentFile,Parent,Parent,Object,R_O
RecentFile,Name,Name,String,R_O
RecentFile,Path,Path,String,R_O
RecentFile,Index,Index,Long,R_O
RecentFiles,Application,Application,Application,R_O
RecentFiles,Creator,Creator,XlCreator,R_O
RecentFiles,Parent,Parent,Object,R_O
RecentFiles,Maximum,Maximum,Long,V
RecentFiles,Count,Count,Long,R_O
RecentFiles,Item,Item,RecentFile,R_O
RecentFiles,_Default,_Default,RecentFile,R_O
RecentFiles,_NewEnum,_New Enum,IUnknown,R_O
Rectangle,Application,Application,Application,R_O
Rectangle,Creator,Creator,XlCreator,R_O
Rectangle,Parent,Parent,Object,R_O
Rectangle,BottomRightCell,Bottom Right Cell,Range,R_O
Rectangle,Enabled,Enabled,Boolean,V
Rectangle,Height,Height,Double,V
Rectangle,Index,Index,Long,R_O
Rectangle,Left,Left,Double,V
Rectangle,Locked,Locked,Boolean,V
Rectangle,Name,Name,String,V
Rectangle,Placement,Placement,Variant,V
Rectangle,PrintObject,Print Object,Boolean,V
Rectangle,Top,Top,Double,V
Rectangle,TopLeftCell,Top Left Cell,Range,R_O
Rectangle,Visible,Visible,Boolean,V
Rectangle,Width,Width,Double,V
Rectangle,ZOrder,Z Order,Long,R_O
Rectangle,ShapeRange,Shape Range,ShapeRange,R_O
Rectangle,AddIndent,Add Indent,Boolean,V
Rectangle,AutoScaleFont,Auto Scale Font,Variant,V
Rectangle,AutoSize,Auto Size,Boolean,V
Rectangle,Caption,Caption,String,V
Rectangle,Characters,Characters,Characters,R_O
Rectangle,Font,Font,Font,R_O
Rectangle,Formula,Formula,String,V
Rectangle,HorizontalAlignment,Horizontal Alignment,Variant,V
Rectangle,LockedText,Locked Text,Boolean,V
Rectangle,Orientation,Orientation,Variant,V
Rectangle,Text,Text,String,V
Rectangle,VerticalAlignment,Vertical Alignment,Variant,V
Rectangle,ReadingOrder,Reading Order,Long,V
Rectangle,Border,Border,Border,R_O
Rectangle,Interior,Interior,Interior,R_O
Rectangle,Shadow,Shadow,Boolean,V
Rectangle,RoundedCorners,Rounded Corners,Boolean,V
Rectangles,Application,Application,Application,R_O
Rectangles,Creator,Creator,XlCreator,R_O
Rectangles,Parent,Parent,Object,R_O
Rectangles,Enabled,Enabled,Boolean,V
Rectangles,Height,Height,Double,V
Rectangles,Left,Left,Double,V
Rectangles,Locked,Locked,Boolean,V
Rectangles,Placement,Placement,Variant,V
Rectangles,PrintObject,Print Object,Boolean,V
Rectangles,Top,Top,Double,V
Rectangles,Visible,Visible,Boolean,V
Rectangles,Width,Width,Double,V
Rectangles,ZOrder,Z Order,Long,R_O
Rectangles,ShapeRange,Shape Range,ShapeRange,R_O
Rectangles,AddIndent,Add Indent,Boolean,V
Rectangles,AutoScaleFont,Auto Scale Font,Variant,V
Rectangles,AutoSize,Auto Size,Boolean,V
Rectangles,Caption,Caption,String,V
Rectangles,Characters,Characters,Characters,R_O
Rectangles,Font,Font,Font,R_O
Rectangles,Formula,Formula,String,V
Rectangles,HorizontalAlignment,Horizontal Alignment,Variant,V
Rectangles,LockedText,Locked Text,Boolean,V
Rectangles,Orientation,Orientation,Variant,V
Rectangles,Text,Text,String,V
Rectangles,VerticalAlignment,Vertical Alignment,Variant,V
Rectangles,ReadingOrder,Reading Order,Long,V
Rectangles,Border,Border,Border,R_O
Rectangles,Interior,Interior,Interior,R_O
Rectangles,Shadow,Shadow,Boolean,V
Rectangles,RoundedCorners,Rounded Corners,Boolean,V
Rectangles,Count,Count,Long,R_O
RectangularGradient,Application,Application,Application,R_O
RectangularGradient,Creator,Creator,XlCreator,R_O
RectangularGradient,Parent,Parent,Object,R_O
RectangularGradient,ColorStops,Color Stops,ColorStops,R_O
RectangularGradient,RectangleTop,Rectangle Top,Double,V
RectangularGradient,RectangleBottom,Rectangle Bottom,Double,V
RectangularGradient,RectangleLeft,Rectangle Left,Double,V
RectangularGradient,RectangleRight,Rectangle Right,Double,V
Research,Application,Application,Application,R_O
Research,Creator,Creator,XlCreator,R_O
Research,Parent,Parent,Object,R_O
RoutingSlip,Application,Application,Application,R_O
RoutingSlip,Creator,Creator,XlCreator,R_O
RoutingSlip,Parent,Parent,Object,R_O
RoutingSlip,Delivery,Delivery,XlRoutingSlipDelivery,V
RoutingSlip,Message,Message,Variant,V
RoutingSlip,Recipients,Recipients,Variant,V
RoutingSlip,ReturnWhenDone,Return When Done,Boolean,V
RoutingSlip,Status,Status,XlRoutingSlipStatus,R_O
RoutingSlip,Subject,Subject,Variant,V
RoutingSlip,TrackStatus,Track Status,Boolean,V
RTD,ThrottleInterval,Throttle Interval,Long,V
Scenario,Application,Application,Application,R_O
Scenario,Creator,Creator,XlCreator,R_O
Scenario,Parent,Parent,Object,R_O
Scenario,ChangingCells,Changing Cells,Range,R_O
Scenario,Comment,Comment,String,V
Scenario,Hidden,Hidden,Boolean,V
Scenario,Index,Index,Long,R_O
Scenario,Locked,Locked,Boolean,V
Scenario,Name,Name,String,V
Scenario,Values,Values,Variant,R_O
Scenarios,Application,Application,Application,R_O
Scenarios,Creator,Creator,XlCreator,R_O
Scenarios,Parent,Parent,Object,R_O
Scenarios,Count,Count,Long,R_O
ScrollBar,Application,Application,Application,R_O
ScrollBar,Creator,Creator,XlCreator,R_O
ScrollBar,Parent,Parent,Object,R_O
ScrollBar,BottomRightCell,Bottom Right Cell,Range,R_O
ScrollBar,Enabled,Enabled,Boolean,V
ScrollBar,Height,Height,Double,V
ScrollBar,Index,Index,Long,R_O
ScrollBar,Left,Left,Double,V
ScrollBar,Locked,Locked,Boolean,V
ScrollBar,Name,Name,String,V
ScrollBar,Placement,Placement,Variant,V
ScrollBar,PrintObject,Print Object,Boolean,V
ScrollBar,Top,Top,Double,V
ScrollBar,TopLeftCell,Top Left Cell,Range,R_O
ScrollBar,Visible,Visible,Boolean,V
ScrollBar,Width,Width,Double,V
ScrollBar,ZOrder,Z Order,Long,R_O
ScrollBar,ShapeRange,Shape Range,ShapeRange,R_O
ScrollBar,_Default,_Default,Long,V
ScrollBar,Display3DShading,Display3 D Shading,Boolean,V
ScrollBar,LinkedCell,Linked Cell,String,V
ScrollBar,Max,Max,Long,V
ScrollBar,Min,Min,Long,V
ScrollBar,SmallChange,Small Change,Long,V
ScrollBar,Value,Value,Long,V
ScrollBar,LargeChange,Large Change,Long,V
ScrollBars,Application,Application,Application,R_O
ScrollBars,Creator,Creator,XlCreator,R_O
ScrollBars,Parent,Parent,Object,R_O
ScrollBars,Enabled,Enabled,Boolean,V
ScrollBars,Height,Height,Double,V
ScrollBars,Left,Left,Double,V
ScrollBars,Locked,Locked,Boolean,V
ScrollBars,Placement,Placement,Variant,V
ScrollBars,PrintObject,Print Object,Boolean,V
ScrollBars,Top,Top,Double,V
ScrollBars,Visible,Visible,Boolean,V
ScrollBars,Width,Width,Double,V
ScrollBars,ZOrder,Z Order,Long,R_O
ScrollBars,ShapeRange,Shape Range,ShapeRange,R_O
ScrollBars,_Default,_Default,Long,V
ScrollBars,Display3DShading,Display3 D Shading,Boolean,V
ScrollBars,LinkedCell,Linked Cell,String,V
ScrollBars,Max,Max,Long,V
ScrollBars,Min,Min,Long,V
ScrollBars,SmallChange,Small Change,Long,V
ScrollBars,Value,Value,Long,V
ScrollBars,LargeChange,Large Change,Long,V
ScrollBars,Count,Count,Long,R_O
Series,Application,Application,Application,R_O
Series,Creator,Creator,XlCreator,R_O
Series,Parent,Parent,Object,R_O
Series,AxisGroup,Axis Group,XlAxisGroup,V
Series,ErrorBars,Error Bars,ErrorBars,R_O
Series,Explosion,Explosion,Long,V
Series,Formula,Formula,String,V
Series,FormulaLocal,Formula Local,String,V
Series,FormulaR1C1,Formula R1 C1,String,V
Series,FormulaR1C1Local,Formula R1 C1 Local,String,V
Series,HasDataLabels,Has Data Labels,Boolean,V
Series,HasErrorBars,Has Error Bars,Boolean,V
Series,InvertIfNegative,Invert If Negative,Boolean,V
Series,MarkerBackgroundColor,Marker Background Color,Long,V
Series,MarkerBackgroundColorIndex,Marker Background Color Index,XlColorIndex,V
Series,MarkerForegroundColor,Marker Foreground Color,Long,V
Series,MarkerForegroundColorIndex,Marker Foreground Color Index,XlColorIndex,V
Series,MarkerSize,Marker Size,Long,V
Series,MarkerStyle,Marker Style,XlMarkerStyle,V
Series,Name,Name,String,V
Series,PictureType,Picture Type,XlChartPictureType,V
Series,PlotOrder,Plot Order,Long,V
Series,Smooth,Smooth,Boolean,V
Series,Type,Type,Long,V
Series,ChartType,Chart Type,XlChartType,V
Series,Values,Values,Variant,V
Series,XValues,X Values,Variant,V
Series,BubbleSizes,Bubble Sizes,Variant,V
Series,BarShape,Bar Shape,XlBarShape,V
Series,ApplyPictToSides,Apply Pict To Sides,Boolean,V
Series,ApplyPictToFront,Apply Pict To Front,Boolean,V
Series,ApplyPictToEnd,Apply Pict To End,Boolean,V
Series,Has3DEffect,Has3 D Effect,Boolean,V
Series,Shadow,Shadow,Boolean,V
Series,HasLeaderLines,Has Leader Lines,Boolean,V
Series,LeaderLines,Leader Lines,LeaderLines,R_O
Series,PictureUnit2,Picture Unit2,Double,V
Series,Format,Format,ChartFormat,R_O
Series,PlotColorIndex,Plot Color Index,Long,R_O
Series,InvertColor,Invert Color,Long,V
Series,InvertColorIndex,Invert Color Index,Long,V
Series,IsFiltered,Is Filtered,Boolean,V
Series,ParentDataLabelOption,Parent Data Label Option,XlParentDataLabelOptions,V
Series,QuartileCalculationInclusiveMedian,Quartile Calculation Inclusive Median,Boolean,V
Series,ValueSortOrder,Value Sort Order,XlValueSortOrder,V
Series,GeoProjectionType,Geo Projection Type,XlGeoProjectionType,V
Series,GeoMappingLevel,Geo Mapping Level,XlGeoMappingLevel,V
Series,RegionLabelOption,Region Label Option,XlRegionLabelOptions,V
Series,SeriesColorGradientStyle,Series Color Gradient Style,XlSeriesColorGradientStyle,V
Series,SeriesColorMinGradientStop,Series Color Min Gradient Stop,ChartSeriesGradientStopData,R_O
Series,SeriesColorMidGradientStop,Series Color Mid Gradient Stop,ChartSeriesGradientStopData,R_O
Series,SeriesColorMaxGradientStop,Series Color Max Gradient Stop,ChartSeriesGradientStopData,R_O
SeriesCollection,Application,Application,Application,R_O
SeriesCollection,Creator,Creator,XlCreator,R_O
SeriesCollection,Parent,Parent,Object,R_O
SeriesCollection,Count,Count,Long,R_O
SeriesGradientStopColorFormat,Application,Application,Application,R_O
SeriesGradientStopColorFormat,Creator,Creator,XlCreator,R_O
SeriesGradientStopColorFormat,Parent,Parent,Object,R_O
SeriesGradientStopColorFormat,TintAndShade,Tint And Shade,Single,V
SeriesGradientStopColorFormat,ObjectThemeColor,Object Theme Color,MsoThemeColorIndex,V
SeriesGradientStopColorFormat,RGB,RGB,Long,V
SeriesGradientStopColorFormat,Transparency,Transparency,Single,V
SeriesGradientStopColorFormat,Type,Type,MsoColorType,R_O
SeriesLines,Application,Application,Application,R_O
SeriesLines,Creator,Creator,XlCreator,R_O
SeriesLines,Parent,Parent,Object,R_O
SeriesLines,Name,Name,String,R_O
SeriesLines,Border,Border,Border,R_O
SeriesLines,Format,Format,ChartFormat,R_O
ServerViewableItems,Application,Application,Application,R_O
ServerViewableItems,Creator,Creator,XlCreator,R_O
ServerViewableItems,Parent,Parent,Object,R_O
ServerViewableItems,Count,Count,Long,R_O
ServerViewableItems,_Default,_Default,Object,R_O
ServerViewableItems,_NewEnum,_New Enum,IUnknown,R_O
ShadowFormat,Application,Application,Object,R_O
ShadowFormat,Creator,Creator,Long,R_O
ShadowFormat,Parent,Parent,Object,R_O
ShadowFormat,ForeColor,Fore Color,ColorFormat,V
ShadowFormat,Obscured,Obscured,MsoTriState,V
ShadowFormat,OffsetX,Offset X,Single,V
ShadowFormat,OffsetY,Offset Y,Single,V
ShadowFormat,Transparency,Transparency,Single,V
ShadowFormat,Type,Type,MsoShadowType,V
ShadowFormat,Visible,Visible,MsoTriState,V
ShadowFormat,Style,Style,MsoShadowStyle,V
ShadowFormat,Blur,Blur,Single,V
ShadowFormat,Size,Size,Single,V
ShadowFormat,RotateWithShape,Rotate With Shape,MsoTriState,V
Shape,Application,Application,Application,R_O
Shape,Creator,Creator,XlCreator,R_O
Shape,Parent,Parent,Object,R_O
Shape,Adjustments,Adjustments,Adjustments,R_O
Shape,TextFrame,Text Frame,TextFrame,R_O
Shape,AutoShapeType,Auto Shape Type,MsoAutoShapeType,V
Shape,Callout,Callout,CalloutFormat,R_O
Shape,ConnectionSiteCount,Connection Site Count,Long,R_O
Shape,Connector,Connector,MsoTriState,R_O
Shape,ConnectorFormat,Connector Format,ConnectorFormat,R_O
Shape,Fill,Fill,FillFormat,R_O
Shape,GroupItems,Group Items,GroupShapes,R_O
Shape,Height,Height,Single,V
Shape,HorizontalFlip,Horizontal Flip,MsoTriState,R_O
Shape,Left,Left,Single,V
Shape,Line,Line,LineFormat,R_O
Shape,LockAspectRatio,Lock Aspect Ratio,MsoTriState,V
Shape,Name,Name,String,V
Shape,Nodes,Nodes,ShapeNodes,R_O
Shape,Rotation,Rotation,Single,V
Shape,PictureFormat,Picture Format,PictureFormat,R_O
Shape,Shadow,Shadow,ShadowFormat,R_O
Shape,TextEffect,Text Effect,TextEffectFormat,R_O
Shape,ThreeD,Three D,ThreeDFormat,R_O
Shape,Top,Top,Single,V
Shape,Type,Type,MsoShapeType,R_O
Shape,VerticalFlip,Vertical Flip,MsoTriState,R_O
Shape,Vertices,Vertices,Variant,R_O
Shape,Visible,Visible,MsoTriState,V
Shape,Width,Width,Single,V
Shape,ZOrderPosition,Z Order Position,Long,R_O
Shape,Hyperlink,Hyperlink,Hyperlink,R_O
Shape,BlackWhiteMode,Black White Mode,MsoBlackWhiteMode,V
Shape,OnAction,On Action,String,V
Shape,Locked,Locked,Boolean,V
Shape,TopLeftCell,Top Left Cell,Range,R_O
Shape,BottomRightCell,Bottom Right Cell,Range,R_O
Shape,Placement,Placement,XlPlacement,V
Shape,ControlFormat,Control Format,ControlFormat,R_O
Shape,LinkFormat,Link Format,LinkFormat,R_O
Shape,OLEFormat,OLE Format,OLEFormat,R_O
Shape,FormControlType,Form Control Type,XlFormControl,R_O
Shape,AlternativeText,Alternative Text,String,V
Shape,Child,Child,MsoTriState,R_O
Shape,ParentGroup,Parent Group,Shape,R_O
Shape,ID,ID,Long,R_O
Shape,Chart,Chart,Chart,R_O
Shape,HasChart,Has Chart,MsoTriState,R_O
Shape,TextFrame2,Text Frame2,TextFrame2,R_O
Shape,ShapeStyle,Shape Style,MsoShapeStyleIndex,V
Shape,BackgroundStyle,Background Style,MsoBackgroundStyleIndex,V
Shape,SoftEdge,Soft Edge,SoftEdgeFormat,R_O
Shape,Glow,Glow,GlowFormat,R_O
Shape,Reflection,Reflection,ReflectionFormat,R_O
Shape,HasSmartArt,Has Smart Art,MsoTriState,R_O
Shape,SmartArt,Smart Art,SmartArt,R_O
Shape,Title,Title,String,V
Shape,GraphicStyle,Graphic Style,MsoGraphicStyleIndex,V
Shape,Model3D,Model3 D,Model3DFormat,R_O
Shape,Decorative,Decorative,MsoTriState,V
ShapeNode,Application,Application,Object,R_O
ShapeNode,Creator,Creator,Long,R_O
ShapeNode,Parent,Parent,Object,R_O
ShapeNode,EditingType,Editing Type,MsoEditingType,R_O
ShapeNode,Points,Points,Variant,R_O
ShapeNode,SegmentType,Segment Type,MsoSegmentType,R_O
ShapeNodes,Application,Application,Object,R_O
ShapeNodes,Creator,Creator,Long,R_O
ShapeNodes,Parent,Parent,Object,R_O
ShapeNodes,Count,Count,Long,R_O
ShapeNodes,_NewEnum,_New Enum,IUnknown,R_O
ShapeRange,Application,Application,Application,R_O
ShapeRange,Creator,Creator,XlCreator,R_O
ShapeRange,Parent,Parent,Object,R_O
ShapeRange,Count,Count,Long,R_O
ShapeRange,_NewEnum,_New Enum,IUnknown,R_O
ShapeRange,Adjustments,Adjustments,Adjustments,R_O
ShapeRange,TextFrame,Text Frame,TextFrame,R_O
ShapeRange,AutoShapeType,Auto Shape Type,MsoAutoShapeType,V
ShapeRange,Callout,Callout,CalloutFormat,R_O
ShapeRange,ConnectionSiteCount,Connection Site Count,Long,R_O
ShapeRange,Connector,Connector,MsoTriState,R_O
ShapeRange,ConnectorFormat,Connector Format,ConnectorFormat,R_O
ShapeRange,Fill,Fill,FillFormat,R_O
ShapeRange,GroupItems,Group Items,GroupShapes,R_O
ShapeRange,Height,Height,Single,V
ShapeRange,HorizontalFlip,Horizontal Flip,MsoTriState,R_O
ShapeRange,Left,Left,Single,V
ShapeRange,Line,Line,LineFormat,R_O
ShapeRange,LockAspectRatio,Lock Aspect Ratio,MsoTriState,V
ShapeRange,Name,Name,String,V
ShapeRange,Nodes,Nodes,ShapeNodes,R_O
ShapeRange,Rotation,Rotation,Single,V
ShapeRange,PictureFormat,Picture Format,PictureFormat,R_O
ShapeRange,Shadow,Shadow,ShadowFormat,R_O
ShapeRange,TextEffect,Text Effect,TextEffectFormat,R_O
ShapeRange,ThreeD,Three D,ThreeDFormat,R_O
ShapeRange,Top,Top,Single,V
ShapeRange,Type,Type,MsoShapeType,R_O
ShapeRange,VerticalFlip,Vertical Flip,MsoTriState,R_O
ShapeRange,Vertices,Vertices,Variant,R_O
ShapeRange,Visible,Visible,MsoTriState,V
ShapeRange,Width,Width,Single,V
ShapeRange,ZOrderPosition,Z Order Position,Long,R_O
ShapeRange,BlackWhiteMode,Black White Mode,MsoBlackWhiteMode,V
ShapeRange,AlternativeText,Alternative Text,String,V
ShapeRange,Child,Child,MsoTriState,R_O
ShapeRange,ParentGroup,Parent Group,Shape,R_O
ShapeRange,ID,ID,Long,R_O
ShapeRange,Chart,Chart,Chart,R_O
ShapeRange,HasChart,Has Chart,MsoTriState,R_O
ShapeRange,TextFrame2,Text Frame2,TextFrame2,R_O
ShapeRange,ShapeStyle,Shape Style,MsoShapeStyleIndex,V
ShapeRange,BackgroundStyle,Background Style,MsoBackgroundStyleIndex,V
ShapeRange,SoftEdge,Soft Edge,SoftEdgeFormat,R_O
ShapeRange,Glow,Glow,GlowFormat,R_O
ShapeRange,Reflection,Reflection,ReflectionFormat,R_O
ShapeRange,Title,Title,String,V
ShapeRange,GraphicStyle,Graphic Style,MsoGraphicStyleIndex,V
ShapeRange,Model3D,Model3 D,Model3DFormat,R_O
ShapeRange,Decorative,Decorative,MsoTriState,V
Shapes,Application,Application,Application,R_O
Shapes,Creator,Creator,XlCreator,R_O
Shapes,Parent,Parent,Object,R_O
Shapes,Count,Count,Long,R_O
Shapes,_NewEnum,_New Enum,IUnknown,R_O
Shapes,Range,Range,ShapeRange,R_O
Sheets,Application,Application,Application,R_O
Sheets,Creator,Creator,XlCreator,R_O
Sheets,Parent,Parent,Object,R_O
Sheets,Count,Count,Long,R_O
Sheets,Item,Item,Object,R_O
Sheets,_NewEnum,_New Enum,IUnknown,R_O
Sheets,HPageBreaks,H Page Breaks,HPageBreaks,R_O
Sheets,VPageBreaks,V Page Breaks,VPageBreaks,R_O
Sheets,Visible,Visible,Variant,V
Sheets,_Default,_Default,Object,R_O
SheetViews,Application,Application,Application,R_O
SheetViews,Creator,Creator,XlCreator,R_O
SheetViews,Parent,Parent,Object,R_O
SheetViews,Count,Count,Long,R_O
SheetViews,Item,Item,Object,R_O
SheetViews,_Default,_Default,Object,R_O
Slicer,Application,Application,Application,R_O
Slicer,Creator,Creator,XlCreator,R_O
Slicer,Parent,Parent,Object,R_O
Slicer,Name,Name,String,V
Slicer,Caption,Caption,String,V
Slicer,Top,Top,Double,V
Slicer,Left,Left,Double,V
Slicer,DisableMoveResizeUI,Disable Move Resize UI,Boolean,V
Slicer,Width,Width,Double,V
Slicer,Height,Height,Double,V
Slicer,RowHeight,Row Height,Double,V
Slicer,ColumnWidth,Column Width,Double,V
Slicer,NumberOfColumns,Number Of Columns,Long,V
Slicer,DisplayHeader,Display Header,Boolean,V
Slicer,Locked,Locked,Boolean,V
Slicer,SlicerCache,Slicer Cache,SlicerCache,R_O
Slicer,SlicerCacheLevel,Slicer Cache Level,SlicerCacheLevel,R_O
Slicer,Shape,Shape,Shape,R_O
Slicer,Style,Style,Variant,V
Slicer,ActiveItem,Active Item,SlicerItem,R_O
Slicer,TimelineViewState,Timeline View State,TimelineViewState,R_O
Slicer,SlicerCacheType,Slicer Cache Type,XlSlicerCacheType,R_O
SlicerCache,Application,Application,Application,R_O
SlicerCache,Creator,Creator,XlCreator,R_O
SlicerCache,Parent,Parent,Object,R_O
SlicerCache,Index,Index,Long,R_O
SlicerCache,OLAP,OLAP,Boolean,R_O
SlicerCache,SourceType,Source Type,XlPivotTableSourceType,R_O
SlicerCache,WorkbookConnection,Workbook Connection,WorkbookConnection,R_O
SlicerCache,Slicers,Slicers,Slicers,R_O
SlicerCache,PivotTables,Pivot Tables,SlicerPivotTables,R_O
SlicerCache,SlicerCacheLevels,Slicer Cache Levels,SlicerCacheLevels,R_O
SlicerCache,Name,Name,String,V
SlicerCache,VisibleSlicerItems,Visible Slicer Items,SlicerItems,R_O
SlicerCache,VisibleSlicerItemsList,Visible Slicer Items List,Variant,V
SlicerCache,SlicerItems,Slicer Items,SlicerItems,R_O
SlicerCache,CrossFilterType,Cross Filter Type,XlSlicerCrossFilterType,V
SlicerCache,SortItems,Sort Items,XlSlicerSort,V
SlicerCache,SourceName,Source Name,String,R_O
SlicerCache,SortUsingCustomLists,Sort Using Custom Lists,Boolean,V
SlicerCache,ShowAllItems,Show All Items,Boolean,V
SlicerCache,TimelineState,Timeline State,TimelineState,R_O
SlicerCache,SlicerCacheType,Slicer Cache Type,XlSlicerCacheType,R_O
SlicerCache,FilterCleared,Filter Cleared,Boolean,R_O
SlicerCache,List,List,Boolean,R_O
SlicerCache,RequireManualUpdate,Require Manual Update,Boolean,V
SlicerCache,ListObject,List Object,ListObject,R_O
SlicerCacheLevel,Application,Application,Application,R_O
SlicerCacheLevel,Creator,Creator,XlCreator,R_O
SlicerCacheLevel,Parent,Parent,Object,R_O
SlicerCacheLevel,SlicerItems,Slicer Items,SlicerItems,R_O
SlicerCacheLevel,Count,Count,Long,R_O
SlicerCacheLevel,Ordinal,Ordinal,Long,R_O
SlicerCacheLevel,Name,Name,String,R_O
SlicerCacheLevel,CrossFilterType,Cross Filter Type,XlSlicerCrossFilterType,V
SlicerCacheLevel,SortItems,Sort Items,XlSlicerSort,V
SlicerCacheLevel,VisibleSlicerItemsList,Visible Slicer Items List,Variant,R_O
SlicerCacheLevels,Application,Application,Application,R_O
SlicerCacheLevels,Creator,Creator,XlCreator,R_O
SlicerCacheLevels,Parent,Parent,Object,R_O
SlicerCacheLevels,Count,Count,Long,R_O
SlicerCacheLevels,Item,Item,SlicerCacheLevel,R_O
SlicerCacheLevels,_Default,_Default,SlicerCacheLevel,R_O
SlicerCacheLevels,_NewEnum,_New Enum,IUnknown,R_O
SlicerCaches,Application,Application,Application,R_O
SlicerCaches,Creator,Creator,XlCreator,R_O
SlicerCaches,Parent,Parent,Object,R_O
SlicerCaches,Count,Count,Long,R_O
SlicerCaches,Item,Item,SlicerCache,R_O
SlicerCaches,_Default,_Default,SlicerCache,R_O
SlicerCaches,_NewEnum,_New Enum,IUnknown,R_O
SlicerItem,Application,Application,Application,R_O
SlicerItem,Creator,Creator,XlCreator,R_O
SlicerItem,Parent,Parent,SlicerCache,R_O
SlicerItem,Caption,Caption,String,R_O
SlicerItem,Name,Name,String,R_O
SlicerItem,SourceName,Source Name,Variant,R_O
SlicerItem,SourceNameStandard,Source Name Standard,String,R_O
SlicerItem,Value,Value,String,R_O
SlicerItem,Selected,Selected,Boolean,V
SlicerItem,HasData,Has Data,Boolean,R_O
SlicerItems,Application,Application,Application,R_O
SlicerItems,Creator,Creator,XlCreator,R_O
SlicerItems,Parent,Parent,Object,R_O
SlicerItems,Count,Count,Long,R_O
SlicerItems,Item,Item,SlicerItem,R_O
SlicerItems,_Default,_Default,SlicerItem,R_O
SlicerItems,_NewEnum,_New Enum,IUnknown,R_O
SlicerPivotTables,Application,Application,Application,R_O
SlicerPivotTables,Creator,Creator,XlCreator,R_O
SlicerPivotTables,Parent,Parent,Object,R_O
SlicerPivotTables,Count,Count,Long,R_O
SlicerPivotTables,Item,Item,PivotTable,R_O
SlicerPivotTables,_Default,_Default,PivotTable,R_O
SlicerPivotTables,_NewEnum,_New Enum,IUnknown,R_O
Slicers,Application,Application,Application,R_O
Slicers,Creator,Creator,XlCreator,R_O
Slicers,Parent,Parent,Object,R_O
Slicers,Count,Count,Long,R_O
Slicers,Item,Item,Slicer,R_O
Slicers,_Default,_Default,Slicer,R_O
Slicers,_NewEnum,_New Enum,IUnknown,R_O
SmartTag,Application,Application,Application,R_O
SmartTag,Creator,Creator,XlCreator,R_O
SmartTag,Parent,Parent,Object,R_O
SmartTag,DownloadURL,Download URL,String,R_O
SmartTag,Name,Name,String,R_O
SmartTag,_Default,_Default,String,R_O
SmartTag,XML,XML,String,R_O
SmartTag,Range,Range,Range,R_O
SmartTag,SmartTagActions,Smart Tag Actions,SmartTagActions,R_O
SmartTag,Properties,Properties,CustomProperties,R_O
SmartTagAction,Application,Application,Application,R_O
SmartTagAction,Creator,Creator,XlCreator,R_O
SmartTagAction,Parent,Parent,Object,R_O
SmartTagAction,Name,Name,String,R_O
SmartTagAction,_Default,_Default,String,R_O
SmartTagAction,Type,Type,XlSmartTagControlType,R_O
SmartTagAction,PresentInPane,Present In Pane,Boolean,R_O
SmartTagAction,ExpandHelp,Expand Help,Boolean,V
SmartTagAction,CheckboxState,Checkbox State,Boolean,V
SmartTagAction,TextboxText,Textbox Text,String,V
SmartTagAction,ListSelection,List Selection,Long,V
SmartTagAction,RadioGroupSelection,Radio Group Selection,Long,V
SmartTagAction,ActiveXControl,Active X Control,Object,R_O
SmartTagActions,Application,Application,Application,R_O
SmartTagActions,Creator,Creator,XlCreator,R_O
SmartTagActions,Parent,Parent,Object,R_O
SmartTagActions,Count,Count,Long,R_O
SmartTagActions,_Default,_Default,SmartTagAction,R_O
SmartTagActions,Item,Item,SmartTagAction,R_O
SmartTagActions,_NewEnum,_New Enum,IUnknown,R_O
SmartTagOptions,Application,Application,Application,R_O
SmartTagOptions,Creator,Creator,XlCreator,R_O
SmartTagOptions,Parent,Parent,Object,R_O
SmartTagOptions,DisplaySmartTags,Display Smart Tags,XlSmartTagDisplayMode,V
SmartTagOptions,EmbedSmartTags,Embed Smart Tags,Boolean,V
SmartTagRecognizer,Application,Application,Application,R_O
SmartTagRecognizer,Creator,Creator,XlCreator,R_O
SmartTagRecognizer,Parent,Parent,Object,R_O
SmartTagRecognizer,Enabled,Enabled,Boolean,V
SmartTagRecognizer,progID,prog ID,String,R_O
SmartTagRecognizer,_Default,_Default,String,R_O
SmartTagRecognizer,FullName,Full Name,String,R_O
SmartTagRecognizers,Application,Application,Application,R_O
SmartTagRecognizers,Creator,Creator,XlCreator,R_O
SmartTagRecognizers,Parent,Parent,Object,R_O
SmartTagRecognizers,Count,Count,Long,R_O
SmartTagRecognizers,Item,Item,SmartTagRecognizer,R_O
SmartTagRecognizers,_Default,_Default,SmartTagRecognizer,R_O
SmartTagRecognizers,_NewEnum,_New Enum,IUnknown,R_O
SmartTagRecognizers,Recognize,Recognize,Boolean,V
SmartTags,Application,Application,Application,R_O
SmartTags,Creator,Creator,XlCreator,R_O
SmartTags,Parent,Parent,Object,R_O
SmartTags,Count,Count,Long,R_O
SmartTags,_Default,_Default,SmartTag,R_O
SmartTags,_NewEnum,_New Enum,IUnknown,R_O
Sort,Application,Application,Application,R_O
Sort,Creator,Creator,XlCreator,R_O
Sort,Parent,Parent,Object,R_O
Sort,Rng,Rng,Range,R_O
Sort,Header,Header,XlYesNoGuess,V
Sort,MatchCase,Match Case,Boolean,V
Sort,Orientation,Orientation,XlSortOrientation,V
Sort,SortMethod,Sort Method,XlSortMethod,V
Sort,SortFields,Sort Fields,SortFields,R_O
SortField,Application,Application,Application,R_O
SortField,Creator,Creator,XlCreator,R_O
SortField,Parent,Parent,Object,R_O
SortField,SortOn,Sort On,XlSortOn,V
SortField,SortOnValue,Sort On Value,Object,R_O
SortField,Key,Key,Range,R_O
SortField,Order,Order,XlSortOrder,V
SortField,CustomOrder,Custom Order,Variant,V
SortField,DataOption,Data Option,XlSortDataOption,V
SortField,Priority,Priority,Long,V
SortField,SubField,Sub Field,Variant,V
SortFields,Application,Application,Application,R_O
SortFields,Creator,Creator,XlCreator,R_O
SortFields,Parent,Parent,Object,R_O
SortFields,Item,Item,SortField,R_O
SortFields,Count,Count,Long,R_O
SortFields,_Default,_Default,SortField,R_O
SortFields,_NewEnum,_New Enum,IUnknown,R_O
SoundNote,Application,Application,Application,R_O
SoundNote,Creator,Creator,XlCreator,R_O
SoundNote,Parent,Parent,Object,R_O
SparkAxes,Application,Application,Application,R_O
SparkAxes,Creator,Creator,XlCreator,R_O
SparkAxes,Parent,Parent,Object,R_O
SparkAxes,Vertical,Vertical,SparkVerticalAxis,R_O
SparkAxes,Horizontal,Horizontal,SparkHorizontalAxis,R_O
SparkColor,Application,Application,Application,R_O
SparkColor,Creator,Creator,XlCreator,R_O
SparkColor,Parent,Parent,Object,R_O
SparkColor,Visible,Visible,Boolean,V
SparkColor,Color,Color,FormatColor,R_O
SparkHorizontalAxis,Application,Application,Application,R_O
SparkHorizontalAxis,Creator,Creator,XlCreator,R_O
SparkHorizontalAxis,Parent,Parent,Object,R_O
SparkHorizontalAxis,Axis,Axis,SparkColor,R_O
SparkHorizontalAxis,IsDateAxis,Is Date Axis,Boolean,R_O
SparkHorizontalAxis,RightToLeftPlotOrder,Right To Left Plot Order,Boolean,V
Sparkline,Application,Application,Application,R_O
Sparkline,Creator,Creator,XlCreator,R_O
Sparkline,Parent,Parent,Object,R_O
Sparkline,Location,Location,Range,V
Sparkline,SourceData,Source Data,String,V
SparklineGroup,Application,Application,Application,R_O
SparklineGroup,Creator,Creator,XlCreator,R_O
SparklineGroup,Parent,Parent,Object,R_O
SparklineGroup,Count,Count,Long,R_O
SparklineGroup,Item,Item,Sparkline,R_O
SparklineGroup,_NewEnum,_New Enum,IUnknown,R_O
SparklineGroup,Location,Location,Range,V
SparklineGroup,SourceData,Source Data,String,V
SparklineGroup,DateRange,Date Range,String,V
SparklineGroup,Type,Type,XlSparkType,V
SparklineGroup,SeriesColor,Series Color,FormatColor,R_O
SparklineGroup,Points,Points,SparkPoints,R_O
SparklineGroup,Axes,Axes,SparkAxes,R_O
SparklineGroup,DisplayBlanksAs,Display Blanks As,XlDisplayBlanksAs,V
SparklineGroup,DisplayHidden,Display Hidden,Boolean,V
SparklineGroup,LineWeight,Line Weight,Variant,V
SparklineGroup,PlotBy,Plot By,XlSparklineRowCol,V
SparklineGroups,Application,Application,Application,R_O
SparklineGroups,Creator,Creator,XlCreator,R_O
SparklineGroups,Parent,Parent,Object,R_O
SparklineGroups,Count,Count,Long,R_O
SparklineGroups,Item,Item,SparklineGroup,R_O
SparklineGroups,_NewEnum,_New Enum,IUnknown,R_O
SparklineGroups,_Default,_Default,SparklineGroup,R_O
SparkPoints,Application,Application,Application,R_O
SparkPoints,Creator,Creator,XlCreator,R_O
SparkPoints,Parent,Parent,Object,R_O
SparkPoints,Negative,Negative,SparkColor,R_O
SparkPoints,Markers,Markers,SparkColor,R_O
SparkPoints,Highpoint,Highpoint,SparkColor,R_O
SparkPoints,Lowpoint,Lowpoint,SparkColor,R_O
SparkPoints,Firstpoint,Firstpoint,SparkColor,R_O
SparkPoints,Lastpoint,Lastpoint,SparkColor,R_O
SparkVerticalAxis,Application,Application,Application,R_O
SparkVerticalAxis,Creator,Creator,XlCreator,R_O
SparkVerticalAxis,Parent,Parent,Object,R_O
SparkVerticalAxis,MinScaleType,Min Scale Type,XlSparkScale,V
SparkVerticalAxis,CustomMinScaleValue,Custom Min Scale Value,Variant,V
SparkVerticalAxis,MaxScaleType,Max Scale Type,XlSparkScale,V
SparkVerticalAxis,CustomMaxScaleValue,Custom Max Scale Value,Variant,V
Speech,Direction,Direction,XlSpeakDirection,V
Speech,SpeakCellOnEnter,Speak Cell On Enter,Boolean,V
SpellingOptions,DictLang,Dict Lang,Long,V
SpellingOptions,UserDict,User Dict,String,V
SpellingOptions,IgnoreCaps,Ignore Caps,Boolean,V
SpellingOptions,SuggestMainOnly,Suggest Main Only,Boolean,V
SpellingOptions,IgnoreMixedDigits,Ignore Mixed Digits,Boolean,V
SpellingOptions,IgnoreFileNames,Ignore File Names,Boolean,V
SpellingOptions,GermanPostReform,German Post Reform,Boolean,V
SpellingOptions,KoreanCombineAux,Korean Combine Aux,Boolean,V
SpellingOptions,KoreanUseAutoChangeList,Korean Use Auto Change List,Boolean,V
SpellingOptions,KoreanProcessCompound,Korean Process Compound,Boolean,V
SpellingOptions,HebrewModes,Hebrew Modes,XlHebrewModes,V
SpellingOptions,ArabicModes,Arabic Modes,XlArabicModes,V
SpellingOptions,ArabicStrictAlefHamza,Arabic Strict Alef Hamza,Boolean,V
SpellingOptions,ArabicStrictFinalYaa,Arabic Strict Final Yaa,Boolean,V
SpellingOptions,ArabicStrictTaaMarboota,Arabic Strict Taa Marboota,Boolean,V
SpellingOptions,RussianStrictE,Russian Strict E,Boolean,V
SpellingOptions,SpanishModes,Spanish Modes,XlSpanishModes,V
SpellingOptions,PortugalReform,Portugal Reform,XlPortugueseReform,V
SpellingOptions,BrazilReform,Brazil Reform,XlPortugueseReform,V
Spinner,Application,Application,Application,R_O
Spinner,Creator,Creator,XlCreator,R_O
Spinner,Parent,Parent,Object,R_O
Spinner,BottomRightCell,Bottom Right Cell,Range,R_O
Spinner,Enabled,Enabled,Boolean,V
Spinner,Height,Height,Double,V
Spinner,Index,Index,Long,R_O
Spinner,Left,Left,Double,V
Spinner,Locked,Locked,Boolean,V
Spinner,Name,Name,String,V
Spinner,Placement,Placement,Variant,V
Spinner,PrintObject,Print Object,Boolean,V
Spinner,Top,Top,Double,V
Spinner,TopLeftCell,Top Left Cell,Range,R_O
Spinner,Visible,Visible,Boolean,V
Spinner,Width,Width,Double,V
Spinner,ZOrder,Z Order,Long,R_O
Spinner,ShapeRange,Shape Range,ShapeRange,R_O
Spinner,_Default,_Default,Long,V
Spinner,Display3DShading,Display3 D Shading,Boolean,V
Spinner,LinkedCell,Linked Cell,String,V
Spinner,Max,Max,Long,V
Spinner,Min,Min,Long,V
Spinner,SmallChange,Small Change,Long,V
Spinner,Value,Value,Long,V
Spinners,Application,Application,Application,R_O
Spinners,Creator,Creator,XlCreator,R_O
Spinners,Parent,Parent,Object,R_O
Spinners,Enabled,Enabled,Boolean,V
Spinners,Height,Height,Double,V
Spinners,Left,Left,Double,V
Spinners,Locked,Locked,Boolean,V
Spinners,Placement,Placement,Variant,V
Spinners,PrintObject,Print Object,Boolean,V
Spinners,Top,Top,Double,V
Spinners,Visible,Visible,Boolean,V
Spinners,Width,Width,Double,V
Spinners,ZOrder,Z Order,Long,R_O
Spinners,ShapeRange,Shape Range,ShapeRange,R_O
Spinners,_Default,_Default,Long,V
Spinners,Display3DShading,Display3 D Shading,Boolean,V
Spinners,LinkedCell,Linked Cell,String,V
Spinners,Max,Max,Long,V
Spinners,Min,Min,Long,V
Spinners,SmallChange,Small Change,Long,V
Spinners,Value,Value,Long,V
Spinners,Count,Count,Long,R_O
Style,Application,Application,Application,R_O
Style,Creator,Creator,XlCreator,R_O
Style,Parent,Parent,Object,R_O
Style,AddIndent,Add Indent,Boolean,V
Style,BuiltIn,Built In,Boolean,R_O
Style,Borders,Borders,Borders,R_O
Style,Font,Font,Font,R_O
Style,FormulaHidden,Formula Hidden,Boolean,V
Style,HorizontalAlignment,Horizontal Alignment,XlHAlign,V
Style,IncludeAlignment,Include Alignment,Boolean,V
Style,IncludeBorder,Include Border,Boolean,V
Style,IncludeFont,Include Font,Boolean,V
Style,IncludeNumber,Include Number,Boolean,V
Style,IncludePatterns,Include Patterns,Boolean,V
Style,IncludeProtection,Include Protection,Boolean,V
Style,IndentLevel,Indent Level,Long,V
Style,Interior,Interior,Interior,R_O
Style,Locked,Locked,Boolean,V
Style,MergeCells,Merge Cells,Variant,V
Style,Name,Name,String,R_O
Style,NameLocal,Name Local,String,R_O
Style,NumberFormat,Number Format,String,V
Style,NumberFormatLocal,Number Format Local,String,V
Style,Orientation,Orientation,XlOrientation,V
Style,ShrinkToFit,Shrink To Fit,Boolean,V
Style,Value,Value,String,R_O
Style,VerticalAlignment,Vertical Alignment,XlVAlign,V
Style,WrapText,Wrap Text,Boolean,V
Style,_Default,_Default,String,R_O
Style,ReadingOrder,Reading Order,Long,V
Styles,Application,Application,Application,R_O
Styles,Creator,Creator,XlCreator,R_O
Styles,Parent,Parent,Object,R_O
Styles,Count,Count,Long,R_O
Styles,Item,Item,Style,R_O
Styles,_NewEnum,_New Enum,IUnknown,R_O
Styles,_Default,_Default,Style,R_O
Tab,Application,Application,Application,R_O
Tab,Creator,Creator,XlCreator,R_O
Tab,Parent,Parent,Object,R_O
Tab,Color,Color,Variant,V
Tab,ColorIndex,Color Index,XlColorIndex,V
Tab,ThemeColor,Theme Color,XlThemeColor,V
Tab,TintAndShade,Tint And Shade,Variant,V
TableObject,Application,Application,Application,R_O
TableObject,Creator,Creator,XlCreator,R_O
TableObject,Parent,Parent,Object,R_O
TableObject,RowNumbers,Row Numbers,Boolean,V
TableObject,FetchedRowOverflow,Fetched Row Overflow,Boolean,R_O
TableObject,RefreshStyle,Refresh Style,XlCellInsertionMode,V
TableObject,EnableRefresh,Enable Refresh,Boolean,V
TableObject,Destination,Destination,Range,R_O
TableObject,ResultRange,Result Range,Range,R_O
TableObject,EnableEditing,Enable Editing,Boolean,V
TableObject,PreserveColumnInfo,Preserve Column Info,Boolean,V
TableObject,PreserveFormatting,Preserve Formatting,Boolean,V
TableObject,AdjustColumnWidth,Adjust Column Width,Boolean,V
TableObject,ListObject,List Object,ListObject,R_O
TableObject,WorkbookConnection,Workbook Connection,WorkbookConnection,R_O
TableStyle,Application,Application,Application,R_O
TableStyle,Creator,Creator,XlCreator,R_O
TableStyle,Parent,Parent,Object,R_O
TableStyle,_Default,_Default,String,R_O
TableStyle,Name,Name,String,R_O
TableStyle,NameLocal,Name Local,String,R_O
TableStyle,BuiltIn,Built In,Boolean,R_O
TableStyle,TableStyleElements,Table Style Elements,TableStyleElements,R_O
TableStyle,ShowAsAvailableTableStyle,Show As Available Table Style,Boolean,V
TableStyle,ShowAsAvailablePivotTableStyle,Show As Available Pivot Table Style,Boolean,V
TableStyle,ShowAsAvailableSlicerStyle,Show As Available Slicer Style,Boolean,V
TableStyle,ShowAsAvailableTimelineStyle,Show As Available Timeline Style,Boolean,V
TableStyleElement,Application,Application,Application,R_O
TableStyleElement,Creator,Creator,XlCreator,R_O
TableStyleElement,Parent,Parent,Object,R_O
TableStyleElement,HasFormat,Has Format,Boolean,R_O
TableStyleElement,Interior,Interior,Interior,R_O
TableStyleElement,Borders,Borders,Borders,R_O
TableStyleElement,Font,Font,Font,R_O
TableStyleElement,StripeSize,Stripe Size,Long,V
TableStyleElements,Application,Application,Application,R_O
TableStyleElements,Creator,Creator,XlCreator,R_O
TableStyleElements,Parent,Parent,Object,R_O
TableStyleElements,Count,Count,Long,R_O
TableStyleElements,_Default,_Default,TableStyleElement,R_O
TableStyleElements,_NewEnum,_New Enum,IUnknown,R_O
TableStyles,Application,Application,Application,R_O
TableStyles,Creator,Creator,XlCreator,R_O
TableStyles,Parent,Parent,Object,R_O
TableStyles,Count,Count,Long,R_O
TableStyles,_Default,_Default,TableStyle,R_O
TableStyles,_NewEnum,_New Enum,IUnknown,R_O
TextBox,Application,Application,Application,R_O
TextBox,Creator,Creator,XlCreator,R_O
TextBox,Parent,Parent,Object,R_O
TextBox,BottomRightCell,Bottom Right Cell,Range,R_O
TextBox,Enabled,Enabled,Boolean,V
TextBox,Height,Height,Double,V
TextBox,Index,Index,Long,R_O
TextBox,Left,Left,Double,V
TextBox,Locked,Locked,Boolean,V
TextBox,Name,Name,String,V
TextBox,Placement,Placement,Variant,V
TextBox,PrintObject,Print Object,Boolean,V
TextBox,Top,Top,Double,V
TextBox,TopLeftCell,Top Left Cell,Range,R_O
TextBox,Visible,Visible,Boolean,V
TextBox,Width,Width,Double,V
TextBox,ZOrder,Z Order,Long,R_O
TextBox,ShapeRange,Shape Range,ShapeRange,R_O
TextBox,AddIndent,Add Indent,Boolean,V
TextBox,AutoScaleFont,Auto Scale Font,Variant,V
TextBox,AutoSize,Auto Size,Boolean,V
TextBox,Caption,Caption,String,V
TextBox,Characters,Characters,Characters,R_O
TextBox,Font,Font,Font,R_O
TextBox,Formula,Formula,String,V
TextBox,HorizontalAlignment,Horizontal Alignment,Variant,V
TextBox,LockedText,Locked Text,Boolean,V
TextBox,Orientation,Orientation,Variant,V
TextBox,Text,Text,String,V
TextBox,VerticalAlignment,Vertical Alignment,Variant,V
TextBox,ReadingOrder,Reading Order,Long,V
TextBox,Border,Border,Border,R_O
TextBox,Interior,Interior,Interior,R_O
TextBox,RoundedCorners,Rounded Corners,Boolean,V
TextBox,Shadow,Shadow,Boolean,V
TextBoxes,Application,Application,Application,R_O
TextBoxes,Creator,Creator,XlCreator,R_O
TextBoxes,Parent,Parent,Object,R_O
TextBoxes,Enabled,Enabled,Boolean,V
TextBoxes,Height,Height,Double,V
TextBoxes,Left,Left,Double,V
TextBoxes,Locked,Locked,Boolean,V
TextBoxes,Placement,Placement,Variant,V
TextBoxes,PrintObject,Print Object,Boolean,V
TextBoxes,Top,Top,Double,V
TextBoxes,Visible,Visible,Boolean,V
TextBoxes,Width,Width,Double,V
TextBoxes,ZOrder,Z Order,Long,R_O
TextBoxes,ShapeRange,Shape Range,ShapeRange,R_O
TextBoxes,AddIndent,Add Indent,Boolean,V
TextBoxes,AutoScaleFont,Auto Scale Font,Variant,V
TextBoxes,AutoSize,Auto Size,Boolean,V
TextBoxes,Caption,Caption,String,V
TextBoxes,Characters,Characters,Characters,R_O
TextBoxes,Font,Font,Font,R_O
TextBoxes,Formula,Formula,String,V
TextBoxes,HorizontalAlignment,Horizontal Alignment,Variant,V
TextBoxes,LockedText,Locked Text,Boolean,V
TextBoxes,Orientation,Orientation,Variant,V
TextBoxes,Text,Text,String,V
TextBoxes,VerticalAlignment,Vertical Alignment,Variant,V
TextBoxes,ReadingOrder,Reading Order,Long,V
TextBoxes,Border,Border,Border,R_O
TextBoxes,Interior,Interior,Interior,R_O
TextBoxes,RoundedCorners,Rounded Corners,Boolean,V
TextBoxes,Shadow,Shadow,Boolean,V
TextBoxes,Count,Count,Long,R_O
TextConnection,Application,Application,Application,R_O
TextConnection,Creator,Creator,XlCreator,R_O
TextConnection,Parent,Parent,Object,R_O
TextConnection,Connection,Connection,Variant,V
TextConnection,TextFileHeaderRow,Text File Header Row,Boolean,V
TextConnection,TextFileColumnDataTypes,Text File Column Data Types,Variant,V
TextConnection,TextFileCommaDelimiter,Text File Comma Delimiter,Boolean,V
TextConnection,TextFileConsecutiveDelimiter,Text File Consecutive Delimiter,Boolean,V
TextConnection,TextFileDecimalSeparator,Text File Decimal Separator,String,V
TextConnection,TextFileFixedColumnWidths,Text File Fixed Column Widths,Variant,V
TextConnection,TextFileOtherDelimiter,Text File Other Delimiter,String,V
TextConnection,TextFileParseType,Text File Parse Type,XlTextParsingType,V
TextConnection,TextFilePlatform,Text File Platform,XlPlatform,V
TextConnection,TextFilePromptOnRefresh,Text File Prompt On Refresh,Boolean,V
TextConnection,TextFileSemicolonDelimiter,Text File Semicolon Delimiter,Boolean,V
TextConnection,TextFileSpaceDelimiter,Text File Space Delimiter,Boolean,V
TextConnection,TextFileStartRow,Text File Start Row,Long,V
TextConnection,TextFileTabDelimiter,Text File Tab Delimiter,Boolean,V
TextConnection,TextFileTextQualifier,Text File Text Qualifier,XlTextQualifier,V
TextConnection,TextFileThousandsSeparator,Text File Thousands Separator,String,V
TextConnection,TextFileTrailingMinusNumbers,Text File Trailing Minus Numbers,Boolean,V
TextConnection,TextFileVisualLayout,Text File Visual Layout,XlTextVisualLayoutType,V
TextEffectFormat,Application,Application,Object,R_O
TextEffectFormat,Creator,Creator,Long,R_O
TextEffectFormat,Parent,Parent,Object,R_O
TextEffectFormat,Alignment,Alignment,MsoTextEffectAlignment,V
TextEffectFormat,FontBold,Font Bold,MsoTriState,V
TextEffectFormat,FontItalic,Font Italic,MsoTriState,V
TextEffectFormat,FontName,Font Name,String,V
TextEffectFormat,FontSize,Font Size,Single,V
TextEffectFormat,KernedPairs,Kerned Pairs,MsoTriState,V
TextEffectFormat,NormalizedHeight,Normalized Height,MsoTriState,V
TextEffectFormat,PresetShape,Preset Shape,MsoPresetTextEffectShape,V
TextEffectFormat,PresetTextEffect,Preset Text Effect,MsoPresetTextEffect,V
TextEffectFormat,RotatedChars,Rotated Chars,MsoTriState,V
TextEffectFormat,Text,Text,String,V
TextEffectFormat,Tracking,Tracking,Single,V
TextFrame,Application,Application,Application,R_O
TextFrame,Creator,Creator,XlCreator,R_O
TextFrame,Parent,Parent,Object,R_O
TextFrame,MarginBottom,Margin Bottom,Single,V
TextFrame,MarginLeft,Margin Left,Single,V
TextFrame,MarginRight,Margin Right,Single,V
TextFrame,MarginTop,Margin Top,Single,V
TextFrame,Orientation,Orientation,MsoTextOrientation,V
TextFrame,HorizontalAlignment,Horizontal Alignment,XlHAlign,V
TextFrame,VerticalAlignment,Vertical Alignment,XlVAlign,V
TextFrame,AutoSize,Auto Size,Boolean,V
TextFrame,ReadingOrder,Reading Order,Long,V
TextFrame,AutoMargins,Auto Margins,Boolean,V
TextFrame,VerticalOverflow,Vertical Overflow,XlOartVerticalOverflow,V
TextFrame,HorizontalOverflow,Horizontal Overflow,XlOartHorizontalOverflow,V
TextFrame2,Application,Application,Object,R_O
TextFrame2,Creator,Creator,Long,R_O
TextFrame2,Parent,Parent,Object,R_O
TextFrame2,MarginBottom,Margin Bottom,Single,V
TextFrame2,MarginLeft,Margin Left,Single,V
TextFrame2,MarginRight,Margin Right,Single,V
TextFrame2,MarginTop,Margin Top,Single,V
TextFrame2,Orientation,Orientation,MsoTextOrientation,V
TextFrame2,HorizontalAnchor,Horizontal Anchor,MsoHorizontalAnchor,V
TextFrame2,VerticalAnchor,Vertical Anchor,MsoVerticalAnchor,V
TextFrame2,PathFormat,Path Format,MsoPathFormat,V
TextFrame2,WarpFormat,Warp Format,MsoWarpFormat,V
TextFrame2,WordArtformat,Word Artformat,MsoPresetTextEffect,V
TextFrame2,WordWrap,Word Wrap,MsoTriState,V
TextFrame2,AutoSize,Auto Size,MsoAutoSize,V
TextFrame2,ThreeD,Three D,ThreeDFormat,R_O
TextFrame2,HasText,Has Text,MsoTriState,R_O
TextFrame2,TextRange,Text Range,TextRange2,R_O
TextFrame2,Column,Column,TextColumn2,R_O
TextFrame2,Ruler,Ruler,Ruler2,R_O
TextFrame2,NoTextRotation,No Text Rotation,MsoTriState,V
ThreeDFormat,Application,Application,Object,R_O
ThreeDFormat,Creator,Creator,Long,R_O
ThreeDFormat,Parent,Parent,Object,R_O
ThreeDFormat,Depth,Depth,Single,V
ThreeDFormat,ExtrusionColor,Extrusion Color,ColorFormat,R_O
ThreeDFormat,ExtrusionColorType,Extrusion Color Type,MsoExtrusionColorType,V
ThreeDFormat,Perspective,Perspective,MsoTriState,V
ThreeDFormat,PresetExtrusionDirection,Preset Extrusion Direction,MsoPresetExtrusionDirection,R_O
ThreeDFormat,PresetLightingDirection,Preset Lighting Direction,MsoPresetLightingDirection,V
ThreeDFormat,PresetLightingSoftness,Preset Lighting Softness,MsoPresetLightingSoftness,V
ThreeDFormat,PresetMaterial,Preset Material,MsoPresetMaterial,V
ThreeDFormat,PresetThreeDFormat,Preset Three D Format,MsoPresetThreeDFormat,R_O
ThreeDFormat,RotationX,Rotation X,Single,V
ThreeDFormat,RotationY,Rotation Y,Single,V
ThreeDFormat,Visible,Visible,MsoTriState,V
ThreeDFormat,PresetLighting,Preset Lighting,MsoLightRigType,V
ThreeDFormat,Z,Z,Single,V
ThreeDFormat,BevelTopType,Bevel Top Type,MsoBevelType,V
ThreeDFormat,BevelTopInset,Bevel Top Inset,Single,V
ThreeDFormat,BevelTopDepth,Bevel Top Depth,Single,V
ThreeDFormat,BevelBottomType,Bevel Bottom Type,MsoBevelType,V
ThreeDFormat,BevelBottomInset,Bevel Bottom Inset,Single,V
ThreeDFormat,BevelBottomDepth,Bevel Bottom Depth,Single,V
ThreeDFormat,PresetCamera,Preset Camera,MsoPresetCamera,R_O
ThreeDFormat,RotationZ,Rotation Z,Single,V
ThreeDFormat,ContourWidth,Contour Width,Single,V
ThreeDFormat,ContourColor,Contour Color,ColorFormat,R_O
ThreeDFormat,FieldOfView,Field Of View,Single,V
ThreeDFormat,ProjectText,Project Text,MsoTriState,V
ThreeDFormat,LightAngle,Light Angle,Single,V
TickLabels,Application,Application,Application,R_O
TickLabels,Creator,Creator,XlCreator,R_O
TickLabels,Parent,Parent,Object,R_O
TickLabels,Font,Font,Font,R_O
TickLabels,Name,Name,String,R_O
TickLabels,NumberFormat,Number Format,String,V
TickLabels,NumberFormatLinked,Number Format Linked,Boolean,V
TickLabels,NumberFormatLocal,Number Format Local,Variant,V
TickLabels,Orientation,Orientation,XlTickLabelOrientation,V
TickLabels,ReadingOrder,Reading Order,Long,V
TickLabels,Depth,Depth,Long,R_O
TickLabels,Offset,Offset,Long,V
TickLabels,Alignment,Alignment,Long,V
TickLabels,MultiLevel,Multi Level,Boolean,V
TickLabels,Format,Format,ChartFormat,R_O
TimelineState,Application,Application,Application,R_O
TimelineState,Creator,Creator,XlCreator,R_O
TimelineState,Parent,Parent,Object,R_O
TimelineState,StartDate,Start Date,Variant,R_O
TimelineState,EndDate,End Date,Variant,R_O
TimelineState,FilterType,Filter Type,XlPivotFilterType,R_O
TimelineState,FilterValue1,Filter Value1,Variant,R_O
TimelineState,FilterValue2,Filter Value2,Variant,R_O
TimelineState,SingleRangeFilterState,Single Range Filter State,Boolean,R_O
TimelineViewState,Application,Application,Application,R_O
TimelineViewState,Creator,Creator,XlCreator,R_O
TimelineViewState,Parent,Parent,Object,R_O
TimelineViewState,ShowHeader,Show Header,Boolean,V
TimelineViewState,ShowSelectionLabel,Show Selection Label,Boolean,V
TimelineViewState,ShowTimeLevel,Show Time Level,Boolean,V
TimelineViewState,ShowHorizontalScrollbar,Show Horizontal Scrollbar,Boolean,V
TimelineViewState,Level,Level,XlTimelineLevel,V
Toolbar,Application,Application,Application,R_O
Toolbar,Creator,Creator,XlCreator,R_O
Toolbar,Parent,Parent,Object,R_O
Toolbar,BuiltIn,Built In,Boolean,R_O
Toolbar,Height,Height,Long,V
Toolbar,Left,Left,Long,V
Toolbar,Name,Name,String,R_O
Toolbar,Position,Position,Long,V
Toolbar,Protection,Protection,XlToolbarProtection,V
Toolbar,ToolbarButtons,Toolbar Buttons,ToolbarButtons,R_O
Toolbar,Top,Top,Long,V
Toolbar,Visible,Visible,Boolean,V
Toolbar,Width,Width,Long,V
ToolbarButton,Application,Application,Application,R_O
ToolbarButton,Creator,Creator,XlCreator,R_O
ToolbarButton,Parent,Parent,Object,R_O
ToolbarButton,BuiltIn,Built In,Boolean,R_O
ToolbarButton,BuiltInFace,Built In Face,Boolean,V
ToolbarButton,Enabled,Enabled,Boolean,V
ToolbarButton,HelpContextID,Help Context ID,Long,V
ToolbarButton,HelpFile,Help File,String,V
ToolbarButton,ID,ID,Long,R_O
ToolbarButton,IsGap,Is Gap,Boolean,R_O
ToolbarButton,Name,Name,String,V
ToolbarButton,OnAction,On Action,String,V
ToolbarButton,Pushed,Pushed,Boolean,V
ToolbarButton,StatusBar,Status Bar,String,V
ToolbarButton,Width,Width,Long,V
ToolbarButtons,Application,Application,Application,R_O
ToolbarButtons,Creator,Creator,XlCreator,R_O
ToolbarButtons,Parent,Parent,Object,R_O
ToolbarButtons,Count,Count,Long,R_O
ToolbarButtons,Item,Item,ToolbarButton,R_O
ToolbarButtons,_NewEnum,_New Enum,IUnknown,R_O
ToolbarButtons,_Default,_Default,ToolbarButton,R_O
Toolbars,Application,Application,Application,R_O
Toolbars,Creator,Creator,XlCreator,R_O
Toolbars,Parent,Parent,Object,R_O
Toolbars,Count,Count,Long,R_O
Toolbars,_Default,_Default,Toolbar,R_O
Toolbars,Item,Item,Toolbar,R_O
Toolbars,_NewEnum,_New Enum,IUnknown,R_O
Top10,Application,Application,Application,R_O
Top10,Creator,Creator,XlCreator,R_O
Top10,Parent,Parent,Object,R_O
Top10,Priority,Priority,Long,V
Top10,StopIfTrue,Stop If True,Boolean,V
Top10,AppliesTo,Applies To,Range,R_O
Top10,TopBottom,Top Bottom,XlTopBottom,V
Top10,Rank,Rank,Long,V
Top10,Percent,Percent,Boolean,V
Top10,Interior,Interior,Interior,R_O
Top10,Borders,Borders,Borders,R_O
Top10,Font,Font,Font,R_O
Top10,Type,Type,Long,R_O
Top10,NumberFormat,Number Format,Variant,V
Top10,PTCondition,PT Condition,Boolean,R_O
Top10,ScopeType,Scope Type,XlPivotConditionScope,V
Top10,CalcFor,Calc For,XlCalcFor,V
TreeviewControl,Application,Application,Application,R_O
TreeviewControl,Creator,Creator,XlCreator,R_O
TreeviewControl,Parent,Parent,Object,R_O
TreeviewControl,Hidden,Hidden,Variant,V
TreeviewControl,Drilled,Drilled,Variant,V
Trendline,Application,Application,Application,R_O
Trendline,Creator,Creator,XlCreator,R_O
Trendline,Parent,Parent,Object,R_O
Trendline,Border,Border,Border,R_O
Trendline,DataLabel,Data Label,DataLabel,R_O
Trendline,DisplayEquation,Display Equation,Boolean,V
Trendline,DisplayRSquared,Display R Squared,Boolean,V
Trendline,Index,Index,Long,R_O
Trendline,Intercept,Intercept,Double,V
Trendline,InterceptIsAuto,Intercept Is Auto,Boolean,V
Trendline,Name,Name,String,V
Trendline,NameIsAuto,Name Is Auto,Boolean,V
Trendline,Order,Order,Long,V
Trendline,Period,Period,Long,V
Trendline,Type,Type,XlTrendlineType,V
Trendline,Backward2,Backward2,Double,V
Trendline,Forward2,Forward2,Double,V
Trendline,Format,Format,ChartFormat,R_O
Trendlines,Application,Application,Application,R_O
Trendlines,Creator,Creator,XlCreator,R_O
Trendlines,Parent,Parent,Object,R_O
Trendlines,Count,Count,Long,R_O
UniqueValues,Application,Application,Application,R_O
UniqueValues,Creator,Creator,XlCreator,R_O
UniqueValues,Parent,Parent,Object,R_O
UniqueValues,Priority,Priority,Long,V
UniqueValues,StopIfTrue,Stop If True,Boolean,V
UniqueValues,AppliesTo,Applies To,Range,R_O
UniqueValues,DupeUnique,Dupe Unique,XlDupeUnique,V
UniqueValues,Interior,Interior,Interior,R_O
UniqueValues,Borders,Borders,Borders,R_O
UniqueValues,Font,Font,Font,R_O
UniqueValues,Type,Type,Long,R_O
UniqueValues,NumberFormat,Number Format,Variant,V
UniqueValues,PTCondition,PT Condition,Boolean,R_O
UniqueValues,ScopeType,Scope Type,XlPivotConditionScope,V
UpBars,Application,Application,Application,R_O
UpBars,Creator,Creator,XlCreator,R_O
UpBars,Parent,Parent,Object,R_O
UpBars,Name,Name,String,R_O
UpBars,Format,Format,ChartFormat,R_O
UsedObjects,Application,Application,Application,R_O
UsedObjects,Creator,Creator,XlCreator,R_O
UsedObjects,Parent,Parent,Object,R_O
UsedObjects,Count,Count,Long,R_O
UsedObjects,_NewEnum,_New Enum,IUnknown,R_O
UsedObjects,_Default,_Default,Object,R_O
UsedObjects,Item,Item,Object,R_O
UserAccess,Name,Name,String,R_O
UserAccess,AllowEdit,Allow Edit,Boolean,V
UserAccessList,Count,Count,Long,R_O
UserAccessList,Item,Item,UserAccess,R_O
UserAccessList,_Default,_Default,UserAccess,R_O
UserAccessList,_NewEnum,_New Enum,IUnknown,R_O
Validation,Application,Application,Application,R_O
Validation,Creator,Creator,XlCreator,R_O
Validation,Parent,Parent,Object,R_O
Validation,AlertStyle,Alert Style,Long,R_O
Validation,IgnoreBlank,Ignore Blank,Boolean,V
Validation,IMEMode,IME Mode,Long,V
Validation,InCellDropdown,In Cell Dropdown,Boolean,V
Validation,ErrorMessage,Error Message,String,V
Validation,ErrorTitle,Error Title,String,V
Validation,InputMessage,Input Message,String,V
Validation,InputTitle,Input Title,String,V
Validation,Formula1,Formula1,String,R_O
Validation,Formula2,Formula2,String,R_O
Validation,Operator,Operator,Long,R_O
Validation,ShowError,Show Error,Boolean,V
Validation,ShowInput,Show Input,Boolean,V
Validation,Type,Type,Long,R_O
Validation,Value,Value,Boolean,R_O
ValueChange,Application,Application,Application,R_O
ValueChange,Creator,Creator,XlCreator,R_O
ValueChange,Parent,Parent,Object,R_O
ValueChange,Order,Order,Long,R_O
ValueChange,VisibleInPivotTable,Visible In Pivot Table,Boolean,R_O
ValueChange,PivotCell,Pivot Cell,PivotCell,R_O
ValueChange,Tuple,Tuple,String,R_O
ValueChange,Value,Value,Double,R_O
ValueChange,AllocationValue,Allocation Value,XlAllocationValue,R_O
ValueChange,AllocationMethod,Allocation Method,XlAllocationMethod,R_O
ValueChange,AllocationWeightExpression,Allocation Weight Expression,String,R_O
VPageBreak,Application,Application,Application,R_O
VPageBreak,Creator,Creator,XlCreator,R_O
VPageBreak,Parent,Parent,Worksheet,R_O
VPageBreak,Type,Type,XlPageBreak,V
VPageBreak,Extent,Extent,XlPageBreakExtent,R_O
VPageBreak,Location,Location,Range,V
VPageBreaks,Application,Application,Application,R_O
VPageBreaks,Creator,Creator,XlCreator,R_O
VPageBreaks,Parent,Parent,Object,R_O
VPageBreaks,Count,Count,Long,R_O
VPageBreaks,Item,Item,VPageBreak,R_O
VPageBreaks,_Default,_Default,VPageBreak,R_O
VPageBreaks,_NewEnum,_New Enum,IUnknown,R_O
Walls,Application,Application,Application,R_O
Walls,Creator,Creator,XlCreator,R_O
Walls,Parent,Parent,Object,R_O
Walls,Name,Name,String,R_O
Walls,PictureType,Picture Type,Variant,V
Walls,PictureUnit,Picture Unit,Variant,V
Walls,Thickness,Thickness,Long,V
Walls,Format,Format,ChartFormat,R_O
Watch,Application,Application,Application,R_O
Watch,Creator,Creator,XlCreator,R_O
Watch,Parent,Parent,Object,R_O
Watch,Source,Source,Variant,R_O
Watches,Application,Application,Application,R_O
Watches,Creator,Creator,XlCreator,R_O
Watches,Parent,Parent,Object,R_O
Watches,Count,Count,Long,R_O
Watches,_Default,_Default,Watch,R_O
Watches,Item,Item,Watch,R_O
Watches,_NewEnum,_New Enum,IUnknown,R_O
WebOptions,Application,Application,Application,R_O
WebOptions,Creator,Creator,XlCreator,R_O
WebOptions,Parent,Parent,Object,R_O
WebOptions,RelyOnCSS,Rely On CSS,Boolean,V
WebOptions,OrganizeInFolder,Organize In Folder,Boolean,V
WebOptions,UseLongFileNames,Use Long File Names,Boolean,V
WebOptions,DownloadComponents,Download Components,Boolean,V
WebOptions,RelyOnVML,Rely On VML,Boolean,V
WebOptions,AllowPNG,Allow PNG,Boolean,V
WebOptions,ScreenSize,Screen Size,MsoScreenSize,V
WebOptions,PixelsPerInch,Pixels Per Inch,Long,V
WebOptions,LocationOfComponents,Location Of Components,String,V
WebOptions,Encoding,Encoding,MsoEncoding,V
WebOptions,FolderSuffix,Folder Suffix,String,R_O
WebOptions,TargetBrowser,Target Browser,MsoTargetBrowser,V
Window,Application,Application,Application,R_O
Window,Creator,Creator,XlCreator,R_O
Window,Parent,Parent,Object,R_O
Window,ActiveCell,Active Cell,Range,R_O
Window,ActiveChart,Active Chart,Chart,R_O
Window,ActivePane,Active Pane,Pane,R_O
Window,ActiveSheet,Active Sheet,Object,R_O
Window,Caption,Caption,Variant,V
Window,DisplayFormulas,Display Formulas,Boolean,V
Window,DisplayGridlines,Display Gridlines,Boolean,V
Window,DisplayHeadings,Display Headings,Boolean,V
Window,DisplayHorizontalScrollBar,Display Horizontal Scroll Bar,Boolean,V
Window,DisplayOutline,Display Outline,Boolean,V
Window,DisplayVerticalScrollBar,Display Vertical Scroll Bar,Boolean,V
Window,DisplayWorkbookTabs,Display Workbook Tabs,Boolean,V
Window,DisplayZeros,Display Zeros,Boolean,V
Window,EnableResize,Enable Resize,Boolean,V
Window,FreezePanes,Freeze Panes,Boolean,V
Window,GridlineColor,Gridline Color,Long,V
Window,GridlineColorIndex,Gridline Color Index,XlColorIndex,V
Window,Height,Height,Double,V
Window,Index,Index,Long,R_O
Window,Left,Left,Double,V
Window,OnWindow,On Window,String,V
Window,Panes,Panes,Panes,R_O
Window,RangeSelection,Range Selection,Range,R_O
Window,ScrollColumn,Scroll Column,Long,V
Window,ScrollRow,Scroll Row,Long,V
Window,SelectedSheets,Selected Sheets,Sheets,R_O
Window,Selection,Selection,Object,R_O
Window,Split,Split,Boolean,V
Window,SplitColumn,Split Column,Long,V
Window,SplitHorizontal,Split Horizontal,Double,V
Window,SplitRow,Split Row,Long,V
Window,SplitVertical,Split Vertical,Double,V
Window,TabRatio,Tab Ratio,Double,V
Window,Top,Top,Double,V
Window,Type,Type,XlWindowType,R_O
Window,UsableHeight,Usable Height,Double,R_O
Window,UsableWidth,Usable Width,Double,R_O
Window,Visible,Visible,Boolean,V
Window,VisibleRange,Visible Range,Range,R_O
Window,Width,Width,Double,V
Window,WindowNumber,Window Number,Long,R_O
Window,WindowState,Window State,XlWindowState,V
Window,Zoom,Zoom,Variant,V
Window,View,View,XlWindowView,V
Window,DisplayRightToLeft,Display Right To Left,Boolean,V
Window,SheetViews,Sheet Views,SheetViews,R_O
Window,ActiveSheetView,Active Sheet View,Object,R_O
Window,DisplayRuler,Display Ruler,Boolean,V
Window,AutoFilterDateGrouping,Auto Filter Date Grouping,Boolean,V
Window,DisplayWhitespace,Display Whitespace,Boolean,V
Window,Hwnd,Hwnd,Long,R_O
Window,DisplayDataTypeIcons,Display Data Type Icons,Boolean,V
Windows,Application,Application,Application,R_O
Windows,Creator,Creator,XlCreator,R_O
Windows,Parent,Parent,Object,R_O
Windows,Count,Count,Long,R_O
Windows,Item,Item,Window,R_O
Windows,_NewEnum,_New Enum,IUnknown,R_O
Windows,_Default,_Default,Window,R_O
Windows,SyncScrollingSideBySide,Sync Scrolling Side By Side,Boolean,V
Workbook,Application,Application,Application,R_O
Workbook,Creator,Creator,XlCreator,R_O
Workbook,Parent,Parent,Object,R_O
Workbook,ActiveChart,Active Chart,Chart,R_O
Workbook,ActiveSheet,Active Sheet,Object,R_O
Workbook,AutoUpdateFrequency,Auto Update Frequency,Long,V
Workbook,AutoUpdateSaveChanges,Auto Update Save Changes,Boolean,V
Workbook,ChangeHistoryDuration,Change History Duration,Long,V
Workbook,BuiltinDocumentProperties,Builtin Document Properties,Object,R_O
Workbook,Charts,Charts,Sheets,R_O
Workbook,CodeName,Code Name,String,R_O
Workbook,_CodeName,_Code Name,String,V
Workbook,Colors,Colors,Variant,V
Workbook,CommandBars,Command Bars,CommandBars,R_O
Workbook,ConflictResolution,Conflict Resolution,XlSaveConflictResolution,V
Workbook,Container,Container,Object,R_O
Workbook,CreateBackup,Create Backup,Boolean,R_O
Workbook,CustomDocumentProperties,Custom Document Properties,Object,R_O
Workbook,Date1904,Date1904,Boolean,V
Workbook,DisplayDrawingObjects,Display Drawing Objects,XlDisplayDrawingObjects,V
Workbook,FileFormat,File Format,XlFileFormat,R_O
Workbook,FullName,Full Name,String,R_O
Workbook,HasPassword,Has Password,Boolean,R_O
Workbook,IsAddin,Is Addin,Boolean,V
Workbook,Mailer,Mailer,Mailer,R_O
Workbook,MultiUserEditing,Multi User Editing,Boolean,R_O
Workbook,Name,Name,String,R_O
Workbook,Names,Names,Names,R_O
Workbook,Path,Path,String,R_O
Workbook,PersonalViewListSettings,Personal View List Settings,Boolean,V
Workbook,PersonalViewPrintSettings,Personal View Print Settings,Boolean,V
Workbook,PrecisionAsDisplayed,Precision As Displayed,Boolean,V
Workbook,ProtectStructure,Protect Structure,Boolean,R_O
Workbook,ProtectWindows,Protect Windows,Boolean,R_O
Workbook,ReadOnly,Read Only,Boolean,R_O
Workbook,RevisionNumber,Revision Number,Long,R_O
Workbook,Saved,Saved,Boolean,V
Workbook,SaveLinkValues,Save Link Values,Boolean,V
Workbook,Sheets,Sheets,Sheets,R_O
Workbook,ShowConflictHistory,Show Conflict History,Boolean,V
Workbook,Styles,Styles,Styles,R_O
Workbook,UpdateRemoteReferences,Update Remote References,Boolean,V
Workbook,UserStatus,User Status,Variant,R_O
Workbook,CustomViews,Custom Views,CustomViews,R_O
Workbook,Windows,Windows,Windows,R_O
Workbook,Worksheets,Worksheets,Sheets,R_O
Workbook,WriteReserved,Write Reserved,Boolean,R_O
Workbook,WriteReservedBy,Write Reserved By,String,R_O
Workbook,Excel4IntlMacroSheets,Excel4 Intl Macro Sheets,Sheets,R_O
Workbook,Excel4MacroSheets,Excel4 Macro Sheets,Sheets,R_O
Workbook,TemplateRemoveExtData,Template Remove Ext Data,Boolean,V
Workbook,HighlightChangesOnScreen,Highlight Changes On Screen,Boolean,V
Workbook,KeepChangeHistory,Keep Change History,Boolean,V
Workbook,ListChangesOnNewSheet,List Changes On New Sheet,Boolean,V
Workbook,VBProject,VB Project,VBProject,R_O
Workbook,IsInplace,Is Inplace,Boolean,R_O
Workbook,PublishObjects,Publish Objects,PublishObjects,R_O
Workbook,WebOptions,Web Options,WebOptions,R_O
Workbook,EnvelopeVisible,Envelope Visible,Boolean,V
Workbook,CalculationVersion,Calculation Version,Long,R_O
Workbook,VBASigned,VBA Signed,Boolean,R_O
Workbook,ShowPivotTableFieldList,Show Pivot Table Field List,Boolean,V
Workbook,UpdateLinks,Update Links,XlUpdateLinks,V
Workbook,EnableAutoRecover,Enable Auto Recover,Boolean,V
Workbook,RemovePersonalInformation,Remove Personal Information,Boolean,V
Workbook,FullNameURLEncoded,Full Name URL Encoded,String,R_O
Workbook,Password,Password,String,V
Workbook,WritePassword,Write Password,String,V
Workbook,PasswordEncryptionProvider,Password Encryption Provider,String,R_O
Workbook,PasswordEncryptionAlgorithm,Password Encryption Algorithm,String,R_O
Workbook,PasswordEncryptionKeyLength,Password Encryption Key Length,Long,R_O
Workbook,PasswordEncryptionFileProperties,Password Encryption File Properties,Boolean,R_O
Workbook,ReadOnlyRecommended,Read Only Recommended,Boolean,V
Workbook,Permission,Permission,Permission,R_O
Workbook,SharedWorkspace,Shared Workspace,SharedWorkspace,R_O
Workbook,Sync,Sync,Sync,R_O
Workbook,XmlNamespaces,Xml Namespaces,XmlNamespaces,R_O
Workbook,XmlMaps,Xml Maps,XmlMaps,R_O
Workbook,SmartDocument,Smart Document,SmartDocument,R_O
Workbook,DocumentLibraryVersions,Document Library Versions,DocumentLibraryVersions,R_O
Workbook,InactiveListBorderVisible,Inactive List Border Visible,Boolean,V
Workbook,DisplayInkComments,Display Ink Comments,Boolean,V
Workbook,ContentTypeProperties,Content Type Properties,MetaProperties,R_O
Workbook,Connections,Connections,Connections,R_O
Workbook,Signatures,Signatures,SignatureSet,R_O
Workbook,ServerPolicy,Server Policy,ServerPolicy,R_O
Workbook,DocumentInspectors,Document Inspectors,DocumentInspectors,R_O
Workbook,ServerViewableItems,Server Viewable Items,ServerViewableItems,R_O
Workbook,TableStyles,Table Styles,TableStyles,R_O
Workbook,DefaultTableStyle,Default Table Style,Variant,V
Workbook,DefaultPivotTableStyle,Default Pivot Table Style,Variant,V
Workbook,CheckCompatibility,Check Compatibility,Boolean,V
Workbook,HasVBProject,Has VB Project,Boolean,R_O
Workbook,CustomXMLParts,Custom XML Parts,CustomXMLParts,R_O
Workbook,Final,Final,Boolean,V
Workbook,Research,Research,Research,R_O
Workbook,Theme,Theme,OfficeTheme,R_O
Workbook,Excel8CompatibilityMode,Excel8 Compatibility Mode,Boolean,R_O
Workbook,ConnectionsDisabled,Connections Disabled,Boolean,R_O
Workbook,ShowPivotChartActiveFields,Show Pivot Chart Active Fields,Boolean,V
Workbook,IconSets,Icon Sets,IconSets,R_O
Workbook,EncryptionProvider,Encryption Provider,String,V
Workbook,DoNotPromptForConvert,Do Not Prompt For Convert,Boolean,V
Workbook,ForceFullCalculation,Force Full Calculation,Boolean,V
Workbook,SlicerCaches,Slicer Caches,SlicerCaches,R_O
Workbook,ActiveSlicer,Active Slicer,Slicer,R_O
Workbook,DefaultSlicerStyle,Default Slicer Style,Variant,V
Workbook,AccuracyVersion,Accuracy Version,Long,V
Workbook,CaseSensitive,Case Sensitive,Boolean,R_O
Workbook,UseWholeCellCriteria,Use Whole Cell Criteria,Boolean,R_O
Workbook,UseWildcards,Use Wildcards,Boolean,R_O
Workbook,PivotTables,Pivot Tables,Object,R_O
Workbook,Model,Model,Model,R_O
Workbook,ChartDataPointTrack,Chart Data Point Track,Boolean,V
Workbook,DefaultTimelineStyle,Default Timeline Style,Variant,V
Workbook,Queries,Queries,Queries,R_O
Workbook,WorkIdentity,Work Identity,String,V
Workbook,AutoSaveOn,Auto Save On,Boolean,V
Workbook,SensitivityLabel,Sensitivity Label,ISensitivityLabel,R_O
Workbook,ExternalCodeServiceTimeout,External Code Service Timeout,Long,V
Workbook,CompatibilityVersion,Compatibility Version,Long,V
WorkbookConnection,Application,Application,Application,R_O
WorkbookConnection,Creator,Creator,XlCreator,R_O
WorkbookConnection,Parent,Parent,Object,R_O
WorkbookConnection,Name,Name,String,V
WorkbookConnection,Description,Description,String,V
WorkbookConnection,_Default,_Default,String,V
WorkbookConnection,Type,Type,XlConnectionType,R_O
WorkbookConnection,OLEDBConnection,OLEDB Connection,OLEDBConnection,R_O
WorkbookConnection,ODBCConnection,ODBC Connection,ODBCConnection,R_O
WorkbookConnection,Ranges,Ranges,Ranges,R_O
WorkbookConnection,ModelConnection,Model Connection,ModelConnection,R_O
WorkbookConnection,WorksheetDataConnection,Worksheet Data Connection,WorksheetDataConnection,R_O
WorkbookConnection,RefreshWithRefreshAll,Refresh With Refresh All,Boolean,V
WorkbookConnection,TextConnection,Text Connection,TextConnection,R_O
WorkbookConnection,DataFeedConnection,Data Feed Connection,DataFeedConnection,R_O
WorkbookConnection,InModel,In Model,Boolean,R_O
WorkbookConnection,ModelTables,Model Tables,ModelTables,R_O
WorkbookQuery,Application,Application,Application,R_O
WorkbookQuery,Creator,Creator,XlCreator,R_O
WorkbookQuery,Parent,Parent,Object,R_O
WorkbookQuery,Name,Name,String,V
WorkbookQuery,Formula,Formula,String,V
WorkbookQuery,Description,Description,String,V
WorkbookQuery,_Default,_Default,String,V
Workbooks,Application,Application,Application,R_O
Workbooks,Creator,Creator,XlCreator,R_O
Workbooks,Parent,Parent,Object,R_O
Workbooks,Count,Count,Long,R_O
Workbooks,Item,Item,Workbook,R_O
Workbooks,_NewEnum,_New Enum,IUnknown,R_O
Workbooks,_Default,_Default,Workbook,R_O
Worksheet,Application,Application,Application,R_O
Worksheet,Creator,Creator,XlCreator,R_O
Worksheet,Parent,Parent,Object,R_O
Worksheet,CodeName,Code Name,String,R_O
Worksheet,_CodeName,_Code Name,String,V
Worksheet,Index,Index,Long,R_O
Worksheet,Name,Name,String,V
Worksheet,Next,Next,Object,R_O
Worksheet,PageSetup,Page Setup,PageSetup,R_O
Worksheet,Previous,Previous,Object,R_O
Worksheet,ProtectContents,Protect Contents,Boolean,R_O
Worksheet,ProtectDrawingObjects,Protect Drawing Objects,Boolean,R_O
Worksheet,ProtectionMode,Protection Mode,Boolean,R_O
Worksheet,ProtectScenarios,Protect Scenarios,Boolean,R_O
Worksheet,Visible,Visible,XlSheetVisibility,V
Worksheet,Shapes,Shapes,Shapes,R_O
Worksheet,TransitionExpEval,Transition Exp Eval,Boolean,V
Worksheet,AutoFilterMode,Auto Filter Mode,Boolean,V
Worksheet,EnableCalculation,Enable Calculation,Boolean,V
Worksheet,Cells,Cells,Range,R_O
Worksheet,CircularReference,Circular Reference,Range,R_O
Worksheet,Columns,Columns,Range,R_O
Worksheet,ConsolidationFunction,Consolidation Function,XlConsolidationFunction,R_O
Worksheet,ConsolidationOptions,Consolidation Options,Variant,R_O
Worksheet,ConsolidationSources,Consolidation Sources,Variant,R_O
Worksheet,EnableAutoFilter,Enable Auto Filter,Boolean,V
Worksheet,EnableSelection,Enable Selection,XlEnableSelection,V
Worksheet,EnableOutlining,Enable Outlining,Boolean,V
Worksheet,EnablePivotTable,Enable Pivot Table,Boolean,V
Worksheet,FilterMode,Filter Mode,Boolean,R_O
Worksheet,Names,Names,Names,R_O
Worksheet,Outline,Outline,Outline,R_O
Worksheet,Range,Range,Range,R_O
Worksheet,Rows,Rows,Range,R_O
Worksheet,ScrollArea,Scroll Area,String,V
Worksheet,StandardHeight,Standard Height,Double,R_O
Worksheet,StandardWidth,Standard Width,Double,V
Worksheet,TransitionFormEntry,Transition Form Entry,Boolean,V
Worksheet,Type,Type,XlSheetType,R_O
Worksheet,UsedRange,Used Range,Range,R_O
Worksheet,HPageBreaks,H Page Breaks,HPageBreaks,R_O
Worksheet,VPageBreaks,V Page Breaks,VPageBreaks,R_O
Worksheet,QueryTables,Query Tables,QueryTables,R_O
Worksheet,DisplayPageBreaks,Display Page Breaks,Boolean,V
Worksheet,Comments,Comments,Comments,R_O
Worksheet,Hyperlinks,Hyperlinks,Hyperlinks,R_O
Worksheet,DisplayRightToLeft,Display Right To Left,Boolean,V
Worksheet,Tab,Tab,Tab,R_O
Worksheet,MailEnvelope,Mail Envelope,MsoEnvelope,R_O
Worksheet,CustomProperties,Custom Properties,CustomProperties,R_O
Worksheet,Protection,Protection,Protection,R_O
Worksheet,ListObjects,List Objects,ListObjects,R_O
Worksheet,EnableFormatConditionsCalculation,Enable Format Conditions Calculation,Boolean,V
Worksheet,PrintedCommentPages,Printed Comment Pages,Long,R_O
Worksheet,CommentsThreaded,Comments Threaded,CommentsThreaded,R_O
Worksheet,AutoFilter,Auto Filter,AutoFilter,R_O
Worksheet,Sort,Sort,Sort,R_O
Worksheet,NamedSheetViews,Named Sheet Views,NamedSheetViewCollection,R_O
WorksheetDataConnection,Application,Application,Application,R_O
WorksheetDataConnection,Creator,Creator,XlCreator,R_O
WorksheetDataConnection,Parent,Parent,Object,R_O
WorksheetDataConnection,Connection,Connection,Variant,R_O
WorksheetDataConnection,CommandText,Command Text,Variant,V
WorksheetDataConnection,CommandType,Command Type,XlCmdType,V
WorksheetFunction,Application,Application,Application,R_O
WorksheetFunction,Creator,Creator,XlCreator,R_O
WorksheetFunction,Parent,Parent,Object,R_O
Worksheets,Application,Application,Application,R_O
Worksheets,Creator,Creator,XlCreator,R_O
Worksheets,Parent,Parent,Object,R_O
Worksheets,Count,Count,Long,R_O
Worksheets,Item,Item,Object,R_O
Worksheets,_NewEnum,_New Enum,IUnknown,R_O
Worksheets,HPageBreaks,H Page Breaks,HPageBreaks,R_O
Worksheets,VPageBreaks,V Page Breaks,VPageBreaks,R_O
Worksheets,Visible,Visible,Variant,V
Worksheets,_Default,_Default,Object,R_O
WorksheetView,Application,Application,Application,R_O
WorksheetView,Creator,Creator,XlCreator,R_O
WorksheetView,Parent,Parent,Object,R_O
WorksheetView,Sheet,Sheet,Object,R_O
WorksheetView,DisplayGridlines,Display Gridlines,Boolean,V
WorksheetView,DisplayFormulas,Display Formulas,Boolean,V
WorksheetView,DisplayHeadings,Display Headings,Boolean,V
WorksheetView,DisplayOutline,Display Outline,Boolean,V
WorksheetView,DisplayZeros,Display Zeros,Boolean,V
WorksheetView,DisplayDataTypeIcons,Display Data Type Icons,Boolean,V
XmlDataBinding,Application,Application,Application,R_O
XmlDataBinding,Creator,Creator,XlCreator,R_O
XmlDataBinding,Parent,Parent,Object,R_O
XmlDataBinding,_Default,_Default,String,R_O
XmlDataBinding,SourceUrl,Source Url,String,R_O
XmlMap,Application,Application,Application,R_O
XmlMap,Creator,Creator,XlCreator,R_O
XmlMap,Parent,Parent,Object,R_O
XmlMap,_Default,_Default,String,R_O
XmlMap,Name,Name,String,V
XmlMap,IsExportable,Is Exportable,Boolean,R_O
XmlMap,ShowImportExportValidationErrors,Show Import Export Validation Errors,Boolean,V
XmlMap,SaveDataSourceDefinition,Save Data Source Definition,Boolean,V
XmlMap,AdjustColumnWidth,Adjust Column Width,Boolean,V
XmlMap,PreserveColumnFilter,Preserve Column Filter,Boolean,V
XmlMap,PreserveNumberFormatting,Preserve Number Formatting,Boolean,V
XmlMap,AppendOnImport,Append On Import,Boolean,V
XmlMap,RootElementName,Root Element Name,String,R_O
XmlMap,RootElementNamespace,Root Element Namespace,XmlNamespace,R_O
XmlMap,Schemas,Schemas,XmlSchemas,R_O
XmlMap,DataBinding,Data Binding,XmlDataBinding,R_O
XmlMap,WorkbookConnection,Workbook Connection,WorkbookConnection,R_O
XmlMaps,Application,Application,Application,R_O
XmlMaps,Creator,Creator,XlCreator,R_O
XmlMaps,Parent,Parent,Object,R_O
XmlMaps,_Default,_Default,XmlMap,R_O
XmlMaps,Item,Item,XmlMap,R_O
XmlMaps,Count,Count,Long,R_O
XmlMaps,_NewEnum,_New Enum,IUnknown,R_O
XmlNamespace,Application,Application,Application,R_O
XmlNamespace,Creator,Creator,XlCreator,R_O
XmlNamespace,Parent,Parent,Object,R_O
XmlNamespace,_Default,_Default,String,R_O
XmlNamespace,Uri,Uri,String,R_O
XmlNamespace,Prefix,Prefix,String,R_O
XmlNamespaces,Application,Application,Application,R_O
XmlNamespaces,Creator,Creator,XlCreator,R_O
XmlNamespaces,Parent,Parent,Object,R_O
XmlNamespaces,_Default,_Default,XmlNamespace,R_O
XmlNamespaces,Item,Item,XmlNamespace,R_O
XmlNamespaces,Count,Count,Long,R_O
XmlNamespaces,Value,Value,String,R_O
XmlNamespaces,_NewEnum,_New Enum,IUnknown,R_O
XmlSchema,Application,Application,Application,R_O
XmlSchema,Creator,Creator,XlCreator,R_O
XmlSchema,Parent,Parent,Object,R_O
XmlSchema,Namespace,Namespace,XmlNamespace,R_O
XmlSchema,XML,XML,String,R_O
XmlSchema,Name,Name,String,R_O
XmlSchemas,Application,Application,Application,R_O
XmlSchemas,Creator,Creator,XlCreator,R_O
XmlSchemas,Parent,Parent,Object,R_O
XmlSchemas,_Default,_Default,XmlSchema,R_O
XmlSchemas,Item,Item,XmlSchema,R_O
XmlSchemas,Count,Count,Long,R_O
XmlSchemas,_NewEnum,_New Enum,IUnknown,R_O
XPath,Application,Application,Application,R_O
XPath,Creator,Creator,XlCreator,R_O
XPath,Parent,Parent,Object,R_O
XPath,_Default,_Default,String,R_O
XPath,Value,Value,String,R_O
XPath,Map,Map,XmlMap,R_O
XPath,Repeating,Repeating,Boolean,R_O
