Owner,Kind,Constant,Value,Description
BackstageGroupStyle,Enumeration,BackstageGroupStyleNormal,0,Normal style
BackstageGroupStyle,Enumeration,BackstageGroupStyleWarning,1,Warning style
BackstageGroupStyle,Enumeration,BackstageGroupStyleError,2,Error style
CertificateDetail,Enumeration,certdetAvailable,0,Specifies that the digital certificate is available for signing.
CertificateDetail,Enumeration,certdetSubject,1,The holder of a Private Key corresponding to a Public Key.
CertificateDetail,Enumeration,certdetIssuer,2,The issuing authority of the certification.
CertificateDetail,Enumeration,certdetExpirationDate,3,The expiration date of the certificate.
CertificateDetail,Enumeration,certdetThumbprint,4,A hash of the certificate's complete contents.
CertificateVerificationResults,Enumeration,certverresError,0,The verification resulted in an error.
CertificateVerificationResults,Enumeration,certverresVerifying,1,The certificate is currently being verified.
CertificateVerificationResults,Enumeration,certverresUnverified,2,The certification is currently unverified.
CertificateVerificationResults,Enumeration,certverresValid,3,The certification is valid.
CertificateVerificationResults,Enumeration,certverresInvalid,4,The certification is invalid.
CertificateVerificationResults,Enumeration,certverresExpired,5,The certification has expired.
CertificateVerificationResults,Enumeration,certverresRevoked,6,The certification has been revoked.
CertificateVerificationResults,Enumeration,certverresUntrusted,7,The certification is from an untrusted source.
ContentVerificationResults,Enumeration,contverresError,0,The verification resulted in an error.
ContentVerificationResults,Enumeration,contverresVerifying,1,The content of the document is currently being verified.
ContentVerificationResults,Enumeration,contverresUnverified,2,The document has not been verified.
ContentVerificationResults,Enumeration,contverresValid,3,The content of the document has been verified and is valid.
ContentVerificationResults,Enumeration,contverresModified,4,The content of the document has been modified since it was digitally signed.
DocProperties,Enumeration,offPropertyTypeNumber,1,
DocProperties,Enumeration,offPropertyTypeBoolean,2,
DocProperties,Enumeration,offPropertyTypeDate,3,
DocProperties,Enumeration,offPropertyTypeString,4,
DocProperties,Enumeration,offPropertyTypeFloat,5,
EncryptionCipherMode,Enumeration,cipherModeECB,0,ECB cipher mode
EncryptionCipherMode,Enumeration,cipherModeCBC,1,CBC cipher mode
EncryptionProviderDetail,Enumeration,encprovdetUrl,0,A URL encryption provider.
EncryptionProviderDetail,Enumeration,encprovdetAlgorithm,1,An algorithm encryption provider.
EncryptionProviderDetail,Enumeration,encprovdetBlockCipher,2,A block cipher encryption provider.
EncryptionProviderDetail,Enumeration,encprovdetCipherBlockSize,3,A cipher block size encryption provider.
EncryptionProviderDetail,Enumeration,encprovdetCipherMode,4,A cipher mode encryption provider.
MailFormat,Enumeration,mfPlainText,1,The email is displayed as plain text.
MailFormat,Enumeration,mfHTML,2,The email is displayed as HyperText Markup Language (HTML).
MailFormat,Enumeration,mfRTF,3,The email is displayed as Rich Text Format (RTF).
MsoAlertButtonType,Enumeration,msoAlertButtonOK,0,
MsoAlertButtonType,Enumeration,msoAlertButtonOKCancel,1,
MsoAlertButtonType,Enumeration,msoAlertButtonAbortRetryIgnore,2,
MsoAlertButtonType,Enumeration,msoAlertButtonYesNoCancel,3,
MsoAlertButtonType,Enumeration,msoAlertButtonYesNo,4,
MsoAlertButtonType,Enumeration,msoAlertButtonRetryCancel,5,
MsoAlertButtonType,Enumeration,msoAlertButtonYesAllNoCancel,6,
MsoAlertCancelType,Enumeration,msoAlertCancelDefault,-1,Default behavior for canceling an alert.
MsoAlertCancelType,Enumeration,msoAlertCancelFirst,0,Not supported.
MsoAlertCancelType,Enumeration,msoAlertCancelSecond,1,Not supported.
MsoAlertCancelType,Enumeration,msoAlertCancelThird,2,Not supported.
MsoAlertCancelType,Enumeration,msoAlertCancelFourth,3,Not supported.
MsoAlertCancelType,Enumeration,msoAlertCancelFifth,4,Not supported.
MsoAlertDefaultType,Enumeration,msoAlertDefaultFirst,0,
MsoAlertDefaultType,Enumeration,msoAlertDefaultSecond,1,
MsoAlertDefaultType,Enumeration,msoAlertDefaultThird,2,
MsoAlertDefaultType,Enumeration,msoAlertDefaultFourth,3,
MsoAlertDefaultType,Enumeration,msoAlertDefaultFifth,4,
MsoAlertIconType,Enumeration,msoAlertIconNoIcon,0,Displays no icon with the alert message.
MsoAlertIconType,Enumeration,msoAlertIconCritical,1,Displays the Critical icon.
MsoAlertIconType,Enumeration,msoAlertIconQuery,2,Displays the Query icon.
MsoAlertIconType,Enumeration,msoAlertIconWarning,3,Displays the Warning icon.
MsoAlertIconType,Enumeration,msoAlertIconInfo,4,Displays the Info icon.
MsoAlignCmd,Enumeration,msoAlignLefts,0,Align left sides of specified objects.
MsoAlignCmd,Enumeration,msoAlignCenters,1,Align centers of specified objects.
MsoAlignCmd,Enumeration,msoAlignRights,2,Align right sides of specified objects.
MsoAlignCmd,Enumeration,msoAlignTops,3,Align tops of specified objects.
MsoAlignCmd,Enumeration,msoAlignMiddles,4,Align middles of specified objects.
MsoAlignCmd,Enumeration,msoAlignBottoms,5,Align bottoms of specified objects.
MsoAnimationType,Enumeration,msoAnimationIdle,1,
MsoAnimationType,Enumeration,msoAnimationGreeting,2,
MsoAnimationType,Enumeration,msoAnimationGoodbye,3,
MsoAnimationType,Enumeration,msoAnimationBeginSpeaking,4,
MsoAnimationType,Enumeration,msoAnimationRestPose,5,
MsoAnimationType,Enumeration,msoAnimationCharacterSuccessMajor,6,
MsoAnimationType,Enumeration,msoAnimationGetAttentionMajor,11,
MsoAnimationType,Enumeration,msoAnimationGetAttentionMinor,12,
MsoAnimationType,Enumeration,msoAnimationSearching,13,
MsoAnimationType,Enumeration,msoAnimationPrinting,18,
MsoAnimationType,Enumeration,msoAnimationGestureRight,19,
MsoAnimationType,Enumeration,msoAnimationWritingNotingSomething,22,
MsoAnimationType,Enumeration,msoAnimationWorkingAtSomething,23,
MsoAnimationType,Enumeration,msoAnimationThinking,24,
MsoAnimationType,Enumeration,msoAnimationSendingMail,25,
MsoAnimationType,Enumeration,msoAnimationListensToComputer,26,
MsoAnimationType,Enumeration,msoAnimationDisappear,31,
MsoAnimationType,Enumeration,msoAnimationAppear,32,
MsoAnimationType,Enumeration,msoAnimationGetArtsy,100,
MsoAnimationType,Enumeration,msoAnimationGetTechy,101,
MsoAnimationType,Enumeration,msoAnimationGetWizardy,102,
MsoAnimationType,Enumeration,msoAnimationCheckingSomething,103,
MsoAnimationType,Enumeration,msoAnimationLookDown,104,
MsoAnimationType,Enumeration,msoAnimationLookDownLeft,105,
MsoAnimationType,Enumeration,msoAnimationLookDownRight,106,
MsoAnimationType,Enumeration,msoAnimationLookLeft,107,
MsoAnimationType,Enumeration,msoAnimationLookRight,108,
MsoAnimationType,Enumeration,msoAnimationLookUp,109,
MsoAnimationType,Enumeration,msoAnimationLookUpLeft,110,
MsoAnimationType,Enumeration,msoAnimationLookUpRight,111,
MsoAnimationType,Enumeration,msoAnimationSaving,112,
MsoAnimationType,Enumeration,msoAnimationGestureDown,113,
MsoAnimationType,Enumeration,msoAnimationGestureLeft,114,
MsoAnimationType,Enumeration,msoAnimationGestureUp,115,
MsoAnimationType,Enumeration,msoAnimationEmptyTrash,116,
MsoAppLanguageID,Enumeration,msoLanguageIDInstall,1,Install language.
MsoAppLanguageID,Enumeration,msoLanguageIDUI,2,User interface language.
MsoAppLanguageID,Enumeration,msoLanguageIDHelp,3,Help language.
MsoAppLanguageID,Enumeration,msoLanguageIDExeMode,4,Execution mode language.
MsoAppLanguageID,Enumeration,msoLanguageIDUIPrevious,5,User interface language used prior to the current user interface language.
MsoArrowheadLength,Enumeration,msoArrowheadLengthMixed,-2,Return value only; indicates a combination of the other states in the specified shape range.
MsoArrowheadLength,Enumeration,msoArrowheadShort,1,Short
MsoArrowheadLength,Enumeration,msoArrowheadLengthMedium,2,Medium
MsoArrowheadLength,Enumeration,msoArrowheadLong,3,Long
MsoArrowheadStyle,Enumeration,msoArrowheadStyleMixed,-2,Return value only; indicates a combination of the other states.
MsoArrowheadStyle,Enumeration,msoArrowheadNone,1,No arrowhead
MsoArrowheadStyle,Enumeration,msoArrowheadTriangle,2,Triangular
MsoArrowheadStyle,Enumeration,msoArrowheadOpen,3,Open
MsoArrowheadStyle,Enumeration,msoArrowheadStealth,4,Stealth-shaped
MsoArrowheadStyle,Enumeration,msoArrowheadDiamond,5,Diamond-shaped
MsoArrowheadStyle,Enumeration,msoArrowheadOval,6,Oval-shaped
MsoArrowheadWidth,Enumeration,msoArrowheadWidthMixed,-2,Return value only; indicates a combination of the other states.
MsoArrowheadWidth,Enumeration,msoArrowheadNarrow,1,Narrow
MsoArrowheadWidth,Enumeration,msoArrowheadWidthMedium,2,Medium
MsoArrowheadWidth,Enumeration,msoArrowheadWide,3,Wide
MsoAssignmentMethod,Enumeration,NOT_SET,-1,
MsoAssignmentMethod,Enumeration,STANDARD,0,
MsoAssignmentMethod,Enumeration,PRIVILEGED,1,
MsoAssignmentMethod,Enumeration,AUTO,2,
MsoAutomationSecurity,Enumeration,msoAutomationSecurityLow,1,Enables all macros. This is the default value when the application is started.
MsoAutomationSecurity,Enumeration,msoAutomationSecurityByUI,2,Uses the security setting specified in the Security dialog box.
MsoAutomationSecurity,Enumeration,msoAutomationSecurityForceDisable,3,Disables all macros in all files opened programmatically without showing any security alerts.
MsoAutoShapeType,Enumeration,msoShapeMixed,-2,Return value only; indicates a combination of the other states.
MsoAutoShapeType,Enumeration,msoShapeRectangle,1,Rectangle
MsoAutoShapeType,Enumeration,msoShapeParallelogram,2,Parallelogram
MsoAutoShapeType,Enumeration,msoShapeTrapezoid,3,Trapezoid
MsoAutoShapeType,Enumeration,msoShapeDiamond,4,Diamond
MsoAutoShapeType,Enumeration,msoShapeRoundedRectangle,5,Rounded rectangle
MsoAutoShapeType,Enumeration,msoShapeOctagon,6,Octagon
MsoAutoShapeType,Enumeration,msoShapeIsoscelesTriangle,7,Isosceles triangle
MsoAutoShapeType,Enumeration,msoShapeRightTriangle,8,Right triangle
MsoAutoShapeType,Enumeration,msoShapeOval,9,Oval
MsoAutoShapeType,Enumeration,msoShapeHexagon,10,Hexagon
MsoAutoShapeType,Enumeration,msoShapeCross,11,Cross
MsoAutoShapeType,Enumeration,msoShapeRegularPentagon,12,Pentagon
MsoAutoShapeType,Enumeration,msoShapeCan,13,Can
MsoAutoShapeType,Enumeration,msoShapeCube,14,Cube
MsoAutoShapeType,Enumeration,msoShapeBevel,15,Bevel
MsoAutoShapeType,Enumeration,msoShapeFoldedCorner,16,Folded corner
MsoAutoShapeType,Enumeration,msoShapeSmileyFace,17,Smiley face
MsoAutoShapeType,Enumeration,msoShapeDonut,18,Donut
MsoAutoShapeType,Enumeration,msoShapeNoSymbol,19,"""No"" symbol"
MsoAutoShapeType,Enumeration,msoShapeBlockArc,20,Block arc
MsoAutoShapeType,Enumeration,msoShapeHeart,21,Heart
MsoAutoShapeType,Enumeration,msoShapeLightningBolt,22,Lightning bolt
MsoAutoShapeType,Enumeration,msoShapeSun,23,Sun
MsoAutoShapeType,Enumeration,msoShapeMoon,24,Moon
MsoAutoShapeType,Enumeration,msoShapeArc,25,Arc
MsoAutoShapeType,Enumeration,msoShapeDoubleBracket,26,Double bracket
MsoAutoShapeType,Enumeration,msoShapeDoubleBrace,27,Double brace
MsoAutoShapeType,Enumeration,msoShapePlaque,28,Plaque
MsoAutoShapeType,Enumeration,msoShapeLeftBracket,29,Left bracket
MsoAutoShapeType,Enumeration,msoShapeRightBracket,30,Right bracket
MsoAutoShapeType,Enumeration,msoShapeLeftBrace,31,Left brace
MsoAutoShapeType,Enumeration,msoShapeRightBrace,32,Right brace
MsoAutoShapeType,Enumeration,msoShapeRightArrow,33,Block arrow that points right
MsoAutoShapeType,Enumeration,msoShapeLeftArrow,34,Block arrow that points left
MsoAutoShapeType,Enumeration,msoShapeUpArrow,35,Block arrow that points up
MsoAutoShapeType,Enumeration,msoShapeDownArrow,36,Block arrow that points down
MsoAutoShapeType,Enumeration,msoShapeLeftRightArrow,37,Block arrow with arrowheads that point both left and right
MsoAutoShapeType,Enumeration,msoShapeUpDownArrow,38,Block arrow that points up and down
MsoAutoShapeType,Enumeration,msoShapeQuadArrow,39,"Block arrows that point up, down, left, and right"
MsoAutoShapeType,Enumeration,msoShapeLeftRightUpArrow,40,"Block arrow with arrowheads that point left, right, and up"
MsoAutoShapeType,Enumeration,msoShapeBentArrow,41,Block arrow that follows a curved 90-degree angle.
MsoAutoShapeType,Enumeration,msoShapeUTurnArrow,42,Block arrow forming a U shape
MsoAutoShapeType,Enumeration,msoShapeLeftUpArrow,43,Block arrow with arrowheads that point left and up
MsoAutoShapeType,Enumeration,msoShapeBentUpArrow,44,Block arrow that follows a sharp 90-degree angle. Points up by default.
MsoAutoShapeType,Enumeration,msoShapeCurvedRightArrow,45,Block arrow that curves right
MsoAutoShapeType,Enumeration,msoShapeCurvedLeftArrow,46,Block arrow that curves left
MsoAutoShapeType,Enumeration,msoShapeCurvedUpArrow,47,Block arrow that curves up
MsoAutoShapeType,Enumeration,msoShapeCurvedDownArrow,48,Block arrow that curves down
MsoAutoShapeType,Enumeration,msoShapeStripedRightArrow,49,Block arrow that points right with stripes at the tail
MsoAutoShapeType,Enumeration,msoShapeNotchedRightArrow,50,Notched block arrow that points right
MsoAutoShapeType,Enumeration,msoShapePentagon,51,Pentagon
MsoAutoShapeType,Enumeration,msoShapeChevron,52,Chevron
MsoAutoShapeType,Enumeration,msoShapeRightArrowCallout,53,Callout with arrow that points right
MsoAutoShapeType,Enumeration,msoShapeLeftArrowCallout,54,Callout with arrow that points left
MsoAutoShapeType,Enumeration,msoShapeUpArrowCallout,55,Callout with arrow that points up
MsoAutoShapeType,Enumeration,msoShapeDownArrowCallout,56,Callout with arrow that points down
MsoAutoShapeType,Enumeration,msoShapeLeftRightArrowCallout,57,Callout with arrowheads that point both left and right
MsoAutoShapeType,Enumeration,msoShapeUpDownArrowCallout,58,Callout with arrows that point up and down
MsoAutoShapeType,Enumeration,msoShapeQuadArrowCallout,59,"Callout with arrows that point up, down, left, and right"
MsoAutoShapeType,Enumeration,msoShapeCircularArrow,60,Block arrow that follows a curved 180-degree angle
MsoAutoShapeType,Enumeration,msoShapeFlowchartProcess,61,Process flowchart symbol
MsoAutoShapeType,Enumeration,msoShapeFlowchartAlternateProcess,62,Alternate process flowchart symbol
MsoAutoShapeType,Enumeration,msoShapeFlowchartDecision,63,Decision flowchart symbol
MsoAutoShapeType,Enumeration,msoShapeFlowchartData,64,Data flowchart symbol
MsoAutoShapeType,Enumeration,msoShapeFlowchartPredefinedProcess,65,Predefined process flowchart symbol
MsoAutoShapeType,Enumeration,msoShapeFlowchartInternalStorage,66,Internal storage flowchart symbol
MsoAutoShapeType,Enumeration,msoShapeFlowchartDocument,67,Document flowchart symbol
MsoAutoShapeType,Enumeration,msoShapeFlowchartMultidocument,68,Multi-document flowchart symbol
MsoAutoShapeType,Enumeration,msoShapeFlowchartTerminator,69,Terminator flowchart symbol
MsoAutoShapeType,Enumeration,msoShapeFlowchartPreparation,70,Preparation flowchart symbol
MsoAutoShapeType,Enumeration,msoShapeFlowchartManualInput,71,Manual input flowchart symbol
MsoAutoShapeType,Enumeration,msoShapeFlowchartManualOperation,72,Manual operation flowchart symbol
MsoAutoShapeType,Enumeration,msoShapeFlowchartConnector,73,Connector flowchart symbol
MsoAutoShapeType,Enumeration,msoShapeFlowchartOffpageConnector,74,Off-page connector flowchart symbol
MsoAutoShapeType,Enumeration,msoShapeFlowchartCard,75,Card flowchart symbol
MsoAutoShapeType,Enumeration,msoShapeFlowchartPunchedTape,76,Punched tape flowchart symbol
MsoAutoShapeType,Enumeration,msoShapeFlowchartSummingJunction,77,Summing junction flowchart symbol
MsoAutoShapeType,Enumeration,msoShapeFlowchartOr,78,"""Or"" flowchart symbol"
MsoAutoShapeType,Enumeration,msoShapeFlowchartCollate,79,Collate flowchart symbol
MsoAutoShapeType,Enumeration,msoShapeFlowchartSort,80,Sort flowchart symbol
MsoAutoShapeType,Enumeration,msoShapeFlowchartExtract,81,Extract flowchart symbol
MsoAutoShapeType,Enumeration,msoShapeFlowchartMerge,82,Merge flowchart symbol
MsoAutoShapeType,Enumeration,msoShapeFlowchartStoredData,83,Stored data flowchart symbol
MsoAutoShapeType,Enumeration,msoShapeFlowchartDelay,84,Delay flowchart symbol
MsoAutoShapeType,Enumeration,msoShapeFlowchartSequentialAccessStorage,85,Sequential access storage flowchart symbol
MsoAutoShapeType,Enumeration,msoShapeFlowchartMagneticDisk,86,Magnetic disk flowchart symbol
MsoAutoShapeType,Enumeration,msoShapeFlowchartDirectAccessStorage,87,Direct access storage flowchart symbol
MsoAutoShapeType,Enumeration,msoShapeFlowchartDisplay,88,Display flowchart symbol
MsoAutoShapeType,Enumeration,msoShapeExplosion1,89,Explosion
MsoAutoShapeType,Enumeration,msoShapeExplosion2,90,Explosion
MsoAutoShapeType,Enumeration,msoShape4pointStar,91,4-point star
MsoAutoShapeType,Enumeration,msoShape5pointStar,92,5-point star
MsoAutoShapeType,Enumeration,msoShape8pointStar,93,8-point star
MsoAutoShapeType,Enumeration,msoShape16pointStar,94,16-point star
MsoAutoShapeType,Enumeration,msoShape24pointStar,95,24-point star
MsoAutoShapeType,Enumeration,msoShape32pointStar,96,32-point star
MsoAutoShapeType,Enumeration,msoShapeUpRibbon,97,Ribbon banner with center area above ribbon ends
MsoAutoShapeType,Enumeration,msoShapeDownRibbon,98,Ribbon banner with center area below ribbon ends
MsoAutoShapeType,Enumeration,msoShapeCurvedUpRibbon,99,Ribbon banner that curves up
MsoAutoShapeType,Enumeration,msoShapeCurvedDownRibbon,100,Ribbon banner that curves down
MsoAutoShapeType,Enumeration,msoShapeVerticalScroll,101,Vertical scroll
MsoAutoShapeType,Enumeration,msoShapeHorizontalScroll,102,Horizontal scroll
MsoAutoShapeType,Enumeration,msoShapeWave,103,Wave
MsoAutoShapeType,Enumeration,msoShapeDoubleWave,104,Double wave
MsoAutoShapeType,Enumeration,msoShapeRectangularCallout,105,Rectangular callout
MsoAutoShapeType,Enumeration,msoShapeRoundedRectangularCallout,106,Rounded rectangle-shaped callout
MsoAutoShapeType,Enumeration,msoShapeOvalCallout,107,Oval-shaped callout
MsoAutoShapeType,Enumeration,msoShapeCloudCallout,108,Cloud callout
MsoAutoShapeType,Enumeration,msoShapeLineCallout1,109,Callout with border and horizontal callout line
MsoAutoShapeType,Enumeration,msoShapeLineCallout2,110,Callout with diagonal straight line
MsoAutoShapeType,Enumeration,msoShapeLineCallout3,111,Callout with angled line
MsoAutoShapeType,Enumeration,msoShapeLineCallout4,112,Callout with callout line segments forming a U-shape
MsoAutoShapeType,Enumeration,msoShapeLineCallout1AccentBar,113,Callout with horizontal accent bar
MsoAutoShapeType,Enumeration,msoShapeLineCallout2AccentBar,114,Callout with diagonal callout line and accent bar
MsoAutoShapeType,Enumeration,msoShapeLineCallout3AccentBar,115,Callout with angled callout line and accent bar
MsoAutoShapeType,Enumeration,msoShapeLineCallout4AccentBar,116,Callout with accent bar and callout line segments forming a U-shape
MsoAutoShapeType,Enumeration,msoShapeLineCallout1NoBorder,117,Callout with horizontal line
MsoAutoShapeType,Enumeration,msoShapeLineCallout2NoBorder,118,Callout with no border and diagonal callout line
MsoAutoShapeType,Enumeration,msoShapeLineCallout3NoBorder,119,Callout with no border and angled callout line
MsoAutoShapeType,Enumeration,msoShapeLineCallout4NoBorder,120,Callout with no border and callout line segments forming a U-shape
MsoAutoShapeType,Enumeration,msoShapeLineCallout1BorderandAccentBar,121,Callout with border and horizontal accent bar
MsoAutoShapeType,Enumeration,msoShapeLineCallout2BorderandAccentBar,122,"Callout with border, diagonal straight line, and accent bar"
MsoAutoShapeType,Enumeration,msoShapeLineCallout3BorderandAccentBar,123,"Callout with border, angled callout line, and accent bar"
MsoAutoShapeType,Enumeration,msoShapeLineCallout4BorderandAccentBar,124,"Callout with border, accent bar, and callout line segments forming a U-shape"
MsoAutoShapeType,Enumeration,msoShapeActionButtonCustom,125,Button with no default picture or text. Supports mouse-click and mouse-over actions.
MsoAutoShapeType,Enumeration,msoShapeActionButtonHome,126,Home button. Supports mouse-click and mouse-over actions.
MsoAutoShapeType,Enumeration,msoShapeActionButtonHelp,127,Help button. Supports mouse-click and mouse-over actions.
MsoAutoShapeType,Enumeration,msoShapeActionButtonInformation,128,Information button. Supports mouse-click and mouse-over actions.
MsoAutoShapeType,Enumeration,msoShapeActionButtonBackorPrevious,129,Back or Previous button. Supports mouse-click and mouse-over actions.
MsoAutoShapeType,Enumeration,msoShapeActionButtonForwardorNext,130,Forward or Next button. Supports mouse-click and mouse-over actions.
MsoAutoShapeType,Enumeration,msoShapeActionButtonBeginning,131,Beginning button. Supports mouse-click and mouse-over actions.
MsoAutoShapeType,Enumeration,msoShapeActionButtonEnd,132,End button. Supports mouse-click and mouse-over actions.
MsoAutoShapeType,Enumeration,msoShapeActionButtonReturn,133,Return button. Supports mouse-click and mouse-over actions.
MsoAutoShapeType,Enumeration,msoShapeActionButtonDocument,134,Document button. Supports mouse-click and mouse-over actions.
MsoAutoShapeType,Enumeration,msoShapeActionButtonSound,135,Sound button. Supports mouse-click and mouse-over actions.
MsoAutoShapeType,Enumeration,msoShapeActionButtonMovie,136,Movie button. Supports mouse-click and mouse-over actions.
MsoAutoShapeType,Enumeration,msoShapeBalloon,137,Balloon
MsoAutoShapeType,Enumeration,msoShapeNotPrimitive,138,Not supported
MsoAutoShapeType,Enumeration,msoShapeFlowchartOfflineStorage,139,Offline storage flowchart symbol
MsoAutoShapeType,Enumeration,msoShapeLeftRightRibbon,140,Ribbon with an arrow at both ends
MsoAutoShapeType,Enumeration,msoShapeDiagonalStripe,141,Rectangle with two triangles-shapes removed; a diagonal stripe
MsoAutoShapeType,Enumeration,msoShapePie,142,Circle ('pie') with a portion missing
MsoAutoShapeType,Enumeration,msoShapeNonIsoscelesTrapezoid,143,Trapezoid with asymmetrical non-parallel sides
MsoAutoShapeType,Enumeration,msoShapeDecagon,144,Decagon
MsoAutoShapeType,Enumeration,msoShapeHeptagon,145,Heptagon
MsoAutoShapeType,Enumeration,msoShapeDodecagon,146,Dodecagon
MsoAutoShapeType,Enumeration,msoShape6pointStar,147,6-point star
MsoAutoShapeType,Enumeration,msoShape7pointStar,148,7-point star
MsoAutoShapeType,Enumeration,msoShape10pointStar,149,10-point star
MsoAutoShapeType,Enumeration,msoShape12pointStar,150,12-point star
MsoAutoShapeType,Enumeration,msoShapeRound1Rectangle,151,Rectangle with one rounded corner
MsoAutoShapeType,Enumeration,msoShapeRound2SameRectangle,152,Rectangle with two-rounded corners that share a side
MsoAutoShapeType,Enumeration,msoShapeRound2DiagRectangle,153,"Rectangle with two rounded corners, diagonally-opposed"
MsoAutoShapeType,Enumeration,msoShapeSnipRoundRectangle,154,Rectangle with one snipped corner and one rounded corner
MsoAutoShapeType,Enumeration,msoShapeSnip1Rectangle,155,Rectangle with one snipped corner
MsoAutoShapeType,Enumeration,msoShapeSnip2SameRectangle,156,Rectangle with two snipped corners that share a side
MsoAutoShapeType,Enumeration,msoShapeSnip2DiagRectangle,157,"Rectangle with two snipped corners, diagonally-opposed"
MsoAutoShapeType,Enumeration,msoShapeFrame,158,Rectangular picture frame
MsoAutoShapeType,Enumeration,msoShapeHalfFrame,159,Half of a rectangular picture frame
MsoAutoShapeType,Enumeration,msoShapeTear,160,Water droplet
MsoAutoShapeType,Enumeration,msoShapeChord,161,Circle with a line connecting two points on the perimeter through the interior of the circle; a circle with a chord
MsoAutoShapeType,Enumeration,msoShapeCorner,162,Rectangle with rectangular-shaped hole.
MsoAutoShapeType,Enumeration,msoShapeMathPlus,163,Addition symbol +
MsoAutoShapeType,Enumeration,msoShapeMathMinus,164,Subtraction symbol -
MsoAutoShapeType,Enumeration,msoShapeMathMultiply,165,Multiplication symbol x
MsoAutoShapeType,Enumeration,msoShapeMathDivide,166,Division symbol 
MsoAutoShapeType,Enumeration,msoShapeMathEqual,167,Equivalence symbol =
MsoAutoShapeType,Enumeration,msoShapeMathNotEqual,168,Non-equivalence symbol 
MsoAutoShapeType,Enumeration,msoShapeCornerTabs,169,Four right triangles aligning along a rectangular path; four 'snipped' corners.
MsoAutoShapeType,Enumeration,msoShapeSquareTabs,170,Four small squares that define a rectangular shape
MsoAutoShapeType,Enumeration,msoShapePlaqueTabs,171,Four quarter-circles defining a rectangular shape
MsoAutoShapeType,Enumeration,msoShapeGear6,172,Gear with six teeth
MsoAutoShapeType,Enumeration,msoShapeGear9,173,Gear with nine teeth
MsoAutoShapeType,Enumeration,msoShapeFunnel,174,Funnel
MsoAutoShapeType,Enumeration,msoShapePieWedge,175,Quarter of a circular shape
MsoAutoShapeType,Enumeration,msoShapeLeftCircularArrow,176,Circular arrow pointing counter-clockwise
MsoAutoShapeType,Enumeration,msoShapeLeftRightCircularArrow,177,Circular arrow pointing clockwise and counter-clockwise; a curved arrow with points at both ends
MsoAutoShapeType,Enumeration,msoShapeSwooshArrow,178,Curved arrow
MsoAutoShapeType,Enumeration,msoShapeCloud,179,Cloud shape
MsoAutoShapeType,Enumeration,msoShapeChartX,180,Square divided into four parts along diagonal lines
MsoAutoShapeType,Enumeration,msoShapeChartStar,181,Square divided into six parts along vertical and diagonal lines
MsoAutoShapeType,Enumeration,msoShapeChartPlus,182,Square divided vertically and horizontally into four quarters
MsoAutoShapeType,Enumeration,msoShapeLineInverse,183,Line inverse
MsoAutoSize,Enumeration,msoAutoSizeMixed,-2,A combination of automatic sizing schemes are used.
MsoAutoSize,Enumeration,msoAutoSizeNone,0,No autosizing.
MsoAutoSize,Enumeration,msoAutoSizeShapeToFitText,1,The shape is adjusted to fit the text.
MsoAutoSize,Enumeration,msoAutoSizeTextToFitShape,2,The text is adjusted to fit the shape.
MsoBackgroundStyleIndex,Enumeration,msoBackgroundStyleMixed,-2,Specifies a combination of styles.
MsoBackgroundStyleIndex,Enumeration,msoBackgroundStyleNotAPreset,0,
MsoBackgroundStyleIndex,Enumeration,msoBackgroundStylePreset1,1,
MsoBackgroundStyleIndex,Enumeration,msoBackgroundStylePreset2,2,
MsoBackgroundStyleIndex,Enumeration,msoBackgroundStylePreset3,3,
MsoBackgroundStyleIndex,Enumeration,msoBackgroundStylePreset4,4,
MsoBackgroundStyleIndex,Enumeration,msoBackgroundStylePreset5,5,
MsoBackgroundStyleIndex,Enumeration,msoBackgroundStylePreset6,6,
MsoBackgroundStyleIndex,Enumeration,msoBackgroundStylePreset7,7,
MsoBackgroundStyleIndex,Enumeration,msoBackgroundStylePreset8,8,
MsoBackgroundStyleIndex,Enumeration,msoBackgroundStylePreset9,9,
MsoBackgroundStyleIndex,Enumeration,msoBackgroundStylePreset10,10,
MsoBackgroundStyleIndex,Enumeration,msoBackgroundStylePreset11,11,
MsoBackgroundStyleIndex,Enumeration,msoBackgroundStylePreset12,12,
MsoBalloonButtonType,Enumeration,msoBalloonButtonYesToAll,-15,
MsoBalloonButtonType,Enumeration,msoBalloonButtonOptions,-14,
MsoBalloonButtonType,Enumeration,msoBalloonButtonTips,-13,
MsoBalloonButtonType,Enumeration,msoBalloonButtonClose,-12,
MsoBalloonButtonType,Enumeration,msoBalloonButtonSnooze,-11,
MsoBalloonButtonType,Enumeration,msoBalloonButtonSearch,-10,
MsoBalloonButtonType,Enumeration,msoBalloonButtonIgnore,-9,
MsoBalloonButtonType,Enumeration,msoBalloonButtonAbort,-8,
MsoBalloonButtonType,Enumeration,msoBalloonButtonRetry,-7,
MsoBalloonButtonType,Enumeration,msoBalloonButtonNext,-6,
MsoBalloonButtonType,Enumeration,msoBalloonButtonBack,-5,
MsoBalloonButtonType,Enumeration,msoBalloonButtonNo,-4,
MsoBalloonButtonType,Enumeration,msoBalloonButtonYes,-3,
MsoBalloonButtonType,Enumeration,msoBalloonButtonCancel,-2,
MsoBalloonButtonType,Enumeration,msoBalloonButtonOK,-1,
MsoBalloonButtonType,Enumeration,msoBalloonButtonNull,0,
MsoBalloonErrorType,Enumeration,msoBalloonErrorNone,0,
MsoBalloonErrorType,Enumeration,msoBalloonErrorOther,1,
MsoBalloonErrorType,Enumeration,msoBalloonErrorTooBig,2,
MsoBalloonErrorType,Enumeration,msoBalloonErrorOutOfMemory,3,
MsoBalloonErrorType,Enumeration,msoBalloonErrorBadPictureRef,4,
MsoBalloonErrorType,Enumeration,msoBalloonErrorBadReference,5,
MsoBalloonErrorType,Enumeration,msoBalloonErrorButtonlessModal,6,
MsoBalloonErrorType,Enumeration,msoBalloonErrorButtonModeless,7,
MsoBalloonErrorType,Enumeration,msoBalloonErrorBadCharacter,8,
MsoBalloonErrorType,Enumeration,msoBalloonErrorCOMFailure,9,
MsoBalloonErrorType,Enumeration,msoBalloonErrorCharNotTopmostForModal,10,
MsoBalloonErrorType,Enumeration,msoBalloonErrorTooManyControls,11,
MsoBalloonType,Enumeration,msoBalloonTypeButtons,0,
MsoBalloonType,Enumeration,msoBalloonTypeBullets,1,
MsoBalloonType,Enumeration,msoBalloonTypeNumbers,2,
MsoBarPosition,Enumeration,msoBarLeft,0,Command bar is docked on the left side of the application window.
MsoBarPosition,Enumeration,msoBarTop,1,Command bar is docked at the top of the application window.
MsoBarPosition,Enumeration,msoBarRight,2,Command bar is docked on the right side of the application window.
MsoBarPosition,Enumeration,msoBarBottom,3,Command bar is docked at the bottom of the application window.
MsoBarPosition,Enumeration,msoBarFloating,4,Command bar floats on top of the application window.
MsoBarPosition,Enumeration,msoBarPopup,5,Command bar will be a shortcut menu.
MsoBarPosition,Enumeration,msoBarMenuBar,6,Command bar will be a menu bar (Macintosh only).
MsoBarProtection,Enumeration,msoBarNoProtection,0,All aspects of the command bar can be customized by user.
MsoBarProtection,Enumeration,msoBarNoCustomize,1,Command bar cannot be customized.
MsoBarProtection,Enumeration,msoBarNoResize,2,Command bar cannot be resized.
MsoBarProtection,Enumeration,msoBarNoMove,4,Command bar cannot be moved.
MsoBarProtection,Enumeration,msoBarNoChangeVisible,8,Command bar cannot be hidden.
MsoBarProtection,Enumeration,msoBarNoChangeDock,16,Docking setting cannot be changed.
MsoBarProtection,Enumeration,msoBarNoVerticalDock,32,Command bar cannot be docked to the left or right.
MsoBarProtection,Enumeration,msoBarNoHorizontalDock,64,Command bar cannot be docked to the top or bottom.
MsoBarRow,Enumeration,msoBarRowFirst,0,First row of docking area.
MsoBarRow,Enumeration,msoBarRowLast,-1,Last row of docking area.
MsoBarType,Enumeration,msoBarTypeNormal,0,Default command bar
MsoBarType,Enumeration,msoBarTypeMenuBar,1,Menu bar
MsoBarType,Enumeration,msoBarTypePopup,2,Shortcut menu
MsoBaselineAlignment,Enumeration,msoBaselineAlignMixed,-2,Return value only; indicates a combination of the other states.
MsoBaselineAlignment,Enumeration,msoBaselineAlignBaseline,1,Baseline alignment.
MsoBaselineAlignment,Enumeration,msoBaselineAlignTop,2,Top alignment.
MsoBaselineAlignment,Enumeration,msoBaselineAlignCenter,3,Center alignment.
MsoBaselineAlignment,Enumeration,msoBaselineAlignFarEast50,4,East Asia 50 alignment.
MsoBaselineAlignment,Enumeration,msoBaselineAlignAuto,5,Automatic alignment.
MsoBevelType,Enumeration,msoBevelTypeMixed,-2,Specifies a mixed type bevel.
MsoBevelType,Enumeration,msoBevelNone,1,Specifies no bevel.
MsoBevelType,Enumeration,msoBevelRelaxedInset,2,Specifies a RelaxedInset bevel.
MsoBevelType,Enumeration,msoBevelCircle,3,Specifies a Circle bevel.
MsoBevelType,Enumeration,msoBevelSlope,4,Specifies a Slope bevel.
MsoBevelType,Enumeration,msoBevelCross,5,Specifies a Cross bevel.
MsoBevelType,Enumeration,msoBevelAngle,6,Specifies an Angle bevel.
MsoBevelType,Enumeration,msoBevelSoftRound,7,Specifies a SoftRound bevel.
MsoBevelType,Enumeration,msoBevelConvex,8,Specifies a Convex bevel.
MsoBevelType,Enumeration,msoBevelCoolSlant,9,Specifies a CoolSlant bevel.
MsoBevelType,Enumeration,msoBevelDivot,10,Specifies a Divot bevel.
MsoBevelType,Enumeration,msoBevelRiblet,11,Specifies a Riblet bevel.
MsoBevelType,Enumeration,msoBevelHardEdge,12,Specifies a HardEdge bevel.
MsoBevelType,Enumeration,msoBevelArtDeco,13,Specifies an ArtDeco bevel.
MsoBlackWhiteMode,Enumeration,msoBlackWhiteMixed,-2,Not supported
MsoBlackWhiteMode,Enumeration,msoBlackWhiteAutomatic,1,Default behavior
MsoBlackWhiteMode,Enumeration,msoBlackWhiteGrayScale,2,Grayscale
MsoBlackWhiteMode,Enumeration,msoBlackWhiteLightGrayScale,3,Light grayscale
MsoBlackWhiteMode,Enumeration,msoBlackWhiteInverseGrayScale,4,Inverse grayscale
MsoBlackWhiteMode,Enumeration,msoBlackWhiteGrayOutline,5,Gray with white fill
MsoBlackWhiteMode,Enumeration,msoBlackWhiteBlackTextAndLine,6,White with grayscale fill
MsoBlackWhiteMode,Enumeration,msoBlackWhiteHighContrast,7,Black with white fill
MsoBlackWhiteMode,Enumeration,msoBlackWhiteBlack,8,Black
MsoBlackWhiteMode,Enumeration,msoBlackWhiteWhite,9,White
MsoBlackWhiteMode,Enumeration,msoBlackWhiteDontShow,10,Not shown
MsoBlogCategorySupport,Enumeration,msoBlogNoCategories,0,No categories are supported.
MsoBlogCategorySupport,Enumeration,msoBlogOneCategory,1,One category is supported.
MsoBlogCategorySupport,Enumeration,msoBlogMultipleCategories,2,Multiple categories are supported.
MsoBlogImageType,Enumeration,msoblogImageTypeJPEG,1,JPEG image
MsoBlogImageType,Enumeration,msoblogImageTypeGIF,2,GIF image
MsoBlogImageType,Enumeration,msoblogImageTypePNG,3,PNG image
MsoBroadcastCapabilities,Enumeration,BroadcastCapFileSizeLimited,1,
MsoBroadcastCapabilities,Enumeration,BroadcastCapSupportsMeetingNotes,2,
MsoBroadcastCapabilities,Enumeration,BroadcastCapSupportsUpdateDoc,4,
MsoBroadcastState,Enumeration,NoBroadcast,0,
MsoBroadcastState,Enumeration,BroadcastStarted,1,
MsoBroadcastState,Enumeration,BroadcastPaused,2,
MsoBulletType,Enumeration,msoBulletMixed,-2,Return value only; indicates a combination of the other states.
MsoBulletType,Enumeration,msoBulletNone,0,No bullets.
MsoBulletType,Enumeration,msoBulletUnnumbered,1,Unnumbered bullets.
MsoBulletType,Enumeration,msoBulletNumbered,2,Numbered bullets.
MsoBulletType,Enumeration,msoBulletPicture,3,Picture bullets.
MsoButtonSetType,Enumeration,msoButtonSetNone,0,
MsoButtonSetType,Enumeration,msoButtonSetOK,1,
MsoButtonSetType,Enumeration,msoButtonSetCancel,2,
MsoButtonSetType,Enumeration,msoButtonSetOkCancel,3,
MsoButtonSetType,Enumeration,msoButtonSetYesNo,4,
MsoButtonSetType,Enumeration,msoButtonSetYesNoCancel,5,
MsoButtonSetType,Enumeration,msoButtonSetBackClose,6,
MsoButtonSetType,Enumeration,msoButtonSetNextClose,7,
MsoButtonSetType,Enumeration,msoButtonSetBackNextClose,8,
MsoButtonSetType,Enumeration,msoButtonSetRetryCancel,9,
MsoButtonSetType,Enumeration,msoButtonSetAbortRetryIgnore,10,
MsoButtonSetType,Enumeration,msoButtonSetSearchClose,11,
MsoButtonSetType,Enumeration,msoButtonSetBackNextSnooze,12,
MsoButtonSetType,Enumeration,msoButtonSetTipsOptionsClose,13,
MsoButtonSetType,Enumeration,msoButtonSetYesAllNoCancel,14,
MsoButtonState,Enumeration,msoButtonUp,0,Button is not pressed down.
MsoButtonState,Enumeration,msoButtonDown,-1,Button is pressed down.
MsoButtonState,Enumeration,msoButtonMixed,2,Button is pressed down.
MsoButtonStyle,Enumeration,msoButtonAutomatic,0,Default behavior.
MsoButtonStyle,Enumeration,msoButtonIcon,1,Image only.
MsoButtonStyle,Enumeration,msoButtonCaption,2,Text only.
MsoButtonStyle,Enumeration,msoButtonIconAndCaption,3,"Image and text, with text to the right of image."
MsoButtonStyle,Enumeration,msoButtonIconAndWrapCaption,7,Image with text wrapped and to the right of the image.
MsoButtonStyle,Enumeration,msoButtonIconAndCaptionBelow,11,Image with text below.
MsoButtonStyle,Enumeration,msoButtonWrapCaption,14,"Text only, centered and wrapped."
MsoButtonStyle,Enumeration,msoButtonIconAndWrapCaptionBelow,15,Image with text wrapped below image.
MsoButtonStyleHidden,Enumeration,msoButtonWrapText,4,
MsoButtonStyleHidden,Enumeration,msoButtonTextBelow,8,
MsoCalloutAngleType,Enumeration,msoCalloutAngleMixed,-2,Return value only; indicates a combination of the other states.
MsoCalloutAngleType,Enumeration,msoCalloutAngleAutomatic,1,Default angle. Angle can be changed as you drag the object.
MsoCalloutAngleType,Enumeration,msoCalloutAngle30,2,30 angle
MsoCalloutAngleType,Enumeration,msoCalloutAngle45,3,45 angle
MsoCalloutAngleType,Enumeration,msoCalloutAngle60,4,60 angle
MsoCalloutAngleType,Enumeration,msoCalloutAngle90,5,90 angle
MsoCalloutDropType,Enumeration,msoCalloutDropMixed,-2,Return value only; indicates a combination of the other states.
MsoCalloutDropType,Enumeration,msoCalloutDropCustom,1,"Custom. If this value is used as the value for the PresetDrop property, the Drop and AutoAttach properties of the CalloutFormat object are used to determine where the callout line attaches to the text box."
MsoCalloutDropType,Enumeration,msoCalloutDropTop,2,Top
MsoCalloutDropType,Enumeration,msoCalloutDropCenter,3,Center
MsoCalloutDropType,Enumeration,msoCalloutDropBottom,4,Bottom
MsoCalloutType,Enumeration,msoCalloutMixed,-2,Return value only; indicates a combination of the other states.
MsoCalloutType,Enumeration,msoCalloutOne,1,"Single, horizontal callout line."
MsoCalloutType,Enumeration,msoCalloutTwo,2,"Single, angled callout line."
MsoCalloutType,Enumeration,msoCalloutThree,3,Callout line made up of two line segments. Callout line is attached on the left side of the text bounding box.
MsoCalloutType,Enumeration,msoCalloutFour,4,Callout line made up of two line segments. Callout line is attached on the right side of the text bounding box.
MsoCharacterSet,Enumeration,msoCharacterSetArabic,1,Arabic character set
MsoCharacterSet,Enumeration,msoCharacterSetCyrillic,2,Cyrillic character set
MsoCharacterSet,Enumeration,msoCharacterSetEnglishWesternEuropeanOtherLatinScript,3,"English, Western European, and other Latin script character set"
MsoCharacterSet,Enumeration,msoCharacterSetGreek,4,Greek character set
MsoCharacterSet,Enumeration,msoCharacterSetHebrew,5,Hebrew character set
MsoCharacterSet,Enumeration,msoCharacterSetJapanese,6,Japanese character set
MsoCharacterSet,Enumeration,msoCharacterSetKorean,7,Korean character set
MsoCharacterSet,Enumeration,msoCharacterSetMultilingualUnicode,8,Multilingual Unicode character set
MsoCharacterSet,Enumeration,msoCharacterSetSimplifiedChinese,9,Simplified Chinese character set
MsoCharacterSet,Enumeration,msoCharacterSetThai,10,Thai character set
MsoCharacterSet,Enumeration,msoCharacterSetTraditionalChinese,11,Traditional Chinese character set
MsoCharacterSet,Enumeration,msoCharacterSetVietnamese,12,Vietnamese character set
MsoChartElementType,Enumeration,msoElementChartTitleNone,0,Do not display chart title.
MsoChartElementType,Enumeration,msoElementChartTitleCenteredOverlay,1,Display title as centered overlay.
MsoChartElementType,Enumeration,msoElementChartTitleAboveChart,2,Display title above chart.
MsoChartElementType,Enumeration,msoElementLegendNone,100,Do not display legend.
MsoChartElementType,Enumeration,msoElementLegendRight,101,Display legend at the right.
MsoChartElementType,Enumeration,msoElementLegendTop,102,Display legend at the top.
MsoChartElementType,Enumeration,msoElementLegendLeft,103,Display legend at the left.
MsoChartElementType,Enumeration,msoElementLegendBottom,104,Display legend at the bottom.
MsoChartElementType,Enumeration,msoElementLegendRightOverlay,105,Overlay legend at the right.
MsoChartElementType,Enumeration,msoElementLegendLeftOverlay,106,Overlay legend at the left.
MsoChartElementType,Enumeration,msoElementDataLabelNone,200,Do not display data label.
MsoChartElementType,Enumeration,msoElementDataLabelShow,201,Display data label.
MsoChartElementType,Enumeration,msoElementDataLabelCenter,202,Display data label in center.
MsoChartElementType,Enumeration,msoElementDataLabelInsideEnd,203,Display data label inside at the end.
MsoChartElementType,Enumeration,msoElementDataLabelInsideBase,204,Display data label inside at the base.
MsoChartElementType,Enumeration,msoElementDataLabelOutSideEnd,205,Display data label outside at the end.
MsoChartElementType,Enumeration,msoElementDataLabelLeft,206,Display data label to the left.
MsoChartElementType,Enumeration,msoElementDataLabelRight,207,Display data label to the right.
MsoChartElementType,Enumeration,msoElementDataLabelTop,208,Display data label at the top.
MsoChartElementType,Enumeration,msoElementDataLabelBottom,209,Display data label at bottom.
MsoChartElementType,Enumeration,msoElementDataLabelBestFit,210,Use best fit for data label.
MsoChartElementType,Enumeration,msoElementDataLabelCallout,211,Display data label as a callout.
MsoChartElementType,Enumeration,msoElementPrimaryCategoryAxisTitleNone,300,Do not display primary category axis title.
MsoChartElementType,Enumeration,msoElementPrimaryCategoryAxisTitleAdjacentToAxis,301,Display primary category axis title adjacent to the axis.
MsoChartElementType,Enumeration,msoElementPrimaryCategoryAxisTitleBelowAxis,302,Display primary category axis title below the axis.
MsoChartElementType,Enumeration,msoElementPrimaryCategoryAxisTitleRotated,303,Rotate primary category axis title.
MsoChartElementType,Enumeration,msoElementPrimaryCategoryAxisTitleVertical,304,Display primary category axis title vertically.
MsoChartElementType,Enumeration,msoElementPrimaryCategoryAxisTitleHorizontal,305,Display primary category axis title horizontally.
MsoChartElementType,Enumeration,msoElementPrimaryValueAxisTitleNone,306,Do not display primary value axis title.
MsoChartElementType,Enumeration,msoElementPrimaryValueAxisTitleAdjacentToAxis,306,Place primary value axis title adjacent to the axis.
MsoChartElementType,Enumeration,msoElementPrimaryValueAxisTitleBelowAxis,308,Place primary value axis title below the axis.
MsoChartElementType,Enumeration,msoElementPrimaryValueAxisTitleRotated,309,Rotate primary value axis title.
MsoChartElementType,Enumeration,msoElementPrimaryValueAxisTitleVertical,310,Display primary value axis title vertically.
MsoChartElementType,Enumeration,msoElementPrimaryValueAxisTitleHorizontal,311,Display primary value axis title horizontally.
MsoChartElementType,Enumeration,msoElementSecondaryCategoryAxisTitleNone,312,Do not display secondary category axis title.
MsoChartElementType,Enumeration,msoElementSecondaryCategoryAxisTitleAdjacentToAxis,313,Display secondary category axis title adjacent to axis.
MsoChartElementType,Enumeration,msoElementSecondaryCategoryAxisTitleBelowAxis,314,Display secondary category axis title below axis.
MsoChartElementType,Enumeration,msoElementSecondaryCategoryAxisTitleRotated,315,Rotate secondary category axis title.
MsoChartElementType,Enumeration,msoElementSecondaryCategoryAxisTitleVertical,316,Display secondary category axis title vertically.
MsoChartElementType,Enumeration,msoElementSecondaryCategoryAxisTitleHorizontal,317,Display secondary category axis title horizontally.
MsoChartElementType,Enumeration,msoElementSecondaryValueAxisTitleNone,318,Do not display secondary value axis title.
MsoChartElementType,Enumeration,msoElementSecondaryValueAxisTitleAdjacentToAxis,319,Display secondary value axis title adjacent to axis.
MsoChartElementType,Enumeration,msoElementSecondaryValueAxisTitleBelowAxis,320,Display secondary value axis title below axis.
MsoChartElementType,Enumeration,msoElementSecondaryValueAxisTitleRotated,321,Rotate secondary value axis title.
MsoChartElementType,Enumeration,msoElementSecondaryValueAxisTitleVertical,322,Display secondary value axis title vertically.
MsoChartElementType,Enumeration,msoElementSecondaryValueAxisTitleHorizontal,323,Display secondary value axis title horizontally.
MsoChartElementType,Enumeration,msoElementSeriesAxisTitleNone,324,Do not display series axis title.
MsoChartElementType,Enumeration,msoElementSeriesAxisTitleRotated,325,Rotate series axis title.
MsoChartElementType,Enumeration,msoElementSeriesAxisTitleVertical,326,Display series axis title vertically.
MsoChartElementType,Enumeration,msoElementSeriesAxisTitleHorizontal,327,Display series axis title horizontally.
MsoChartElementType,Enumeration,msoElementPrimaryValueGridLinesNone,328,Do not display grid lines along primary value axis.
MsoChartElementType,Enumeration,msoElementPrimaryValueGridLinesMinor,329,Display minor gridlines along primary value axis.
MsoChartElementType,Enumeration,msoElementPrimaryValueGridLinesMajor,330,Display major gridlines along primary value axis.
MsoChartElementType,Enumeration,msoElementPrimaryValueGridLinesMinorMajor,331,Display both major and minor gridlines along primary value axis.
MsoChartElementType,Enumeration,msoElementPrimaryCategoryGridLinesNone,332,Do not display grid lines along primary category axis.
MsoChartElementType,Enumeration,msoElementPrimaryCategoryGridLinesMinor,333,Display minor gridlines along primary category axis.
MsoChartElementType,Enumeration,msoElementPrimaryCategoryGridLinesMajor,334,Display major gridlines along primary category axis.
MsoChartElementType,Enumeration,msoElementPrimaryCategoryGridLinesMinorMajor,335,Display both major and minor gridlines along primary category axis.
MsoChartElementType,Enumeration,msoElementSecondaryValueGridLinesNone,336,Do not display gridlines along secondary value axis.
MsoChartElementType,Enumeration,msoElementSecondaryValueGridLinesMinor,337,Display minor gridlines along secondary value axis.
MsoChartElementType,Enumeration,msoElementSecondaryValueGridLinesMajor,338,Display major gridlines along secondary value axis.
MsoChartElementType,Enumeration,msoElementSecondaryValueGridLinesMinorMajor,339,Display both major and minor gridlines along secondary value axis.
MsoChartElementType,Enumeration,msoElementSecondaryCategoryGridLinesNone,340,Do not display grid lines along secondary category axis.
MsoChartElementType,Enumeration,msoElementSecondaryCategoryGridLinesMinor,341,Display minor gridlines along secondary category axis.
MsoChartElementType,Enumeration,msoElementSecondaryCategoryGridLinesMajor,342,Display major gridlines along secondary category axis.
MsoChartElementType,Enumeration,msoElementSecondaryCategoryGridLinesMinorMajor,343,Display both major and minor gridlines along secondary category axis.
MsoChartElementType,Enumeration,msoElementSeriesAxisGridLinesNone,344,Do not display gridlines along series axis.
MsoChartElementType,Enumeration,msoElementSeriesAxisGridLinesMinor,345,Display minor gridlines along series axis.
MsoChartElementType,Enumeration,msoElementSeriesAxisGridLinesMajor,346,Display major gridlines along series axis.
MsoChartElementType,Enumeration,msoElementSeriesAxisGridLinesMinorMajor,347,Display both major and minor gridlines along series axis.
MsoChartElementType,Enumeration,msoElementPrimaryCategoryAxisNone,348,Do not display primary category axis.
MsoChartElementType,Enumeration,msoElementPrimaryCategoryAxisShow,349,Show primary category axis.
MsoChartElementType,Enumeration,msoElementPrimaryCategoryAxisWithoutLabels,350,Display primary category axis without labels.
MsoChartElementType,Enumeration,msoElementPrimaryCategoryAxisReverse,351,Reverse primary category axis.
MsoChartElementType,Enumeration,msoElementPrimaryValueAxisNone,352,Do not display primary value axis.
MsoChartElementType,Enumeration,msoElementPrimaryValueAxisShow,353,Show primary value axis
MsoChartElementType,Enumeration,msoElementPrimaryValueAxisThousands,354,Use thousands for primary value axis units.
MsoChartElementType,Enumeration,msoElementPrimaryValueAxisMillions,355,Use millions for primary value axis units.
MsoChartElementType,Enumeration,msoElementPrimaryValueAxisBillions,356,Use billions for primary value axis units.
MsoChartElementType,Enumeration,msoElementPrimaryValueAxisLogScale,357,Use log scale for primary value axis.
MsoChartElementType,Enumeration,msoElementSecondaryCategoryAxisNone,358,Do not display secondary category axis.
MsoChartElementType,Enumeration,msoElementSecondaryCategoryAxisShow,359,Display secondary category axis.
MsoChartElementType,Enumeration,msoElementSecondaryCategoryAxisWithoutLabels,360,Display secondary category axis without labels.
MsoChartElementType,Enumeration,msoElementSecondaryCategoryAxisReverse,361,Reverse secondary category axis.
MsoChartElementType,Enumeration,msoElementSecondaryValueAxisNone,362,Do not display secondary value axis.
MsoChartElementType,Enumeration,msoElementSecondaryValueAxisShow,363,Display secondary value axis.
MsoChartElementType,Enumeration,msoElementSecondaryValueAxisThousands,364,Use thousands for secondary value axis units.
MsoChartElementType,Enumeration,msoElementSecondaryValueAxisMillions,365,Use millions for secondary value axis units.
MsoChartElementType,Enumeration,msoElementSecondaryValueAxisBillions,366,Use billions for secondary value axis units.
MsoChartElementType,Enumeration,msoElementSecondaryValueAxisLogScale,367,Use log scale for secondary value axis.
MsoChartElementType,Enumeration,msoElementSeriesAxisNone,368,Do not display series axis.
MsoChartElementType,Enumeration,msoElementSeriesAxisShow,369,Display series axis.
MsoChartElementType,Enumeration,msoElementSeriesAxisWithoutLabeling,370,Display series axis title without labeling.
MsoChartElementType,Enumeration,msoElementSeriesAxisReverse,371,Reverse series axis.
MsoChartElementType,Enumeration,msoElementPrimaryCategoryAxisThousands,372,Use thousands for primary category axis units.
MsoChartElementType,Enumeration,msoElementPrimaryCategoryAxisMillions,373,Use millions for primary category axis units.
MsoChartElementType,Enumeration,msoElementPrimaryCategoryAxisBillions,374,Use billions for primary category axis units.
MsoChartElementType,Enumeration,msoElementPrimaryCategoryAxisLogScale,375,Use log scale for primary category axis.
MsoChartElementType,Enumeration,msoElementSecondaryCategoryAxisThousands,376,Use thousands for secondary category axis units.
MsoChartElementType,Enumeration,msoElementSecondaryCategoryAxisMillions,377,Use millions for secondary category axis units.
MsoChartElementType,Enumeration,msoElementSecondaryCategoryAxisBillions,378,Use billions for secondary category axis units.
MsoChartElementType,Enumeration,msoElementSecondaryCategoryAxisLogScale,379,Use log scale for secondary category axis.
MsoChartElementType,Enumeration,msoElementDataTableNone,500,Do not display data table.
MsoChartElementType,Enumeration,msoElementDataTableShow,501,Display data table.
MsoChartElementType,Enumeration,msoElementDataTableWithLegendKeys,502,Display data table with legend keys.
MsoChartElementType,Enumeration,msoElementTrendlineNone,600,Do not display trendline.
MsoChartElementType,Enumeration,msoElementTrendlineAddLinear,601,Add a linear trendline.
MsoChartElementType,Enumeration,msoElementTrendlineAddExponential,602,Add an exponential trendline.
MsoChartElementType,Enumeration,msoElementTrendlineAddLinearForecast,603,Add a linear forecast.
MsoChartElementType,Enumeration,msoElementTrendlineAddTwoPeriodMovingAverage,604,Add a two-period moving average.
MsoChartElementType,Enumeration,msoElementErrorBarNone,700,Do not display error bar.
MsoChartElementType,Enumeration,msoElementErrorBarStandardError,701,Display standard error bar.
MsoChartElementType,Enumeration,msoElementErrorBarPercentage,702,Display percentage error bar.
MsoChartElementType,Enumeration,msoElementErrorBarStandardDeviation,703,Display standard deviation error bar.
MsoChartElementType,Enumeration,msoElementLineNone,800,Do not display line.
MsoChartElementType,Enumeration,msoElementLineDropLine,801,Display drop line.
MsoChartElementType,Enumeration,msoElementLineHiLoLine,802,Display high/low line.
MsoChartElementType,Enumeration,msoElementLineSeriesLine,803,Display series line.
MsoChartElementType,Enumeration,msoElementLineDropHiLoLine,804,Display drop high/low line.
MsoChartElementType,Enumeration,msoElementUpDownBarsNone,900,Do not display up/down bars.
MsoChartElementType,Enumeration,msoElementUpDownBarsShow,901,Display up/down bars.
MsoChartElementType,Enumeration,msoElementPlotAreaNone,1000,Do not display plot area.
MsoChartElementType,Enumeration,msoElementPlotAreaShow,1001,Display plot area.
MsoChartElementType,Enumeration,msoElementChartWallNone,1100,Do not display chart wall.
MsoChartElementType,Enumeration,msoElementChartWallShow,1101,Display chart wall.
MsoChartElementType,Enumeration,msoElementChartFloorNone,1200,Do not display chart floor.
MsoChartElementType,Enumeration,msoElementChartFloorShow,1201,Display chart floor.
MsoChartFieldType,Enumeration,msoChartFieldBubbleSize,1,
MsoChartFieldType,Enumeration,msoChartFieldCategoryName,2,
MsoChartFieldType,Enumeration,msoChartFieldPercentage,3,
MsoChartFieldType,Enumeration,msoChartFieldSeriesName,4,
MsoChartFieldType,Enumeration,msoChartFieldValue,5,
MsoChartFieldType,Enumeration,msoChartFieldFormula,6,
MsoChartFieldType,Enumeration,msoChartFieldRange,7,
MsoClipboardFormat,Enumeration,msoClipboardFormatMixed,-2,Return value only; indicates a combination of the other states.
MsoClipboardFormat,Enumeration,msoClipboardFormatNative,1,Native format
MsoClipboardFormat,Enumeration,msoClipboardFormatHTML,2,HTML format
MsoClipboardFormat,Enumeration,msoClipboardFormatRTF,3,RTF format
MsoClipboardFormat,Enumeration,msoClipboardFormatPlainText,4,Plain text format
MsoColorType,Enumeration,msoColorTypeMixed,-2,Not supported.
MsoColorType,Enumeration,msoColorTypeRGB,1,"Color is determined by values of red, green, and blue."
MsoColorType,Enumeration,msoColorTypeScheme,2,Color is defined by an application-specific scheme.
MsoColorType,Enumeration,msoColorTypeCMYK,3,"Color is determined by values of cyan, magenta, yellow, and black."
MsoColorType,Enumeration,msoColorTypeCMS,4,Color Management System color type.
MsoColorType,Enumeration,msoColorTypeInk,5,Not supported.
MsoComboStyle,Enumeration,msoComboNormal,0,Combo box does not include a label.
MsoComboStyle,Enumeration,msoComboLabel,1,"Combo box includes a label, specified by the Caption property of the combo box."
MsoCommandBarButtonHyperlinkType,Enumeration,msoCommandBarButtonHyperlinkNone,0,The command bar button is not a hyperlink.
MsoCommandBarButtonHyperlinkType,Enumeration,msoCommandBarButtonHyperlinkOpen,1,Clicking the command bar button opens the link specified in the command bar button's TooltipText property.
MsoCommandBarButtonHyperlinkType,Enumeration,msoCommandBarButtonHyperlinkInsertPicture,2,Clicking the command bar button inserts a picture at the active selection point.
MsoCondition,Enumeration,msoConditionFileTypeAllFiles,1,
MsoCondition,Enumeration,msoConditionFileTypeOfficeFiles,2,
MsoCondition,Enumeration,msoConditionFileTypeWordDocuments,3,
MsoCondition,Enumeration,msoConditionFileTypeExcelWorkbooks,4,
MsoCondition,Enumeration,msoConditionFileTypePowerPointPresentations,5,
MsoCondition,Enumeration,msoConditionFileTypeBinders,6,
MsoCondition,Enumeration,msoConditionFileTypeDatabases,7,
MsoCondition,Enumeration,msoConditionFileTypeTemplates,8,
MsoCondition,Enumeration,msoConditionIncludes,9,
MsoCondition,Enumeration,msoConditionIncludesPhrase,10,
MsoCondition,Enumeration,msoConditionBeginsWith,11,
MsoCondition,Enumeration,msoConditionEndsWith,12,
MsoCondition,Enumeration,msoConditionIncludesNearEachOther,13,
MsoCondition,Enumeration,msoConditionIsExactly,14,
MsoCondition,Enumeration,msoConditionIsNot,15,
MsoCondition,Enumeration,msoConditionYesterday,16,
MsoCondition,Enumeration,msoConditionToday,17,
MsoCondition,Enumeration,msoConditionTomorrow,18,
MsoCondition,Enumeration,msoConditionLastWeek,19,
MsoCondition,Enumeration,msoConditionThisWeek,20,
MsoCondition,Enumeration,msoConditionNextWeek,21,
MsoCondition,Enumeration,msoConditionLastMonth,22,
MsoCondition,Enumeration,msoConditionThisMonth,23,
MsoCondition,Enumeration,msoConditionNextMonth,24,
MsoCondition,Enumeration,msoConditionAnytime,25,
MsoCondition,Enumeration,msoConditionAnytimeBetween,26,
MsoCondition,Enumeration,msoConditionOn,27,
MsoCondition,Enumeration,msoConditionOnOrAfter,28,
MsoCondition,Enumeration,msoConditionOnOrBefore,29,
MsoCondition,Enumeration,msoConditionInTheNext,30,
MsoCondition,Enumeration,msoConditionInTheLast,31,
MsoCondition,Enumeration,msoConditionEquals,32,
MsoCondition,Enumeration,msoConditionDoesNotEqual,33,
MsoCondition,Enumeration,msoConditionAnyNumberBetween,34,
MsoCondition,Enumeration,msoConditionAtMost,35,
MsoCondition,Enumeration,msoConditionAtLeast,36,
MsoCondition,Enumeration,msoConditionMoreThan,37,
MsoCondition,Enumeration,msoConditionLessThan,38,
MsoCondition,Enumeration,msoConditionIsYes,39,
MsoCondition,Enumeration,msoConditionIsNo,40,
MsoCondition,Enumeration,msoConditionIncludesFormsOf,41,
MsoCondition,Enumeration,msoConditionFreeText,42,
MsoCondition,Enumeration,msoConditionFileTypeOutlookItems,43,
MsoCondition,Enumeration,msoConditionFileTypeMailItem,44,
MsoCondition,Enumeration,msoConditionFileTypeCalendarItem,45,
MsoCondition,Enumeration,msoConditionFileTypeContactItem,46,
MsoCondition,Enumeration,msoConditionFileTypeNoteItem,47,
MsoCondition,Enumeration,msoConditionFileTypeJournalItem,48,
MsoCondition,Enumeration,msoConditionFileTypeTaskItem,49,
MsoCondition,Enumeration,msoConditionFileTypePhotoDrawFiles,50,
MsoCondition,Enumeration,msoConditionFileTypeDataConnectionFiles,51,
MsoCondition,Enumeration,msoConditionFileTypePublisherFiles,52,
MsoCondition,Enumeration,msoConditionFileTypeProjectFiles,53,
MsoCondition,Enumeration,msoConditionFileTypeDocumentImagingFiles,54,
MsoCondition,Enumeration,msoConditionFileTypeVisioFiles,55,
MsoCondition,Enumeration,msoConditionFileTypeDesignerFiles,56,
MsoCondition,Enumeration,msoConditionFileTypeWebPages,57,
MsoCondition,Enumeration,msoConditionEqualsLow,58,
MsoCondition,Enumeration,msoConditionEqualsNormal,59,
MsoCondition,Enumeration,msoConditionEqualsHigh,60,
MsoCondition,Enumeration,msoConditionNotEqualToLow,61,
MsoCondition,Enumeration,msoConditionNotEqualToNormal,62,
MsoCondition,Enumeration,msoConditionNotEqualToHigh,63,
MsoCondition,Enumeration,msoConditionEqualsNotStarted,64,
MsoCondition,Enumeration,msoConditionEqualsInProgress,65,
MsoCondition,Enumeration,msoConditionEqualsCompleted,66,
MsoCondition,Enumeration,msoConditionEqualsWaitingForSomeoneElse,67,
MsoCondition,Enumeration,msoConditionEqualsDeferred,68,
MsoCondition,Enumeration,msoConditionNotEqualToNotStarted,69,
MsoCondition,Enumeration,msoConditionNotEqualToInProgress,70,
MsoCondition,Enumeration,msoConditionNotEqualToCompleted,71,
MsoCondition,Enumeration,msoConditionNotEqualToWaitingForSomeoneElse,72,
MsoCondition,Enumeration,msoConditionNotEqualToDeferred,73,
MsoConnector,Enumeration,msoConnectorAnd,1,
MsoConnector,Enumeration,msoConnectorOr,2,
MsoConnectorType,Enumeration,msoConnectorTypeMixed,-2,Return value only; indicates a combination of the other states.
MsoConnectorType,Enumeration,msoConnectorStraight,1,Straight line connector
MsoConnectorType,Enumeration,msoConnectorElbow,2,Elbow connector
MsoConnectorType,Enumeration,msoConnectorCurve,3,Curved connector
MsoContactCardAddressType,Enumeration,msoContactCardAddressTypeUnknown,0,An unknown identifier for an address.
MsoContactCardAddressType,Enumeration,msoContactCardAddressTypeOutlook,1,A unique identifier for an Outlook address.
MsoContactCardAddressType,Enumeration,msoContactCardAddressTypeSMTP,2,A unique identifier for an SMTP address.
MsoContactCardAddressType,Enumeration,msoContactCardAddressTypeIM,3,A unique identifier for an IM address.
MsoContactCardStyle,Enumeration,msoContactCardHover,0,The contact card is displayed as a hover card.
MsoContactCardStyle,Enumeration,msoContactCardFull,1,The contact card is displayed as a full card.
MsoContactCardType,Enumeration,msoContactCardTypeEnterpriseContact,0,A contact card for an enterprise contact address.
MsoContactCardType,Enumeration,msoContactCardTypePersonalContact,1,A contact card for a personal contact address.
MsoContactCardType,Enumeration,msoContactCardTypeUnknownContact,2,A contact card for an unknown contact address.
MsoContactCardType,Enumeration,msoContactCardTypeEnterpriseGroup,3,A contact card for an enterprise distribution list contact address.
MsoContactCardType,Enumeration,msoContactCardTypePersonalDistributionList,4,A contact card for a personal distribution list contact address.
MsoControlOLEUsage,Enumeration,msoControlOLEUsageNeither,0,Control runs on neither client nor server.
MsoControlOLEUsage,Enumeration,msoControlOLEUsageServer,1,Server-only control.
MsoControlOLEUsage,Enumeration,msoControlOLEUsageClient,2,Client-only control.
MsoControlOLEUsage,Enumeration,msoControlOLEUsageBoth,3,Control runs on both client and server.
MsoControlType,Enumeration,msoControlCustom,0,Custom control. Cannot be created through the object model.
MsoControlType,Enumeration,msoControlButton,1,Command button.
MsoControlType,Enumeration,msoControlEdit,2,Text box.
MsoControlType,Enumeration,msoControlDropdown,3,Drop-down list.
MsoControlType,Enumeration,msoControlComboBox,4,Combo box.
MsoControlType,Enumeration,msoControlButtonDropdown,5,Drop-down button. Cannot be created through the object model.
MsoControlType,Enumeration,msoControlSplitDropdown,6,Split drop-down list. Cannot be created through the object model.
MsoControlType,Enumeration,msoControlOCXDropdown,7,OCX drop-down list. Cannot be created through the object model.
MsoControlType,Enumeration,msoControlGenericDropdown,8,Generic drop-down list. Cannot be created through the object model.
MsoControlType,Enumeration,msoControlGraphicDropdown,9,Graphic drop-down list. Cannot be created through the object model.
MsoControlType,Enumeration,msoControlPopup,10,Pop-up.
MsoControlType,Enumeration,msoControlGraphicPopup,11,Graphic pop-up menu. Cannot be created through the object model.
MsoControlType,Enumeration,msoControlButtonPopup,12,Pop-up button. Cannot be created through the object model.
MsoControlType,Enumeration,msoControlSplitButtonPopup,13,Split button pop-up. Cannot be created through the object model.
MsoControlType,Enumeration,msoControlSplitButtonMRUPopup,14,Most Recently Used (MRU) pop-up. Cannot be created through the object model.
MsoControlType,Enumeration,msoControlLabel,15,Label. Cannot be created through the object model.
MsoControlType,Enumeration,msoControlExpandingGrid,16,Expanding grid. Cannot be created through the object model.
MsoControlType,Enumeration,msoControlSplitExpandingGrid,17,Split expanding grid. Cannot be created through the object model.
MsoControlType,Enumeration,msoControlGrid,18,Grid. Cannot be created through the object model.
MsoControlType,Enumeration,msoControlGauge,19,Gauge control. Cannot be created through the object model.
MsoControlType,Enumeration,msoControlGraphicCombo,20,Graphic combo box. Cannot be created through the object model.
MsoControlType,Enumeration,msoControlPane,21,Pane. Cannot be created through the object model.
MsoControlType,Enumeration,msoControlActiveX,22,ActiveX control.
MsoControlType,Enumeration,msoControlSpinner,23,Spinner. Cannot be created through the object model.
MsoControlType,Enumeration,msoControlLabelEx,24,Extended label. Cannot be created through the object model.
MsoControlType,Enumeration,msoControlWorkPane,25,Work pane. Cannot be created through the object model.
MsoControlType,Enumeration,msoControlAutoCompleteCombo,26,Combo box in which the first matching choice is automatically filled in as the user types. Cannot be created through the object model.
MsoCTPDockPosition,Enumeration,msoCTPDockPositionLeft,0,Dock the task pane on the left side of the document window.
MsoCTPDockPosition,Enumeration,msoCTPDockPositionTop,1,Dock the task pane at the top of the document window.
MsoCTPDockPosition,Enumeration,msoCTPDockPositionRight,2,Dock the task pane on the right side of the document window.
MsoCTPDockPosition,Enumeration,msoCTPDockPositionBottom,3,Dock the task pane at the bottom of the document window.
MsoCTPDockPosition,Enumeration,msoCTPDockPositionFloating,4,Don't dock the task pane.
MsoCTPDockPositionRestrict,Enumeration,msoCTPDockPositionRestrictNone,0,No restrictions on docking the task pane.
MsoCTPDockPositionRestrict,Enumeration,msoCTPDockPositionRestrictNoChange,1,There is no change from the current restriction setting for the task pane.
MsoCTPDockPositionRestrict,Enumeration,msoCTPDockPositionRestrictNoHorizontal,2,Task pane can't be docked to either the right or the left side of the document window.
MsoCTPDockPositionRestrict,Enumeration,msoCTPDockPositionRestrictNoVertical,3,Task pane can't be docked to either the top or the bottom of the document window.
MsoCustomXMLNodeType,Enumeration,msoCustomXMLNodeElement,1,The node is an element.
MsoCustomXMLNodeType,Enumeration,msoCustomXMLNodeAttribute,2,The node is an attribute.
MsoCustomXMLNodeType,Enumeration,msoCustomXMLNodeText,3,The node is a text node.
MsoCustomXMLNodeType,Enumeration,msoCustomXMLNodeCData,4,The node is a CData type.
MsoCustomXMLNodeType,Enumeration,msoCustomXMLNodeProcessingInstruction,7,The node is a processing instruction.
MsoCustomXMLNodeType,Enumeration,msoCustomXMLNodeComment,8,The node is a comment.
MsoCustomXMLNodeType,Enumeration,msoCustomXMLNodeDocument,9,The node is a Document node.
MsoCustomXMLValidationErrorType,Enumeration,msoCustomXMLValidationErrorSchemaGenerated,0,"Specifies that where there is a non-empty schema collection available for the custom XML part and validation is in effect, any changes to the part will cause validation errors."
MsoCustomXMLValidationErrorType,Enumeration,msoCustomXMLValidationErrorAutomaticallyCleared,1,Specifies that the error will clear itself whenever any change is made to the node it is bound to.
MsoCustomXMLValidationErrorType,Enumeration,msoCustomXMLValidationErrorManual,2,Specifies that the error will not be cleared until the Delete method is called.
MsoDateTimeFormat,Enumeration,msoDateTimeFormatMixed,-2,Specifies a mixed format.
MsoDateTimeFormat,Enumeration,msoDateTimeMdyy,1,Specifies a Mdyy format.
MsoDateTimeFormat,Enumeration,msoDateTimeddddMMMMddyyyy,2,Specifies a ddddMMMMddyyyy format.
MsoDateTimeFormat,Enumeration,msoDateTimedMMMMyyyy,3,Specifies a MMMMyyyy format.
MsoDateTimeFormat,Enumeration,msoDateTimeMMMMdyyyy,4,Specifies a MMMMdyyyy format.
MsoDateTimeFormat,Enumeration,msoDateTimedMMMyy,5,Specifies a MMMyy format.
MsoDateTimeFormat,Enumeration,msoDateTimeMMMMyy,6,Specifies a MMMMyy format.
MsoDateTimeFormat,Enumeration,msoDateTimeMMyy,7,Specifies a MMyy format.
MsoDateTimeFormat,Enumeration,msoDateTimeMMddyyHmm,8,Specifies a MMddyyHmm format.
MsoDateTimeFormat,Enumeration,msoDateTimeMMddyyhmmAMPM,9,Specifies a MMddyyhmmAMPM format.
MsoDateTimeFormat,Enumeration,msoDateTimeHmm,10,Specifies a Hmm format.
MsoDateTimeFormat,Enumeration,msoDateTimeHmmss,11,Specifies a Hmmss format.
MsoDateTimeFormat,Enumeration,msoDateTimehmmAMPM,12,Specifies a hmmAMPM format.
MsoDateTimeFormat,Enumeration,msoDateTimehmmssAMPM,13,Specifies a hmmssAMPM format.
MsoDateTimeFormat,Enumeration,msoDateTimeFigureOut,14,Specifies that the Office application will determine the format.
MsoDiagramNodeType,Enumeration,msoDiagramNode,1,
MsoDiagramNodeType,Enumeration,msoDiagramAssistant,2,
MsoDiagramType,Enumeration,msoDiagramMixed,-2,
MsoDiagramType,Enumeration,msoDiagramOrgChart,1,
MsoDiagramType,Enumeration,msoDiagramCycle,2,
MsoDiagramType,Enumeration,msoDiagramRadial,3,
MsoDiagramType,Enumeration,msoDiagramPyramid,4,
MsoDiagramType,Enumeration,msoDiagramVenn,5,
MsoDiagramType,Enumeration,msoDiagramTarget,6,
MsoDistributeCmd,Enumeration,msoDistributeHorizontally,0,Distribute horizontally.
MsoDistributeCmd,Enumeration,msoDistributeVertically,1,Distribute vertically.
MsoDocInspectorStatus,Enumeration,msoDocInspectorStatusDocOk,0,Indicates that the Document Inspector module returned no issues or errors.
MsoDocInspectorStatus,Enumeration,msoDocInspectorStatusIssueFound,1,Indicates that the Document Inspector module found one or more occurrences of the search criteria.
MsoDocInspectorStatus,Enumeration,msoDocInspectorStatusError,2,Indicates that the Document Inspector module returned an error.
MsoDocProperties,Enumeration,msoPropertyTypeNumber,1,Integer value.
MsoDocProperties,Enumeration,msoPropertyTypeBoolean,2,Boolean value.
MsoDocProperties,Enumeration,msoPropertyTypeDate,3,Date value.
MsoDocProperties,Enumeration,msoPropertyTypeString,4,String value.
MsoDocProperties,Enumeration,msoPropertyTypeFloat,5,Floating point value.
MsoEditingType,Enumeration,msoEditingAuto,0,Changes the node to a type appropriate to the segments being connected.
MsoEditingType,Enumeration,msoEditingCorner,1,Changes the node to a corner node.
MsoEditingType,Enumeration,msoEditingSmooth,2,Changes the node to a smooth curve node.
MsoEditingType,Enumeration,msoEditingSymmetric,3,Changes the node to a symmetric curve node.
MsoEncoding,Enumeration,msoEncodingThai,874,Thai
MsoEncoding,Enumeration,msoEncodingJapaneseShiftJIS,932,Japanese (Shift-JIS)
MsoEncoding,Enumeration,msoEncodingSimplifiedChineseGBK,936,Simplified Chinese GBK
MsoEncoding,Enumeration,msoEncodingKorean,949,Korean
MsoEncoding,Enumeration,msoEncodingTraditionalChineseBig5,950,Traditional Chinese Big 5
MsoEncoding,Enumeration,msoEncodingUnicodeLittleEndian,1200,Unicode little endian
MsoEncoding,Enumeration,msoEncodingUnicodeBigEndian,1201,Unicode big endian
MsoEncoding,Enumeration,msoEncodingCentralEuropean,1250,Central European
MsoEncoding,Enumeration,msoEncodingCyrillic,1251,Cyrillic
MsoEncoding,Enumeration,msoEncodingWestern,1252,Western
MsoEncoding,Enumeration,msoEncodingGreek,1253,Greek
MsoEncoding,Enumeration,msoEncodingTurkish,1254,Turkish
MsoEncoding,Enumeration,msoEncodingHebrew,1255,Hebrew
MsoEncoding,Enumeration,msoEncodingArabic,1256,Arabic
MsoEncoding,Enumeration,msoEncodingBaltic,1257,Baltic
MsoEncoding,Enumeration,msoEncodingVietnamese,1258,Vietnamese
MsoEncoding,Enumeration,msoEncodingAutoDetect,50001,Web browser auto-detects type of encoding to use.
MsoEncoding,Enumeration,msoEncodingJapaneseAutoDetect,50932,Web browser auto-detects type of Japanese encoding to use.
MsoEncoding,Enumeration,msoEncodingSimplifiedChineseAutoDetect,50936,Web browser auto-detects type of Simplified Chinese encoding to use.
MsoEncoding,Enumeration,msoEncodingKoreanAutoDetect,50949,Web browser auto-detects type of Korean encoding to use.
MsoEncoding,Enumeration,msoEncodingTraditionalChineseAutoDetect,50950,Web browser auto-detects type of Traditional Chinese encoding to use.
MsoEncoding,Enumeration,msoEncodingCyrillicAutoDetect,51251,Web browser auto-detects type of Cyrillic encoding to use.
MsoEncoding,Enumeration,msoEncodingGreekAutoDetect,51253,Web browser auto-detects type of Greek encoding to use.
MsoEncoding,Enumeration,msoEncodingArabicAutoDetect,51256,Web browser auto-detects type of Arabic encoding to use.
MsoEncoding,Enumeration,msoEncodingISO88591Latin1,28591,ISO 8859-1 Latin 1
MsoEncoding,Enumeration,msoEncodingISO88592CentralEurope,28592,ISO 8859-2 Central Europe
MsoEncoding,Enumeration,msoEncodingISO88593Latin3,28593,ISO 8859-3 Latin 3
MsoEncoding,Enumeration,msoEncodingISO88594Baltic,28594,ISO 8859-4 Baltic
MsoEncoding,Enumeration,msoEncodingISO88595Cyrillic,28595,ISO 8859-5 Cyrillic
MsoEncoding,Enumeration,msoEncodingISO88596Arabic,28596,ISA 8859-6 Arabic
MsoEncoding,Enumeration,msoEncodingISO88597Greek,28597,ISO 8859-7 Greek
MsoEncoding,Enumeration,msoEncodingISO88598Hebrew,28598,ISO 8859-8 Hebrew
MsoEncoding,Enumeration,msoEncodingISO88599Turkish,28599,ISO 8859-9 Turkish
MsoEncoding,Enumeration,msoEncodingISO885915Latin9,28605,ISO 8859-15 with Latin 9
MsoEncoding,Enumeration,msoEncodingISO88598HebrewLogical,38598,ISO 8859-8 Hebrew (Logical)
MsoEncoding,Enumeration,msoEncodingISO2022JPNoHalfwidthKatakana,50220,ISO 2022-JP with no half-width Katakana
MsoEncoding,Enumeration,msoEncodingISO2022JPJISX02021984,50221,ISO 2022-JP
MsoEncoding,Enumeration,msoEncodingISO2022JPJISX02011989,50222,ISO 2022-JP
MsoEncoding,Enumeration,msoEncodingISO2022KR,50225,ISO 2022-KR
MsoEncoding,Enumeration,msoEncodingISO2022CNTraditionalChinese,50227,ISO 2022-CN encoding as used with Traditional Chinese
MsoEncoding,Enumeration,msoEncodingISO2022CNSimplifiedChinese,50229,ISO 2022-CN encoding as used with Simplified Chinese
MsoEncoding,Enumeration,msoEncodingMacRoman,10000,Macintosh Roman
MsoEncoding,Enumeration,msoEncodingMacJapanese,10001,Macintosh Japanese
MsoEncoding,Enumeration,msoEncodingMacTraditionalChineseBig5,10002,Macintosh Traditional Chinese (Big 5)
MsoEncoding,Enumeration,msoEncodingMacKorean,10003,Macintosh Korean
MsoEncoding,Enumeration,msoEncodingMacArabic,10004,Macintosh Arabic
MsoEncoding,Enumeration,msoEncodingMacHebrew,10005,Macintosh Hebrew
MsoEncoding,Enumeration,msoEncodingMacGreek1,10006,Macintosh Greek
MsoEncoding,Enumeration,msoEncodingMacCyrillic,10007,Macintosh Cyrillic
MsoEncoding,Enumeration,msoEncodingMacSimplifiedChineseGB2312,10008,Macintosh Simplified Chinese (GB 2312)
MsoEncoding,Enumeration,msoEncodingMacRomania,10010,Macintosh Romanian
MsoEncoding,Enumeration,msoEncodingMacUkraine,10017,Macintosh Ukrainian
MsoEncoding,Enumeration,msoEncodingMacLatin2,10029,Macintosh Latin 2
MsoEncoding,Enumeration,msoEncodingMacIcelandic,10079,Macintosh Icelandic
MsoEncoding,Enumeration,msoEncodingMacTurkish,10081,Macintosh Turkish
MsoEncoding,Enumeration,msoEncodingMacCroatia,10082,Macintosh Croatian
MsoEncoding,Enumeration,msoEncodingEBCDICUSCanada,37,EBCDIC as used in the United States and Canada
MsoEncoding,Enumeration,msoEncodingEBCDICInternational,500,International EBCDIC
MsoEncoding,Enumeration,msoEncodingEBCDICMultilingualROECELatin2,870,EBCDIC Multilingual ROECE (Latin 2)
MsoEncoding,Enumeration,msoEncodingEBCDICGreekModern,875,EBCDIC as used in the Modern Greek language
MsoEncoding,Enumeration,msoEncodingEBCDICTurkishLatin5,1026,EBCDIC as used with Turkish (Latin 5)
MsoEncoding,Enumeration,msoEncodingEBCDICGermany,20273,EBCDIC as used in Germany
MsoEncoding,Enumeration,msoEncodingEBCDICDenmarkNorway,20277,EBCDIC as used in Denmark and Norway
MsoEncoding,Enumeration,msoEncodingEBCDICFinlandSweden,20278,EBCDIC as used in Finland and Sweden
MsoEncoding,Enumeration,msoEncodingEBCDICItaly,20280,EBCDIC as used in Italy
MsoEncoding,Enumeration,msoEncodingEBCDICLatinAmericaSpain,20284,EBCDIC as used in Latin America and Spain
MsoEncoding,Enumeration,msoEncodingEBCDICUnitedKingdom,20285,EBCDIC as used in the United Kingdom
MsoEncoding,Enumeration,msoEncodingEBCDICJapaneseKatakanaExtended,20290,EBCDIC as used with Japanese Katakana (extended)
MsoEncoding,Enumeration,msoEncodingEBCDICFrance,20297,EBCDIC as used in France
MsoEncoding,Enumeration,msoEncodingEBCDICArabic,20420,Extended Binary Coded Decimal Interchange Code (EBCDIC) Arabic
MsoEncoding,Enumeration,msoEncodingEBCDICGreek,20423,EBCDIC as used in the Greek language
MsoEncoding,Enumeration,msoEncodingEBCDICHebrew,20424,EBCDIC as used in the Hebrew language
MsoEncoding,Enumeration,msoEncodingEBCDICKoreanExtended,20833,EBCDIC as used with Korean (extended)
MsoEncoding,Enumeration,msoEncodingEBCDICThai,20838,EBCDIC as used with Thai
MsoEncoding,Enumeration,msoEncodingEBCDICIcelandic,20871,EBCDIC as used in Iceland
MsoEncoding,Enumeration,msoEncodingEBCDICTurkish,20905,EBCDIC as used with Turkish
MsoEncoding,Enumeration,msoEncodingEBCDICRussian,20880,EBCDIC as used with Russian
MsoEncoding,Enumeration,msoEncodingEBCDICSerbianBulgarian,21025,EBCDIC as used with Serbian and Bulgarian
MsoEncoding,Enumeration,msoEncodingEBCDICJapaneseKatakanaExtendedAndJapanese,50930,EBCDIC as used with Japanese Katakana (extended) and Japanese
MsoEncoding,Enumeration,msoEncodingEBCDICUSCanadaAndJapanese,50931,"EBCDIC as used in the United States and Canada, and with Japanese"
MsoEncoding,Enumeration,msoEncodingEBCDICKoreanExtendedAndKorean,50933,EBCDIC as used with Korean (extended) and Korean
MsoEncoding,Enumeration,msoEncodingEBCDICSimplifiedChineseExtendedAndSimplifiedChinese,50935,EBCDIC as used with Simplified Chinese (extended) and Simplified Chinese
MsoEncoding,Enumeration,msoEncodingEBCDICUSCanadaAndTraditionalChinese,50937,"EBCDIC as used in the United States and Canada, and with Traditional Chinese"
MsoEncoding,Enumeration,msoEncodingEBCDICJapaneseLatinExtendedAndJapanese,50939,EBCDIC as used with Japanese Latin (extended) and Japanese
MsoEncoding,Enumeration,msoEncodingOEMUnitedStates,437,OEM as used in the United States
MsoEncoding,Enumeration,msoEncodingOEMGreek437G,737,OEM as used with Greek 437G
MsoEncoding,Enumeration,msoEncodingOEMBaltic,775,OEM as used with Baltic
MsoEncoding,Enumeration,msoEncodingOEMMultilingualLatinI,850,OEM as used with multi-lingual Latin I
MsoEncoding,Enumeration,msoEncodingOEMMultilingualLatinII,852,OEM as used with multi-lingual Latin II
MsoEncoding,Enumeration,msoEncodingOEMCyrillic,855,OEM as used with Cyrillic
MsoEncoding,Enumeration,msoEncodingOEMTurkish,857,OEM as used with Turkish
MsoEncoding,Enumeration,msoEncodingOEMPortuguese,860,OEM as used with Portuguese
MsoEncoding,Enumeration,msoEncodingOEMIcelandic,861,OEM as used with Icelandic
MsoEncoding,Enumeration,msoEncodingOEMHebrew,862,OEM as used with Hebrew
MsoEncoding,Enumeration,msoEncodingOEMCanadianFrench,863,OEM as used with Canadian French
MsoEncoding,Enumeration,msoEncodingOEMArabic,864,OEM as used with Arabic
MsoEncoding,Enumeration,msoEncodingOEMNordic,865,OEM as used with Nordic languages
MsoEncoding,Enumeration,msoEncodingOEMCyrillicII,866,OEM as used with Cyrillic II
MsoEncoding,Enumeration,msoEncodingOEMModernGreek,869,OEM as used with Modern Greek
MsoEncoding,Enumeration,msoEncodingEUCJapanese,51932,EUC as used with Japanese
MsoEncoding,Enumeration,msoEncodingEUCChineseSimplifiedChinese,51936,Extended Unix Code (EUC) as used with Chinese and Simplified Chinese
MsoEncoding,Enumeration,msoEncodingEUCKorean,51949,EUC as used with Korean
MsoEncoding,Enumeration,msoEncodingEUCTaiwaneseTraditionalChinese,51950,EUC as used with Taiwanese and Traditional Chinese
MsoEncoding,Enumeration,msoEncodingISCIIDevanagari,57002,ISCII as used with Devanagari
MsoEncoding,Enumeration,msoEncodingISCIIBengali,57003,ISCII as used with Bengali
MsoEncoding,Enumeration,msoEncodingISCIITamil,57004,ISCII as used with Tamil
MsoEncoding,Enumeration,msoEncodingISCIITelugu,57005,ISCII as used with Telugu
MsoEncoding,Enumeration,msoEncodingISCIIAssamese,57006,Indian Script Code for Information Interchange (ISCII) as used with Assamese
MsoEncoding,Enumeration,msoEncodingISCIIOriya,57007,ISCII as used with Odia (Oriya)
MsoEncoding,Enumeration,msoEncodingISCIIKannada,57008,ISCII as used with Kannada
MsoEncoding,Enumeration,msoEncodingISCIIMalayalam,57009,ISCII as used with Malayalam
MsoEncoding,Enumeration,msoEncodingISCIIGujarati,57010,ISCII as used with Gujarati
MsoEncoding,Enumeration,msoEncodingISCIIPunjabi,57011,ISCII as used with Punjabi
MsoEncoding,Enumeration,msoEncodingArabicASMO,708,Arabic ASMO
MsoEncoding,Enumeration,msoEncodingArabicTransparentASMO,720,Transparent Arabic
MsoEncoding,Enumeration,msoEncodingKoreanJohab,1361,Korean (Johab)
MsoEncoding,Enumeration,msoEncodingTaiwanCNS,20000,Taiwan CNS
MsoEncoding,Enumeration,msoEncodingTaiwanTCA,20001,Taiwan TCA
MsoEncoding,Enumeration,msoEncodingTaiwanEten,20002,Taiwan Eten
MsoEncoding,Enumeration,msoEncodingTaiwanIBM5550,20003,Taiwan IBM 5550
MsoEncoding,Enumeration,msoEncodingTaiwanTeleText,20004,Taiwan Teletext
MsoEncoding,Enumeration,msoEncodingTaiwanWang,20005,Taiwan Wang
MsoEncoding,Enumeration,msoEncodingIA5IRV,20105,"IA5, International Reference Version (IRV)"
MsoEncoding,Enumeration,msoEncodingIA5German,20106,"German (International Alphabet No. 5, or IA5)"
MsoEncoding,Enumeration,msoEncodingIA5Swedish,20107,IA5 as used with Swedish
MsoEncoding,Enumeration,msoEncodingIA5Norwegian,20108,IA5 as used with Norwegian
MsoEncoding,Enumeration,msoEncodingUSASCII,20127,United States ASCII
MsoEncoding,Enumeration,msoEncodingT61,20261,T61
MsoEncoding,Enumeration,msoEncodingISO6937NonSpacingAccent,20269,ISO 6937 Non-Spacing Accent
MsoEncoding,Enumeration,msoEncodingKOI8R,20866,KOI8-R
MsoEncoding,Enumeration,msoEncodingExtAlphaLowercase,21027,Extended Alpha lowercase
MsoEncoding,Enumeration,msoEncodingKOI8U,21866,K0I8-U
MsoEncoding,Enumeration,msoEncodingEuropa3,29001,Europa
MsoEncoding,Enumeration,msoEncodingHZGBSimplifiedChinese,52936,Simplified Chinese (HZGB)
MsoEncoding,Enumeration,msoEncodingSimplifiedChineseGB18030,54936,Simplified Chinese GB 18030
MsoEncoding,Enumeration,msoEncodingUTF7,65000,UTF-7 encoding
MsoEncoding,Enumeration,msoEncodingUTF8,65001,UTF-8 encoding
MsoExtraInfoMethod,Enumeration,msoMethodGet,0,The value specified in the ExtraInfo parameter is a string that is appended to the address.
MsoExtraInfoMethod,Enumeration,msoMethodPost,1,The value specified in the ExtraInfo parameter is posted as a string or byte array.
MsoExtrusionColorType,Enumeration,msoExtrusionColorTypeMixed,-2,Return value only; indicates a combination of the other states.
MsoExtrusionColorType,Enumeration,msoExtrusionColorAutomatic,1,Extrusion color is based on shape fill.
MsoExtrusionColorType,Enumeration,msoExtrusionColorCustom,2,Extrusion color is independent of shape fill.
MsoFarEastLineBreakLanguageID,Enumeration,MsoFarEastLineBreakLanguageJapanese,1041,Japanese
MsoFarEastLineBreakLanguageID,Enumeration,MsoFarEastLineBreakLanguageKorean,1042,Korean
MsoFarEastLineBreakLanguageID,Enumeration,MsoFarEastLineBreakLanguageSimplifiedChinese,2052,SimplifiedChinese
MsoFarEastLineBreakLanguageID,Enumeration,MsoFarEastLineBreakLanguageTraditionalChinese,1028,TraditionalChinese
MsoFeatureInstall,Enumeration,msoFeatureInstallNone,0,Generates a generic automation error at run time when uninstalled features are called.
MsoFeatureInstall,Enumeration,msoFeatureInstallOnDemand,1,Prompts the user to install new features.
MsoFeatureInstall,Enumeration,msoFeatureInstallOnDemandWithUI,2,Displays a progress meter during installation; does not prompt the user to install new features.
MsoFileDialogType,Enumeration,msoFileDialogOpen,1,Open dialog box.
MsoFileDialogType,Enumeration,msoFileDialogSaveAs,2,Save As dialog box.
MsoFileDialogType,Enumeration,msoFileDialogFilePicker,3,File Picker dialog box.
MsoFileDialogType,Enumeration,msoFileDialogFolderPicker,4,Folder Picker dialog box.
MsoFileDialogView,Enumeration,msoFileDialogViewList,1,Files displayed in a list without details.
MsoFileDialogView,Enumeration,msoFileDialogViewDetails,2,Files displayed in a list with detail information.
MsoFileDialogView,Enumeration,msoFileDialogViewProperties,3,Files displayed in a list with a pane showing the selected file's properties.
MsoFileDialogView,Enumeration,msoFileDialogViewPreview,4,Files displayed in a list with a preview pane showing the selected file.
MsoFileDialogView,Enumeration,msoFileDialogViewThumbnail,5,Files displayed as thumbnails.
MsoFileDialogView,Enumeration,msoFileDialogViewLargeIcons,6,Files displayed as large icons.
MsoFileDialogView,Enumeration,msoFileDialogViewSmallIcons,7,Files displayed as small icons.
MsoFileDialogView,Enumeration,msoFileDialogViewWebView,8,Files displayed in web view.
MsoFileDialogView,Enumeration,msoFileDialogViewTiles,9,Files displayed as tiled icons.
MsoFileFindListBy,Enumeration,msoListbyName,1,
MsoFileFindListBy,Enumeration,msoListbyTitle,2,
MsoFileFindOptions,Enumeration,msoOptionsNew,1,
MsoFileFindOptions,Enumeration,msoOptionsAdd,2,
MsoFileFindOptions,Enumeration,msoOptionsWithin,3,
MsoFileFindSortBy,Enumeration,msoFileFindSortbyAuthor,1,
MsoFileFindSortBy,Enumeration,msoFileFindSortbyDateCreated,2,
MsoFileFindSortBy,Enumeration,msoFileFindSortbyLastSavedBy,3,
MsoFileFindSortBy,Enumeration,msoFileFindSortbyDateSaved,4,
MsoFileFindSortBy,Enumeration,msoFileFindSortbyFileName,5,
MsoFileFindSortBy,Enumeration,msoFileFindSortbySize,6,
MsoFileFindSortBy,Enumeration,msoFileFindSortbyTitle,7,
MsoFileFindView,Enumeration,msoViewFileInfo,1,
MsoFileFindView,Enumeration,msoViewPreview,2,
MsoFileFindView,Enumeration,msoViewSummaryInfo,3,
MsoFileNewAction,Enumeration,msoEditFile,0,Edit a file.
MsoFileNewAction,Enumeration,msoCreateNewFile,1,Create a new file.
MsoFileNewAction,Enumeration,msoOpenFile,2,Open a file.
MsoFileNewSection,Enumeration,msoOpenDocument,0,Open Document section
MsoFileNewSection,Enumeration,msoNew,1,New section
MsoFileNewSection,Enumeration,msoNewfromExistingFile,2,New from Existing File section
MsoFileNewSection,Enumeration,msoNewfromTemplate,3,New from Template section
MsoFileNewSection,Enumeration,msoBottomSection,4,Bottom section
MsoFileType,Enumeration,msoFileTypeAllFiles,1,
MsoFileType,Enumeration,msoFileTypeOfficeFiles,2,
MsoFileType,Enumeration,msoFileTypeWordDocuments,3,
MsoFileType,Enumeration,msoFileTypeExcelWorkbooks,4,
MsoFileType,Enumeration,msoFileTypePowerPointPresentations,5,
MsoFileType,Enumeration,msoFileTypeBinders,6,
MsoFileType,Enumeration,msoFileTypeDatabases,7,
MsoFileType,Enumeration,msoFileTypeTemplates,8,
MsoFileType,Enumeration,msoFileTypeOutlookItems,9,
MsoFileType,Enumeration,msoFileTypeMailItem,10,
MsoFileType,Enumeration,msoFileTypeCalendarItem,11,
MsoFileType,Enumeration,msoFileTypeContactItem,12,
MsoFileType,Enumeration,msoFileTypeNoteItem,13,
MsoFileType,Enumeration,msoFileTypeJournalItem,14,
MsoFileType,Enumeration,msoFileTypeTaskItem,15,
MsoFileType,Enumeration,msoFileTypePhotoDrawFiles,16,
MsoFileType,Enumeration,msoFileTypeDataConnectionFiles,17,
MsoFileType,Enumeration,msoFileTypePublisherFiles,18,
MsoFileType,Enumeration,msoFileTypeProjectFiles,19,
MsoFileType,Enumeration,msoFileTypeDocumentImagingFiles,20,
MsoFileType,Enumeration,msoFileTypeVisioFiles,21,
MsoFileType,Enumeration,msoFileTypeDesignerFiles,22,
MsoFileType,Enumeration,msoFileTypeWebPages,23,
MsoFileValidationMode,Enumeration,msoFileValidationDefault,0,Validate the file (default).
MsoFileValidationMode,Enumeration,msoFileValidationSkip,1,Do not validate the file.
MsoFillType,Enumeration,msoFillMixed,-2,Mixed fill
MsoFillType,Enumeration,msoFillSolid,1,Solid fill
MsoFillType,Enumeration,msoFillPatterned,2,Patterned fill
MsoFillType,Enumeration,msoFillGradient,3,Gradient fill
MsoFillType,Enumeration,msoFillTextured,4,Textured fill
MsoFillType,Enumeration,msoFillBackground,5,Fill is the same as the background.
MsoFillType,Enumeration,msoFillPicture,6,Picture fill
MsoFilterComparison,Enumeration,msoFilterComparisonEqual,0,Column matches CompareTo if the CompareTo value is the same as the Column value.
MsoFilterComparison,Enumeration,msoFilterComparisonNotEqual,1,Column matches CompareTo if the CompareTo value is not equal to the Column value.
MsoFilterComparison,Enumeration,msoFilterComparisonLessThan,2,Column matches CompareTo if the Column value is less than the CompareTo value.
MsoFilterComparison,Enumeration,msoFilterComparisonGreaterThan,3,Column matches CompareTo if the Column value is greater than the CompareTo value.
MsoFilterComparison,Enumeration,msoFilterComparisonLessThanEqual,4,Column matches CompareTo if the Column value is less than or equal to the CompareTo value.
MsoFilterComparison,Enumeration,msoFilterComparisonGreaterThanEqual,5,Column matches CompareTo if the Column value is greater than or equal to the CompareTo value.
MsoFilterComparison,Enumeration,msoFilterComparisonIsBlank,6,Column passes filter if Column is blank.
MsoFilterComparison,Enumeration,msoFilterComparisonIsNotBlank,7,Column passes filter if Column is blank.
MsoFilterComparison,Enumeration,msoFilterComparisonContains,8,Column matches CompareTo if any part of the CompareTo string is contained in the Column value.
MsoFilterComparison,Enumeration,msoFilterComparisonNotContains,9,Column matches CompareTo if any part of the CompareTo string is not contained in the Column value.
MsoFilterConjunction,Enumeration,msoFilterConjunctionAnd,0,And conjunction
MsoFilterConjunction,Enumeration,msoFilterConjunctionOr,1,Or conjunction
MsoFlipCmd,Enumeration,msoFlipHorizontal,0,Flip horizontally.
MsoFlipCmd,Enumeration,msoFlipVertical,1,Flip vertically.
MsoFontLanguageIndex,Enumeration,msoThemeLatin,1,Represents the Latin font face.
MsoFontLanguageIndex,Enumeration,msoThemeComplexScript,2,"Represents the font face for Complex Script languages. The Complex Script language collection supports Arabic, Georgian, Hebrew, Indian, Thai, and Vietnamese alphabets."
MsoFontLanguageIndex,Enumeration,msoThemeEastAsian,3,"Represents the East Asian font face. East Asian Languages include Simplified Chinese, Traditional Chinese, Japanese, and Korean."
MsoGradientColorType,Enumeration,msoGradientColorMixed,-2,Mixed gradient
MsoGradientColorType,Enumeration,msoGradientOneColor,1,One-color gradient
MsoGradientColorType,Enumeration,msoGradientTwoColors,2,Two-color gradient
MsoGradientColorType,Enumeration,msoGradientPresetColors,3,Gradient colors set according to a built-in gradient of the set defined by the MsoPresetGradientType constant.
MsoGradientColorType,Enumeration,msoGradientMultiColor,4,More than two colors
MsoGradientStyle,Enumeration,msoGradientMixed,-2,Gradient is mixed.
MsoGradientStyle,Enumeration,msoGradientHorizontal,1,Gradient running horizontally across the shape.
MsoGradientStyle,Enumeration,msoGradientVertical,2,Gradient running vertically down the shape.
MsoGradientStyle,Enumeration,msoGradientDiagonalUp,3,Diagonal gradient moving from a bottom corner up to the opposite corner.
MsoGradientStyle,Enumeration,msoGradientDiagonalDown,4,Diagonal gradient moving from a top corner down to the opposite corner.
MsoGradientStyle,Enumeration,msoGradientFromCorner,5,Gradient running from a corner to the other three corners.
MsoGradientStyle,Enumeration,msoGradientFromTitle,6,Gradient running from the title outward.
MsoGradientStyle,Enumeration,msoGradientFromCenter,7,Gradient running from the center out to the corners.
MsoGraphicStyleIndex,Enumeration,msoGraphicStyleMixed,-2,A mix of graphic styles
MsoGraphicStyleIndex,Enumeration,msoGraphicStyleNotAPreset,0,No graphic style
MsoGraphicStyleIndex,Enumeration,msoGraphicStylePreset1,1,Graphic style 1
MsoGraphicStyleIndex,Enumeration,msoGraphicStylePreset2,2,Graphic style 2
MsoGraphicStyleIndex,Enumeration,msoGraphicStylePreset3,3,Graphic style 3
MsoGraphicStyleIndex,Enumeration,msoGraphicStylePreset4,4,Graphic style 4
MsoGraphicStyleIndex,Enumeration,msoGraphicStylePreset5,5,Graphic style 5
MsoGraphicStyleIndex,Enumeration,msoGraphicStylePreset6,6,Graphic style 6
MsoGraphicStyleIndex,Enumeration,msoGraphicStylePreset7,7,Graphic style 7
MsoGraphicStyleIndex,Enumeration,msoGraphicStylePreset8,8,Graphic style 8
MsoGraphicStyleIndex,Enumeration,msoGraphicStylePreset9,9,Graphic style 9
MsoGraphicStyleIndex,Enumeration,msoGraphicStylePreset10,10,Graphic style 10
MsoGraphicStyleIndex,Enumeration,msoGraphicStylePreset11,11,Graphic style 11
MsoGraphicStyleIndex,Enumeration,msoGraphicStylePreset12,12,Graphic style 12
MsoGraphicStyleIndex,Enumeration,msoGraphicStylePreset13,13,Graphic style 13
MsoGraphicStyleIndex,Enumeration,msoGraphicStylePreset14,14,Graphic style 14
MsoGraphicStyleIndex,Enumeration,msoGraphicStylePreset15,15,Graphic style 15
MsoGraphicStyleIndex,Enumeration,msoGraphicStylePreset16,16,Graphic style 16
MsoGraphicStyleIndex,Enumeration,msoGraphicStylePreset17,17,Graphic style 17
MsoGraphicStyleIndex,Enumeration,msoGraphicStylePreset18,18,Graphic style 18
MsoGraphicStyleIndex,Enumeration,msoGraphicStylePreset19,19,Graphic style 19
MsoGraphicStyleIndex,Enumeration,msoGraphicStylePreset20,20,Graphic style 20
MsoGraphicStyleIndex,Enumeration,msoGraphicStylePreset21,21,Graphic style 21
MsoGraphicStyleIndex,Enumeration,msoGraphicStylePreset22,22,Graphic style 22
MsoGraphicStyleIndex,Enumeration,msoGraphicStylePreset23,23,Graphic style 23
MsoGraphicStyleIndex,Enumeration,msoGraphicStylePreset24,24,Graphic style 24
MsoGraphicStyleIndex,Enumeration,msoGraphicStylePreset25,25,Graphic style 25
MsoGraphicStyleIndex,Enumeration,msoGraphicStylePreset26,26,Graphic style 26
MsoGraphicStyleIndex,Enumeration,msoGraphicStylePreset27,27,Graphic style 27
MsoGraphicStyleIndex,Enumeration,msoGraphicStylePreset28,28,Graphic style 28
MsoHorizontalAnchor,Enumeration,msoHorizontalAnchorMixed,-2,Return value only; indicates a combination of the other states.
MsoHorizontalAnchor,Enumeration,msoAnchorNone,1,No alignment.
MsoHorizontalAnchor,Enumeration,msoAnchorCenter,2,Text is centered horizontally.
MsoHTMLProjectOpen,Enumeration,msoHTMLProjectOpenSourceView,1,
MsoHTMLProjectOpen,Enumeration,msoHTMLProjectOpenTextView,2,
MsoHTMLProjectState,Enumeration,msoHTMLProjectStateDocumentLocked,1,
MsoHTMLProjectState,Enumeration,msoHTMLProjectStateProjectLocked,2,
MsoHTMLProjectState,Enumeration,msoHTMLProjectStateDocumentProjectUnlocked,3,
MsoHyperlinkType,Enumeration,msoHyperlinkRange,0,Hyperlink applies to a Range object.
MsoHyperlinkType,Enumeration,msoHyperlinkShape,1,Hyperlink applies to a Shape object.
MsoHyperlinkType,Enumeration,msoHyperlinkInlineShape,2,Hyperlink applies to an inline shape. Used only with Microsoft Word.
MsoIconType,Enumeration,msoIconNone,0,
MsoIconType,Enumeration,msoIconAlert,2,
MsoIconType,Enumeration,msoIconTip,3,
MsoIconType,Enumeration,msoIconAlertInfo,4,
MsoIconType,Enumeration,msoIconAlertWarning,5,
MsoIconType,Enumeration,msoIconAlertQuery,6,
MsoIconType,Enumeration,msoIconAlertCritical,7,
MsoIodGroup,Enumeration,msoIodGroupPIAs,0,
MsoIodGroup,Enumeration,msoIodGroupVSTOR35Mgd,1,
MsoIodGroup,Enumeration,msoIodGroupVSTOR40Mgd,2,
MsoLanguageID,Enumeration,msoLanguageIDMixed,-2,The Mixed language
MsoLanguageID,Enumeration,msoLanguageIDNone,0,No language specified
MsoLanguageID,Enumeration,msoLanguageIDNoProofing,1024,No proofing
MsoLanguageID,Enumeration,msoLanguageIDAfrikaans,1078,The Afrikaans language
MsoLanguageID,Enumeration,msoLanguageIDAlbanian,1052,The Albanian language
MsoLanguageID,Enumeration,msoLanguageIDAmharic,1118,The Amharic language
MsoLanguageID,Enumeration,msoLanguageIDArabicAlgeria,5121,The Arabic Algeria language
MsoLanguageID,Enumeration,msoLanguageIDArabicBahrain,15361,The Arabic Bahrain language
MsoLanguageID,Enumeration,msoLanguageIDArabicEgypt,3073,The Arabic Egypt language
MsoLanguageID,Enumeration,msoLanguageIDArabicIraq,2049,The Arabic Iraq language
MsoLanguageID,Enumeration,msoLanguageIDArabicJordan,11265,The Arabic Jordan language
MsoLanguageID,Enumeration,msoLanguageIDArabicKuwait,13313,The Arabic Kuwait language
MsoLanguageID,Enumeration,msoLanguageIDArabicLebanon,12289,The Arabic Lebanon language
MsoLanguageID,Enumeration,msoLanguageIDArabicLibya,4097,The Arabic Libya language
MsoLanguageID,Enumeration,msoLanguageIDArabicMorocco,6145,The Arabic Morocco language
MsoLanguageID,Enumeration,msoLanguageIDArabicOman,8193,The Arabic Oman language
MsoLanguageID,Enumeration,msoLanguageIDArabicQatar,16385,The Arabic Qatar language
MsoLanguageID,Enumeration,msoLanguageIDArabic,1025,The Arabic language
MsoLanguageID,Enumeration,msoLanguageIDArabicSyria,10241,The Arabic Syria language
MsoLanguageID,Enumeration,msoLanguageIDArabicTunisia,7169,The Arabic Tunisia language
MsoLanguageID,Enumeration,msoLanguageIDArabicUAE,14337,The Arabic UAE language
MsoLanguageID,Enumeration,msoLanguageIDArabicYemen,9217,The Arabic Yemen language
MsoLanguageID,Enumeration,msoLanguageIDArmenian,1067,The Armenian language
MsoLanguageID,Enumeration,msoLanguageIDAssamese,1101,The Assamese language
MsoLanguageID,Enumeration,msoLanguageIDAzeriCyrillic,2092,The Azerbaijani Cyrillic language
MsoLanguageID,Enumeration,msoLanguageIDAzeriLatin,1068,The Azerbaijani Latin language
MsoLanguageID,Enumeration,msoLanguageIDBasque,1069,Basque (Basque)
MsoLanguageID,Enumeration,msoLanguageIDByelorussian,1059,The Belarusian language
MsoLanguageID,Enumeration,msoLanguageIDBengali,1093,The Bengali language
MsoLanguageID,Enumeration,msoLanguageIDBosnian,4122,The Bosnian language
MsoLanguageID,Enumeration,msoLanguageIDBosnianBosniaHerzegovinaCyrillic,8218,The Bosnian Bosnia Herzegovina Cyrillic language
MsoLanguageID,Enumeration,msoLanguageIDBosnianBosniaHerzegovinaLatin,5146,The Bosnian Bosnia Herzegovina Latin language
MsoLanguageID,Enumeration,msoLanguageIDBulgarian,1026,The Bulgarian language
MsoLanguageID,Enumeration,msoLanguageIDBurmese,1109,The Burmese language
MsoLanguageID,Enumeration,msoLanguageIDCatalan,1027,The Catalan language
MsoLanguageID,Enumeration,msoLanguageIDChineseHongKongSAR,3076,The Chinese Hong Kong SAR language
MsoLanguageID,Enumeration,msoLanguageIDChineseMacaoSAR,5124,The Chinese Macao SAR language
MsoLanguageID,Enumeration,msoLanguageIDSimplifiedChinese,2052,The Simplified Chinese language
MsoLanguageID,Enumeration,msoLanguageIDChineseSingapore,4100,The Chinese Singapore language
MsoLanguageID,Enumeration,msoLanguageIDTraditionalChinese,1028,The Traditional Chinese language
MsoLanguageID,Enumeration,msoLanguageIDCherokee,1116,The Cherokee language
MsoLanguageID,Enumeration,msoLanguageIDCroatian,1050,The Croatian language
MsoLanguageID,Enumeration,msoLanguageIDCzech,1029,The Czech language
MsoLanguageID,Enumeration,msoLanguageIDDanish,1030,The Danish language
MsoLanguageID,Enumeration,msoLanguageIDDivehi,1125,The Divehi language
MsoLanguageID,Enumeration,msoLanguageIDBelgianDutch,2067,The Belgian Dutch language
MsoLanguageID,Enumeration,msoLanguageIDDutch,1043,The Dutch language
MsoLanguageID,Enumeration,msoLanguageIDEdo,1126,The Edo language
MsoLanguageID,Enumeration,msoLanguageIDEnglishAUS,3081,The English AUS language
MsoLanguageID,Enumeration,msoLanguageIDEnglishBelize,10249,The English Belize language
MsoLanguageID,Enumeration,msoLanguageIDEnglishCanadian,4105,The English Canadian language
MsoLanguageID,Enumeration,msoLanguageIDEnglishCaribbean,9225,The English Caribbean language
MsoLanguageID,Enumeration,msoLanguageIDEnglishIndonesia,14345,The English Indonesia language
MsoLanguageID,Enumeration,msoLanguageIDEnglishIreland,6153,The English Ireland language
MsoLanguageID,Enumeration,msoLanguageIDEnglishJamaica,8201,The English Jamaica language
MsoLanguageID,Enumeration,msoLanguageIDEnglishNewZealand,5129,The English NewZealand language
MsoLanguageID,Enumeration,msoLanguageIDEnglishPhilippines,13321,The English Philippines language
MsoLanguageID,Enumeration,msoLanguageIDEnglishSouthAfrica,7177,The English South Africa language
MsoLanguageID,Enumeration,msoLanguageIDEnglishTrinidadTobago,11273,The English Trinidad Tobago language
MsoLanguageID,Enumeration,msoLanguageIDEnglishUK,2057,The English UK language
MsoLanguageID,Enumeration,msoLanguageIDEnglishUS,1033,The English US language
MsoLanguageID,Enumeration,msoLanguageIDEnglishZimbabwe,12297,The English Zimbabwe language
MsoLanguageID,Enumeration,msoLanguageIDEstonian,1061,The Estonian language
MsoLanguageID,Enumeration,msoLanguageIDFaeroese,1080,The Faeroese language
MsoLanguageID,Enumeration,msoLanguageIDFarsi,1065,The Farsi language
MsoLanguageID,Enumeration,msoLanguageIDFilipino,1124,The Filipino language
MsoLanguageID,Enumeration,msoLanguageIDFinnish,1035,The Finnish language
MsoLanguageID,Enumeration,msoLanguageIDBelgianFrench,2060,The Belgian French language
MsoLanguageID,Enumeration,msoLanguageIDFrenchCameroon,11276,The French Cameroon language
MsoLanguageID,Enumeration,msoLanguageIDFrenchCanadian,3084,The French Canadian language
MsoLanguageID,Enumeration,msoLanguageIDFrenchCotedIvoire,12300,The French Coted Ivoire language
MsoLanguageID,Enumeration,msoLanguageIDFrench,1036,The French language
MsoLanguageID,Enumeration,msoLanguageIDFrenchHaiti,15372,The French Haiti language
MsoLanguageID,Enumeration,msoLanguageIDFrenchLuxembourg,5132,The French Luxembourg language
MsoLanguageID,Enumeration,msoLanguageIDFrenchMali,13324,The French Mali language
MsoLanguageID,Enumeration,msoLanguageIDFrenchMonaco,6156,The French Monaco language
MsoLanguageID,Enumeration,msoLanguageIDFrenchMorocco,14348,The French Morocco language
MsoLanguageID,Enumeration,msoLanguageIDFrenchReunion,8204,The French Reunion language
MsoLanguageID,Enumeration,msoLanguageIDFrenchSenegal,10252,The French Senegal language
MsoLanguageID,Enumeration,msoLanguageIDSwissFrench,4108,The Swiss French language
MsoLanguageID,Enumeration,msoLanguageIDFrenchWestIndies,7180,The French West Indies language
MsoLanguageID,Enumeration,msoLanguageIDFrenchCongoDRC,9228,The French Congo DRC language
MsoLanguageID,Enumeration,msoLanguageIDFrisianNetherlands,1122,The Frisian Netherlands language
MsoLanguageID,Enumeration,msoLanguageIDFulfulde,1127,The Fulfulde language
MsoLanguageID,Enumeration,msoLanguageIDGaelicIreland,2108,The Irish (Ireland) language
MsoLanguageID,Enumeration,msoLanguageIDGaelicScotland,1084,The Scottish Gaelic language
MsoLanguageID,Enumeration,msoLanguageIDGalician,1110,The Galician language
MsoLanguageID,Enumeration,msoLanguageIDGeorgian,1079,The Georgian language
MsoLanguageID,Enumeration,msoLanguageIDGermanAustria,3079,The German Austria language
MsoLanguageID,Enumeration,msoLanguageIDGerman,1031,The German language
MsoLanguageID,Enumeration,msoLanguageIDGermanLiechtenstein,5127,The German Liechtenstein language
MsoLanguageID,Enumeration,msoLanguageIDGermanLuxembourg,4103,The German Luxembourg language
MsoLanguageID,Enumeration,msoLanguageIDSwissGerman,2055,The Swiss German language
MsoLanguageID,Enumeration,msoLanguageIDGreek,1032,The Greek language
MsoLanguageID,Enumeration,msoLanguageIDGuarani,1140,The Guarani language
MsoLanguageID,Enumeration,msoLanguageIDGujarati,1095,The Gujarati language
MsoLanguageID,Enumeration,msoLanguageIDHausa,1128,The Hausa language
MsoLanguageID,Enumeration,msoLanguageIDHawaiian,1141,The Hawaiian language
MsoLanguageID,Enumeration,msoLanguageIDHebrew,1037,The Hebrew language
MsoLanguageID,Enumeration,msoLanguageIDHindi,1081,The Hindi language
MsoLanguageID,Enumeration,msoLanguageIDHungarian,1038,The Hungarian language
MsoLanguageID,Enumeration,msoLanguageIDIbibio,1129,The Ibibio language
MsoLanguageID,Enumeration,msoLanguageIDIcelandic,1039,The Icelandic language
MsoLanguageID,Enumeration,msoLanguageIDIgbo,1136,The Igbo language
MsoLanguageID,Enumeration,msoLanguageIDIndonesian,1057,The Indonesian language
MsoLanguageID,Enumeration,msoLanguageIDInuktitut,1117,The Inuktitut language
MsoLanguageID,Enumeration,msoLanguageIDItalian,1040,The Italian language
MsoLanguageID,Enumeration,msoLanguageIDSwissItalian,2064,The Swiss Italian language
MsoLanguageID,Enumeration,msoLanguageIDJapanese,1041,The Japanese language
MsoLanguageID,Enumeration,msoLanguageIDKannada,1099,The Kannada language
MsoLanguageID,Enumeration,msoLanguageIDKanuri,1137,The Kanuri language
MsoLanguageID,Enumeration,msoLanguageIDKashmiri,1120,The Kashmiri language
MsoLanguageID,Enumeration,msoLanguageIDKashmiriDevanagari,2144,The Kashmiri Devanagari language
MsoLanguageID,Enumeration,msoLanguageIDKazakh,1087,The Kazakh language
MsoLanguageID,Enumeration,msoLanguageIDKhmer,1107,The Khmer language
MsoLanguageID,Enumeration,msoLanguageIDKirghiz,1088,The Kirghiz language
MsoLanguageID,Enumeration,msoLanguageIDKonkani,1111,The Konkani language
MsoLanguageID,Enumeration,msoLanguageIDKorean,1042,The Korean language
MsoLanguageID,Enumeration,msoLanguageIDKyrgyz,1088,The Kyrgyz language
MsoLanguageID,Enumeration,msoLanguageIDLatin,1142,The Latin language
MsoLanguageID,Enumeration,msoLanguageIDLao,1108,The Lao language
MsoLanguageID,Enumeration,msoLanguageIDLatvian,1062,The Latvian language
MsoLanguageID,Enumeration,msoLanguageIDLithuanian,1063,The Lithuanian language
MsoLanguageID,Enumeration,msoLanguageIDMacedonianFYROM,1071,The Macedonian language
MsoLanguageID,Enumeration,msoLanguageIDMalaysian,1086,The Malaysian language
MsoLanguageID,Enumeration,msoLanguageIDMalayBruneiDarussalam,2110,The Malay Brunei Darussalam language
MsoLanguageID,Enumeration,msoLanguageIDMalayalam,1100,The Malayalam language
MsoLanguageID,Enumeration,msoLanguageIDMaltese,1082,The Maltese language
MsoLanguageID,Enumeration,msoLanguageIDManipuri,1112,The Manipuri language
MsoLanguageID,Enumeration,msoLanguageIDMaori,1153,The Maori language
MsoLanguageID,Enumeration,msoLanguageIDMarathi,1102,The Marathi language
MsoLanguageID,Enumeration,msoLanguageIDMongolian,1104,The Mongolian language
MsoLanguageID,Enumeration,msoLanguageIDNepali,1121,The Nepali language
MsoLanguageID,Enumeration,msoLanguageIDNorwegianBokmol,1044,The Norwegian Bokmol language
MsoLanguageID,Enumeration,msoLanguageIDNorwegianNynorsk,2068,The Norwegian Nynorsk language
MsoLanguageID,Enumeration,msoLanguageIDOriya,1096,The Odia language
MsoLanguageID,Enumeration,msoLanguageIDOromo,1138,The Oromo language
MsoLanguageID,Enumeration,msoLanguageIDPashto,1123,The Pashto language
MsoLanguageID,Enumeration,msoLanguageIDPolish,1045,The Polish language
MsoLanguageID,Enumeration,msoLanguageIDBrazilianPortuguese,1046,The Portuguese (Brazil) language
MsoLanguageID,Enumeration,msoLanguageIDPortuguese,2070,The Portuguese language
MsoLanguageID,Enumeration,msoLanguageIDPunjabi,1094,The Punjabi language
MsoLanguageID,Enumeration,msoLanguageIDQuechuaBolivia,1131,The Quechua Bolivia language
MsoLanguageID,Enumeration,msoLanguageIDQuechuaEcuador,2155,The Quechua Ecuador language
MsoLanguageID,Enumeration,msoLanguageIDQuechuaPeru,3179,The Quechua Peru language
MsoLanguageID,Enumeration,msoLanguageIDRhaetoRomanic,1047,The Rhaeto Romanic language
MsoLanguageID,Enumeration,msoLanguageIDRomanianMoldova,2072,The Romanian Moldova language
MsoLanguageID,Enumeration,msoLanguageIDRomanian,1048,The Romanian language
MsoLanguageID,Enumeration,msoLanguageIDRussianMoldova,2073,The Russian Moldova language
MsoLanguageID,Enumeration,msoLanguageIDRussian,1049,The Russian language
MsoLanguageID,Enumeration,msoLanguageIDSamiLappish,1083,The Sami Lappish language
MsoLanguageID,Enumeration,msoLanguageIDSanskrit,1103,The Sanskrit language
MsoLanguageID,Enumeration,msoLanguageIDSepedi,1132,The Sepedi language
MsoLanguageID,Enumeration,msoLanguageIDSerbianBosniaHerzegovinaCyrillic,7194,The Serbian Bosnia Herzegovina Cyrillic language
MsoLanguageID,Enumeration,msoLanguageIDSerbianBosniaHerzegovinaLatin,6170,The Serbian Bosnia Herzegovina Latin language
MsoLanguageID,Enumeration,msoLanguageIDSerbianCyrillic,3098,The Serbian Cyrillic language
MsoLanguageID,Enumeration,msoLanguageIDSerbianLatin,2074,The Serbian Latin language
MsoLanguageID,Enumeration,msoLanguageIDSesotho,1072,The Sesotho language
MsoLanguageID,Enumeration,msoLanguageIDSindhi,1113,The Sindhi language
MsoLanguageID,Enumeration,msoLanguageIDSindhiPakistan,2137,The Sindhi Pakistan language
MsoLanguageID,Enumeration,msoLanguageIDSinhalese,1115,The Sinhalese language
MsoLanguageID,Enumeration,msoLanguageIDSlovak,1051,The Slovak language
MsoLanguageID,Enumeration,msoLanguageIDSlovenian,1060,The Slovenian language
MsoLanguageID,Enumeration,msoLanguageIDSomali,1143,The Somali language
MsoLanguageID,Enumeration,msoLanguageIDSorbian,1070,The Sorbian language
MsoLanguageID,Enumeration,msoLanguageIDSpanishArgentina,11274,The Spanish Argentina language
MsoLanguageID,Enumeration,msoLanguageIDSpanishBolivia,16394,The Spanish Bolivia language
MsoLanguageID,Enumeration,msoLanguageIDSpanishChile,13322,The Spanish Chile language
MsoLanguageID,Enumeration,msoLanguageIDSpanishColombia,9226,The Spanish Colombia language
MsoLanguageID,Enumeration,msoLanguageIDSpanishCostaRica,5130,The Spanish Costa Rica language
MsoLanguageID,Enumeration,msoLanguageIDSpanishDominicanRepublic,7178,The Spanish Dominican Republic language
MsoLanguageID,Enumeration,msoLanguageIDSpanishEcuador,12298,The Spanish Ecuador language
MsoLanguageID,Enumeration,msoLanguageIDSpanishElSalvador,17418,The Spanish El Salvador language
MsoLanguageID,Enumeration,msoLanguageIDSpanishGuatemala,4106,The Spanish Guatemala language
MsoLanguageID,Enumeration,msoLanguageIDSpanishHonduras,18442,The Spanish Honduras language
MsoLanguageID,Enumeration,msoLanguageIDMexicanSpanish,2058,The Mexican Spanish language
MsoLanguageID,Enumeration,msoLanguageIDSpanishNicaragua,19466,The Spanish Nicaragua language
MsoLanguageID,Enumeration,msoLanguageIDSpanishPanama,6154,The Spanish Panama language
MsoLanguageID,Enumeration,msoLanguageIDSpanishParaguay,15370,The Spanish Paraguay language
MsoLanguageID,Enumeration,msoLanguageIDSpanishPeru,10250,The Spanish Peru language
MsoLanguageID,Enumeration,msoLanguageIDSpanishPuertoRico,20490,The Spanish Puerto Rico language
MsoLanguageID,Enumeration,msoLanguageIDSpanishModernSort,3082,The Spanish Modern Sort language
MsoLanguageID,Enumeration,msoLanguageIDSpanish,1034,The Spanish language
MsoLanguageID,Enumeration,msoLanguageIDSpanishUruguay,14346,The Spanish Uruguay language
MsoLanguageID,Enumeration,msoLanguageIDSpanishVenezuela,8202,The Spanish Venezuela language
MsoLanguageID,Enumeration,msoLanguageIDSutu,1072,The Sutu language
MsoLanguageID,Enumeration,msoLanguageIDSwahili,1089,The Swahili language
MsoLanguageID,Enumeration,msoLanguageIDSwedishFinland,2077,The Swedish Finland language
MsoLanguageID,Enumeration,msoLanguageIDSwedish,1053,The Swedish language
MsoLanguageID,Enumeration,msoLanguageIDSyriac,1114,The Syriac language
MsoLanguageID,Enumeration,msoLanguageIDTajik,1064,The Tajik language
MsoLanguageID,Enumeration,msoLanguageIDTamil,1097,The Tamil language
MsoLanguageID,Enumeration,msoLanguageIDTamazight,1119,The Tamazight language
MsoLanguageID,Enumeration,msoLanguageIDTamazightLatin,2143,The Tamazight Latin language
MsoLanguageID,Enumeration,msoLanguageIDTatar,1092,The Tatar language
MsoLanguageID,Enumeration,msoLanguageIDTelugu,1098,The Telugu language
MsoLanguageID,Enumeration,msoLanguageIDThai,1054,The Thai language
MsoLanguageID,Enumeration,msoLanguageIDTibetan,1105,The Tibetan language
MsoLanguageID,Enumeration,msoLanguageIDTigrignaEthiopic,1139,The Tigrigna Ethiopic language
MsoLanguageID,Enumeration,msoLanguageIDTigrignaEritrea,2163,The Tigrigna Eritrea language
MsoLanguageID,Enumeration,msoLanguageIDTsonga,1073,The Tsonga language
MsoLanguageID,Enumeration,msoLanguageIDTswana,1074,The Tswana language
MsoLanguageID,Enumeration,msoLanguageIDTurkish,1055,The Turkish language
MsoLanguageID,Enumeration,msoLanguageIDTurkmen,1090,The Turkmen language
MsoLanguageID,Enumeration,msoLanguageIDUkrainian,1058,The Ukrainian language
MsoLanguageID,Enumeration,msoLanguageIDUrdu,1056,The Urdu language
MsoLanguageID,Enumeration,msoLanguageIDUzbekCyrillic,2115,The Uzbek Cyrillic language
MsoLanguageID,Enumeration,msoLanguageIDUzbekLatin,1091,The Uzbek Latin language
MsoLanguageID,Enumeration,msoLanguageIDVenda,1075,The Venda language
MsoLanguageID,Enumeration,msoLanguageIDVietnamese,1066,The Vietnamese language
MsoLanguageID,Enumeration,msoLanguageIDWelsh,1106,The Welsh language
MsoLanguageID,Enumeration,msoLanguageIDXhosa,1076,The Xhosa language
MsoLanguageID,Enumeration,msoLanguageIDYi,1144,The Yi language
MsoLanguageID,Enumeration,msoLanguageIDYiddish,1085,The Yiddish language
MsoLanguageID,Enumeration,msoLanguageIDYoruba,1130,The Yoruba language
MsoLanguageID,Enumeration,msoLanguageIDZulu,1077,The Zulu language
MsoLanguageIDHidden,Enumeration,msoLanguageIDChineseHongKong,3076,
MsoLanguageIDHidden,Enumeration,msoLanguageIDChineseMacao,5124,
MsoLanguageIDHidden,Enumeration,msoLanguageIDEnglishTrinidad,11273,
MsoLastModified,Enumeration,msoLastModifiedYesterday,1,
MsoLastModified,Enumeration,msoLastModifiedToday,2,
MsoLastModified,Enumeration,msoLastModifiedLastWeek,3,
MsoLastModified,Enumeration,msoLastModifiedThisWeek,4,
MsoLastModified,Enumeration,msoLastModifiedLastMonth,5,
MsoLastModified,Enumeration,msoLastModifiedThisMonth,6,
MsoLastModified,Enumeration,msoLastModifiedAnyTime,7,
MsoLightRigType,Enumeration,msoLightRigMixed,-2,Specifies the Mixed effect.
MsoLightRigType,Enumeration,msoLightRigLegacyFlat1,1,Specifies the LegacyFlat1 effect.
MsoLightRigType,Enumeration,msoLightRigLegacyFlat2,2,Specifies the LegacyFlat2 effect.
MsoLightRigType,Enumeration,msoLightRigLegacyFlat3,3,Specifies the LegacyFlat3 effect.
MsoLightRigType,Enumeration,msoLightRigLegacyFlat4,4,Specifies the LegacyFlat4 effect.
MsoLightRigType,Enumeration,msoLightRigLegacyNormal1,5,Specifies the LegacyNormal1 effect.
MsoLightRigType,Enumeration,msoLightRigLegacyNormal2,6,Specifies the LegacyNormal2 effect.
MsoLightRigType,Enumeration,msoLightRigLegacyNormal3,7,Specifies the LegacyNormal3 effect.
MsoLightRigType,Enumeration,msoLightRigLegacyNormal4,8,Specifies the LegacyNormal4 effect.
MsoLightRigType,Enumeration,msoLightRigLegacyHarsh1,9,Specifies the LegacyHarsh1 effect.
MsoLightRigType,Enumeration,msoLightRigLegacyHarsh2,10,Specifies the LegacyHarsh2 effect.
MsoLightRigType,Enumeration,msoLightRigLegacyHarsh3,11,Specifies the LegacyHarsh3 effect.
MsoLightRigType,Enumeration,msoLightRigLegacyHarsh4,12,Specifies the LegacyHarsh4 effect.
MsoLightRigType,Enumeration,msoLightRigThreePoint,13,Specifies the ThreePoint effect.
MsoLightRigType,Enumeration,msoLightRigBalanced,14,Specifies the Balanced effect.
MsoLightRigType,Enumeration,msoLightRigSoft,15,Specifies the Soft effect.
MsoLightRigType,Enumeration,msoLightRigHarsh,16,Specifies the Harsh effect.
MsoLightRigType,Enumeration,msoLightRigFlood,17,Specifies the Flood effect.
MsoLightRigType,Enumeration,msoLightRigContrasting,18,Specifies the Contrasting effect.
MsoLightRigType,Enumeration,msoLightRigMorning,19,Specifies the Morning effect.
MsoLightRigType,Enumeration,msoLightRigSunrise,20,Specifies the Sunrise effect.
MsoLightRigType,Enumeration,msoLightRigSunset,21,Specifies the Sunset effect.
MsoLightRigType,Enumeration,msoLightRigChilly,22,Specifies the Chilly effect.
MsoLightRigType,Enumeration,msoLightRigFreezing,23,Specifies the Freezing effect.
MsoLightRigType,Enumeration,msoLightRigFlat,24,Specifies the Flat effect.
MsoLightRigType,Enumeration,msoLightRigTwoPoint,25,Specifies the TwoPoint effect.
MsoLightRigType,Enumeration,msoLightRigGlow,26,Specifies the Glow effect.
MsoLightRigType,Enumeration,msoLightRigBrightRoom,27,Specifies the BrightRoom effect.
MsoLineCapStyle,Enumeration,msoLineCapMixed,-2,
MsoLineCapStyle,Enumeration,msoLineCapSquare,1,
MsoLineCapStyle,Enumeration,msoLineCapRound,2,
MsoLineCapStyle,Enumeration,msoLineCapFlat,3,
MsoLineDashStyle,Enumeration,msoLineDashStyleMixed,-2,Not supported.
MsoLineDashStyle,Enumeration,msoLineSolid,1,Line is solid.
MsoLineDashStyle,Enumeration,msoLineSquareDot,2,Line is made up of square dots.
MsoLineDashStyle,Enumeration,msoLineRoundDot,3,Line is made up of round dots.
MsoLineDashStyle,Enumeration,msoLineDash,4,Line consists of dashes only.
MsoLineDashStyle,Enumeration,msoLineDashDot,5,Line is a dash-dot pattern.
MsoLineDashStyle,Enumeration,msoLineDashDotDot,6,Line is a dash-dot-dot pattern.
MsoLineDashStyle,Enumeration,msoLineLongDash,7,Line consists of long dashes.
MsoLineDashStyle,Enumeration,msoLineLongDashDot,8,Line is a long dash-dot pattern.
MsoLineDashStyle,Enumeration,msoLineLongDashDotDot,9,
MsoLineDashStyle,Enumeration,msoLineSysDash,10,
MsoLineDashStyle,Enumeration,msoLineSysDot,11,
MsoLineDashStyle,Enumeration,msoLineSysDashDot,12,
MsoLineFillType,Enumeration,msoLineFillMixed,-2,
MsoLineFillType,Enumeration,msoLineFillNone,0,
MsoLineFillType,Enumeration,msoLineFillSolid,1,
MsoLineFillType,Enumeration,msoLineFillPatterned,2,
MsoLineFillType,Enumeration,msoLineFillGradient,3,
MsoLineFillType,Enumeration,msoLineFillTextured,4,
MsoLineFillType,Enumeration,msoLineFillBackground,5,
MsoLineFillType,Enumeration,msoLineFillPicture,6,
MsoLineJoinStyle,Enumeration,msoLineJoinMixed,-2,
MsoLineJoinStyle,Enumeration,msoLineJoinRound,1,
MsoLineJoinStyle,Enumeration,msoLineJoinBevel,2,
MsoLineJoinStyle,Enumeration,msoLineJoinMiter,3,
MsoLineStyle,Enumeration,msoLineStyleMixed,-2,Not supported.
MsoLineStyle,Enumeration,msoLineSingle,1,Single line.
MsoLineStyle,Enumeration,msoLineThinThin,2,Two thin lines.
MsoLineStyle,Enumeration,msoLineThinThick,3,"Thick line next to thin line. For horizontal lines, the thick line is below the thin line. For vertical lines, the thick line is to the right of the thin line."
MsoLineStyle,Enumeration,msoLineThickThin,4,"Thick line next to thin line. For horizontal lines, the thick line is above the thin line. For vertical lines, the thick line is to the left of the thin line."
MsoLineStyle,Enumeration,msoLineThickBetweenThin,5,Thick line with a thin line on each side.
MsoMenuAnimation,Enumeration,msoMenuAnimationNone,0,No animation
MsoMenuAnimation,Enumeration,msoMenuAnimationRandom,1,Random animation
MsoMenuAnimation,Enumeration,msoMenuAnimationUnfold,2,Menus unfold into view
MsoMenuAnimation,Enumeration,msoMenuAnimationSlide,3,Menus slide into view
MsoMergeCmd,Enumeration,msoMergeUnion,1,
MsoMergeCmd,Enumeration,msoMergeCombine,2,
MsoMergeCmd,Enumeration,msoMergeIntersect,3,
MsoMergeCmd,Enumeration,msoMergeSubtract,4,
MsoMergeCmd,Enumeration,msoMergeFragment,5,
MsoMetaPropertyType,Enumeration,msoMetaPropertyTypeUnknown,0,Represents an unknown value.
MsoMetaPropertyType,Enumeration,msoMetaPropertyTypeBoolean,1,Represents a Boolean value.
MsoMetaPropertyType,Enumeration,msoMetaPropertyTypeChoice,2,Represents a value from one or more choices.
MsoMetaPropertyType,Enumeration,msoMetaPropertyTypeCalculated,3,Represents a calculated value.
MsoMetaPropertyType,Enumeration,msoMetaPropertyTypeComputed,4,Represents a computed value.
MsoMetaPropertyType,Enumeration,msoMetaPropertyTypeCurrency,5,Represents a Currency value
MsoMetaPropertyType,Enumeration,msoMetaPropertyTypeDateTime,6,Represents a DateTime value.
MsoMetaPropertyType,Enumeration,msoMetaPropertyTypeFillInChoice,7,Represents a value from two or more choices that is written-in by the user.
MsoMetaPropertyType,Enumeration,msoMetaPropertyTypeGuid,8,Represents a GUID value.
MsoMetaPropertyType,Enumeration,msoMetaPropertyTypeInteger,9,Represents an Integer value.
MsoMetaPropertyType,Enumeration,msoMetaPropertyTypeLookup,10,Represents a value used to lookup another value.
MsoMetaPropertyType,Enumeration,msoMetaPropertyTypeMultiChoiceLookup,11,Represents a collection of choices used to look up another value.
MsoMetaPropertyType,Enumeration,msoMetaPropertyTypeMultiChoice,12,Represents a collection of choices.
MsoMetaPropertyType,Enumeration,msoMetaPropertyTypeMultiChoiceFillIn,13,Represents a collection of choices that require the user to write-in a value.
MsoMetaPropertyType,Enumeration,msoMetaPropertyTypeNote,14,Represents a value of one or more sentences.
MsoMetaPropertyType,Enumeration,msoMetaPropertyTypeNumber,15,Represents a generic number data type.
MsoMetaPropertyType,Enumeration,msoMetaPropertyTypeText,16,Represents a text value.
MsoMetaPropertyType,Enumeration,msoMetaPropertyTypeUrl,17,Represents a URL.
MsoMetaPropertyType,Enumeration,msoMetaPropertyTypeUser,18,Represents a category of user.
MsoMetaPropertyType,Enumeration,msoMetaPropertyTypeUserMulti,19,
MsoMetaPropertyType,Enumeration,msoMetaPropertyTypeBusinessData,20,
MsoMetaPropertyType,Enumeration,msoMetaPropertyTypeBusinessDataSecondary,21,
MsoMetaPropertyType,Enumeration,msoMetaPropertyTypeMax,22,Represents the maximum value for a range.
MsoMixedType,Enumeration,msoIntegerMixed,32768,Internal use only.
MsoMixedType,Enumeration,msoSingleMixed,-2147483648,Internal use only.
MsoModeType,Enumeration,msoModeModal,0,
MsoModeType,Enumeration,msoModeAutoDown,1,
MsoModeType,Enumeration,msoModeModeless,2,
MsoMoveRow,Enumeration,msoMoveRowFirst,-4,Internal use only.
MsoMoveRow,Enumeration,msoMoveRowPrev,-3,Internal use only.
MsoMoveRow,Enumeration,msoMoveRowNext,-2,Internal use only.
MsoMoveRow,Enumeration,msoMoveRowNbr,-1,Internal use only.
MsoNumberedBulletStyle,Enumeration,msoBulletStyleMixed,-2,Return value only; indicates a combination of the other states.
MsoNumberedBulletStyle,Enumeration,msoBulletAlphaLCPeriod,0,Lowercase alphabetical bullet with period.
MsoNumberedBulletStyle,Enumeration,msoBulletAlphaUCPeriod,1,Uppercase alphabetical bullet with period.
MsoNumberedBulletStyle,Enumeration,msoBulletArabicParenRight,2,Arabic bullet with closing parenthesis.
MsoNumberedBulletStyle,Enumeration,msoBulletArabicPeriod,3,Arabic bullet with period.
MsoNumberedBulletStyle,Enumeration,msoBulletRomanLCParenBoth,4,Lowercase roman bullet with opening and closing parentheses.
MsoNumberedBulletStyle,Enumeration,msoBulletRomanLCParenRight,5,Lowercase roman bullet with closing parenthesis.
MsoNumberedBulletStyle,Enumeration,msoBulletRomanLCPeriod,6,Lowercase roman bullet with period.
MsoNumberedBulletStyle,Enumeration,msoBulletRomanUCPeriod,7,Uppercase roman bullet with period.
MsoNumberedBulletStyle,Enumeration,msoBulletAlphaLCParenBoth,8,Lowercase alphabetical bullet with opening and closing parentheses.
MsoNumberedBulletStyle,Enumeration,msoBulletAlphaLCParenRight,9,Lowercase alphabetical bullet with closing parenthesis.
MsoNumberedBulletStyle,Enumeration,msoBulletAlphaUCParenBoth,10,Uppercase alphabetical bullet with opening and closing parentheses.
MsoNumberedBulletStyle,Enumeration,msoBulletAlphaUCParenRight,11,Uppercase alphabetical bullet with closing parenthesis.
MsoNumberedBulletStyle,Enumeration,msoBulletArabicParenBoth,12,Arabic bullet with opening and closing parentheses.
MsoNumberedBulletStyle,Enumeration,msoBulletArabicPlain,13,Plain Arabic bullet.
MsoNumberedBulletStyle,Enumeration,msoBulletRomanUCParenBoth,14,Uppercase roman bullet with opening and closing parentheses.
MsoNumberedBulletStyle,Enumeration,msoBulletRomanUCParenRight,15,Uppercase roman bullet with closing parenthesis.
MsoNumberedBulletStyle,Enumeration,msoBulletSimpChinPlain,16,Simplified Chinese bullet.
MsoNumberedBulletStyle,Enumeration,msoBulletSimpChinPeriod,17,Simplified Chinese bulllet with period.
MsoNumberedBulletStyle,Enumeration,msoBulletCircleNumDBPlain,18,Circled number bullet.
MsoNumberedBulletStyle,Enumeration,msoBulletCircleNumWDWhitePlain,19,Circled number WD white bullet.
MsoNumberedBulletStyle,Enumeration,msoBulletCircleNumWDBlackPlain,20,Circled number WD black bullet.
MsoNumberedBulletStyle,Enumeration,msoBulletTradChinPlain,21,Traditional Chinese bulllet.
MsoNumberedBulletStyle,Enumeration,msoBulletTradChinPeriod,22,Traditional Chinese bulllet with period.
MsoNumberedBulletStyle,Enumeration,msoBulletArabicAlphaDash,23,Arabic alphabetical bullet with a dash.
MsoNumberedBulletStyle,Enumeration,msoBulletArabicAbjadDash,24,Arabic Abjad bullet with a dash.
MsoNumberedBulletStyle,Enumeration,msoBulletHebrewAlphaDash,25,Hebrew alphabetical bullet with dash.
MsoNumberedBulletStyle,Enumeration,msoBulletKanjiKoreanPlain,26,Korean Kanji bullet.
MsoNumberedBulletStyle,Enumeration,msoBulletKanjiKoreanPeriod,27,Korean Kanji bullet with period.
MsoNumberedBulletStyle,Enumeration,msoBulletArabicDBPlain,28,Plain Arabic DB bullet.
MsoNumberedBulletStyle,Enumeration,msoBulletArabicDBPeriod,29,Arabic DB bullet with period.
MsoNumberedBulletStyle,Enumeration,msoBulletThaiAlphaPeriod,30,Thai alphabetical bullet with period.
MsoNumberedBulletStyle,Enumeration,msoBulletThaiAlphaParenRight,31,Thai alphabetical bullet with closing parenthesis.
MsoNumberedBulletStyle,Enumeration,msoBulletThaiAlphaParenBoth,32,Thai alphabetical bullet with opening and closing parentheses.
MsoNumberedBulletStyle,Enumeration,msoBulletThaiNumPeriod,33,Thai numerical bullet with period.
MsoNumberedBulletStyle,Enumeration,msoBulletThaiNumParenRight,34,Thai numerical bullet with closing parenthesis.
MsoNumberedBulletStyle,Enumeration,msoBulletThaiNumParenBoth,35,Thai numerical bullet with opening and closing parentheses.
MsoNumberedBulletStyle,Enumeration,msoBulletHindiAlphaPeriod,36,Hindi alphabetical bullet with period.
MsoNumberedBulletStyle,Enumeration,msoBulletHindiNumPeriod,37,Hindi numbered bullet with period.
MsoNumberedBulletStyle,Enumeration,msoBulletKanjiSimpChinDBPeriod,38,Simplified Chinese Kanji bulllet with period.
MsoNumberedBulletStyle,Enumeration,msoBulletHindiNumParenRight,39,Hindi numbered bullet with closing parenthesis.
MsoNumberedBulletStyle,Enumeration,msoBulletHindiAlpha1Period,40,Hindi alphabetical bullet 1 with period.
MsoOLEMenuGroup,Enumeration,msoOLEMenuGroupNone,-1,Pop-up control is not merged.
MsoOLEMenuGroup,Enumeration,msoOLEMenuGroupFile,0,File menu
MsoOLEMenuGroup,Enumeration,msoOLEMenuGroupEdit,1,Edit menu
MsoOLEMenuGroup,Enumeration,msoOLEMenuGroupContainer,2,Container menu
MsoOLEMenuGroup,Enumeration,msoOLEMenuGroupObject,3,Object menu
MsoOLEMenuGroup,Enumeration,msoOLEMenuGroupWindow,4,Window menu
MsoOLEMenuGroup,Enumeration,msoOLEMenuGroupHelp,5,Help menu
MsoOrgChartLayoutType,Enumeration,msoOrgChartLayoutMixed,-2,Return value for a parent node that has children formatted using more than one MsoOrgChartLayoutType.
MsoOrgChartLayoutType,Enumeration,msoOrgChartLayoutStandard,1,Places child nodes horizontally below the parent node.
MsoOrgChartLayoutType,Enumeration,msoOrgChartLayoutBothHanging,2,Places child nodes vertically below the parent node on both the left and the right side.
MsoOrgChartLayoutType,Enumeration,msoOrgChartLayoutLeftHanging,3,Places child nodes vertically below the parent node on the left side.
MsoOrgChartLayoutType,Enumeration,msoOrgChartLayoutRightHanging,4,Places child nodes vertically below the parent node on the right side.
MsoOrgChartLayoutType,Enumeration,msoOrgChartLayoutDefault,5,
MsoOrgChartOrientation,Enumeration,msoOrgChartOrientationMixed,-2,Mixed orientation
MsoOrgChartOrientation,Enumeration,msoOrgChartOrientationVertical,1,Vertical orientation
MsoOrientation,Enumeration,msoOrientationMixed,-2,Mixed orientation
MsoOrientation,Enumeration,msoOrientationHorizontal,1,Horizontal (landscape) orientation
MsoOrientation,Enumeration,msoOrientationVertical,2,Vertical (portrait) orientation
MsoParagraphAlignment,Enumeration,msoAlignMixed,-2,Uses a combination of alignment styles.
MsoParagraphAlignment,Enumeration,msoAlignLeft,1,"Specifies that the leftmost character of each line is aligned to the left margin, and the right edge of each line is ragged. This is the default alignment for paragraphs with left-to-right text direction."
MsoParagraphAlignment,Enumeration,msoAlignCenter,2,"Specifies that the center of each line of text is aligned to the midpoint of the right and left text box margins, and the left and right edges of each line are ragged."
MsoParagraphAlignment,Enumeration,msoAlignRight,3,"Specifies that the rightmost character of each line is aligned to the right margin, and the left edge of each line is ragged. This is the default alignment for paragraphs with right-to-left text direction."
MsoParagraphAlignment,Enumeration,msoAlignJustify,4,"Specifies that the first and last characters of each line (except the last) are aligned to the left and right margins, and lines are filled by adding or subtracting space between and within words. The last line of the paragraph is aligned to the left margin if text direction is left-to-right, or to the right margin if text direction is right-to-left."
MsoParagraphAlignment,Enumeration,msoAlignDistribute,5,"Specifies that the first and last characters of each line (except the last) are aligned to the left and right margins, and lines are filled by adding or subtracting the same amount from each character. The last line of the paragraph is aligned to the left margin if text direction is left-to-right, or to the right margin if text direction is right-to-left."
MsoParagraphAlignment,Enumeration,msoAlignThaiDistribute,6,"Specifies that the first and last characters of each line (except the last) are aligned to the left and right margins, and lines are filled by adding or subtracting space between (but not within) words. The last line of the paragraph is aligned to the left margin."
MsoParagraphAlignment,Enumeration,msoAlignJustifyLow,7,Specifies the alignment or adjustment of kashida length in Arabic text. Kashida are special characters used to extend the joiner between two Arabic characters.
MsoPathFormat,Enumeration,msoPathTypeMixed,-2,Represents a mixed format.
MsoPathFormat,Enumeration,msoPathTypeNone,0,Represents no format.
MsoPathFormat,Enumeration,msoPathType1,1,Represents the Type1 format.
MsoPathFormat,Enumeration,msoPathType2,2,Represents the Type2 format.
MsoPathFormat,Enumeration,msoPathType3,3,Represents the Type3 format.
MsoPathFormat,Enumeration,msoPathType4,4,Represents the Type4 format.
MsoPatternType,Enumeration,msoPatternMixed,-2,Mixed pattern
MsoPatternType,Enumeration,msoPattern5Percent,1,5% of the foreground color
MsoPatternType,Enumeration,msoPattern10Percent,2,10% of the foreground color
MsoPatternType,Enumeration,msoPattern20Percent,3,20% of the foreground color
MsoPatternType,Enumeration,msoPattern25Percent,4,25% of the foreground color
MsoPatternType,Enumeration,msoPattern30Percent,5,30% of the foreground color
MsoPatternType,Enumeration,msoPattern40Percent,6,40% of the foreground color
MsoPatternType,Enumeration,msoPattern50Percent,7,50% of the foreground color
MsoPatternType,Enumeration,msoPattern60Percent,8,60% of the foreground color
MsoPatternType,Enumeration,msoPattern70Percent,9,70% of the foreground color
MsoPatternType,Enumeration,msoPattern75Percent,10,75% of the foreground color
MsoPatternType,Enumeration,msoPattern80Percent,11,80% of the foreground color
MsoPatternType,Enumeration,msoPattern90Percent,12,90% of the foreground color
MsoPatternType,Enumeration,msoPatternDarkHorizontal,13,Dark Horizontal
MsoPatternType,Enumeration,msoPatternDarkVertical,14,Dark Vertical
MsoPatternType,Enumeration,msoPatternDarkDownwardDiagonal,15,Dark Downward Diagonal
MsoPatternType,Enumeration,msoPatternDarkUpwardDiagonal,16,Dark Upward Diagonal
MsoPatternType,Enumeration,msoPatternSmallCheckerBoard,17,Small Checker Board
MsoPatternType,Enumeration,msoPatternTrellis,18,Trellis
MsoPatternType,Enumeration,msoPatternLightHorizontal,19,Light Horizontal
MsoPatternType,Enumeration,msoPatternLightVertical,20,Light Vertical
MsoPatternType,Enumeration,msoPatternLightDownwardDiagonal,21,Light Downward Diagonal
MsoPatternType,Enumeration,msoPatternLightUpwardDiagonal,22,Light Upward Diagonal
MsoPatternType,Enumeration,msoPatternSmallGrid,23,Small Grid
MsoPatternType,Enumeration,msoPatternDottedDiamond,24,Dotted Diamond
MsoPatternType,Enumeration,msoPatternWideDownwardDiagonal,25,Wide Downward Diagonal
MsoPatternType,Enumeration,msoPatternWideUpwardDiagonal,26,Wide Upward Diagonal
MsoPatternType,Enumeration,msoPatternDashedUpwardDiagonal,27,Dashed Upward Diagonal
MsoPatternType,Enumeration,msoPatternDashedDownwardDiagonal,28,Dashed Downward Diagonal
MsoPatternType,Enumeration,msoPatternNarrowVertical,29,Narrow Vertical
MsoPatternType,Enumeration,msoPatternNarrowHorizontal,30,Narrow Horizontal
MsoPatternType,Enumeration,msoPatternDashedVertical,31,Dashed Vertical
MsoPatternType,Enumeration,msoPatternDashedHorizontal,32,Dashed Horizontal
MsoPatternType,Enumeration,msoPatternLargeConfetti,33,Large Confetti
MsoPatternType,Enumeration,msoPatternLargeGrid,34,Large Grid
MsoPatternType,Enumeration,msoPatternHorizontalBrick,35,Horizontal Brick
MsoPatternType,Enumeration,msoPatternLargeCheckerBoard,36,Large Checker Board
MsoPatternType,Enumeration,msoPatternSmallConfetti,37,Small Confetti
MsoPatternType,Enumeration,msoPatternZigZag,38,Zig Zag
MsoPatternType,Enumeration,msoPatternSolidDiamond,39,Solid Diamond
MsoPatternType,Enumeration,msoPatternDiagonalBrick,40,Diagonal Brick
MsoPatternType,Enumeration,msoPatternOutlinedDiamond,41,Outlined Diamond
MsoPatternType,Enumeration,msoPatternPlaid,42,Plaid
MsoPatternType,Enumeration,msoPatternSphere,43,Sphere
MsoPatternType,Enumeration,msoPatternWeave,44,Weave
MsoPatternType,Enumeration,msoPatternDottedGrid,45,Dotted Grid
MsoPatternType,Enumeration,msoPatternDivot,46,Pattern Divot
MsoPatternType,Enumeration,msoPatternShingle,47,Shingle
MsoPatternType,Enumeration,msoPatternWave,48,Wave
MsoPatternType,Enumeration,msoPatternHorizontal,49,Horizontal
MsoPatternType,Enumeration,msoPatternVertical,50,Vertical
MsoPatternType,Enumeration,msoPatternCross,51,Cross
MsoPatternType,Enumeration,msoPatternDownwardDiagonal,52,Downward Diagonal
MsoPatternType,Enumeration,msoPatternUpwardDiagonal,53,Upward Diagonal
MsoPatternType,Enumeration,msoPatternDiagonalCross,54,Diagonal Cross
MsoPermission,Enumeration,msoPermissionView,1,Permission to view
MsoPermission,Enumeration,msoPermissionRead,1,Permission to read
MsoPermission,Enumeration,msoPermissionEdit,2,Permission to edit
MsoPermission,Enumeration,msoPermissionSave,4,Permission to save
MsoPermission,Enumeration,msoPermissionExtract,8,Permission to extract
MsoPermission,Enumeration,msoPermissionChange,15,Permission to change
MsoPermission,Enumeration,msoPermissionPrint,16,Permission to print
MsoPermission,Enumeration,msoPermissionObjModel,32,Permission to access the object model programmatically
MsoPermission,Enumeration,msoPermissionFullControl,64,Full control permissions
MsoPermission,Enumeration,msoPermissionAllCommon,127,
MsoPickerField,Enumeration,msoPickerFieldUnknown,0,An unknown type of field
MsoPickerField,Enumeration,msoPickerFieldDateTime,1,A DateTime field
MsoPickerField,Enumeration,msoPickerFieldNumber,2,A number field
MsoPickerField,Enumeration,msoPickerFieldText,3,A text field
MsoPickerField,Enumeration,msoPickerFieldUser,4,A user or group field
MsoPickerField,Enumeration,msoPickerFieldMax,5,The sentinel value of the enumeration
MsoPictureColorType,Enumeration,msoPictureMixed,-2,Mixed transformation
MsoPictureColorType,Enumeration,msoPictureAutomatic,1,Default color transformation
MsoPictureColorType,Enumeration,msoPictureGrayscale,2,Grayscale transformation
MsoPictureColorType,Enumeration,msoPictureBlackAndWhite,3,Black-and-white transformation
MsoPictureColorType,Enumeration,msoPictureWatermark,4,Watermark transformation
MsoPictureCompress,Enumeration,msoPictureCompressDocDefault,-1,
MsoPictureCompress,Enumeration,msoPictureCompressFalse,0,
MsoPictureCompress,Enumeration,msoPictureCompressTrue,1,
MsoPictureEffectType,Enumeration,msoEffectNone,0,No effect
MsoPictureEffectType,Enumeration,msoEffectBackgroundRemoval,1,Background removal effect
MsoPictureEffectType,Enumeration,msoEffectBlur,2,Blur effect
MsoPictureEffectType,Enumeration,msoEffectBrightnessContrast,3,Brightness contrast effect
MsoPictureEffectType,Enumeration,msoEffectCement,4,Cement effect
MsoPictureEffectType,Enumeration,msoEffectCrisscrossEtching,5,Crisscross etching effect
MsoPictureEffectType,Enumeration,msoEffectChalkSketch,6,Chalk sketch effect
MsoPictureEffectType,Enumeration,msoEffectColorTemperature,7,Color temperature effect
MsoPictureEffectType,Enumeration,msoEffectCutout,8,Cutout effect
MsoPictureEffectType,Enumeration,msoEffectFilmGrain,9,Film grain effect
MsoPictureEffectType,Enumeration,msoEffectGlass,10,Glass effect
MsoPictureEffectType,Enumeration,msoEffectGlowDiffused,11,Diffused glow effect
MsoPictureEffectType,Enumeration,msoEffectGlowEdges,12,Glow edges effect
MsoPictureEffectType,Enumeration,msoEffectLightScreen,13,Light screen effect
MsoPictureEffectType,Enumeration,msoEffectLineDrawing,14,Line drawing effect
MsoPictureEffectType,Enumeration,msoEffectMarker,15,Marker effect
MsoPictureEffectType,Enumeration,msoEffectMosiaicBubbles,16,
MsoPictureEffectType,Enumeration,msoEffectPaintBrush,17,Paintbrush effect
MsoPictureEffectType,Enumeration,msoEffectPaintStrokes,18,Paint strokes effect
MsoPictureEffectType,Enumeration,msoEffectPastelsSmooth,19,Smooth pastel effect
MsoPictureEffectType,Enumeration,msoEffectPencilGrayscale,20,Pencil greyscale effect
MsoPictureEffectType,Enumeration,msoEffectPencilSketch,21,Pencil sketch effect
MsoPictureEffectType,Enumeration,msoEffectPhotocopy,22,Photocopy effect
MsoPictureEffectType,Enumeration,msoEffectPlasticWrap,23,Plastic wrap effect
MsoPictureEffectType,Enumeration,msoEffectSaturation,24,Saturation effect
MsoPictureEffectType,Enumeration,msoEffectSharpenSoften,25,Sharpen soften effect
MsoPictureEffectType,Enumeration,msoEffectTexturizer,26,Texturizer effect
MsoPictureEffectType,Enumeration,msoEffectWatercolorSponge,27,Watercolor sponge effect
MsoPictureType,Enumeration,msoPictureTypeDefault,-2,
MsoPictureType,Enumeration,msoPictureTypePNG,0,
MsoPictureType,Enumeration,msoPictureTypeBMP,1,
MsoPictureType,Enumeration,msoPictureTypeGIF,2,
MsoPictureType,Enumeration,msoPictureTypeJPG,3,
MsoPictureType,Enumeration,msoPictureTypePDF,4,
MsoPresetCamera,Enumeration,msoPresetCameraMixed,-2,Specifies a mixed effect.
MsoPresetCamera,Enumeration,msoCameraLegacyObliqueTopLeft,1,Specifies Legacy Oblique Upper Left.
MsoPresetCamera,Enumeration,msoCameraLegacyObliqueTop,2,Specifies Legacy Oblique Top.
MsoPresetCamera,Enumeration,msoCameraLegacyObliqueTopRight,3,Specifies Legacy Oblique Upper Right.
MsoPresetCamera,Enumeration,msoCameraLegacyObliqueLeft,4,Specifies Legacy Oblique Left.
MsoPresetCamera,Enumeration,msoCameraLegacyObliqueFront,5,Specifies Legacy Oblique Front.
MsoPresetCamera,Enumeration,msoCameraLegacyObliqueRight,6,Specifies Legacy Oblique Right.
MsoPresetCamera,Enumeration,msoCameraLegacyObliqueBottomLeft,7,Specifies Legacy Oblique Lower Left.
MsoPresetCamera,Enumeration,msoCameraLegacyObliqueBottom,8,Specifies Legacy Oblique Bottom.
MsoPresetCamera,Enumeration,msoCameraLegacyObliqueBottomRight,9,Specifies Legacy Oblique Lower Right.
MsoPresetCamera,Enumeration,msoCameraLegacyPerspectiveTopLeft,10,Specifies Legacy Perspective Upper Left.
MsoPresetCamera,Enumeration,msoCameraLegacyPerspectiveTop,11,Specifies Legacy Perspective Top.
MsoPresetCamera,Enumeration,msoCameraLegacyPerspectiveTopRight,12,Specifies Legacy Perspective Upper Right.
MsoPresetCamera,Enumeration,msoCameraLegacyPerspectiveLeft,13,Specifies Legacy Perspective Left.
MsoPresetCamera,Enumeration,msoCameraLegacyPerspectiveFront,14,Specifies Legacy Perspective Front.
MsoPresetCamera,Enumeration,msoCameraLegacyPerspectiveRight,15,Specifies Legacy Perspective Right.
MsoPresetCamera,Enumeration,msoCameraLegacyPerspectiveBottomLeft,16,Specifies Legacy Perspective Lower Left.
MsoPresetCamera,Enumeration,msoCameraLegacyPerspectiveBottom,17,Specifies Legacy Perspective Bottom.
MsoPresetCamera,Enumeration,msoCameraLegacyPerspectiveBottomRight,18,Specifies Legacy Perspective Lower Right.
MsoPresetCamera,Enumeration,msoCameraOrthographicFront,19,Specifies Orthographic Front.
MsoPresetCamera,Enumeration,msoCameraIsometricTopUp,20,Specifies Isometric Top Up.
MsoPresetCamera,Enumeration,msoCameraIsometricTopDown,21,Specifies Isometric Top Down.
MsoPresetCamera,Enumeration,msoCameraIsometricBottomUp,22,Specifies Isometric Bottom Up.
MsoPresetCamera,Enumeration,msoCameraIsometricBottomDown,23,Specifies Isometric Bottom Down.
MsoPresetCamera,Enumeration,msoCameraIsometricLeftUp,24,Specifies Isometric Left Up.
MsoPresetCamera,Enumeration,msoCameraIsometricLeftDown,25,Specifies Isometric Left Down.
MsoPresetCamera,Enumeration,msoCameraIsometricRightUp,26,Specifies Isometric Right Up.
MsoPresetCamera,Enumeration,msoCameraIsometricRightDown,27,Specifies Isometric Right Down.
MsoPresetCamera,Enumeration,msoCameraIsometricOffAxis1Left,28,Specifies Isometric OffAxis1 Left.
MsoPresetCamera,Enumeration,msoCameraIsometricOffAxis1Right,29,Specifies Isometric OffAxis1 Right.
MsoPresetCamera,Enumeration,msoCameraIsometricOffAxis1Top,30,Specifies Isometric OffAxis1 Top.
MsoPresetCamera,Enumeration,msoCameraIsometricOffAxis2Left,31,Specifies Isometric OffAxis2 Left.
MsoPresetCamera,Enumeration,msoCameraIsometricOffAxis2Right,32,Specifies Isometric OffAxis2 Right.
MsoPresetCamera,Enumeration,msoCameraIsometricOffAxis2Top,33,Specifies Isometric OffAxis2 Top.
MsoPresetCamera,Enumeration,msoCameraIsometricOffAxis3Left,34,Specifies Isometric OffAxis3 Left.
MsoPresetCamera,Enumeration,msoCameraIsometricOffAxis3Right,35,Specifies Isometric OffAxis3 Right.
MsoPresetCamera,Enumeration,msoCameraIsometricOffAxis3Bottom,36,Specifies Isometric OffAxis3 Bottom.
MsoPresetCamera,Enumeration,msoCameraIsometricOffAxis4Left,37,Specifies Isometric OffAxis4 Left.
MsoPresetCamera,Enumeration,msoCameraIsometricOffAxis4Right,38,Specifies Isometric OffAxis4 Right.
MsoPresetCamera,Enumeration,msoCameraIsometricOffAxis4Bottom,39,Specifies Isometric OffAxis4 Bottom.
MsoPresetCamera,Enumeration,msoCameraObliqueTopLeft,40,Specifies Oblique Upper Left.
MsoPresetCamera,Enumeration,msoCameraObliqueTop,41,Specifies Oblique Top.
MsoPresetCamera,Enumeration,msoCameraObliqueTopRight,42,Specifies Oblique Upper Right.
MsoPresetCamera,Enumeration,msoCameraObliqueLeft,43,Specifies Oblique Left.
MsoPresetCamera,Enumeration,msoCameraObliqueRight,44,Specifies Oblique Right.
MsoPresetCamera,Enumeration,msoCameraObliqueBottomLeft,45,Specifies Oblique Lower Left.
MsoPresetCamera,Enumeration,msoCameraObliqueBottom,46,Specifies Oblique Bottom.
MsoPresetCamera,Enumeration,msoCameraObliqueBottomRight,47,Specifies Oblique Lower Right.
MsoPresetCamera,Enumeration,msoCameraPerspectiveFront,48,Specifies Perspective Front.
MsoPresetCamera,Enumeration,msoCameraPerspectiveLeft,49,Specifies Perspective Left.
MsoPresetCamera,Enumeration,msoCameraPerspectiveRight,50,Specifies Perspective Right.
MsoPresetCamera,Enumeration,msoCameraPerspectiveAbove,51,Specifies Perspective Above.
MsoPresetCamera,Enumeration,msoCameraPerspectiveBelow,52,Specifies Perspective Below.
MsoPresetCamera,Enumeration,msoCameraPerspectiveAboveLeftFacing,53,Specifies Perspective Above Left Facing.
MsoPresetCamera,Enumeration,msoCameraPerspectiveAboveRightFacing,54,Specifies Perspective Above Right Facing.
MsoPresetCamera,Enumeration,msoCameraPerspectiveContrastingLeftFacing,55,Specifies Perspective Contrasting Left Facing.
MsoPresetCamera,Enumeration,msoCameraPerspectiveContrastingRightFacing,56,Specifies Perspective Contrasting Right Facing.
MsoPresetCamera,Enumeration,msoCameraPerspectiveHeroicLeftFacing,57,Specifies Perspective Heroic Left Facing.
MsoPresetCamera,Enumeration,msoCameraPerspectiveHeroicRightFacing,58,Specifies Perspective Heroic Right Facing.
MsoPresetCamera,Enumeration,msoCameraPerspectiveHeroicExtremeLeftFacing,59,Specifies Perspective Heroic Extreme Left Facing.
MsoPresetCamera,Enumeration,msoCameraPerspectiveHeroicExtremeRightFacing,60,Specifies Perspective Heroic Extreme Right Facing.
MsoPresetCamera,Enumeration,msoCameraPerspectiveRelaxed,61,Specifies Perspective Relaxed.
MsoPresetCamera,Enumeration,msoCameraPerspectiveRelaxedModerately,62,Specifies Perspective Relaxed Moderately.
MsoPresetExtrusionDirection,Enumeration,msoPresetExtrusionDirectionMixed,-2,Return value only; indicates a combination of the other states.
MsoPresetExtrusionDirection,Enumeration,msoExtrusionBottomRight,1,Lower right
MsoPresetExtrusionDirection,Enumeration,msoExtrusionBottom,2,Lower part
MsoPresetExtrusionDirection,Enumeration,msoExtrusionBottomLeft,3,Lower left
MsoPresetExtrusionDirection,Enumeration,msoExtrusionRight,4,Right
MsoPresetExtrusionDirection,Enumeration,msoExtrusionNone,5,No extrusion
MsoPresetExtrusionDirection,Enumeration,msoExtrusionLeft,6,Left
MsoPresetExtrusionDirection,Enumeration,msoExtrusionTopRight,7,Upper right
MsoPresetExtrusionDirection,Enumeration,msoExtrusionTop,8,Upper part
MsoPresetExtrusionDirection,Enumeration,msoExtrusionTopLeft,9,Upper left
MsoPresetGradientType,Enumeration,msoPresetGradientMixed,-2,Mixed gradient
MsoPresetGradientType,Enumeration,msoGradientEarlySunset,1,Early Sunset gradient
MsoPresetGradientType,Enumeration,msoGradientLateSunset,2,Late Sunset gradient
MsoPresetGradientType,Enumeration,msoGradientNightfall,3,Nightfall gradient
MsoPresetGradientType,Enumeration,msoGradientDaybreak,4,Daybreak gradient
MsoPresetGradientType,Enumeration,msoGradientHorizon,5,Horizon gradient
MsoPresetGradientType,Enumeration,msoGradientDesert,6,Desert gradient
MsoPresetGradientType,Enumeration,msoGradientOcean,7,Ocean gradient
MsoPresetGradientType,Enumeration,msoGradientCalmWater,8,Calm Water gradient
MsoPresetGradientType,Enumeration,msoGradientFire,9,Fire gradient
MsoPresetGradientType,Enumeration,msoGradientFog,10,Fog gradient
MsoPresetGradientType,Enumeration,msoGradientMoss,11,Moss gradient
MsoPresetGradientType,Enumeration,msoGradientPeacock,12,Peacock gradient
MsoPresetGradientType,Enumeration,msoGradientWheat,13,Wheat gradient
MsoPresetGradientType,Enumeration,msoGradientParchment,14,Parchment gradient
MsoPresetGradientType,Enumeration,msoGradientMahogany,15,Mahogany gradient
MsoPresetGradientType,Enumeration,msoGradientRainbow,16,Rainbow gradient
MsoPresetGradientType,Enumeration,msoGradientRainbowII,17,Rainbow II gradient
MsoPresetGradientType,Enumeration,msoGradientGold,18,Gold gradient
MsoPresetGradientType,Enumeration,msoGradientGoldII,19,Gold II gradient
MsoPresetGradientType,Enumeration,msoGradientBrass,20,Brass gradient
MsoPresetGradientType,Enumeration,msoGradientChrome,21,Chrome gradient
MsoPresetGradientType,Enumeration,msoGradientChromeII,22,Chrome II gradient
MsoPresetGradientType,Enumeration,msoGradientSilver,23,Silver gradient
MsoPresetGradientType,Enumeration,msoGradientSapphire,24,Sapphire gradient
MsoPresetLightingDirection,Enumeration,msoPresetLightingDirectionMixed,-2,Not supported.
MsoPresetLightingDirection,Enumeration,msoLightingTopLeft,1,Lighting comes from the upper-left.
MsoPresetLightingDirection,Enumeration,msoLightingTop,2,Lighting comes from the upper part.
MsoPresetLightingDirection,Enumeration,msoLightingTopRight,3,Lighting comes from the upper-right.
MsoPresetLightingDirection,Enumeration,msoLightingLeft,4,Lighting comes from the left.
MsoPresetLightingDirection,Enumeration,msoLightingNone,5,No lighting.
MsoPresetLightingDirection,Enumeration,msoLightingRight,6,Lighting comes from the right.
MsoPresetLightingDirection,Enumeration,msoLightingBottomLeft,7,Lighting comes from the lower-left.
MsoPresetLightingDirection,Enumeration,msoLightingBottom,8,Lighting comes from the lower part.
MsoPresetLightingDirection,Enumeration,msoLightingBottomRight,9,Lighting comes from the lower-right.
MsoPresetLightingSoftness,Enumeration,msoPresetLightingSoftnessMixed,-2,Not supported
MsoPresetLightingSoftness,Enumeration,msoLightingDim,1,Dim light
MsoPresetLightingSoftness,Enumeration,msoLightingNormal,2,Normal light
MsoPresetLightingSoftness,Enumeration,msoLightingBright,3,Bright light
MsoPresetMaterial,Enumeration,msoPresetMaterialMixed,-2,Mixed Material
MsoPresetMaterial,Enumeration,msoMaterialMatte,1,Matte
MsoPresetMaterial,Enumeration,msoMaterialPlastic,2,Plastic
MsoPresetMaterial,Enumeration,msoMaterialMetal,3,Metal
MsoPresetMaterial,Enumeration,msoMaterialWireFrame,4,Wireframe
MsoPresetMaterial,Enumeration,msoMaterialMatte2,5,Matte2
MsoPresetMaterial,Enumeration,msoMaterialPlastic2,6,Plastic2
MsoPresetMaterial,Enumeration,msoMaterialMetal2,7,Metal2
MsoPresetMaterial,Enumeration,msoMaterialWarmMatte,8,Warm Matte
MsoPresetMaterial,Enumeration,msoMaterialTranslucentPowder,9,Translucent Powder
MsoPresetMaterial,Enumeration,msoMaterialPowder,10,Powder
MsoPresetMaterial,Enumeration,msoMaterialDarkEdge,11,DarkEdge
MsoPresetMaterial,Enumeration,msoMaterialSoftEdge,12,Soft Edge
MsoPresetMaterial,Enumeration,msoMaterialClear,13,Clear
MsoPresetMaterial,Enumeration,msoMaterialFlat,14,Flat
MsoPresetMaterial,Enumeration,msoMaterialSoftMetal,15,Soft Metal
MsoPresetTextEffect,Enumeration,msoTextEffectMixed,-2,Not used
MsoPresetTextEffect,Enumeration,msoTextEffect1,0,First text effect
MsoPresetTextEffect,Enumeration,msoTextEffect2,1,Second text effect
MsoPresetTextEffect,Enumeration,msoTextEffect3,2,Third text effect
MsoPresetTextEffect,Enumeration,msoTextEffect4,3,Fourth text effect
MsoPresetTextEffect,Enumeration,msoTextEffect5,4,Fifth text effect
MsoPresetTextEffect,Enumeration,msoTextEffect6,5,Sixth text effect
MsoPresetTextEffect,Enumeration,msoTextEffect7,6,Seventh text effect
MsoPresetTextEffect,Enumeration,msoTextEffect8,7,Eighth text effect
MsoPresetTextEffect,Enumeration,msoTextEffect9,8,Ninth text effect
MsoPresetTextEffect,Enumeration,msoTextEffect10,9,Tenth text effect
MsoPresetTextEffect,Enumeration,msoTextEffect11,10,Eleventh text effect
MsoPresetTextEffect,Enumeration,msoTextEffect12,11,Twelfth text effect
MsoPresetTextEffect,Enumeration,msoTextEffect13,12,Thirteenth text effect
MsoPresetTextEffect,Enumeration,msoTextEffect14,13,Fourteenth text effect
MsoPresetTextEffect,Enumeration,msoTextEffect15,14,Fifteenth text effect
MsoPresetTextEffect,Enumeration,msoTextEffect16,15,Sixteenth text effect
MsoPresetTextEffect,Enumeration,msoTextEffect17,16,Seventeenth text effect
MsoPresetTextEffect,Enumeration,msoTextEffect18,17,Eighteenth text effect
MsoPresetTextEffect,Enumeration,msoTextEffect19,18,Nineteenth text effect
MsoPresetTextEffect,Enumeration,msoTextEffect20,19,Twentieth text effect
MsoPresetTextEffect,Enumeration,msoTextEffect21,20,Twenty-first text effect
MsoPresetTextEffect,Enumeration,msoTextEffect22,21,Twenty-second text effect
MsoPresetTextEffect,Enumeration,msoTextEffect23,22,Twenty-third text effect
MsoPresetTextEffect,Enumeration,msoTextEffect24,23,Twenty-fourth text effect
MsoPresetTextEffect,Enumeration,msoTextEffect25,24,Twenty-fifth text effect
MsoPresetTextEffect,Enumeration,msoTextEffect26,25,Twenty-sixth text effect
MsoPresetTextEffect,Enumeration,msoTextEffect27,26,Twenty-seventh text effect
MsoPresetTextEffect,Enumeration,msoTextEffect28,27,Twenty-eighth text effect
MsoPresetTextEffect,Enumeration,msoTextEffect29,28,Twenty-ninth text effect
MsoPresetTextEffect,Enumeration,msoTextEffect30,29,Thirtieth text effect
MsoPresetTextEffect,Enumeration,msoTextEffect31,30,Thirty-first text effect
MsoPresetTextEffect,Enumeration,msoTextEffect32,31,Thirty-second text effect
MsoPresetTextEffect,Enumeration,msoTextEffect33,32,Thirty-third text effect
MsoPresetTextEffect,Enumeration,msoTextEffect34,33,Thirty-fourth text effect
MsoPresetTextEffect,Enumeration,msoTextEffect35,34,Thirty-fifth text effect
MsoPresetTextEffect,Enumeration,msoTextEffect36,35,Thirty-sixth text effect
MsoPresetTextEffect,Enumeration,msoTextEffect37,36,Thirty-seventh text effect
MsoPresetTextEffect,Enumeration,msoTextEffect38,37,Thirty-eighth text effect
MsoPresetTextEffect,Enumeration,msoTextEffect39,38,Thirty-ninth text effect
MsoPresetTextEffect,Enumeration,msoTextEffect40,39,Fortieth text effect
MsoPresetTextEffect,Enumeration,msoTextEffect41,40,Forty-first text effect
MsoPresetTextEffect,Enumeration,msoTextEffect42,41,Forty-second text effect
MsoPresetTextEffect,Enumeration,msoTextEffect43,42,Forty-third text effect
MsoPresetTextEffect,Enumeration,msoTextEffect44,43,Forty-fourth text effect
MsoPresetTextEffect,Enumeration,msoTextEffect45,44,Forty-fifth text effect
MsoPresetTextEffect,Enumeration,msoTextEffect46,45,Forty-sixth text effect
MsoPresetTextEffect,Enumeration,msoTextEffect47,46,Forty-seventh text effect
MsoPresetTextEffect,Enumeration,msoTextEffect48,47,Forty-eighth text effect
MsoPresetTextEffect,Enumeration,msoTextEffect49,48,Forty-ninth text effect
MsoPresetTextEffect,Enumeration,msoTextEffect50,49,Fiftieth text effect
MsoPresetTextEffectShape,Enumeration,msoTextEffectShapeMixed,-2,Not used.
MsoPresetTextEffectShape,Enumeration,msoTextEffectShapePlainText,1,No shape applied.
MsoPresetTextEffectShape,Enumeration,msoTextEffectShapeStop,2,Text follows the shape of a stop sign.
MsoPresetTextEffectShape,Enumeration,msoTextEffectShapeTriangleUp,3,"Text slants down, then up."
MsoPresetTextEffectShape,Enumeration,msoTextEffectShapeTriangleDown,4,"Text slants up, then down."
MsoPresetTextEffectShape,Enumeration,msoTextEffectShapeChevronUp,5,Text slants down to its center point and then slants up.
MsoPresetTextEffectShape,Enumeration,msoTextEffectShapeChevronDown,6,Text slants up to its center point and then slants down.
MsoPresetTextEffectShape,Enumeration,msoTextEffectShapeRingInside,7,Text appears to be written inside a 3D ring.
MsoPresetTextEffectShape,Enumeration,msoTextEffectShapeRingOutside,8,Text appears to be written outside a 3D ring.
MsoPresetTextEffectShape,Enumeration,msoTextEffectShapeArchUpCurve,9,Text is an arch that curves up.
MsoPresetTextEffectShape,Enumeration,msoTextEffectShapeArchDownCurve,10,Text is an arch that curves down.
MsoPresetTextEffectShape,Enumeration,msoTextEffectShapeCircleCurve,11,"Text follows a circle, reading clockwise."
MsoPresetTextEffectShape,Enumeration,msoTextEffectShapeButtonCurve,12,"Text is curved around a center ""button."""
MsoPresetTextEffectShape,Enumeration,msoTextEffectShapeArchUpPour,13,Text is a 3D arch that curves up.
MsoPresetTextEffectShape,Enumeration,msoTextEffectShapeArchDownPour,14,Text is a 3D arch that curves down.
MsoPresetTextEffectShape,Enumeration,msoTextEffectShapeCirclePour,15,"Text has a 3D effect and follows a circle, reading clockwise."
MsoPresetTextEffectShape,Enumeration,msoTextEffectShapeButtonPour,16,"Text is seen in 3D, curved around a center ""button."""
MsoPresetTextEffectShape,Enumeration,msoTextEffectShapeCurveUp,17,Text curves down and to the right as font size increases.
MsoPresetTextEffectShape,Enumeration,msoTextEffectShapeCurveDown,18,Text curves down and to the right as font size decreases.
MsoPresetTextEffectShape,Enumeration,msoTextEffectShapeCanUp,19,"Text is stretched to fill the height of the shape, with only a slight curve up."
MsoPresetTextEffectShape,Enumeration,msoTextEffectShapeCanDown,20,"Text is stretched to fill the height of the shape, with only a slight curve down."
MsoPresetTextEffectShape,Enumeration,msoTextEffectShapeWave1,21,"Text follows a wave up, then down and up again."
MsoPresetTextEffectShape,Enumeration,msoTextEffectShapeWave2,22,"Text follows a wave down, then up and down again."
MsoPresetTextEffectShape,Enumeration,msoTextEffectShapeDoubleWave1,23,"Text follows a line that curves up, then down, then up and down again."
MsoPresetTextEffectShape,Enumeration,msoTextEffectShapeDoubleWave2,24,"Text follows a line that curves down, then up, then down and up again."
MsoPresetTextEffectShape,Enumeration,msoTextEffectShapeInflate,25,"Font size of text increases to its center point, then decreases. Center point of each letter is on the same straight line."
MsoPresetTextEffectShape,Enumeration,msoTextEffectShapeDeflate,26,"Font size decreases to the text's midpoint, then increases to the starting size."
MsoPresetTextEffectShape,Enumeration,msoTextEffectShapeInflateBottom,27,"Font size of text increases to its center point, then decreases. Center point of each letter follows an arch that curves downward."
MsoPresetTextEffectShape,Enumeration,msoTextEffectShapeDeflateBottom,28,"Font size decreases to the text's midpoint, then increases to the starting size, while keeping the top of the text along the same curve."
MsoPresetTextEffectShape,Enumeration,msoTextEffectShapeInflateTop,29,"Font size of text increases to its center point, then decreases. Center point of each letter follows an arch that curves upward."
MsoPresetTextEffectShape,Enumeration,msoTextEffectShapeDeflateTop,30,"Font size decreases to the text's midpoint, then increases to the starting size, while keeping the bottom of the text along the same curve."
MsoPresetTextEffectShape,Enumeration,msoTextEffectShapeDeflateInflate,31,"Font size increases to the text's midpoint, then decreases to the starting size."
MsoPresetTextEffectShape,Enumeration,msoTextEffectShapeDeflateInflateDeflate,32,"Font size decreases, increases, and decreases again across the text."
MsoPresetTextEffectShape,Enumeration,msoTextEffectShapeFadeRight,33,Right side of text appears to be closer to the viewer than left side.
MsoPresetTextEffectShape,Enumeration,msoTextEffectShapeFadeLeft,34,Left side of text appears to be closer to the viewer than right side.
MsoPresetTextEffectShape,Enumeration,msoTextEffectShapeFadeUp,35,Bottom of text appears to be closer to the viewer than top.
MsoPresetTextEffectShape,Enumeration,msoTextEffectShapeFadeDown,36,Top of the text appears to be closer to the viewer than bottom of the text.
MsoPresetTextEffectShape,Enumeration,msoTextEffectShapeSlantUp,37,Text slants up and to the right.
MsoPresetTextEffectShape,Enumeration,msoTextEffectShapeSlantDown,38,Text slants down and to the right.
MsoPresetTextEffectShape,Enumeration,msoTextEffectShapeCascadeUp,39,Text slants down and to the right as font size increases.
MsoPresetTextEffectShape,Enumeration,msoTextEffectShapeCascadeDown,40,Text slants up and to the right as font size decreases.
MsoPresetTexture,Enumeration,msoPresetTextureMixed,-2,Not used
MsoPresetTexture,Enumeration,msoTexturePapyrus,1,Papyrus texture
MsoPresetTexture,Enumeration,msoTextureCanvas,2,Canvas texture
MsoPresetTexture,Enumeration,msoTextureDenim,3,Denim texture
MsoPresetTexture,Enumeration,msoTextureWovenMat,4,Woven mat texture
MsoPresetTexture,Enumeration,msoTextureWaterDroplets,5,Water droplets texture
MsoPresetTexture,Enumeration,msoTexturePaperBag,6,Paper bag texture
MsoPresetTexture,Enumeration,msoTextureFishFossil,7,Fish fossil texture
MsoPresetTexture,Enumeration,msoTextureSand,8,Sand texture
MsoPresetTexture,Enumeration,msoTextureGreenMarble,9,Green marble texture
MsoPresetTexture,Enumeration,msoTextureWhiteMarble,10,White marble texture
MsoPresetTexture,Enumeration,msoTextureBrownMarble,11,Brown marble texture
MsoPresetTexture,Enumeration,msoTextureGranite,12,Granite texture
MsoPresetTexture,Enumeration,msoTextureNewsprint,13,Newsprint texture
MsoPresetTexture,Enumeration,msoTextureRecycledPaper,14,Recycled paper texture
MsoPresetTexture,Enumeration,msoTextureParchment,15,Parchment texture
MsoPresetTexture,Enumeration,msoTextureStationery,16,Stationery texture
MsoPresetTexture,Enumeration,msoTextureBlueTissuePaper,17,Blue tissue paper texture
MsoPresetTexture,Enumeration,msoTexturePinkTissuePaper,18,Pink tissue paper texture
MsoPresetTexture,Enumeration,msoTexturePurpleMesh,19,Purple mesh texture
MsoPresetTexture,Enumeration,msoTextureBouquet,20,Bouquet texture
MsoPresetTexture,Enumeration,msoTextureCork,21,Cork texture
MsoPresetTexture,Enumeration,msoTextureWalnut,22,Walnut texture
MsoPresetTexture,Enumeration,msoTextureOak,23,Oak texture
MsoPresetTexture,Enumeration,msoTextureMediumWood,24,Medium wood texture
MsoPresetThreeDFormat,Enumeration,msoPresetThreeDFormatMixed,-2,Not used
MsoPresetThreeDFormat,Enumeration,msoThreeD1,1,First 3D format
MsoPresetThreeDFormat,Enumeration,msoThreeD2,2,Second 3D format
MsoPresetThreeDFormat,Enumeration,msoThreeD3,3,Third 3D format
MsoPresetThreeDFormat,Enumeration,msoThreeD4,4,Fourth 3D format
MsoPresetThreeDFormat,Enumeration,msoThreeD5,5,Fifth 3D format
MsoPresetThreeDFormat,Enumeration,msoThreeD6,6,Sixth 3D format
MsoPresetThreeDFormat,Enumeration,msoThreeD7,7,Seventh 3D format
MsoPresetThreeDFormat,Enumeration,msoThreeD8,8,Eighth 3D format
MsoPresetThreeDFormat,Enumeration,msoThreeD9,9,Ninth 3D format
MsoPresetThreeDFormat,Enumeration,msoThreeD10,10,Tenth 3D format
MsoPresetThreeDFormat,Enumeration,msoThreeD11,11,Eleventh 3D format
MsoPresetThreeDFormat,Enumeration,msoThreeD12,12,Twelfth 3D format
MsoPresetThreeDFormat,Enumeration,msoThreeD13,13,Thirteenth 3D format
MsoPresetThreeDFormat,Enumeration,msoThreeD14,14,Fourteenth 3D format
MsoPresetThreeDFormat,Enumeration,msoThreeD15,15,Fifteenth 3D format
MsoPresetThreeDFormat,Enumeration,msoThreeD16,16,Sixteenth 3D format
MsoPresetThreeDFormat,Enumeration,msoThreeD17,17,Seventeenth 3D format
MsoPresetThreeDFormat,Enumeration,msoThreeD18,18,Eighteenth 3D format
MsoPresetThreeDFormat,Enumeration,msoThreeD19,19,Nineteenth 3D format
MsoPresetThreeDFormat,Enumeration,msoThreeD20,20,Twentieth 3D format
MsoPrivacyOptionSetting,Enumeration,msoUserContentEnabled,0,
MsoPrivacyOptionSetting,Enumeration,msoDownloadContentEnabled,1,
MsoPrivacyOptionSetting,Enumeration,msoControllerConnectedServicesEnabled,2,
MsoPrivacyOptionSetting,Enumeration,msoDisconnectedState,3,
MsoReflectionType,Enumeration,msoReflectionTypeMixed,-2,Return value only; indicates a combination of the other states.
MsoReflectionType,Enumeration,msoReflectionTypeNone,0,No reflection type
MsoReflectionType,Enumeration,msoReflectionType1,1,Type 1
MsoReflectionType,Enumeration,msoReflectionType2,2,Type 2
MsoReflectionType,Enumeration,msoReflectionType3,3,Type 3
MsoReflectionType,Enumeration,msoReflectionType4,4,Type 4
MsoReflectionType,Enumeration,msoReflectionType5,5,Type 5
MsoReflectionType,Enumeration,msoReflectionType6,6,Type 6
MsoReflectionType,Enumeration,msoReflectionType7,7,Type 7
MsoReflectionType,Enumeration,msoReflectionType8,8,Type 8
MsoReflectionType,Enumeration,msoReflectionType9,9,Type 9
MsoRelativeNodePosition,Enumeration,msoBeforeNode,1,Node is added before current node.
MsoRelativeNodePosition,Enumeration,msoAfterNode,2,Node is added after current node.
MsoRelativeNodePosition,Enumeration,msoBeforeFirstSibling,3,Node is added before first sibling.
MsoRelativeNodePosition,Enumeration,msoAfterLastSibling,4,Node is added after last sibling.
MsoScaleFrom,Enumeration,msoScaleFromTopLeft,0,Shape's upper left corner retains its position.
MsoScaleFrom,Enumeration,msoScaleFromMiddle,1,Shape's midpoint retains its position.
MsoScaleFrom,Enumeration,msoScaleFromBottomRight,2,Shape's lower right corner retains its position.
MsoScreenSize,Enumeration,msoScreenSize544x376,0,544x376 resolution
MsoScreenSize,Enumeration,msoScreenSize640x480,1,640x480 resolution
MsoScreenSize,Enumeration,msoScreenSize720x512,2,720x512 resolution
MsoScreenSize,Enumeration,msoScreenSize800x600,3,800x600 resolution
MsoScreenSize,Enumeration,msoScreenSize1024x768,4,1024x768 resolution
MsoScreenSize,Enumeration,msoScreenSize1152x882,5,1152x882 resolution
MsoScreenSize,Enumeration,msoScreenSize1152x900,6,1152x900 resolution
MsoScreenSize,Enumeration,msoScreenSize1280x1024,7,1280x1024 resolution
MsoScreenSize,Enumeration,msoScreenSize1600x1200,8,1600x1200 resolution
MsoScreenSize,Enumeration,msoScreenSize1800x1440,9,1800x1440 resolution
MsoScreenSize,Enumeration,msoScreenSize1920x1200,10,1920x1200 resolution
MsoScriptLanguage,Enumeration,msoScriptLanguageJava,1,
MsoScriptLanguage,Enumeration,msoScriptLanguageVisualBasic,2,
MsoScriptLanguage,Enumeration,msoScriptLanguageASP,3,
MsoScriptLanguage,Enumeration,msoScriptLanguageOther,4,
MsoScriptLocation,Enumeration,msoScriptLocationInHead,1,
MsoScriptLocation,Enumeration,msoScriptLocationInBody,2,
MsoSearchIn,Enumeration,msoSearchInMyComputer,0,
MsoSearchIn,Enumeration,msoSearchInOutlook,1,
MsoSearchIn,Enumeration,msoSearchInMyNetworkPlaces,2,
MsoSearchIn,Enumeration,msoSearchInCustom,3,
MsoSegmentType,Enumeration,msoSegmentLine,0,Line
MsoSegmentType,Enumeration,msoSegmentCurve,1,Curve
MsoSensitivityLabelError,Enumeration,msoNoError,0,
MsoSensitivityLabelError,Enumeration,msoUserNotSignedIn,1,
MsoShadowStyle,Enumeration,msoShadowStyleMixed,-2,Specifies a combination of inner and outer shadow effects.
MsoShadowStyle,Enumeration,msoShadowStyleInnerShadow,1,Specifies the inner shadow effect.
MsoShadowStyle,Enumeration,msoShadowStyleOuterShadow,2,Specifies the outer shadow effect.
MsoShadowType,Enumeration,msoShadowMixed,-2,Not supported
MsoShadowType,Enumeration,msoShadow1,1,First shadow type. Represents a solid outer shadow offset to the top-left of the shape.
MsoShadowType,Enumeration,msoShadow2,2,Second shadow type. Represents a solid outer shadow offset to the top-right of the shape.
MsoShadowType,Enumeration,msoShadow3,3,Third shadow type. Represents a solid perspective shadow at the upper-left of the shape.
MsoShadowType,Enumeration,msoShadow4,4,Fourth shadow type. Represents a solid perspective shadow at the upper-right of the shape.
MsoShadowType,Enumeration,msoShadow5,5,Fifth shadow type. Represents a solid outer shadow offset to the bottom-left of the shape.
MsoShadowType,Enumeration,msoShadow6,6,Sixth shadow type. Represents a solid outer shadow offset to the bottom-right of the shape.
MsoShadowType,Enumeration,msoShadow7,7,Seventh shadow type. Represents a solid perspective shadow at the lower-left of the shape.
MsoShadowType,Enumeration,msoShadow8,8,Eighth shadow type. Represents a solid perspective shadow at the lower-right of the shape.
MsoShadowType,Enumeration,msoShadow9,9,Ninth shadow type. Represents a solid compact outer shadow offset to the top-left of the shape.
MsoShadowType,Enumeration,msoShadow10,10,Tenth shadow type. Represents an enlarged solid outer shadow offset to the top-left of the shape.
MsoShadowType,Enumeration,msoShadow11,11,"Eleventh shadow type. Represents a solid perspective shadow at the upper-left of the shape, identical to msoShadow3."
MsoShadowType,Enumeration,msoShadow12,12,"Twelfth shadow type. Represents a solid perspective shadow at the upper-right of the shape, identical to msoShadow4."
MsoShadowType,Enumeration,msoShadow13,13,Thirteenth shadow type. Represents a solid layered outer shadow offset to the top-left of the shape.
MsoShadowType,Enumeration,msoShadow14,14,Fourteenth shadow type. Represents a compact solid outer shadow offset to the bottom-right of the shape.
MsoShadowType,Enumeration,msoShadow15,15,"Fifteenth shadow type. Represents a solid perspective shadow at the lower-left of the shape, identical to msoShadow7."
MsoShadowType,Enumeration,msoShadow16,16,"Sixteenth shadow type. Represents a solid perspective shadow at the lower-right of the shape, identical to msoShadow8."
MsoShadowType,Enumeration,msoShadow17,17,Seventeenth shadow type. Represents a compact solid dual-offset outer shadow offset to the bottom-right and top-left of the shape.
MsoShadowType,Enumeration,msoShadow18,18,Eighteenth shadow type. Represents a compact solid dual-offset outer shadow offset to the top-left and bottom-right of the shape.
MsoShadowType,Enumeration,msoShadow19,19,Nineteenth shadow type. Represents no shadow.
MsoShadowType,Enumeration,msoShadow20,20,Twentieth shadow type. Represents a solid outer shadow offset to the bottom of the shape.
MsoShadowType,Enumeration,msoShadow21,21,Twenty-first shadow type. Represents a soft outer shadow offset to the bottom-right of the shape.
MsoShadowType,Enumeration,msoShadow22,22,Twenty-second shadow type. Represents a soft outer shadow offset to the bottom of the shape.
MsoShadowType,Enumeration,msoShadow23,23,Twenty-third shadow type. Represents a soft outer shadow offset to the bottom-left of the shape.
MsoShadowType,Enumeration,msoShadow24,24,Twenty-fourth shadow type. Represents a soft outer shadow offset to the right of the shape.
MsoShadowType,Enumeration,msoShadow25,25,Twenty-fifth shadow type. Represents a soft outer shadow offset to the center of the shape.
MsoShadowType,Enumeration,msoShadow26,26,Twenty-sixth shadow type. Represents a soft outer shadow offset to the left of the shape.
MsoShadowType,Enumeration,msoShadow27,27,Twenty-seventh shadow type. Represents a soft outer shadow offset to the top-right of the shape.
MsoShadowType,Enumeration,msoShadow28,28,Twenty-eighth shadow type. Represents a soft outer shadow offset to the top of the shape.
MsoShadowType,Enumeration,msoShadow29,29,Twenty-ninth shadow type. Represents a soft outer shadow offset to the top-left of the shape.
MsoShadowType,Enumeration,msoShadow30,30,Thirtieth shadow type. Represents an inner shadow offset to the top-left of the shape.
MsoShadowType,Enumeration,msoShadow31,31,Thirty-first shadow type. Represents an inner shadow offset to the top of the shape.
MsoShadowType,Enumeration,msoShadow32,32,Thirty-second shadow type. Represents an inner shadow offset to the top-right of the shape.
MsoShadowType,Enumeration,msoShadow33,33,Thirty-third shadow type. Represents an inner shadow offset to the left of the shape.
MsoShadowType,Enumeration,msoShadow34,34,Thirty-fourth shadow type. Represents an inner shadow offset to the center of the shape.
MsoShadowType,Enumeration,msoShadow35,35,Thirty-fifth shadow type. Represents an inner shadow offset to the right of the shape.
MsoShadowType,Enumeration,msoShadow36,36,Thirty-sixth shadow type. Represents an inner shadow offset to the bottom-left of the shape.
MsoShadowType,Enumeration,msoShadow37,37,Thirty-seventh shadow type. Represents an inner shadow offset to the bottom of the shape.
MsoShadowType,Enumeration,msoShadow38,38,Thirty-eighth shadow type. Represents an inner shadow offset to the bottom-right of the shape.
MsoShadowType,Enumeration,msoShadow39,39,Thirty-ninth shadow type. Represents a soft perspective shadow at the upper-left of the shape.
MsoShadowType,Enumeration,msoShadow40,40,Fourtieth shadow type. Represents a soft perspective shadow at the upper-right of the shape.
MsoShadowType,Enumeration,msoShadow41,41,Fourty-first shadow type. Represents a soft perspective shadow at the bottom of the shape.
MsoShadowType,Enumeration,msoShadow42,42,Fourty-second shadow type. Represents a soft perspective shadow at the lower-left of the shape.
MsoShadowType,Enumeration,msoShadow43,43,Fourty-third shadow type. Represents a soft perspective shadow at the lower-right of the shape.
MsoShapeStyleIndex,Enumeration,msoShapeStyleMixed,-2,A mix of shape styles
MsoShapeStyleIndex,Enumeration,msoShapeStyleNotAPreset,0,No shape style
MsoShapeStyleIndex,Enumeration,msoShapeStylePreset1,1,Shape style 1
MsoShapeStyleIndex,Enumeration,msoShapeStylePreset2,2,Shape style 2
MsoShapeStyleIndex,Enumeration,msoShapeStylePreset3,3,Shape style 3
MsoShapeStyleIndex,Enumeration,msoShapeStylePreset4,4,Shape style 4
MsoShapeStyleIndex,Enumeration,msoShapeStylePreset5,5,Shape style 5
MsoShapeStyleIndex,Enumeration,msoShapeStylePreset6,6,Shape style 6
MsoShapeStyleIndex,Enumeration,msoShapeStylePreset7,7,Shape style 7
MsoShapeStyleIndex,Enumeration,msoShapeStylePreset8,8,Shape style 8
MsoShapeStyleIndex,Enumeration,msoShapeStylePreset9,9,Shape style 9
MsoShapeStyleIndex,Enumeration,msoShapeStylePreset10,10,Shape style 10
MsoShapeStyleIndex,Enumeration,msoShapeStylePreset11,11,Shape style 11
MsoShapeStyleIndex,Enumeration,msoShapeStylePreset12,12,Shape style 12
MsoShapeStyleIndex,Enumeration,msoShapeStylePreset13,13,Shape style 13
MsoShapeStyleIndex,Enumeration,msoShapeStylePreset14,14,Shape style 14
MsoShapeStyleIndex,Enumeration,msoShapeStylePreset15,15,Shape style 15
MsoShapeStyleIndex,Enumeration,msoShapeStylePreset16,16,Shape style 16
MsoShapeStyleIndex,Enumeration,msoShapeStylePreset17,17,Shape style 17
MsoShapeStyleIndex,Enumeration,msoShapeStylePreset18,18,Shape style 18
MsoShapeStyleIndex,Enumeration,msoShapeStylePreset19,19,Shape style 19
MsoShapeStyleIndex,Enumeration,msoShapeStylePreset20,20,Shape style 20
MsoShapeStyleIndex,Enumeration,msoShapeStylePreset21,21,
MsoShapeStyleIndex,Enumeration,msoShapeStylePreset22,22,
MsoShapeStyleIndex,Enumeration,msoShapeStylePreset23,23,
MsoShapeStyleIndex,Enumeration,msoShapeStylePreset24,24,
MsoShapeStyleIndex,Enumeration,msoShapeStylePreset25,25,
MsoShapeStyleIndex,Enumeration,msoShapeStylePreset26,26,
MsoShapeStyleIndex,Enumeration,msoShapeStylePreset27,27,
MsoShapeStyleIndex,Enumeration,msoShapeStylePreset28,28,
MsoShapeStyleIndex,Enumeration,msoShapeStylePreset29,29,
MsoShapeStyleIndex,Enumeration,msoShapeStylePreset30,30,
MsoShapeStyleIndex,Enumeration,msoShapeStylePreset31,31,
MsoShapeStyleIndex,Enumeration,msoShapeStylePreset32,32,
MsoShapeStyleIndex,Enumeration,msoShapeStylePreset33,33,
MsoShapeStyleIndex,Enumeration,msoShapeStylePreset34,34,
MsoShapeStyleIndex,Enumeration,msoShapeStylePreset35,35,
MsoShapeStyleIndex,Enumeration,msoShapeStylePreset36,36,
MsoShapeStyleIndex,Enumeration,msoShapeStylePreset37,37,
MsoShapeStyleIndex,Enumeration,msoShapeStylePreset38,38,
MsoShapeStyleIndex,Enumeration,msoShapeStylePreset39,39,
MsoShapeStyleIndex,Enumeration,msoShapeStylePreset40,40,
MsoShapeStyleIndex,Enumeration,msoShapeStylePreset41,41,
MsoShapeStyleIndex,Enumeration,msoShapeStylePreset42,42,
MsoShapeStyleIndex,Enumeration,msoShapeStylePreset43,43,
MsoShapeStyleIndex,Enumeration,msoShapeStylePreset44,44,
MsoShapeStyleIndex,Enumeration,msoShapeStylePreset45,45,
MsoShapeStyleIndex,Enumeration,msoShapeStylePreset46,46,
MsoShapeStyleIndex,Enumeration,msoShapeStylePreset47,47,
MsoShapeStyleIndex,Enumeration,msoShapeStylePreset48,48,
MsoShapeStyleIndex,Enumeration,msoShapeStylePreset49,49,
MsoShapeStyleIndex,Enumeration,msoShapeStylePreset50,50,
MsoShapeStyleIndex,Enumeration,msoShapeStylePreset51,51,
MsoShapeStyleIndex,Enumeration,msoShapeStylePreset52,52,
MsoShapeStyleIndex,Enumeration,msoShapeStylePreset53,53,
MsoShapeStyleIndex,Enumeration,msoShapeStylePreset54,54,
MsoShapeStyleIndex,Enumeration,msoShapeStylePreset55,55,
MsoShapeStyleIndex,Enumeration,msoShapeStylePreset56,56,
MsoShapeStyleIndex,Enumeration,msoShapeStylePreset57,57,
MsoShapeStyleIndex,Enumeration,msoShapeStylePreset58,58,
MsoShapeStyleIndex,Enumeration,msoShapeStylePreset59,59,
MsoShapeStyleIndex,Enumeration,msoShapeStylePreset60,60,
MsoShapeStyleIndex,Enumeration,msoShapeStylePreset61,61,
MsoShapeStyleIndex,Enumeration,msoShapeStylePreset62,62,
MsoShapeStyleIndex,Enumeration,msoShapeStylePreset63,63,
MsoShapeStyleIndex,Enumeration,msoShapeStylePreset64,64,
MsoShapeStyleIndex,Enumeration,msoShapeStylePreset65,65,
MsoShapeStyleIndex,Enumeration,msoShapeStylePreset66,66,
MsoShapeStyleIndex,Enumeration,msoShapeStylePreset67,67,
MsoShapeStyleIndex,Enumeration,msoShapeStylePreset68,68,
MsoShapeStyleIndex,Enumeration,msoShapeStylePreset69,69,
MsoShapeStyleIndex,Enumeration,msoShapeStylePreset70,70,
MsoShapeStyleIndex,Enumeration,msoShapeStylePreset71,71,
MsoShapeStyleIndex,Enumeration,msoShapeStylePreset72,72,
MsoShapeStyleIndex,Enumeration,msoShapeStylePreset73,73,
MsoShapeStyleIndex,Enumeration,msoShapeStylePreset74,74,
MsoShapeStyleIndex,Enumeration,msoShapeStylePreset75,75,
MsoShapeStyleIndex,Enumeration,msoShapeStylePreset76,76,
MsoShapeStyleIndex,Enumeration,msoShapeStylePreset77,77,
MsoShapeStyleIndex,Enumeration,msoLineStylePreset1,10001,Line style 1
MsoShapeStyleIndex,Enumeration,msoLineStylePreset2,10002,Line style 2
MsoShapeStyleIndex,Enumeration,msoLineStylePreset3,10003,Line style 3
MsoShapeStyleIndex,Enumeration,msoLineStylePreset4,10004,Line style 4
MsoShapeStyleIndex,Enumeration,msoLineStylePreset5,10005,Line style 5
MsoShapeStyleIndex,Enumeration,msoLineStylePreset6,10006,Line style 6
MsoShapeStyleIndex,Enumeration,msoLineStylePreset7,10007,Line style 7
MsoShapeStyleIndex,Enumeration,msoLineStylePreset8,10008,Line style 8
MsoShapeStyleIndex,Enumeration,msoLineStylePreset9,10009,Line style 9
MsoShapeStyleIndex,Enumeration,msoLineStylePreset10,10010,Line style 10
MsoShapeStyleIndex,Enumeration,msoLineStylePreset11,10011,Line style 11
MsoShapeStyleIndex,Enumeration,msoLineStylePreset12,10012,Line style 12
MsoShapeStyleIndex,Enumeration,msoLineStylePreset13,10013,Line style 13
MsoShapeStyleIndex,Enumeration,msoLineStylePreset14,10014,Line style 14
MsoShapeStyleIndex,Enumeration,msoLineStylePreset15,10015,Line style 15
MsoShapeStyleIndex,Enumeration,msoLineStylePreset16,10016,Line style 16
MsoShapeStyleIndex,Enumeration,msoLineStylePreset17,10017,Line style 17
MsoShapeStyleIndex,Enumeration,msoLineStylePreset18,10018,Line style 18
MsoShapeStyleIndex,Enumeration,msoLineStylePreset19,10019,Line style 19
MsoShapeStyleIndex,Enumeration,msoLineStylePreset20,10020,Line style 20
MsoShapeStyleIndex,Enumeration,msoLineStylePreset21,10021,
MsoShapeStyleIndex,Enumeration,msoLineStylePreset22,10022,
MsoShapeStyleIndex,Enumeration,msoLineStylePreset23,10023,
MsoShapeStyleIndex,Enumeration,msoLineStylePreset24,10024,
MsoShapeStyleIndex,Enumeration,msoLineStylePreset25,10025,
MsoShapeStyleIndex,Enumeration,msoLineStylePreset26,10026,
MsoShapeStyleIndex,Enumeration,msoLineStylePreset27,10027,
MsoShapeStyleIndex,Enumeration,msoLineStylePreset28,10028,
MsoShapeStyleIndex,Enumeration,msoLineStylePreset29,10029,
MsoShapeStyleIndex,Enumeration,msoLineStylePreset30,10030,
MsoShapeStyleIndex,Enumeration,msoLineStylePreset31,10031,
MsoShapeStyleIndex,Enumeration,msoLineStylePreset32,10032,
MsoShapeStyleIndex,Enumeration,msoLineStylePreset33,10033,
MsoShapeStyleIndex,Enumeration,msoLineStylePreset34,10034,
MsoShapeStyleIndex,Enumeration,msoLineStylePreset35,10035,
MsoShapeStyleIndex,Enumeration,msoLineStylePreset36,10036,
MsoShapeStyleIndex,Enumeration,msoLineStylePreset37,10037,
MsoShapeStyleIndex,Enumeration,msoLineStylePreset38,10038,
MsoShapeStyleIndex,Enumeration,msoLineStylePreset39,10039,
MsoShapeStyleIndex,Enumeration,msoLineStylePreset40,10040,
MsoShapeStyleIndex,Enumeration,msoLineStylePreset41,10041,
MsoShapeStyleIndex,Enumeration,msoLineStylePreset42,10042,
MsoShapeType,Enumeration,msoShapeTypeMixed,-2,Mixed shape type
MsoShapeType,Enumeration,msoAutoShape,1,AutoShape
MsoShapeType,Enumeration,msoCallout,2,Callout
MsoShapeType,Enumeration,msoChart,3,Chart
MsoShapeType,Enumeration,msoComment,4,Comment
MsoShapeType,Enumeration,msoFreeform,5,Freeform
MsoShapeType,Enumeration,msoGroup,6,Group
MsoShapeType,Enumeration,msoEmbeddedOLEObject,7,Embedded OLE object
MsoShapeType,Enumeration,msoFormControl,8,Form control
MsoShapeType,Enumeration,msoLine,9,Line
MsoShapeType,Enumeration,msoLinkedOLEObject,10,Linked OLE object
MsoShapeType,Enumeration,msoLinkedPicture,11,Linked picture
MsoShapeType,Enumeration,msoOLEControlObject,12,OLE control object
MsoShapeType,Enumeration,msoPicture,13,Picture
MsoShapeType,Enumeration,msoPlaceholder,14,Placeholder
MsoShapeType,Enumeration,msoTextEffect,15,Text effect
MsoShapeType,Enumeration,msoMedia,16,Media
MsoShapeType,Enumeration,msoTextBox,17,Text box
MsoShapeType,Enumeration,msoScriptAnchor,18,Script anchor
MsoShapeType,Enumeration,msoTable,19,Table
MsoShapeType,Enumeration,msoCanvas,20,Canvas
MsoShapeType,Enumeration,msoDiagram,21,Diagram
MsoShapeType,Enumeration,msoInk,22,Ink
MsoShapeType,Enumeration,msoInkComment,23,Ink comment
MsoShapeType,Enumeration,msoSmartArt,24,
MsoShapeType,Enumeration,msoSlicer,25,Slicer
MsoShapeType,Enumeration,msoWebVideo,26,Web video
MsoShapeType,Enumeration,msoContentApp,27,Content Office Add-in
MsoShapeType,Enumeration,msoGraphic,28,Graphic
MsoShapeType,Enumeration,msoLinkedGraphic,29,Linked graphic
MsoShapeType,Enumeration,mso3DModel,30,3D model
MsoShapeType,Enumeration,msoLinked3DModel,31,Linked 3D model
MsoSharedWorkspaceTaskPriority,Enumeration,msoSharedWorkspaceTaskPriorityHigh,1,High priority
MsoSharedWorkspaceTaskPriority,Enumeration,msoSharedWorkspaceTaskPriorityNormal,2,Normal priority
MsoSharedWorkspaceTaskPriority,Enumeration,msoSharedWorkspaceTaskPriorityLow,3,Low priority
MsoSharedWorkspaceTaskStatus,Enumeration,msoSharedWorkspaceTaskStatusNotStarted,1,Not started
MsoSharedWorkspaceTaskStatus,Enumeration,msoSharedWorkspaceTaskStatusInProgress,2,In progress
MsoSharedWorkspaceTaskStatus,Enumeration,msoSharedWorkspaceTaskStatusCompleted,3,Completed
MsoSharedWorkspaceTaskStatus,Enumeration,msoSharedWorkspaceTaskStatusDeferred,4,Deferred
MsoSharedWorkspaceTaskStatus,Enumeration,msoSharedWorkspaceTaskStatusWaiting,5,Waiting
MsoSignatureSubset,Enumeration,msoSignatureSubsetSignaturesAllSigs,0,All non-visible signatures plus all signed signature lines.
MsoSignatureSubset,Enumeration,msoSignatureSubsetSignaturesNonVisible,1,All non-visible signatures.
MsoSignatureSubset,Enumeration,msoSignatureSubsetSignatureLines,2,All signature lines.
MsoSignatureSubset,Enumeration,msoSignatureSubsetSignatureLinesSigned,3,Signature lines that have been signed.
MsoSignatureSubset,Enumeration,msoSignatureSubsetSignatureLinesUnsigned,4,Signature lines that have not been signed.
MsoSignatureSubset,Enumeration,msoSignatureSubsetAll,5,All non-visible signatures plus all signature lines.
MsoSmartArtNodePosition,Enumeration,msoSmartArtNodeDefault,1,The default. Corresponds to clicking Add Shape in the SmartArt ribbon.
MsoSmartArtNodePosition,Enumeration,msoSmartArtNodeAfter,2,Insert a node after the SmartArt node in the data model. Corresponds to clicking Add Shape After in the SmartArt ribbon.
MsoSmartArtNodePosition,Enumeration,msoSmartArtNodeBefore,3,Insert a node before the SmartArt node in the data model.
MsoSmartArtNodePosition,Enumeration,msoSmartArtNodeAbove,4,Insert a node above the SmartArt node in the data model.
MsoSmartArtNodePosition,Enumeration,msoSmartArtNodeBelow,5,Insert a node below the SmartArt node in the data model.
MsoSmartArtNodeType,Enumeration,msoSmartArtNodeTypeDefault,1,The default node type.
MsoSmartArtNodeType,Enumeration,msoSmartArtNodeTypeAssistant,2,"Defines an assistant node, which can be used within hierarchical diagrams."
MsoSoftEdgeType,Enumeration,msoSoftEdgeTypeMixed,-2,
MsoSoftEdgeType,Enumeration,msoSoftEdgeTypeNone,0,No soft edge
MsoSoftEdgeType,Enumeration,msoSoftEdgeType1,1,Soft Edge Type 1
MsoSoftEdgeType,Enumeration,msoSoftEdgeType2,2,Soft Edge Type 2
MsoSoftEdgeType,Enumeration,msoSoftEdgeType3,3,Soft Edge Type 3
MsoSoftEdgeType,Enumeration,msoSoftEdgeType4,4,Soft Edge Type 4
MsoSoftEdgeType,Enumeration,msoSoftEdgeType5,5,Soft Edge Type 5
MsoSoftEdgeType,Enumeration,msoSoftEdgeType6,6,Soft Edge Type 6
MsoSortBy,Enumeration,msoSortByFileName,1,
MsoSortBy,Enumeration,msoSortBySize,2,
MsoSortBy,Enumeration,msoSortByFileType,3,
MsoSortBy,Enumeration,msoSortByLastModified,4,
MsoSortBy,Enumeration,msoSortByNone,5,
MsoSortOrder,Enumeration,msoSortOrderAscending,1,
MsoSortOrder,Enumeration,msoSortOrderDescending,2,
MsoSyncAvailableType,Enumeration,msoSyncAvailableNone,0,
MsoSyncAvailableType,Enumeration,msoSyncAvailableOffline,1,
MsoSyncAvailableType,Enumeration,msoSyncAvailableAnywhere,2,
MsoSyncCompareType,Enumeration,msoSyncCompareAndMerge,0,
MsoSyncCompareType,Enumeration,msoSyncCompareSideBySide,1,
MsoSyncConflictResolutionType,Enumeration,msoSyncConflictClientWins,0,Replace the server copy with the local copy.
MsoSyncConflictResolutionType,Enumeration,msoSyncConflictServerWins,1,Replace the local copy with the server copy.
MsoSyncConflictResolutionType,Enumeration,msoSyncConflictMerge,2,"Merge changes made to the server copy into the local copy. To resolve the conflict with the merged changes winning, you must save the active document after merging changes, and then call the ResolveConflict method again with the msoSyncConflictClientWins option."
MsoSyncErrorType,Enumeration,msoSyncErrorNone,0,No error.
MsoSyncErrorType,Enumeration,msoSyncErrorUnauthorizedUser,1,Unauthorized user.
MsoSyncErrorType,Enumeration,msoSyncErrorCouldNotConnect,2,Could not connect.
MsoSyncErrorType,Enumeration,msoSyncErrorOutOfSpace,3,Out of space.
MsoSyncErrorType,Enumeration,msoSyncErrorFileNotFound,4,Destination file not found.
MsoSyncErrorType,Enumeration,msoSyncErrorFileTooLarge,5,File too large to synchronize.
MsoSyncErrorType,Enumeration,msoSyncErrorFileInUse,6,Destination file in use.
MsoSyncErrorType,Enumeration,msoSyncErrorVirusUpload,7,Virus uploaded.
MsoSyncErrorType,Enumeration,msoSyncErrorVirusDownload,8,Virus downloaded.
MsoSyncErrorType,Enumeration,msoSyncErrorUnknownUpload,9,Upload error.
MsoSyncErrorType,Enumeration,msoSyncErrorUnknownDownload,10,Download error.
MsoSyncErrorType,Enumeration,msoSyncErrorCouldNotOpen,11,Could not open file.
MsoSyncErrorType,Enumeration,msoSyncErrorCouldNotUpdate,12,Could not update destination file.
MsoSyncErrorType,Enumeration,msoSyncErrorCouldNotCompare,13,Source and destination files could not be compared.
MsoSyncErrorType,Enumeration,msoSyncErrorCouldNotResolve,14,Could not resolve files.
MsoSyncErrorType,Enumeration,msoSyncErrorNoNetwork,15,No network available.
MsoSyncErrorType,Enumeration,msoSyncErrorUnknown,16,Unknown error.
MsoSyncEventType,Enumeration,msoSyncEventDownloadInitiated,0,Download initiated.
MsoSyncEventType,Enumeration,msoSyncEventDownloadSucceeded,1,Download succeeded.
MsoSyncEventType,Enumeration,msoSyncEventDownloadFailed,2,Download failed.
MsoSyncEventType,Enumeration,msoSyncEventUploadInitiated,3,Upload initiated.
MsoSyncEventType,Enumeration,msoSyncEventUploadSucceeded,4,Upload succeeded.
MsoSyncEventType,Enumeration,msoSyncEventUploadFailed,5,Upload failed.
MsoSyncEventType,Enumeration,msoSyncEventDownloadNoChange,6,No change detected.
MsoSyncEventType,Enumeration,msoSyncEventOffline,7,Offline.
MsoSyncStatusType,Enumeration,msoSyncStatusNoSharedWorkspace,0,No shared workspace.
MsoSyncStatusType,Enumeration,msoSyncStatusNotRoaming,0,No synchronization is needed.
MsoSyncStatusType,Enumeration,msoSyncStatusLatest,1,Documents are already in sync.
MsoSyncStatusType,Enumeration,msoSyncStatusNewerAvailable,2,Only server copy has changes.
MsoSyncStatusType,Enumeration,msoSyncStatusLocalChanges,3,Only local copy has changes.
MsoSyncStatusType,Enumeration,msoSyncStatusConflict,4,Both the local and the server copies have changes.
MsoSyncStatusType,Enumeration,msoSyncStatusSuspended,5,Synchronization has been suspended.
MsoSyncStatusType,Enumeration,msoSyncStatusError,6,An error occurred. Use the ErrorType property of the Sync object to determine the exact error.
MsoSyncVersionType,Enumeration,msoSyncVersionLastViewed,0,Opens the copy of the document that is created whenever the user overwrites the local copy with the server copy.
MsoSyncVersionType,Enumeration,msoSyncVersionServer,1,Opens the server version.
MsoTabStopType,Enumeration,msoTabStopMixed,-2,Return value only; indicates a combination of the other states.
MsoTabStopType,Enumeration,msoTabStopLeft,1,Left tab stop
MsoTabStopType,Enumeration,msoTabStopCenter,2,Center tab stop
MsoTabStopType,Enumeration,msoTabStopRight,3,Right tab stop
MsoTabStopType,Enumeration,msoTabStopDecimal,4,Decimal tab stop
MsoTargetBrowser,Enumeration,msoTargetBrowserV3,0,"Microsoft Internet Explorer 3.0, Netscape Navigator 3, or later"
MsoTargetBrowser,Enumeration,msoTargetBrowserV4,1,"Microsoft Internet Explorer 4.0, Netscape Navigator 4, or later"
MsoTargetBrowser,Enumeration,msoTargetBrowserIE4,2,Microsoft Internet Explorer 4.0 or later
MsoTargetBrowser,Enumeration,msoTargetBrowserIE5,3,Microsoft Internet Explorer 5 or later
MsoTargetBrowser,Enumeration,msoTargetBrowserIE6,4,Microsoft Internet Explorer 6 or later
MsoTelemetryConsentLevel,Enumeration,msoTelemetryConsentLevelUnset,0,
MsoTelemetryConsentLevel,Enumeration,msoTelemetryConsentLevelBasic,1,
MsoTelemetryConsentLevel,Enumeration,msoTelemetryConsentLevelFull,2,
MsoTelemetryConsentLevel,Enumeration,msoTelemetryConsentLevelZero,3,
MsoTelemetryConsentLevel,Enumeration,msoTelemetryConsentLevelDefault,4,
MsoTextCaps,Enumeration,msoCapsMixed,-2,Display the text as mixed uppercase and lowercase letters.
MsoTextCaps,Enumeration,msoNoCaps,0,Display the text with no uppercase letters.
MsoTextCaps,Enumeration,msoSmallCaps,1,Display the text with all lowercase letters.
MsoTextCaps,Enumeration,msoAllCaps,2,Display the text as all uppercase letters.
MsoTextChangeCase,Enumeration,msoCaseSentence,1,"Display the text as sentence case characters. Sentence case specifies that the first letter of the sentence is capitalized and that all others should be lowercase (with some exceptions such as proper nouns, and acronyms)."
MsoTextChangeCase,Enumeration,msoCaseLower,2,Display the text as lowercase characters.
MsoTextChangeCase,Enumeration,msoCaseUpper,3,Display the text as uppercase characters.
MsoTextChangeCase,Enumeration,msoCaseTitle,4,"Display the text as title case characters. Title case specifies that the first letter of each word is capitalized and that all others should be lowercase. In some cases short articles, prepositions, and conjunctions are not capitalized."
MsoTextChangeCase,Enumeration,msoCaseToggle,5,Indicates that lowercase text should be converted to uppercase and that uppercase text should be converted to lowercase text.
MsoTextCharWrap,Enumeration,msoCharWrapMixed,-2,Specifies a mixed text wrap.
MsoTextCharWrap,Enumeration,msoNoCharWrap,0,Specifies no text wrapping.
MsoTextCharWrap,Enumeration,msoStandardCharWrap,1,Specifies wrapping text around the standard boundary of an object.
MsoTextCharWrap,Enumeration,msoStrictCharWrap,2,Specifies text wrapping that adheres to restrictions imposed by some languages such as Chinese and Japanese alphabets.
MsoTextCharWrap,Enumeration,msoCustomCharWrap,3,Specifies a custom text wrap scheme.
MsoTextDirection,Enumeration,msoTextDirectionMixed,-2,Return value only; indicates a combination of the other states.
MsoTextDirection,Enumeration,msoTextDirectionLeftToRight,1,Text runs left to right.
MsoTextDirection,Enumeration,msoTextDirectionRightToLeft,2,Text runs right to left.
MsoTextEffectAlignment,Enumeration,msoTextEffectAlignmentMixed,-2,Not used.
MsoTextEffectAlignment,Enumeration,msoTextEffectAlignmentLeft,1,Left-aligned.
MsoTextEffectAlignment,Enumeration,msoTextEffectAlignmentCentered,2,Centered.
MsoTextEffectAlignment,Enumeration,msoTextEffectAlignmentRight,3,Right- aligned.
MsoTextEffectAlignment,Enumeration,msoTextEffectAlignmentLetterJustify,4,Text is justified. Spacing between letters may be adjusted to justify text.
MsoTextEffectAlignment,Enumeration,msoTextEffectAlignmentWordJustify,5,Text is justified. Spacing between words (but not letters) may be adjusted to justify text.
MsoTextEffectAlignment,Enumeration,msoTextEffectAlignmentStretchJustify,6,Text is justified. Letters may be stretched to justify text.
MsoTextFontAlign,Enumeration,msoFontAlignMixed,-2,Specifies that there is a mix of text alignments used with the object.
MsoTextFontAlign,Enumeration,msoFontAlignAuto,0,Specifies that the text alignment will be determined by the Office application.
MsoTextFontAlign,Enumeration,msoFontAlignTop,1,Specifies that the font is aligned to the top of the object.
MsoTextFontAlign,Enumeration,msoFontAlignCenter,2,Specifies that the font is aligned to the center of the object.
MsoTextFontAlign,Enumeration,msoFontAlignBaseline,3,Specifies that the font is aligned to the baseline of the object.
MsoTextFontAlign,Enumeration,msoFontAlignBottom,4,Specifies that the font is aligned to the bottom of the object.
MsoTextOrientation,Enumeration,msoTextOrientationMixed,-2,Not supported
MsoTextOrientation,Enumeration,msoTextOrientationHorizontal,1,Horizontal
MsoTextOrientation,Enumeration,msoTextOrientationUpward,2,Upward
MsoTextOrientation,Enumeration,msoTextOrientationDownward,3,Downward
MsoTextOrientation,Enumeration,msoTextOrientationVerticalFarEast,4,Vertical as required for Asian language support
MsoTextOrientation,Enumeration,msoTextOrientationVertical,5,Vertical
MsoTextOrientation,Enumeration,msoTextOrientationHorizontalRotatedFarEast,6,Horizontal and rotated as required for Asian language support
MsoTextRangeInsertPosition,Enumeration,msoMsoTextRangeInsertBefore,0,
MsoTextRangeInsertPosition,Enumeration,msoMsoTextRangeInsertAfter,1,
MsoTextStrike,Enumeration,msoStrikeMixed,-2,Specifies that the text can contain a combination of doublestrike and single strike characters.
MsoTextStrike,Enumeration,msoNoStrike,0,Specifies that the character is not printed.
MsoTextStrike,Enumeration,msoSingleStrike,1,Specifies that the character is printed once.
MsoTextStrike,Enumeration,msoDoubleStrike,2,Specifies that the character is printed twice.
MsoTextTabAlign,Enumeration,msoTabAlignMixed,-2,Specifies that mixed text alignment against tab stops is used.
MsoTextTabAlign,Enumeration,msoTabAlignLeft,0,Specifies that the following text starts immediately after the designated tab stop (the default).
MsoTextTabAlign,Enumeration,msoTabAlignCenter,1,Specifies that the following text up to next tab or line break is centered on the designated tab stop.
MsoTextTabAlign,Enumeration,msoTabAlignRight,2,Specifies that the following text up to the next tab or line break is rendered flush right to the designated tab stop.
MsoTextTabAlign,Enumeration,msoTabAlignDecimal,3,Specifies that the following text is searched for the first occurrence of the character representing the decimal point. The text up to the next tab or line break is then aligned such that the decimal point starts at the designated tab stop.
MsoTextUnderlineType,Enumeration,msoUnderlineMixed,-2,Specifies a mixed of underline types.
MsoTextUnderlineType,Enumeration,msoNoUnderline,0,Specifies no underline.
MsoTextUnderlineType,Enumeration,msoUnderlineWords,1,Specifies underlining words.
MsoTextUnderlineType,Enumeration,msoUnderlineSingleLine,2,Specifies a single line underline.
MsoTextUnderlineType,Enumeration,msoUnderlineDoubleLine,3,Specifies a double line underline.
MsoTextUnderlineType,Enumeration,msoUnderlineHeavyLine,4,Specifies a heavy line underline.
MsoTextUnderlineType,Enumeration,msoUnderlineDottedLine,5,Specifies a dotted line underline.
MsoTextUnderlineType,Enumeration,msoUnderlineDottedHeavyLine,6,Specifies a dotted heavy line underline.
MsoTextUnderlineType,Enumeration,msoUnderlineDashLine,7,Specifies a dash line underline.
MsoTextUnderlineType,Enumeration,msoUnderlineDashHeavyLine,8,Specifies a dash underline.
MsoTextUnderlineType,Enumeration,msoUnderlineDashLongLine,9,Specifies a dashed long line underline.
MsoTextUnderlineType,Enumeration,msoUnderlineDashLongHeavyLine,10,Specifies a long heavy line underline.
MsoTextUnderlineType,Enumeration,msoUnderlineDotDashLine,11,Specifies a dot dash line underline.
MsoTextUnderlineType,Enumeration,msoUnderlineDotDashHeavyLine,12,Specifies a dot dash heavy line underline.
MsoTextUnderlineType,Enumeration,msoUnderlineDotDotDashLine,13,Specifies a dot dot dash line underline.
MsoTextUnderlineType,Enumeration,msoUnderlineDotDotDashHeavyLine,14,Specifies a dot dot dash heavy line underline.
MsoTextUnderlineType,Enumeration,msoUnderlineWavyLine,15,Specifies a wavy line underline.
MsoTextUnderlineType,Enumeration,msoUnderlineWavyHeavyLine,16,Specifies a wavy heavy line underline.
MsoTextUnderlineType,Enumeration,msoUnderlineWavyDoubleLine,17,Specifies a wavy double line underline.
MsoTextureAlignment,Enumeration,msoTextureAlignmentMixed,-2,Return value only; indicates a combination of the other states.
MsoTextureAlignment,Enumeration,msoTextureTopLeft,0,Top-left alignment
MsoTextureAlignment,Enumeration,msoTextureTop,1,Top alignment
MsoTextureAlignment,Enumeration,msoTextureTopRight,2,Top-right alignment
MsoTextureAlignment,Enumeration,msoTextureLeft,3,Left alignment
MsoTextureAlignment,Enumeration,msoTextureCenter,4,Center alignment
MsoTextureAlignment,Enumeration,msoTextureRight,5,Right alignment
MsoTextureAlignment,Enumeration,msoTextureBottomLeft,6,Bottom-left alignment
MsoTextureAlignment,Enumeration,msoTextureBottom,7,Bottom alignment
MsoTextureAlignment,Enumeration,msoTextureBottomRight,8,Bottom-right alignment
MsoTextureType,Enumeration,msoTextureTypeMixed,-2,Return value only; indicates a combination of the other states.
MsoTextureType,Enumeration,msoTexturePreset,1,Preset texture type
MsoTextureType,Enumeration,msoTextureUserDefined,2,User-defined texture type
MsoThemeColorIndex,Enumeration,msoThemeColorMixed,-2,Specifies a mixed color theme.
MsoThemeColorIndex,Enumeration,msoNotThemeColor,0,Specifies no theme color.
MsoThemeColorIndex,Enumeration,msoThemeColorDark1,1,Specifies the Dark 1 theme color.
MsoThemeColorIndex,Enumeration,msoThemeColorLight1,2,Specifies the Light 1 theme color.
MsoThemeColorIndex,Enumeration,msoThemeColorDark2,3,Specifies the Dark 2 theme color.
MsoThemeColorIndex,Enumeration,msoThemeColorLight2,4,Specifies the Light 2 theme color.
MsoThemeColorIndex,Enumeration,msoThemeColorAccent1,5,Specifies the Accent 1 theme color.
MsoThemeColorIndex,Enumeration,msoThemeColorAccent2,6,Specifies the Accent 2 theme color.
MsoThemeColorIndex,Enumeration,msoThemeColorAccent3,7,Specifies the Accent 3 theme color.
MsoThemeColorIndex,Enumeration,msoThemeColorAccent4,8,Specifies the Accent 4 theme color.
MsoThemeColorIndex,Enumeration,msoThemeColorAccent5,9,Specifies the Accent 5 theme color.
MsoThemeColorIndex,Enumeration,msoThemeColorAccent6,10,Specifies the Accent 6 theme color.
MsoThemeColorIndex,Enumeration,msoThemeColorHyperlink,11,Specifies the theme color for a hyperlink.
MsoThemeColorIndex,Enumeration,msoThemeColorFollowedHyperlink,12,Specifies the theme color for a clicked hyperlink.
MsoThemeColorIndex,Enumeration,msoThemeColorText1,13,Specifies the Text 1 theme color.
MsoThemeColorIndex,Enumeration,msoThemeColorBackground1,14,Specifies the Background 1 theme color.
MsoThemeColorIndex,Enumeration,msoThemeColorText2,15,Specifies the Text 2 theme color.
MsoThemeColorIndex,Enumeration,msoThemeColorBackground2,16,Specifies the Background 2 theme color.
MsoThemeColorSchemeIndex,Enumeration,msoThemeDark1,1,Specifies color scheme Dark 1.
MsoThemeColorSchemeIndex,Enumeration,msoThemeLight1,2,Specifies color scheme Light 1.
MsoThemeColorSchemeIndex,Enumeration,msoThemeDark2,3,Specifies color scheme Dark 2.
MsoThemeColorSchemeIndex,Enumeration,msoThemeLight2,4,Specifies color scheme Light 2.
MsoThemeColorSchemeIndex,Enumeration,msoThemeAccent1,5,Specifies color scheme Accent 1.
MsoThemeColorSchemeIndex,Enumeration,msoThemeAccent2,6,Specifies color scheme Accent 2.
MsoThemeColorSchemeIndex,Enumeration,msoThemeAccent3,7,Specifies color scheme Accent 3.
MsoThemeColorSchemeIndex,Enumeration,msoThemeAccent4,8,Specifies color scheme Accent 4.
MsoThemeColorSchemeIndex,Enumeration,msoThemeAccent5,9,Specifies color scheme Accent 5.
MsoThemeColorSchemeIndex,Enumeration,msoThemeAccent6,10,Specifies color scheme Accent 6.
MsoThemeColorSchemeIndex,Enumeration,msoThemeHyperlink,11,Specifies a color scheme for a hyperlink.
MsoThemeColorSchemeIndex,Enumeration,msoThemeFollowedHyperlink,12,Specifies a color scheme for a clicked hyperlink.
MsoTriState,Enumeration,msoTrue,-1,True
MsoTriState,Enumeration,msoFalse,0,False
MsoTriState,Enumeration,msoCTrue,1,Not supported
MsoTriState,Enumeration,msoTriStateToggle,-3,Not supported
MsoTriState,Enumeration,msoTriStateMixed,-2,Not supported
MsoVerticalAnchor,Enumeration,msoVerticalAnchorMixed,-2,Return value only; indicates a combination of the other states.
MsoVerticalAnchor,Enumeration,msoAnchorTop,1,Aligns text to top of text frame.
MsoVerticalAnchor,Enumeration,msoAnchorTopBaseline,2,"Anchors top of text string to current position, regardless of text resizing. When you resize text without baseline anchoring, text centers itself on previous position."
MsoVerticalAnchor,Enumeration,msoAnchorMiddle,3,Centers text vertically.
MsoVerticalAnchor,Enumeration,msoAnchorBottom,4,Aligns text to bottom of text frame.
MsoVerticalAnchor,Enumeration,msoAnchorBottomBaseLine,5,"Anchors bottom of text string to current position, regardless of text resizing. When you resize text without baseline anchoring, text centers itself on previous position."
MsoWarpFormat,Enumeration,msoWarpFormatMixed,-2,Specifies a mix of warp formats.
MsoWarpFormat,Enumeration,msoWarpFormat1,0,Specifies Warp Format 1.
MsoWarpFormat,Enumeration,msoWarpFormat2,1,Specifies Warp Format 2.
MsoWarpFormat,Enumeration,msoWarpFormat3,2,Specifies Warp Format 3.
MsoWarpFormat,Enumeration,msoWarpFormat4,3,Specifies Warp Format 4.
MsoWarpFormat,Enumeration,msoWarpFormat5,4,Specifies Warp Format 5.
MsoWarpFormat,Enumeration,msoWarpFormat6,5,Specifies Warp Format 6.
MsoWarpFormat,Enumeration,msoWarpFormat7,6,Specifies Warp Format 7.
MsoWarpFormat,Enumeration,msoWarpFormat8,7,Specifies Warp Format 8.
MsoWarpFormat,Enumeration,msoWarpFormat9,8,Specifies Warp Format 9.
MsoWarpFormat,Enumeration,msoWarpFormat10,9,Specifies Warp Format 10.
MsoWarpFormat,Enumeration,msoWarpFormat11,10,Specifies Warp Format 11.
MsoWarpFormat,Enumeration,msoWarpFormat12,11,Specifies Warp Format 12.
MsoWarpFormat,Enumeration,msoWarpFormat13,12,Specifies Warp Format 13.
MsoWarpFormat,Enumeration,msoWarpFormat14,13,Specifies Warp Format 14.
MsoWarpFormat,Enumeration,msoWarpFormat15,14,Specifies Warp Format 15.
MsoWarpFormat,Enumeration,msoWarpFormat16,15,Specifies Warp Format 16.
MsoWarpFormat,Enumeration,msoWarpFormat17,16,Specifies Warp Format 17.
MsoWarpFormat,Enumeration,msoWarpFormat18,17,Specifies Warp Format 18.
MsoWarpFormat,Enumeration,msoWarpFormat19,18,Specifies Warp Format 19.
MsoWarpFormat,Enumeration,msoWarpFormat20,19,Specifies Warp Format 20.
MsoWarpFormat,Enumeration,msoWarpFormat21,20,Specifies Warp Format 21.
MsoWarpFormat,Enumeration,msoWarpFormat22,21,Specifies Warp Format 22.
MsoWarpFormat,Enumeration,msoWarpFormat23,22,Specifies Warp Format 23.
MsoWarpFormat,Enumeration,msoWarpFormat24,23,Specifies Warp Format 24.
MsoWarpFormat,Enumeration,msoWarpFormat25,24,Specifies Warp Format 25.
MsoWarpFormat,Enumeration,msoWarpFormat26,25,Specifies Warp Format 26.
MsoWarpFormat,Enumeration,msoWarpFormat27,26,Specifies Warp Format 27.
MsoWarpFormat,Enumeration,msoWarpFormat28,27,Specifies Warp Format 28.
MsoWarpFormat,Enumeration,msoWarpFormat29,28,Specifies Warp Format 29.
MsoWarpFormat,Enumeration,msoWarpFormat30,29,Specifies Warp Format 30.
MsoWarpFormat,Enumeration,msoWarpFormat31,30,Specifies Warp Format 31.
MsoWarpFormat,Enumeration,msoWarpFormat32,31,Specifies Warp Format 32.
MsoWarpFormat,Enumeration,msoWarpFormat33,32,Specifies Warp Format 33.
MsoWarpFormat,Enumeration,msoWarpFormat34,33,Specifies Warp Format 34.
MsoWarpFormat,Enumeration,msoWarpFormat35,34,Specifies Warp Format 35.
MsoWarpFormat,Enumeration,msoWarpFormat36,35,Specifies Warp Format 36.
MsoWarpFormat,Enumeration,msoWarpFormat37,36,Specifies Warp Format 37.
MsoWizardActType,Enumeration,msoWizardActInactive,0,
MsoWizardActType,Enumeration,msoWizardActActive,1,
MsoWizardActType,Enumeration,msoWizardActSuspend,2,
MsoWizardActType,Enumeration,msoWizardActResume,3,
MsoWizardMsgType,Enumeration,msoWizardMsgLocalStateOn,1,Not supported.
MsoWizardMsgType,Enumeration,msoWizardMsgLocalStateOff,2,User clicked the right button in the decision or branch balloon.
MsoWizardMsgType,Enumeration,msoWizardMsgShowHelp,3,User clicked the left button in the decision or branch balloon.
MsoWizardMsgType,Enumeration,msoWizardMsgSuspending,4,Passed to the ActivateWizard method if msoWizardActSuspend is specified for the Act argument.
MsoWizardMsgType,Enumeration,msoWizardMsgResuming,5,Passed to the ActivateWizard method if msoWizardActResume is specified for the Act argument.
MsoZOrderCmd,Enumeration,msoBringToFront,0,Bring shape to the front.
MsoZOrderCmd,Enumeration,msoSendToBack,1,Send shape to the back.
MsoZOrderCmd,Enumeration,msoBringForward,2,Bring shape forward.
MsoZOrderCmd,Enumeration,msoSendBackward,3,Send shape backward.
MsoZOrderCmd,Enumeration,msoBringInFrontOfText,4,Bring shape in front of text. Used only in Microsoft Word.
MsoZOrderCmd,Enumeration,msoSendBehindText,5,Send shape behind text. Used only in Microsoft Word.
RibbonControlSize,Enumeration,RibbonControlSizeRegular,0,Small controls
RibbonControlSize,Enumeration,RibbonControlSizeLarge,1,Large controls
SignatureDetail,Enumeration,sigdetLocalSigningTime,0,Specifies the local signing time.
SignatureDetail,Enumeration,sigdetApplicationName,1,Specifies the application name.
SignatureDetail,Enumeration,sigdetApplicationVersion,2,Specifies the application version.
SignatureDetail,Enumeration,sigdetOfficeVersion,3,Specifies the Office version.
SignatureDetail,Enumeration,sigdetWindowsVersion,4,Specifies the Windows version.
SignatureDetail,Enumeration,sigdetNumberOfMonitors,5,Specifies the number of monitors.
SignatureDetail,Enumeration,sigdetHorizResolution,6,Specifies the horizontal resolution.
SignatureDetail,Enumeration,sigdetVertResolution,7,Specifies the vertical resolution.
SignatureDetail,Enumeration,sigdetColorDepth,8,Specifies the color depth.
SignatureDetail,Enumeration,sigdetSignedData,9,Specifies the signed data.
SignatureDetail,Enumeration,sigdetDocPreviewImg,10,Specifies the document preview image.
SignatureDetail,Enumeration,sigdetIPFormHash,11,Specifies the IP form hash.
SignatureDetail,Enumeration,sigdetIPCurrentView,12,Specifies the IP current view.
SignatureDetail,Enumeration,sigdetSignatureType,13,Specifies the signature type.
SignatureDetail,Enumeration,sigdetHashAlgorithm,14,Specifies the hash algorithm.
SignatureDetail,Enumeration,sigdetShouldShowViewWarning,15,Specifies the Should Show View Warning setting.
SignatureDetail,Enumeration,sigdetDelSuggSigner,16,Specifies the suggested signer delegate.
SignatureDetail,Enumeration,sigdetDelSuggSignerSet,17,Specifies the set of suggested signer's delegates.
SignatureDetail,Enumeration,sigdetDelSuggSignerLine2,18,Specifies the suggested signer's delegate's signature line.
SignatureDetail,Enumeration,sigdetDelSuggSignerLine2Set,19,Specifies the set of suggested signer's delegate's signature lines.
SignatureDetail,Enumeration,sigdetDelSuggSignerEmail,20,Specifies the suggested signer's delegate's email.
SignatureDetail,Enumeration,sigdetDelSuggSignerEmailSet,21,Indicates whether an email for a suggested signer delegate has been specified.
SignatureLineImage,Enumeration,siglnimgSoftwareRequired,0,The SoftwareRequired image
SignatureLineImage,Enumeration,siglnimgUnsigned,1,The Unsigned image
SignatureLineImage,Enumeration,siglnimgSignedValid,2,The SignedValid image
SignatureLineImage,Enumeration,siglnimgSignedInvalid,3,The SignedInvalid image
SignatureLineImage,Enumeration,siglnimgSigned,4,
SignatureProviderDetail,Enumeration,sigprovdetUrl,0,The URL of the signature provider.
SignatureProviderDetail,Enumeration,sigprovdetHashAlgorithm,1,Hash algorithm used to hash the data in the file.
SignatureProviderDetail,Enumeration,sigprovdetUIOnly,2,Indicates that the signature provider only uses a custom user interface.
SignatureProviderDetail,Enumeration,sigprovdetUseOfficeUI,3,
SignatureProviderDetail,Enumeration,sigprovdetUseOfficeStampUI,4,
SignatureType,Enumeration,sigtypeUnknown,0,A signature not generated by Office.
SignatureType,Enumeration,sigtypeNonVisible,1,A signature that is not visible in the content of the document.
SignatureType,Enumeration,sigtypeSignatureLine,2,A signature that is visible in the content of the document.
SignatureType,Enumeration,sigtypeMax,3,Specifies the maximum number of the signature types available in the current version of Office.
XlAxisCrosses,Enumeration,xlAxisCrossesAutomatic,-4105,
XlAxisCrosses,Enumeration,xlAxisCrossesCustom,-4114,
XlAxisCrosses,Enumeration,xlAxisCrossesMaximum,2,
XlAxisCrosses,Enumeration,xlAxisCrossesMinimum,4,
XlAxisGroup,Enumeration,xlPrimary,1,
XlAxisGroup,Enumeration,xlSecondary,2,
XlAxisType,Enumeration,xlCategory,1,
XlAxisType,Enumeration,xlSeriesAxis,3,
XlAxisType,Enumeration,xlValue,2,
XlBarShape,Enumeration,xlBox,0,
XlBarShape,Enumeration,xlPyramidToPoint,1,
XlBarShape,Enumeration,xlPyramidToMax,2,
XlBarShape,Enumeration,xlCylinder,3,
XlBarShape,Enumeration,xlConeToPoint,4,
XlBarShape,Enumeration,xlConeToMax,5,
XlBinsType,Enumeration,xlBinsTypeAutomatic,0,
XlBinsType,Enumeration,xlBinsTypeCategorical,1,
XlBinsType,Enumeration,xlBinsTypeManual,2,
XlBinsType,Enumeration,xlBinsTypeBinSize,3,
XlBinsType,Enumeration,xlBinsTypeBinCount,4,
XlBorderWeight,Enumeration,xlHairline,1,
XlBorderWeight,Enumeration,xlMedium,-4138,
XlBorderWeight,Enumeration,xlThick,4,
XlBorderWeight,Enumeration,xlThin,2,
XlCategoryLabelLevel,Enumeration,xlCategoryLabelLevelNone,-3,
XlCategoryLabelLevel,Enumeration,xlCategoryLabelLevelCustom,-2,
XlCategoryLabelLevel,Enumeration,xlCategoryLabelLevelAll,-1,
XlCategorySortOrder,Enumeration,xlIndexAscending,0,
XlCategorySortOrder,Enumeration,xlIndexDescending,1,
XlCategorySortOrder,Enumeration,xlCategoryAscending,2,
XlCategorySortOrder,Enumeration,xlCategoryDescending,3,
XlCategoryType,Enumeration,xlCategoryScale,2,
XlCategoryType,Enumeration,xlTimeScale,3,
XlCategoryType,Enumeration,xlAutomaticScale,-4105,
XlChartElementPosition,Enumeration,xlChartElementPositionAutomatic,-4105,
XlChartElementPosition,Enumeration,xlChartElementPositionCustom,-4114,
XlChartItem,Enumeration,xlDataLabel,0,
XlChartItem,Enumeration,xlChartArea,2,
XlChartItem,Enumeration,xlSeries,3,
XlChartItem,Enumeration,xlChartTitle,4,
XlChartItem,Enumeration,xlWalls,5,
XlChartItem,Enumeration,xlCorners,6,
XlChartItem,Enumeration,xlDataTable,7,
XlChartItem,Enumeration,xlTrendline,8,
XlChartItem,Enumeration,xlErrorBars,9,
XlChartItem,Enumeration,xlXErrorBars,10,
XlChartItem,Enumeration,xlYErrorBars,11,
XlChartItem,Enumeration,xlLegendEntry,12,
XlChartItem,Enumeration,xlLegendKey,13,
XlChartItem,Enumeration,xlShape,14,
XlChartItem,Enumeration,xlMajorGridlines,15,
XlChartItem,Enumeration,xlMinorGridlines,16,
XlChartItem,Enumeration,xlAxisTitle,17,
XlChartItem,Enumeration,xlUpBars,18,
XlChartItem,Enumeration,xlPlotArea,19,
XlChartItem,Enumeration,xlDownBars,20,
XlChartItem,Enumeration,xlAxis,21,
XlChartItem,Enumeration,xlSeriesLines,22,
XlChartItem,Enumeration,xlFloor,23,
XlChartItem,Enumeration,xlLegend,24,
XlChartItem,Enumeration,xlHiLoLines,25,
XlChartItem,Enumeration,xlDropLines,26,
XlChartItem,Enumeration,xlRadarAxisLabels,27,
XlChartItem,Enumeration,xlNothing,28,
XlChartItem,Enumeration,xlLeaderLines,29,
XlChartItem,Enumeration,xlDisplayUnitLabel,30,
XlChartItem,Enumeration,xlPivotChartFieldButton,31,
XlChartItem,Enumeration,xlPivotChartDropZone,32,
XlChartItem,Enumeration,xlPivotChartExpandEntireFieldButton,33,
XlChartItem,Enumeration,xlPivotChartCollapseEntireFieldButton,34,
XlChartOrientation,Enumeration,xlDownward,-4170,
XlChartOrientation,Enumeration,xlHorizontal,-4128,
XlChartOrientation,Enumeration,xlUpward,-4171,
XlChartOrientation,Enumeration,xlVertical,-4166,
XlChartPictureType,Enumeration,xlStackScale,3,
XlChartPictureType,Enumeration,xlStack,2,
XlChartPictureType,Enumeration,xlStretch,1,
XlChartSplitType,Enumeration,xlSplitByPosition,1,
XlChartSplitType,Enumeration,xlSplitByPercentValue,3,
XlChartSplitType,Enumeration,xlSplitByCustomSplit,4,
XlChartSplitType,Enumeration,xlSplitByValue,2,
XlChartType,Enumeration,xlColumnClustered,51,
XlChartType,Enumeration,xlColumnStacked,52,
XlChartType,Enumeration,xlColumnStacked100,53,
XlChartType,Enumeration,xl3DColumnClustered,54,
XlChartType,Enumeration,xl3DColumnStacked,55,
XlChartType,Enumeration,xl3DColumnStacked100,56,
XlChartType,Enumeration,xlBarClustered,57,
XlChartType,Enumeration,xlBarStacked,58,
XlChartType,Enumeration,xlBarStacked100,59,
XlChartType,Enumeration,xl3DBarClustered,60,
XlChartType,Enumeration,xl3DBarStacked,61,
XlChartType,Enumeration,xl3DBarStacked100,62,
XlChartType,Enumeration,xlLineStacked,63,
XlChartType,Enumeration,xlLineStacked100,64,
XlChartType,Enumeration,xlLineMarkers,65,
XlChartType,Enumeration,xlLineMarkersStacked,66,
XlChartType,Enumeration,xlLineMarkersStacked100,67,
XlChartType,Enumeration,xlPieOfPie,68,
XlChartType,Enumeration,xlPieExploded,69,
XlChartType,Enumeration,xl3DPieExploded,70,
XlChartType,Enumeration,xlBarOfPie,71,
XlChartType,Enumeration,xlXYScatterSmooth,72,
XlChartType,Enumeration,xlXYScatterSmoothNoMarkers,73,
XlChartType,Enumeration,xlXYScatterLines,74,
XlChartType,Enumeration,xlXYScatterLinesNoMarkers,75,
XlChartType,Enumeration,xlAreaStacked,76,
XlChartType,Enumeration,xlAreaStacked100,77,
XlChartType,Enumeration,xl3DAreaStacked,78,
XlChartType,Enumeration,xl3DAreaStacked100,79,
XlChartType,Enumeration,xlDoughnutExploded,80,
XlChartType,Enumeration,xlRadarMarkers,81,
XlChartType,Enumeration,xlRadarFilled,82,
XlChartType,Enumeration,xlSurface,83,
XlChartType,Enumeration,xlSurfaceWireframe,84,
XlChartType,Enumeration,xlSurfaceTopView,85,
XlChartType,Enumeration,xlSurfaceTopViewWireframe,86,
XlChartType,Enumeration,xlBubble,15,
XlChartType,Enumeration,xlBubble3DEffect,87,
XlChartType,Enumeration,xlStockHLC,88,
XlChartType,Enumeration,xlStockOHLC,89,
XlChartType,Enumeration,xlStockVHLC,90,
XlChartType,Enumeration,xlStockVOHLC,91,
XlChartType,Enumeration,xlCylinderColClustered,92,
XlChartType,Enumeration,xlCylinderColStacked,93,
XlChartType,Enumeration,xlCylinderColStacked100,94,
XlChartType,Enumeration,xlCylinderBarClustered,95,
XlChartType,Enumeration,xlCylinderBarStacked,96,
XlChartType,Enumeration,xlCylinderBarStacked100,97,
XlChartType,Enumeration,xlCylinderCol,98,
XlChartType,Enumeration,xlConeColClustered,99,
XlChartType,Enumeration,xlConeColStacked,100,
XlChartType,Enumeration,xlConeColStacked100,101,
XlChartType,Enumeration,xlConeBarClustered,102,
XlChartType,Enumeration,xlConeBarStacked,103,
XlChartType,Enumeration,xlConeBarStacked100,104,
XlChartType,Enumeration,xlConeCol,105,
XlChartType,Enumeration,xlPyramidColClustered,106,
XlChartType,Enumeration,xlPyramidColStacked,107,
XlChartType,Enumeration,xlPyramidColStacked100,108,
XlChartType,Enumeration,xlPyramidBarClustered,109,
XlChartType,Enumeration,xlPyramidBarStacked,110,
XlChartType,Enumeration,xlPyramidBarStacked100,111,
XlChartType,Enumeration,xlPyramidCol,112,
XlChartType,Enumeration,xl3DColumn,-4100,
XlChartType,Enumeration,xlLine,4,
XlChartType,Enumeration,xl3DLine,-4101,
XlChartType,Enumeration,xl3DPie,-4102,
XlChartType,Enumeration,xlPie,5,
XlChartType,Enumeration,xlXYScatter,-4169,
XlChartType,Enumeration,xl3DArea,-4098,
XlChartType,Enumeration,xlArea,1,
XlChartType,Enumeration,xlDoughnut,-4120,
XlChartType,Enumeration,xlRadar,-4151,
XlChartType,Enumeration,xlCombo,-4152,
XlChartType,Enumeration,xlComboColumnClusteredLine,113,
XlChartType,Enumeration,xlComboColumnClusteredLineSecondaryAxis,114,
XlChartType,Enumeration,xlComboAreaStackedColumnClustered,115,
XlChartType,Enumeration,xlOtherCombinations,116,
XlChartType,Enumeration,xlSuggestedChart,-2,
XlChartType,Enumeration,xlTreemap,117,
XlChartType,Enumeration,xlHistogram,118,
XlChartType,Enumeration,xlWaterfall,119,
XlChartType,Enumeration,xlSunburst,120,
XlChartType,Enumeration,xlBoxwhisker,121,
XlChartType,Enumeration,xlPareto,122,
XlChartType,Enumeration,xlFunnel,123,
XlChartType,Enumeration,xlColumnClusteredEx,124,
XlChartType,Enumeration,xlColumnStackedEx,125,
XlChartType,Enumeration,xlColumnStacked100Ex,126,
XlChartType,Enumeration,xlLineEx,127,
XlChartType,Enumeration,xlLineStackedEx,128,
XlChartType,Enumeration,xlLineStacked100Ex,129,
XlChartType,Enumeration,xlPieEx,130,
XlChartType,Enumeration,xlDoughnutEx,131,
XlChartType,Enumeration,xlBarClusteredEx,132,
XlChartType,Enumeration,xlBarStackedEx,133,
XlChartType,Enumeration,xlBarStacked100Ex,134,
XlChartType,Enumeration,xlAreaEx,135,
XlChartType,Enumeration,xlAreaStackedEx,136,
XlChartType,Enumeration,xlAreaStacked100Ex,137,
XlChartType,Enumeration,xlXYScatterEx,138,
XlChartType,Enumeration,xlBubbleEx,139,
XlChartType,Enumeration,xlRegionMap,140,
XlColorIndex,Enumeration,xlColorIndexAutomatic,-4105,
XlColorIndex,Enumeration,xlColorIndexNone,-4142,
XlConstants,Enumeration,xlAutomatic,-4105,
XlConstants,Enumeration,xlCombination,-4111,
XlConstants,Enumeration,xlCustom,-4114,
XlConstants,Enumeration,xlBar,2,
XlConstants,Enumeration,xlColumn,3,
XlConstants,Enumeration,xl3DBar,-4099,
XlConstants,Enumeration,xl3DSurface,-4103,
XlConstants,Enumeration,xlDefaultAutoFormat,-1,
XlConstants,Enumeration,xlNone,-4142,
XlConstants,Enumeration,xlAbove,0,
XlConstants,Enumeration,xlBelow,1,
XlConstants,Enumeration,xlBoth,1,
XlConstants,Enumeration,xlBottom,-4107,
XlConstants,Enumeration,xlCenter,-4108,
XlConstants,Enumeration,xlChecker,9,
XlConstants,Enumeration,xlCircle,8,
XlConstants,Enumeration,xlCorner,2,
XlConstants,Enumeration,xlCrissCross,16,
XlConstants,Enumeration,xlCross,4,
XlConstants,Enumeration,xlDiamond,2,
XlConstants,Enumeration,xlDistributed,-4117,
XlConstants,Enumeration,xlFill,5,
XlConstants,Enumeration,xlFixedValue,1,
XlConstants,Enumeration,xlGeneral,1,
XlConstants,Enumeration,xlGray16,17,
XlConstants,Enumeration,xlGray25,-4124,
XlConstants,Enumeration,xlGray50,-4125,
XlConstants,Enumeration,xlGray75,-4126,
XlConstants,Enumeration,xlGray8,18,
XlConstants,Enumeration,xlGrid,15,
XlConstants,Enumeration,xlHigh,-4127,
XlConstants,Enumeration,xlInside,2,
XlConstants,Enumeration,xlJustify,-4130,
XlConstants,Enumeration,xlLeft,-4131,
XlConstants,Enumeration,xlLightDown,13,
XlConstants,Enumeration,xlLightHorizontal,11,
XlConstants,Enumeration,xlLightUp,14,
XlConstants,Enumeration,xlLightVertical,12,
XlConstants,Enumeration,xlLow,-4134,
XlConstants,Enumeration,xlMaximum,2,
XlConstants,Enumeration,xlMinimum,4,
XlConstants,Enumeration,xlMinusValues,3,
XlConstants,Enumeration,xlNextToAxis,4,
XlConstants,Enumeration,xlOpaque,3,
XlConstants,Enumeration,xlOutside,3,
XlConstants,Enumeration,xlPercent,2,
XlConstants,Enumeration,xlPlus,9,
XlConstants,Enumeration,xlPlusValues,2,
XlConstants,Enumeration,xlRight,-4152,
XlConstants,Enumeration,xlScale,3,
XlConstants,Enumeration,xlSemiGray75,10,
XlConstants,Enumeration,xlShowLabel,4,
XlConstants,Enumeration,xlShowLabelAndPercent,5,
XlConstants,Enumeration,xlShowPercent,3,
XlConstants,Enumeration,xlShowValue,2,
XlConstants,Enumeration,xlSingle,2,
XlConstants,Enumeration,xlSolid,1,
XlConstants,Enumeration,xlSquare,1,
XlConstants,Enumeration,xlStar,5,
XlConstants,Enumeration,xlStError,4,
XlConstants,Enumeration,xlTop,-4160,
XlConstants,Enumeration,xlTransparent,2,
XlConstants,Enumeration,xlTriangle,3,
XlDataLabelPosition,Enumeration,xlLabelPositionCenter,-4108,Data label centered on data point or inside bar or pie.
XlDataLabelPosition,Enumeration,xlLabelPositionAbove,0,Data label positioned above point.
XlDataLabelPosition,Enumeration,xlLabelPositionBelow,1,Data label positioned below point.
XlDataLabelPosition,Enumeration,xlLabelPositionLeft,-4131,Data label positioned at bottom of bar or pie.
XlDataLabelPosition,Enumeration,xlLabelPositionRight,-4152,Data label positioned at top of bar or pie.
XlDataLabelPosition,Enumeration,xlLabelPositionOutsideEnd,2,Data label positioned at top of bar or pie.
XlDataLabelPosition,Enumeration,xlLabelPositionInsideEnd,3,Data label positioned arbitrarily.
XlDataLabelPosition,Enumeration,xlLabelPositionInsideBase,4,Data label positioned arbitrarily.
XlDataLabelPosition,Enumeration,xlLabelPositionBestFit,5,Office application controls position of data label.
XlDataLabelPosition,Enumeration,xlLabelPositionMixed,6,Data label positioned at bottom of bar or pie.
XlDataLabelPosition,Enumeration,xlLabelPositionCustom,7,Data label centered on data point or inside bar or pie.
XlDataLabelsType,Enumeration,xlDataLabelsShowNone,-4142,
XlDataLabelsType,Enumeration,xlDataLabelsShowValue,2,
XlDataLabelsType,Enumeration,xlDataLabelsShowPercent,3,
XlDataLabelsType,Enumeration,xlDataLabelsShowLabel,4,
XlDataLabelsType,Enumeration,xlDataLabelsShowLabelAndPercent,5,
XlDataLabelsType,Enumeration,xlDataLabelsShowBubbleSizes,6,
XlDisplayBlanksAs,Enumeration,xlInterpolated,3,
XlDisplayBlanksAs,Enumeration,xlNotPlotted,1,
XlDisplayBlanksAs,Enumeration,xlZero,2,
XlDisplayUnit,Enumeration,xlHundreds,-2,Specifies units of hundreds.
XlDisplayUnit,Enumeration,xlThousands,-3,Specifies units of thousands.
XlDisplayUnit,Enumeration,xlTenThousands,-4,Specifies units of tens of thousands.
XlDisplayUnit,Enumeration,xlHundredThousands,-5,Specifies units of hundreds of thousands.
XlDisplayUnit,Enumeration,xlMillions,-6,Specifies units of millions.
XlDisplayUnit,Enumeration,xlTenMillions,-7,Specifies units of tens of millions.
XlDisplayUnit,Enumeration,xlHundredMillions,-8,Specifies units of hundreds of millions.
XlDisplayUnit,Enumeration,xlThousandMillions,-9,Specifies units of thousands of millions.
XlDisplayUnit,Enumeration,xlMillionMillions,-10,Specifies units of millions of millions.
XlDisplayUnit,Enumeration,xlDisplayUnitCustom,-4114,Specifies custom units.
XlDisplayUnit,Enumeration,xlDisplayUnitNone,-4142,No units are displayed.
XlEndStyleCap,Enumeration,xlCap,1,
XlEndStyleCap,Enumeration,xlNoCap,2,
XlErrorBarDirection,Enumeration,xlChartX,-4168,
XlErrorBarDirection,Enumeration,xlChartY,1,
XlErrorBarInclude,Enumeration,xlErrorBarIncludeBoth,1,
XlErrorBarInclude,Enumeration,xlErrorBarIncludeMinusValues,3,
XlErrorBarInclude,Enumeration,xlErrorBarIncludeNone,-4142,
XlErrorBarInclude,Enumeration,xlErrorBarIncludePlusValues,2,
XlErrorBarType,Enumeration,xlErrorBarTypeCustom,-4114,
XlErrorBarType,Enumeration,xlErrorBarTypeFixedValue,1,
XlErrorBarType,Enumeration,xlErrorBarTypePercent,2,
XlErrorBarType,Enumeration,xlErrorBarTypeStDev,-4155,
XlErrorBarType,Enumeration,xlErrorBarTypeStError,4,
XlGeoMappingLevel,Enumeration,xlGeoMappingLevelAutomatic,0,
XlGeoMappingLevel,Enumeration,xlGeoMappingLevelDataOnly,1,
XlGeoMappingLevel,Enumeration,xlGeoMappingLevelPostalCode,2,
XlGeoMappingLevel,Enumeration,xlGeoMappingLevelCounty,3,
XlGeoMappingLevel,Enumeration,xlGeoMappingLevelState,4,
XlGeoMappingLevel,Enumeration,xlGeoMappingLevelCountryRegion,5,
XlGeoMappingLevel,Enumeration,xlGeoMappingLevelCountryRegionList,6,
XlGeoMappingLevel,Enumeration,xlGeoMappingLevelWorld,7,
XlGeoProjectionType,Enumeration,xlGeoProjectionTypeAutomatic,0,
XlGeoProjectionType,Enumeration,xlGeoProjectionTypeMercator,1,
XlGeoProjectionType,Enumeration,xlGeoProjectionTypeMiller,2,
XlGeoProjectionType,Enumeration,xlGeoProjectionTypeAlbers,3,
XlGeoProjectionType,Enumeration,xlGeoProjectionTypeRobinson,4,
XlGradientStopPositionType,Enumeration,xlGradientStopPositionTypeExtremeValue,0,
XlGradientStopPositionType,Enumeration,xlGradientStopPositionTypeNumber,1,
XlGradientStopPositionType,Enumeration,xlGradientStopPositionTypePercent,2,
XlHAlign,Enumeration,xlHAlignCenter,-4108,
XlHAlign,Enumeration,xlHAlignCenterAcrossSelection,7,
XlHAlign,Enumeration,xlHAlignDistributed,-4117,
XlHAlign,Enumeration,xlHAlignFill,5,
XlHAlign,Enumeration,xlHAlignGeneral,1,
XlHAlign,Enumeration,xlHAlignJustify,-4130,
XlHAlign,Enumeration,xlHAlignLeft,-4131,
XlHAlign,Enumeration,xlHAlignRight,-4152,
XlLegendPosition,Enumeration,xlLegendPositionBottom,-4107,
XlLegendPosition,Enumeration,xlLegendPositionCorner,2,
XlLegendPosition,Enumeration,xlLegendPositionLeft,-4131,
XlLegendPosition,Enumeration,xlLegendPositionRight,-4152,
XlLegendPosition,Enumeration,xlLegendPositionTop,-4160,
XlLegendPosition,Enumeration,xlLegendPositionCustom,-4161,
XlMarkerStyle,Enumeration,xlMarkerStyleAutomatic,-4105,
XlMarkerStyle,Enumeration,xlMarkerStyleCircle,8,
XlMarkerStyle,Enumeration,xlMarkerStyleDash,-4115,
XlMarkerStyle,Enumeration,xlMarkerStyleDiamond,2,
XlMarkerStyle,Enumeration,xlMarkerStyleDot,-4118,
XlMarkerStyle,Enumeration,xlMarkerStyleNone,-4142,
XlMarkerStyle,Enumeration,xlMarkerStylePicture,-4147,
XlMarkerStyle,Enumeration,xlMarkerStylePlus,9,
XlMarkerStyle,Enumeration,xlMarkerStyleSquare,1,
XlMarkerStyle,Enumeration,xlMarkerStyleStar,5,
XlMarkerStyle,Enumeration,xlMarkerStyleTriangle,3,
XlMarkerStyle,Enumeration,xlMarkerStyleX,-4168,
XlParentDataLabelOptions,Enumeration,xlParentDataLabelOptionsNone,0,
XlParentDataLabelOptions,Enumeration,xlParentDataLabelOptionsBanner,1,
XlParentDataLabelOptions,Enumeration,xlParentDataLabelOptionsOverlapping,2,
XlPieSliceIndex,Enumeration,xlOuterCounterClockwisePoint,1,
XlPieSliceIndex,Enumeration,xlOuterCenterPoint,2,
XlPieSliceIndex,Enumeration,xlOuterClockwisePoint,3,
XlPieSliceIndex,Enumeration,xlMidClockwiseRadiusPoint,4,
XlPieSliceIndex,Enumeration,xlCenterPoint,5,
XlPieSliceIndex,Enumeration,xlMidCounterClockwiseRadiusPoint,6,
XlPieSliceIndex,Enumeration,xlInnerClockwisePoint,7,
XlPieSliceIndex,Enumeration,xlInnerCenterPoint,8,
XlPieSliceIndex,Enumeration,xlInnerCounterClockwisePoint,9,
XlPieSliceLocation,Enumeration,xlHorizontalCoordinate,1,
XlPieSliceLocation,Enumeration,xlVerticalCoordinate,2,
XlPivotFieldOrientation,Enumeration,xlColumnField,2,Specifies the Column field.
XlPivotFieldOrientation,Enumeration,xlDataField,4,Specifies the Data field.
XlPivotFieldOrientation,Enumeration,xlHidden,0,Specifies that the field is hidden.
XlPivotFieldOrientation,Enumeration,xlPageField,3,Specifies the Page field.
XlPivotFieldOrientation,Enumeration,xlRowField,1,Specifies the Row field.
XlReadingOrder,Enumeration,xlContext,-5002,
XlReadingOrder,Enumeration,xlLTR,-5003,
XlReadingOrder,Enumeration,xlRTL,-5004,
XlRegionLabelOptions,Enumeration,xlRegionLabelOptionsNone,0,
XlRegionLabelOptions,Enumeration,xlRegionLabelOptionsBestFitOnly,1,
XlRegionLabelOptions,Enumeration,xlRegionLabelOptionsShowAll,2,
XlRowCol,Enumeration,xlColumns,2,
XlRowCol,Enumeration,xlRows,1,
XlScaleType,Enumeration,xlScaleLinear,-4132,
XlScaleType,Enumeration,xlScaleLogarithmic,-4133,
XlSeriesColorGradientStyle,Enumeration,xlSeriesColorGradientStyleSequential,0,
XlSeriesColorGradientStyle,Enumeration,xlSeriesColorGradientStyleDiverging,1,
XlSeriesNameLevel,Enumeration,xlSeriesNameLevelNone,-3,
XlSeriesNameLevel,Enumeration,xlSeriesNameLevelCustom,-2,
XlSeriesNameLevel,Enumeration,xlSeriesNameLevelAll,-1,
XlSizeRepresents,Enumeration,xlSizeIsWidth,2,The size measure is for the width.
XlSizeRepresents,Enumeration,xlSizeIsArea,1,The size measure is for the area.
XlTickLabelOrientation,Enumeration,xlTickLabelOrientationAutomatic,-4105,
XlTickLabelOrientation,Enumeration,xlTickLabelOrientationDownward,-4170,
XlTickLabelOrientation,Enumeration,xlTickLabelOrientationHorizontal,-4128,
XlTickLabelOrientation,Enumeration,xlTickLabelOrientationUpward,-4171,
XlTickLabelOrientation,Enumeration,xlTickLabelOrientationVertical,-4166,
XlTickLabelPosition,Enumeration,xlTickLabelPositionHigh,-4127,
XlTickLabelPosition,Enumeration,xlTickLabelPositionLow,-4134,
XlTickLabelPosition,Enumeration,xlTickLabelPositionNextToAxis,4,
XlTickLabelPosition,Enumeration,xlTickLabelPositionNone,-4142,
XlTickMark,Enumeration,xlTickMarkCross,4,
XlTickMark,Enumeration,xlTickMarkInside,2,
XlTickMark,Enumeration,xlTickMarkNone,-4142,
XlTickMark,Enumeration,xlTickMarkOutside,3,
XlTimeUnit,Enumeration,xlDays,0,Specifies Day units.
XlTimeUnit,Enumeration,xlMonths,1,Specifies Month units.
XlTimeUnit,Enumeration,xlYears,2,Specifies Year units.
XlTrendlineType,Enumeration,xlExponential,5,
XlTrendlineType,Enumeration,xlLinear,-4132,
XlTrendlineType,Enumeration,xlLogarithmic,-4133,
XlTrendlineType,Enumeration,xlMovingAvg,6,
XlTrendlineType,Enumeration,xlPolynomial,3,
XlTrendlineType,Enumeration,xlPower,4,
XlUnderlineStyle,Enumeration,xlUnderlineStyleDouble,-4119,
XlUnderlineStyle,Enumeration,xlUnderlineStyleDoubleAccounting,5,
XlUnderlineStyle,Enumeration,xlUnderlineStyleNone,-4142,
XlUnderlineStyle,Enumeration,xlUnderlineStyleSingle,2,
XlUnderlineStyle,Enumeration,xlUnderlineStyleSingleAccounting,4,
XlVAlign,Enumeration,xlVAlignBottom,-4107,
XlVAlign,Enumeration,xlVAlignCenter,-4108,
XlVAlign,Enumeration,xlVAlignDistributed,-4117,
XlVAlign,Enumeration,xlVAlignJustify,-4130,
XlVAlign,Enumeration,xlVAlignTop,-4160,
XlValueSortOrder,Enumeration,xlValueNone,0,
XlValueSortOrder,Enumeration,xlValueAscending,1,
XlValueSortOrder,Enumeration,xlValueDescending,2,
Constants,Module,vbObjectError,-2147221504,
Constants,Module,vbNullString,"""""",
Constants,Module,vbNullChar,Chr(0),
Constants,Module,vbCrLf,Chr(13) & Chr(10),
Constants,Module,vbNewLine,Chr(13) & Chr(10),
Constants,Module,vbCr,Chr(13),
Constants,Module,vbLf,Chr(10),
Constants,Module,vbBack,Chr(8),
Constants,Module,vbFormFeed,Chr(12),
Constants,Module,vbTab,Chr(9),
Constants,Module,vbVerticalTab,Chr(11),
VbAppWinStyle,Enumeration,vbHide,0,
VbAppWinStyle,Enumeration,vbNormalFocus,1,
VbAppWinStyle,Enumeration,vbMinimizedFocus,2,
VbAppWinStyle,Enumeration,vbMaximizedFocus,3,
VbAppWinStyle,Enumeration,vbNormalNoFocus,4,
VbAppWinStyle,Enumeration,vbMinimizedNoFocus,6,
VbCalendar,Enumeration,vbCalGreg,0,
VbCalendar,Enumeration,vbCalHijri,1,
VbCallType,Enumeration,VbMethod,1,
VbCallType,Enumeration,VbGet,2,
VbCallType,Enumeration,VbLet,4,
VbCallType,Enumeration,VbSet,8,
VbCompareMethod,Enumeration,vbBinaryCompare,0,
VbCompareMethod,Enumeration,vbTextCompare,1,
VbCompareMethod,Enumeration,vbDatabaseCompare,2,
VbDateTimeFormat,Enumeration,vbGeneralDate,0,
VbDateTimeFormat,Enumeration,vbLongDate,1,
VbDateTimeFormat,Enumeration,vbShortDate,2,
VbDateTimeFormat,Enumeration,vbLongTime,3,
VbDateTimeFormat,Enumeration,vbShortTime,4,
VbDayOfWeek,Enumeration,vbUseSystemDayOfWeek,0,
VbDayOfWeek,Enumeration,vbSunday,1,
VbDayOfWeek,Enumeration,vbMonday,2,
VbDayOfWeek,Enumeration,vbTuesday,3,
VbDayOfWeek,Enumeration,vbWednesday,4,
VbDayOfWeek,Enumeration,vbThursday,5,
VbDayOfWeek,Enumeration,vbFriday,6,
VbDayOfWeek,Enumeration,vbSaturday,7,
VbFileAttribute,Enumeration,vbNormal,0,
VbFileAttribute,Enumeration,vbReadOnly,1,
VbFileAttribute,Enumeration,vbHidden,2,
VbFileAttribute,Enumeration,vbSystem,4,
VbFileAttribute,Enumeration,vbVolume,8,
VbFileAttribute,Enumeration,vbDirectory,16,
VbFileAttribute,Enumeration,vbArchive,32,
VbFileAttribute,Enumeration,vbAlias,64,
VbFirstWeekOfYear,Enumeration,vbUseSystem,0,
VbFirstWeekOfYear,Enumeration,vbFirstJan1,1,
VbFirstWeekOfYear,Enumeration,vbFirstFourDays,2,
VbFirstWeekOfYear,Enumeration,vbFirstFullWeek,3,
VbIMEStatus,Enumeration,vbIMENoOp,0,
VbIMEStatus,Enumeration,vbIMEModeNoControl,0,
VbIMEStatus,Enumeration,vbIMEOn,1,
VbIMEStatus,Enumeration,vbIMEModeOn,1,
VbIMEStatus,Enumeration,vbIMEOff,2,
VbIMEStatus,Enumeration,vbIMEModeOff,2,
VbIMEStatus,Enumeration,vbIMEDisable,3,
VbIMEStatus,Enumeration,vbIMEModeDisable,3,
VbIMEStatus,Enumeration,vbIMEHiragana,4,
VbIMEStatus,Enumeration,vbIMEModeHiragana,4,
VbIMEStatus,Enumeration,vbIMEKatakanaDbl,5,
VbIMEStatus,Enumeration,vbIMEModeKatakana,5,
VbIMEStatus,Enumeration,vbIMEKatakanaSng,6,
VbIMEStatus,Enumeration,vbIMEModeKatakanaHalf,6,
VbIMEStatus,Enumeration,vbIMEAlphaDbl,7,
VbIMEStatus,Enumeration,vbIMEModeAlphaFull,7,
VbIMEStatus,Enumeration,vbIMEAlphaSng,8,
VbIMEStatus,Enumeration,vbIMEModeAlpha,8,
VbIMEStatus,Enumeration,vbIMEModeHangulFull,9,
VbIMEStatus,Enumeration,vbIMEModeHangul,10,
VbMsgBoxResult,Enumeration,vbOK,1,
VbMsgBoxResult,Enumeration,vbCancel,2,
VbMsgBoxResult,Enumeration,vbAbort,3,
VbMsgBoxResult,Enumeration,vbRetry,4,
VbMsgBoxResult,Enumeration,vbIgnore,5,
VbMsgBoxResult,Enumeration,vbYes,6,
VbMsgBoxResult,Enumeration,vbNo,7,
VbMsgBoxStyle,Enumeration,vbOKOnly,0,
VbMsgBoxStyle,Enumeration,vbOKCancel,1,
VbMsgBoxStyle,Enumeration,vbAbortRetryIgnore,2,
VbMsgBoxStyle,Enumeration,vbYesNoCancel,3,
VbMsgBoxStyle,Enumeration,vbYesNo,4,
VbMsgBoxStyle,Enumeration,vbRetryCancel,5,
VbMsgBoxStyle,Enumeration,vbCritical,16,
VbMsgBoxStyle,Enumeration,vbQuestion,32,
VbMsgBoxStyle,Enumeration,vbExclamation,48,
VbMsgBoxStyle,Enumeration,vbInformation,64,
VbMsgBoxStyle,Enumeration,vbDefaultButton1,0,
VbMsgBoxStyle,Enumeration,vbDefaultButton2,256,
VbMsgBoxStyle,Enumeration,vbDefaultButton3,512,
VbMsgBoxStyle,Enumeration,vbDefaultButton4,768,
VbMsgBoxStyle,Enumeration,vbApplicationModal,0,
VbMsgBoxStyle,Enumeration,vbSystemModal,4096,
VbMsgBoxStyle,Enumeration,vbMsgBoxHelpButton,16384,
VbMsgBoxStyle,Enumeration,vbMsgBoxRight,524288,
VbMsgBoxStyle,Enumeration,vbMsgBoxRtlReading,1048576,
VbMsgBoxStyle,Enumeration,vbMsgBoxSetForeground,65536,
VbStrConv,Enumeration,vbUpperCase,1,
VbStrConv,Enumeration,vbLowerCase,2,
VbStrConv,Enumeration,vbProperCase,3,
VbStrConv,Enumeration,vbWide,4,
VbStrConv,Enumeration,vbNarrow,8,
VbStrConv,Enumeration,vbKatakana,16,
VbStrConv,Enumeration,vbHiragana,32,
VbStrConv,Enumeration,vbUnicode,64,
VbStrConv,Enumeration,vbFromUnicode,128,
VbTriState,Enumeration,vbUseDefault,-2,
VbTriState,Enumeration,vbTrue,-1,
VbTriState,Enumeration,vbFalse,0,
VbVarType,Enumeration,vbEmpty,0,
VbVarType,Enumeration,vbNull,1,
VbVarType,Enumeration,vbInteger,2,
VbVarType,Enumeration,vbLong,3,
VbVarType,Enumeration,vbSingle,4,
VbVarType,Enumeration,vbDouble,5,
VbVarType,Enumeration,vbCurrency,6,
VbVarType,Enumeration,vbDate,7,
VbVarType,Enumeration,vbString,8,
VbVarType,Enumeration,vbObject,9,
VbVarType,Enumeration,vbError,10,
VbVarType,Enumeration,vbBoolean,11,
VbVarType,Enumeration,vbVariant,12,
VbVarType,Enumeration,vbDataObject,13,
VbVarType,Enumeration,vbDecimal,14,
VbVarType,Enumeration,vbByte,17,
VbVarType,Enumeration,vbUserDefinedType,36,
VbVarType,Enumeration,vbArray,8192,
LoadPictureConstants,Enumeration,Default,0,
LoadPictureConstants,Enumeration,Monochrome,1,
LoadPictureConstants,Enumeration,VgaColor,2,
LoadPictureConstants,Enumeration,Color,4,
OLE_TRISTATE,Enumeration,Unchecked,0,
OLE_TRISTATE,Enumeration,Checked,1,
OLE_TRISTATE,Enumeration,Gray,2,
__MIDL___MIDL_itf_scrrun_0000_0000_0001,Enumeration,Normal,0,
__MIDL___MIDL_itf_scrrun_0000_0000_0001,Enumeration,ReadOnly,1,
__MIDL___MIDL_itf_scrrun_0000_0000_0001,Enumeration,Hidden,2,
__MIDL___MIDL_itf_scrrun_0000_0000_0001,Enumeration,System,4,
__MIDL___MIDL_itf_scrrun_0000_0000_0001,Enumeration,Volume,8,
__MIDL___MIDL_itf_scrrun_0000_0000_0001,Enumeration,Directory,16,
__MIDL___MIDL_itf_scrrun_0000_0000_0001,Enumeration,Archive,32,
__MIDL___MIDL_itf_scrrun_0000_0000_0001,Enumeration,Alias,1024,
__MIDL___MIDL_itf_scrrun_0000_0000_0001,Enumeration,Compressed,2048,
__MIDL___MIDL_itf_scrrun_0001_0001_0001,Enumeration,UnknownType,0,
__MIDL___MIDL_itf_scrrun_0001_0001_0001,Enumeration,Removable,1,
__MIDL___MIDL_itf_scrrun_0001_0001_0001,Enumeration,Fixed,2,
__MIDL___MIDL_itf_scrrun_0001_0001_0001,Enumeration,Remote,3,
__MIDL___MIDL_itf_scrrun_0001_0001_0001,Enumeration,CDRom,4,
__MIDL___MIDL_itf_scrrun_0001_0001_0001,Enumeration,RamDisk,5,
__MIDL___MIDL_itf_scrrun_0001_0001_0002,Enumeration,WindowsFolder,0,
__MIDL___MIDL_itf_scrrun_0001_0001_0002,Enumeration,SystemFolder,1,
__MIDL___MIDL_itf_scrrun_0001_0001_0002,Enumeration,TemporaryFolder,2,
__MIDL___MIDL_itf_scrrun_0001_0001_0003,Enumeration,StdIn,0,
__MIDL___MIDL_itf_scrrun_0001_0001_0003,Enumeration,StdOut,1,
__MIDL___MIDL_itf_scrrun_0001_0001_0003,Enumeration,StdErr,2,
CompareMethod,Enumeration,BinaryCompare,0,
CompareMethod,Enumeration,TextCompare,1,
CompareMethod,Enumeration,DatabaseCompare,2,
IOMode,Enumeration,ForReading,1,
IOMode,Enumeration,ForWriting,2,
IOMode,Enumeration,ForAppending,8,
Tristate,Enumeration,TristateTrue,-1,
Tristate,Enumeration,TristateFalse,0,
Tristate,Enumeration,TristateUseDefault,-2,
Tristate,Enumeration,TristateMixed,-2,
fmAction,Enumeration,fmActionCut,0,
fmAction,Enumeration,fmActionCopy,1,
fmAction,Enumeration,fmActionPaste,2,
fmAction,Enumeration,fmActionDragDrop,3,
fmAlignment,Enumeration,fmAlignmentLeft,0,
fmAlignment,Enumeration,fmAlignmentRight,1,
fmBackStyle,Enumeration,fmBackStyleTransparent,0,
fmBackStyle,Enumeration,fmBackStyleOpaque,1,
fmBorders,Enumeration,fmBordersNone,0,
fmBorders,Enumeration,fmBordersBox,1,
fmBorders,Enumeration,fmBordersLeft,2,
fmBorders,Enumeration,fmBordersTop,3,
fmBorderStyle,Enumeration,fmBorderStyleNone,0,
fmBorderStyle,Enumeration,fmBorderStyleSingle,1,
fmButtonEffect,Enumeration,fmButtonEffectFlat,0,
fmButtonEffect,Enumeration,fmButtonEffectSunken,2,
fmButtonStyle,Enumeration,fmButtonStylePushButton,0,
fmButtonStyle,Enumeration,fmButtonStyleToggleButton,1,
fmCycle,Enumeration,fmCycleAllForms,0,
fmCycle,Enumeration,fmCycleCurrentForm,2,
fmDisplayStyle,Enumeration,fmDisplayStyleText,1,
fmDisplayStyle,Enumeration,fmDisplayStyleList,2,
fmDisplayStyle,Enumeration,fmDisplayStyleCombo,3,
fmDisplayStyle,Enumeration,fmDisplayStyleCheckBox,4,
fmDisplayStyle,Enumeration,fmDisplayStyleOptionButton,5,
fmDisplayStyle,Enumeration,fmDisplayStyleToggle,6,
fmDisplayStyle,Enumeration,fmDisplayStyleDropList,7,
fmDragBehavior,Enumeration,fmDragBehaviorDisabled,0,
fmDragBehavior,Enumeration,fmDragBehaviorEnabled,1,
fmDragState,Enumeration,fmDragStateEnter,0,
fmDragState,Enumeration,fmDragStateLeave,1,
fmDragState,Enumeration,fmDragStateOver,2,
fmDropButtonStyle,Enumeration,fmDropButtonStylePlain,0,
fmDropButtonStyle,Enumeration,fmDropButtonStyleArrow,1,
fmDropButtonStyle,Enumeration,fmDropButtonStyleEllipsis,2,
fmDropButtonStyle,Enumeration,fmDropButtonStyleReduce,3,
fmDropEffect,Enumeration,fmDropEffectNone,0,
fmDropEffect,Enumeration,fmDropEffectCopy,1,
fmDropEffect,Enumeration,fmDropEffectMove,2,
fmDropEffect,Enumeration,fmDropEffectCopyOrMove,3,
fmEnAutoSize,Enumeration,_fmEnAutoSizeNone,0,
fmEnAutoSize,Enumeration,_fmEnAutoSizeHorizontal,1,
fmEnAutoSize,Enumeration,_fmEnAutoSizeVertical,2,
fmEnAutoSize,Enumeration,_fmEnAutoSizeBoth,3,
fmEnterFieldBehavior,Enumeration,fmEnterFieldBehaviorSelectAll,0,
fmEnterFieldBehavior,Enumeration,fmEnterFieldBehaviorRecallSelection,1,
fmIMEMode,Enumeration,fmIMEModeNoControl,0,
fmIMEMode,Enumeration,fmIMEModeOn,1,
fmIMEMode,Enumeration,fmIMEModeOff,2,
fmIMEMode,Enumeration,fmIMEModeDisable,3,
fmIMEMode,Enumeration,fmIMEModeHiragana,4,
fmIMEMode,Enumeration,fmIMEModeKatakana,5,
fmIMEMode,Enumeration,fmIMEModeKatakanaHalf,6,
fmIMEMode,Enumeration,fmIMEModeAlphaFull,7,
fmIMEMode,Enumeration,fmIMEModeAlpha,8,
fmIMEMode,Enumeration,fmIMEModeHangulFull,9,
fmIMEMode,Enumeration,fmIMEModeHangul,10,
fmIMEMode,Enumeration,fmIMEModeHanziFull,11,
fmIMEMode,Enumeration,fmIMEModeHanzi,12,
fmLayoutEffect,Enumeration,fmLayoutEffectNone,0,
fmLayoutEffect,Enumeration,fmLayoutEffectInitiate,1,
fmLayoutEffect,Enumeration,_fmLayoutEffectRespond,2,
fmListBoxStyles,Enumeration,_fmListBoxStylesNone,0,
fmListBoxStyles,Enumeration,_fmListBoxStylesListBox,1,
fmListBoxStyles,Enumeration,_fmListBoxStylesComboBox,2,
fmListStyle,Enumeration,fmListStylePlain,0,
fmListStyle,Enumeration,fmListStyleOption,1,
fmMatchEntry,Enumeration,fmMatchEntryFirstLetter,0,
fmMatchEntry,Enumeration,fmMatchEntryComplete,1,
fmMatchEntry,Enumeration,fmMatchEntryNone,2,
fmMode,Enumeration,fmModeInherit,-2,
fmMode,Enumeration,fmModeOn,-1,
fmMode,Enumeration,fmModeOff,0,
fmMousePointer,Enumeration,fmMousePointerDefault,0,
fmMousePointer,Enumeration,fmMousePointerArrow,1,
fmMousePointer,Enumeration,fmMousePointerCross,2,
fmMousePointer,Enumeration,fmMousePointerIBeam,3,
fmMousePointer,Enumeration,fmMousePointerSizeNESW,6,
fmMousePointer,Enumeration,fmMousePointerSizeNS,7,
fmMousePointer,Enumeration,fmMousePointerSizeNWSE,8,
fmMousePointer,Enumeration,fmMousePointerSizeWE,9,
fmMousePointer,Enumeration,fmMousePointerUpArrow,10,
fmMousePointer,Enumeration,fmMousePointerHourGlass,11,
fmMousePointer,Enumeration,fmMousePointerNoDrop,12,
fmMousePointer,Enumeration,fmMousePointerAppStarting,13,
fmMousePointer,Enumeration,fmMousePointerHelp,14,
fmMousePointer,Enumeration,fmMousePointerSizeAll,15,
fmMousePointer,Enumeration,fmMousePointerCustom,99,
fmMultiSelect,Enumeration,fmMultiSelectSingle,0,
fmMultiSelect,Enumeration,fmMultiSelectMulti,1,
fmMultiSelect,Enumeration,fmMultiSelectExtended,2,
fmOrientation,Enumeration,fmOrientationAuto,-1,
fmOrientation,Enumeration,fmOrientationVertical,0,
fmOrientation,Enumeration,fmOrientationHorizontal,1,
fmPicPosition,Enumeration,fmPicPositionCenter,0,
fmPicPosition,Enumeration,fmPicPositionTopLeft,1,
fmPicPosition,Enumeration,fmPicPositionTopCenter,2,
fmPicPosition,Enumeration,fmPicPositionTopRight,3,
fmPicPosition,Enumeration,fmPicPositionCenterLeft,4,
fmPicPosition,Enumeration,fmPicPositionCenterRight,5,
fmPicPosition,Enumeration,fmPicPositionBottomLeft,6,
fmPicPosition,Enumeration,fmPicPositionBottomCenter,7,
fmPicPosition,Enumeration,fmPicPositionBottomRight,8,
fmPictureAlignment,Enumeration,fmPictureAlignmentTopLeft,0,
fmPictureAlignment,Enumeration,fmPictureAlignmentTopRight,1,
fmPictureAlignment,Enumeration,fmPictureAlignmentCenter,2,
fmPictureAlignment,Enumeration,fmPictureAlignmentBottomLeft,3,
fmPictureAlignment,Enumeration,fmPictureAlignmentBottomRight,4,
fmPicturePosition,Enumeration,fmPicturePositionLeftTop,0,
fmPicturePosition,Enumeration,fmPicturePositionLeftCenter,1,
fmPicturePosition,Enumeration,fmPicturePositionLeftBottom,2,
fmPicturePosition,Enumeration,fmPicturePositionRightTop,3,
fmPicturePosition,Enumeration,fmPicturePositionRightCenter,4,
fmPicturePosition,Enumeration,fmPicturePositionRightBottom,5,
fmPicturePosition,Enumeration,fmPicturePositionAboveLeft,6,
fmPicturePosition,Enumeration,fmPicturePositionAboveCenter,7,
fmPicturePosition,Enumeration,fmPicturePositionAboveRight,8,
fmPicturePosition,Enumeration,fmPicturePositionBelowLeft,9,
fmPicturePosition,Enumeration,fmPicturePositionBelowCenter,10,
fmPicturePosition,Enumeration,fmPicturePositionBelowRight,11,
fmPicturePosition,Enumeration,fmPicturePositionCenter,12,
fmPictureSizeMode,Enumeration,fmPictureSizeModeClip,0,
fmPictureSizeMode,Enumeration,fmPictureSizeModeStretch,1,
fmPictureSizeMode,Enumeration,fmPictureSizeModeZoom,3,
fmRepeatDirection,Enumeration,_fmRepeatDirectionHorizontal,0,
fmRepeatDirection,Enumeration,_fmRepeatDirectionVertical,1,
fmScrollAction,Enumeration,fmScrollActionNoChange,0,
fmScrollAction,Enumeration,fmScrollActionLineUp,1,
fmScrollAction,Enumeration,fmScrollActionLineDown,2,
fmScrollAction,Enumeration,fmScrollActionPageUp,3,
fmScrollAction,Enumeration,fmScrollActionPageDown,4,
fmScrollAction,Enumeration,fmScrollActionBegin,5,
fmScrollAction,Enumeration,fmScrollActionEnd,6,
fmScrollAction,Enumeration,_fmScrollActionAbsoluteChange,7,
fmScrollAction,Enumeration,fmScrollActionPropertyChange,8,
fmScrollAction,Enumeration,fmScrollActionControlRequest,9,
fmScrollAction,Enumeration,fmScrollActionFocusRequest,10,
fmScrollBars,Enumeration,fmScrollBarsNone,0,
fmScrollBars,Enumeration,fmScrollBarsHorizontal,1,
fmScrollBars,Enumeration,fmScrollBarsVertical,2,
fmScrollBars,Enumeration,fmScrollBarsBoth,3,
fmShowDropButtonWhen,Enumeration,fmShowDropButtonWhenNever,0,
fmShowDropButtonWhen,Enumeration,fmShowDropButtonWhenFocus,1,
fmShowDropButtonWhen,Enumeration,fmShowDropButtonWhenAlways,2,
fmShowListWhen,Enumeration,fmShowListWhenNever,0,
fmShowListWhen,Enumeration,fmShowListWhenButton,1,
fmShowListWhen,Enumeration,fmShowListWhenFocus,2,
fmShowListWhen,Enumeration,fmShowListWhenAlways,3,
fmSnapPoint,Enumeration,fmSnapPointTopLeft,0,
fmSnapPoint,Enumeration,fmSnapPointTopCenter,1,
fmSnapPoint,Enumeration,fmSnapPointTopRight,2,
fmSnapPoint,Enumeration,fmSnapPointCenterLeft,3,
fmSnapPoint,Enumeration,fmSnapPointCenter,4,
fmSnapPoint,Enumeration,fmSnapPointCenterRight,5,
fmSnapPoint,Enumeration,fmSnapPointBottomLeft,6,
fmSnapPoint,Enumeration,fmSnapPointBottomCenter,7,
fmSnapPoint,Enumeration,fmSnapPointBottomRight,8,
fmSpecialEffect,Enumeration,fmSpecialEffectFlat,0,
fmSpecialEffect,Enumeration,fmSpecialEffectRaised,1,
fmSpecialEffect,Enumeration,fmSpecialEffectSunken,2,
fmSpecialEffect,Enumeration,fmSpecialEffectEtched,3,
fmSpecialEffect,Enumeration,fmSpecialEffectBump,6,
fmStyle,Enumeration,fmStyleDropDownCombo,0,
fmStyle,Enumeration,fmStyleDropDownList,2,
fmTabOrientation,Enumeration,fmTabOrientationTop,0,
fmTabOrientation,Enumeration,fmTabOrientationBottom,1,
fmTabOrientation,Enumeration,fmTabOrientationLeft,2,
fmTabOrientation,Enumeration,fmTabOrientationRight,3,
fmTabStyle,Enumeration,fmTabStyleTabs,0,
fmTabStyle,Enumeration,fmTabStyleButtons,1,
fmTabStyle,Enumeration,fmTabStyleNone,2,
fmTextAlign,Enumeration,fmTextAlignLeft,1,
fmTextAlign,Enumeration,fmTextAlignCenter,2,
fmTextAlign,Enumeration,fmTextAlignRight,3,
fmTransitionEffect,Enumeration,fmTransitionEffectNone,0,
fmTransitionEffect,Enumeration,fmTransitionEffectCoverUp,1,
fmTransitionEffect,Enumeration,fmTransitionEffectCoverRightUp,2,
fmTransitionEffect,Enumeration,fmTransitionEffectCoverRight,3,
fmTransitionEffect,Enumeration,fmTransitionEffectCoverRightDown,4,
fmTransitionEffect,Enumeration,fmTransitionEffectCoverDown,5,
fmTransitionEffect,Enumeration,fmTransitionEffectCoverLeftDown,6,
fmTransitionEffect,Enumeration,fmTransitionEffectCoverLeft,7,
fmTransitionEffect,Enumeration,fmTransitionEffectCoverLeftUp,8,
fmTransitionEffect,Enumeration,fmTransitionEffectPushUp,9,
fmTransitionEffect,Enumeration,fmTransitionEffectPushRight,10,
fmTransitionEffect,Enumeration,fmTransitionEffectPushDown,11,
fmTransitionEffect,Enumeration,fmTransitionEffectPushLeft,12,
fmVerticalScrollBarSide,Enumeration,fmVerticalScrollBarSideRight,0,
fmVerticalScrollBarSide,Enumeration,fmVerticalScrollBarSideLeft,1,
fmZOrder,Enumeration,fmZOrderFront,0,
fmZOrder,Enumeration,fmZOrderBack,1,
ADCPROP_ASYNCTHREADPRIORITY_ENUM,Enumeration,adPriorityLowest,1,
ADCPROP_ASYNCTHREADPRIORITY_ENUM,Enumeration,adPriorityBelowNormal,2,
ADCPROP_ASYNCTHREADPRIORITY_ENUM,Enumeration,adPriorityNormal,3,
ADCPROP_ASYNCTHREADPRIORITY_ENUM,Enumeration,adPriorityAboveNormal,4,
ADCPROP_ASYNCTHREADPRIORITY_ENUM,Enumeration,adPriorityHighest,5,
ADCPROP_AUTORECALC_ENUM,Enumeration,adRecalcUpFront,0,
ADCPROP_AUTORECALC_ENUM,Enumeration,adRecalcAlways,1,
ADCPROP_UPDATECRITERIA_ENUM,Enumeration,adCriteriaKey,0,
ADCPROP_UPDATECRITERIA_ENUM,Enumeration,adCriteriaAllCols,1,
ADCPROP_UPDATECRITERIA_ENUM,Enumeration,adCriteriaUpdCols,2,
ADCPROP_UPDATECRITERIA_ENUM,Enumeration,adCriteriaTimeStamp,3,
ADCPROP_UPDATERESYNC_ENUM,Enumeration,adResyncNone,0,
ADCPROP_UPDATERESYNC_ENUM,Enumeration,adResyncAutoIncrement,1,
ADCPROP_UPDATERESYNC_ENUM,Enumeration,adResyncConflicts,2,
ADCPROP_UPDATERESYNC_ENUM,Enumeration,adResyncUpdates,4,
ADCPROP_UPDATERESYNC_ENUM,Enumeration,adResyncInserts,8,
ADCPROP_UPDATERESYNC_ENUM,Enumeration,adResyncAll,15,
AffectEnum,Enumeration,adAffectCurrent,1,
AffectEnum,Enumeration,adAffectGroup,2,
AffectEnum,Enumeration,adAffectAllChapters,4,
BookmarkEnum,Enumeration,adBookmarkCurrent,0,
BookmarkEnum,Enumeration,adBookmarkFirst,1,
BookmarkEnum,Enumeration,adBookmarkLast,2,
CommandTypeEnum,Enumeration,adCmdUnknown,8,
CommandTypeEnum,Enumeration,adCmdText,1,
CommandTypeEnum,Enumeration,adCmdTable,2,
CommandTypeEnum,Enumeration,adCmdStoredProc,4,
CommandTypeEnum,Enumeration,adCmdFile,256,
CommandTypeEnum,Enumeration,adCmdTableDirect,512,
CompareEnum,Enumeration,adCompareLessThan,0,
CompareEnum,Enumeration,adCompareEqual,1,
CompareEnum,Enumeration,adCompareGreaterThan,2,
CompareEnum,Enumeration,adCompareNotEqual,3,
CompareEnum,Enumeration,adCompareNotComparable,4,
ConnectModeEnum,Enumeration,adModeUnknown,0,
ConnectModeEnum,Enumeration,adModeRead,1,
ConnectModeEnum,Enumeration,adModeWrite,2,
ConnectModeEnum,Enumeration,adModeReadWrite,3,
ConnectModeEnum,Enumeration,adModeShareDenyRead,4,
ConnectModeEnum,Enumeration,adModeShareDenyWrite,8,
ConnectModeEnum,Enumeration,adModeShareExclusive,12,
ConnectModeEnum,Enumeration,adModeShareDenyNone,16,
ConnectModeEnum,Enumeration,adModeRecursive,4194304,
ConnectOptionEnum,Enumeration,adAsyncConnect,16,
ConnectPromptEnum,Enumeration,adPromptAlways,1,
ConnectPromptEnum,Enumeration,adPromptComplete,2,
ConnectPromptEnum,Enumeration,adPromptCompleteRequired,3,
ConnectPromptEnum,Enumeration,adPromptNever,4,
CopyRecordOptionsEnum,Enumeration,adCopyUnspecified,-1,
CopyRecordOptionsEnum,Enumeration,adCopyOverWrite,1,
CopyRecordOptionsEnum,Enumeration,adCopyAllowEmulation,4,
CopyRecordOptionsEnum,Enumeration,adCopyNonRecursive,2,
CursorLocationEnum,Enumeration,adUseServer,2,
CursorLocationEnum,Enumeration,adUseClient,3,
CursorOptionEnum,Enumeration,adHoldRecords,256,
CursorOptionEnum,Enumeration,adMovePrevious,512,
CursorOptionEnum,Enumeration,adAddNew,16778240,
CursorOptionEnum,Enumeration,adDelete,16779264,
CursorOptionEnum,Enumeration,adUpdate,16809984,
CursorOptionEnum,Enumeration,adBookmark,8192,
CursorOptionEnum,Enumeration,adApproxPosition,16384,
CursorOptionEnum,Enumeration,adUpdateBatch,65536,
CursorOptionEnum,Enumeration,adResync,131072,
CursorOptionEnum,Enumeration,adNotify,262144,
CursorOptionEnum,Enumeration,adFind,524288,
CursorOptionEnum,Enumeration,adSeek,4194304,
CursorOptionEnum,Enumeration,adIndex,8388608,
CursorTypeEnum,Enumeration,adOpenForwardOnly,0,
CursorTypeEnum,Enumeration,adOpenKeyset,1,
CursorTypeEnum,Enumeration,adOpenDynamic,2,
CursorTypeEnum,Enumeration,adOpenStatic,3,
DataTypeEnum,Enumeration,adEmpty,0,
DataTypeEnum,Enumeration,adTinyInt,16,
DataTypeEnum,Enumeration,adSmallInt,2,
DataTypeEnum,Enumeration,adInteger,3,
DataTypeEnum,Enumeration,adBigInt,20,
DataTypeEnum,Enumeration,adUnsignedTinyInt,17,
DataTypeEnum,Enumeration,adUnsignedSmallInt,18,
DataTypeEnum,Enumeration,adUnsignedInt,19,
DataTypeEnum,Enumeration,adUnsignedBigInt,21,
DataTypeEnum,Enumeration,adSingle,4,
DataTypeEnum,Enumeration,adDouble,5,
DataTypeEnum,Enumeration,adCurrency,6,
DataTypeEnum,Enumeration,adDecimal,14,
DataTypeEnum,Enumeration,adNumeric,131,
DataTypeEnum,Enumeration,adBoolean,11,
DataTypeEnum,Enumeration,adError,10,
DataTypeEnum,Enumeration,adUserDefined,132,
DataTypeEnum,Enumeration,adVariant,12,
DataTypeEnum,Enumeration,adIDispatch,9,
DataTypeEnum,Enumeration,adIUnknown,13,
DataTypeEnum,Enumeration,adGUID,72,
DataTypeEnum,Enumeration,adDate,7,
DataTypeEnum,Enumeration,adDBDate,133,
DataTypeEnum,Enumeration,adDBTime,134,
DataTypeEnum,Enumeration,adDBTimeStamp,135,
DataTypeEnum,Enumeration,adBSTR,8,
DataTypeEnum,Enumeration,adChar,129,
DataTypeEnum,Enumeration,adVarChar,200,
DataTypeEnum,Enumeration,adLongVarChar,201,
DataTypeEnum,Enumeration,adWChar,130,
DataTypeEnum,Enumeration,adVarWChar,202,
DataTypeEnum,Enumeration,adLongVarWChar,203,
DataTypeEnum,Enumeration,adBinary,128,
DataTypeEnum,Enumeration,adVarBinary,204,
DataTypeEnum,Enumeration,adLongVarBinary,205,
DataTypeEnum,Enumeration,adChapter,136,
DataTypeEnum,Enumeration,adFileTime,64,
DataTypeEnum,Enumeration,adPropVariant,138,
DataTypeEnum,Enumeration,adVarNumeric,139,
DataTypeEnum,Enumeration,adArray,8192,
EditModeEnum,Enumeration,adEditNone,0,
EditModeEnum,Enumeration,adEditInProgress,1,
EditModeEnum,Enumeration,adEditAdd,2,
EditModeEnum,Enumeration,adEditDelete,4,
ErrorValueEnum,Enumeration,adErrProviderFailed,3000,
ErrorValueEnum,Enumeration,adErrInvalidArgument,3001,
ErrorValueEnum,Enumeration,adErrOpeningFile,3002,
ErrorValueEnum,Enumeration,adErrReadFile,3003,
ErrorValueEnum,Enumeration,adErrWriteFile,3004,
ErrorValueEnum,Enumeration,adErrNoCurrentRecord,3021,
ErrorValueEnum,Enumeration,adErrIllegalOperation,3219,
ErrorValueEnum,Enumeration,adErrCantChangeProvider,3220,
ErrorValueEnum,Enumeration,adErrInTransaction,3246,
ErrorValueEnum,Enumeration,adErrFeatureNotAvailable,3251,
ErrorValueEnum,Enumeration,adErrItemNotFound,3265,
ErrorValueEnum,Enumeration,adErrObjectInCollection,3367,
ErrorValueEnum,Enumeration,adErrObjectNotSet,3420,
ErrorValueEnum,Enumeration,adErrDataConversion,3421,
ErrorValueEnum,Enumeration,adErrObjectClosed,3704,
ErrorValueEnum,Enumeration,adErrObjectOpen,3705,
ErrorValueEnum,Enumeration,adErrProviderNotFound,3706,
ErrorValueEnum,Enumeration,adErrBoundToCommand,3707,
ErrorValueEnum,Enumeration,adErrInvalidParamInfo,3708,
ErrorValueEnum,Enumeration,adErrInvalidConnection,3709,
ErrorValueEnum,Enumeration,adErrNotReentrant,3710,
ErrorValueEnum,Enumeration,adErrStillExecuting,3711,
ErrorValueEnum,Enumeration,adErrOperationCancelled,3712,
ErrorValueEnum,Enumeration,adErrStillConnecting,3713,
ErrorValueEnum,Enumeration,adErrInvalidTransaction,3714,
ErrorValueEnum,Enumeration,adErrUnsafeOperation,3716,
ErrorValueEnum,Enumeration,adwrnSecurityDialog,3717,
ErrorValueEnum,Enumeration,adwrnSecurityDialogHeader,3718,
ErrorValueEnum,Enumeration,adErrIntegrityViolation,3719,
ErrorValueEnum,Enumeration,adErrPermissionDenied,3720,
ErrorValueEnum,Enumeration,adErrDataOverflow,3721,
ErrorValueEnum,Enumeration,adErrSchemaViolation,3722,
ErrorValueEnum,Enumeration,adErrSignMismatch,3723,
ErrorValueEnum,Enumeration,adErrCantConvertvalue,3724,
ErrorValueEnum,Enumeration,adErrCantCreate,3725,
ErrorValueEnum,Enumeration,adErrColumnNotOnThisRow,3726,
ErrorValueEnum,Enumeration,adErrURLDoesNotExist,3727,
ErrorValueEnum,Enumeration,adErrTreePermissionDenied,3728,
ErrorValueEnum,Enumeration,adErrInvalidURL,3729,
ErrorValueEnum,Enumeration,adErrResourceLocked,3730,
ErrorValueEnum,Enumeration,adErrResourceExists,3731,
ErrorValueEnum,Enumeration,adErrCannotComplete,3732,
ErrorValueEnum,Enumeration,adErrVolumeNotFound,3733,
ErrorValueEnum,Enumeration,adErrOutOfSpace,3734,
ErrorValueEnum,Enumeration,adErrResourceOutOfScope,3735,
ErrorValueEnum,Enumeration,adErrUnavailable,3736,
ErrorValueEnum,Enumeration,adErrURLNamedRowDoesNotExist,3737,
ErrorValueEnum,Enumeration,adErrDelResOutOfScope,3738,
ErrorValueEnum,Enumeration,adErrPropInvalidColumn,3739,
ErrorValueEnum,Enumeration,adErrPropInvalidOption,3740,
ErrorValueEnum,Enumeration,adErrPropInvalidValue,3741,
ErrorValueEnum,Enumeration,adErrPropConflicting,3742,
ErrorValueEnum,Enumeration,adErrPropNotAllSettable,3743,
ErrorValueEnum,Enumeration,adErrPropNotSet,3744,
ErrorValueEnum,Enumeration,adErrPropNotSettable,3745,
ErrorValueEnum,Enumeration,adErrPropNotSupported,3746,
ErrorValueEnum,Enumeration,adErrCatalogNotSet,3747,
ErrorValueEnum,Enumeration,adErrCantChangeConnection,3748,
ErrorValueEnum,Enumeration,adErrFieldsUpdateFailed,3749,
ErrorValueEnum,Enumeration,adErrDenyNotSupported,3750,
ErrorValueEnum,Enumeration,adErrDenyTypeNotSupported,3751,
ErrorValueEnum,Enumeration,adErrProviderNotSpecified,3753,
ErrorValueEnum,Enumeration,adErrConnectionStringTooLong,3754,
EventReasonEnum,Enumeration,adRsnAddNew,1,
EventReasonEnum,Enumeration,adRsnDelete,2,
EventReasonEnum,Enumeration,adRsnUpdate,3,
EventReasonEnum,Enumeration,adRsnUndoUpdate,4,
EventReasonEnum,Enumeration,adRsnUndoAddNew,5,
EventReasonEnum,Enumeration,adRsnUndoDelete,6,
EventReasonEnum,Enumeration,adRsnRequery,7,
EventReasonEnum,Enumeration,adRsnResynch,8,
EventReasonEnum,Enumeration,adRsnClose,9,
EventReasonEnum,Enumeration,adRsnMove,10,
EventReasonEnum,Enumeration,adRsnFirstChange,11,
EventReasonEnum,Enumeration,adRsnMoveFirst,12,
EventReasonEnum,Enumeration,adRsnMoveNext,13,
EventReasonEnum,Enumeration,adRsnMovePrevious,14,
EventReasonEnum,Enumeration,adRsnMoveLast,15,
EventStatusEnum,Enumeration,adStatusOK,1,
EventStatusEnum,Enumeration,adStatusErrorsOccurred,2,
EventStatusEnum,Enumeration,adStatusCantDeny,3,
EventStatusEnum,Enumeration,adStatusCancel,4,
EventStatusEnum,Enumeration,adStatusUnwantedEvent,5,
ExecuteOptionEnum,Enumeration,adAsyncExecute,16,
ExecuteOptionEnum,Enumeration,adAsyncFetch,32,
ExecuteOptionEnum,Enumeration,adAsyncFetchNonBlocking,64,
ExecuteOptionEnum,Enumeration,adExecuteNoRecords,128,
ExecuteOptionEnum,Enumeration,adExecuteStream,1024,
FieldAttributeEnum,Enumeration,adFldMayDefer,2,
FieldAttributeEnum,Enumeration,adFldUpdatable,4,
FieldAttributeEnum,Enumeration,adFldUnknownUpdatable,8,
FieldAttributeEnum,Enumeration,adFldFixed,16,
FieldAttributeEnum,Enumeration,adFldIsNullable,32,
FieldAttributeEnum,Enumeration,adFldMayBeNull,64,
FieldAttributeEnum,Enumeration,adFldLong,128,
FieldAttributeEnum,Enumeration,adFldRowID,256,
FieldAttributeEnum,Enumeration,adFldRowVersion,512,
FieldAttributeEnum,Enumeration,adFldCacheDeferred,4096,
FieldAttributeEnum,Enumeration,adFldIsChapter,8192,
FieldAttributeEnum,Enumeration,adFldNegativeScale,16384,
FieldAttributeEnum,Enumeration,adFldKeyColumn,32768,
FieldAttributeEnum,Enumeration,adFldIsRowURL,65536,
FieldAttributeEnum,Enumeration,adFldIsDefaultStream,131072,
FieldAttributeEnum,Enumeration,adFldIsCollection,262144,
FieldEnum,Enumeration,adDefaultStream,-1,
FieldEnum,Enumeration,adRecordURL,-2,
FieldStatusEnum,Enumeration,adFieldOK,0,
FieldStatusEnum,Enumeration,adFieldCantConvertValue,2,
FieldStatusEnum,Enumeration,adFieldIsNull,3,
FieldStatusEnum,Enumeration,adFieldTruncated,4,
FieldStatusEnum,Enumeration,adFieldSignMismatch,5,
FieldStatusEnum,Enumeration,adFieldDataOverflow,6,
FieldStatusEnum,Enumeration,adFieldCantCreate,7,
FieldStatusEnum,Enumeration,adFieldUnavailable,8,
FieldStatusEnum,Enumeration,adFieldPermissionDenied,9,
FieldStatusEnum,Enumeration,adFieldIntegrityViolation,10,
FieldStatusEnum,Enumeration,adFieldSchemaViolation,11,
FieldStatusEnum,Enumeration,adFieldBadStatus,12,
FieldStatusEnum,Enumeration,adFieldDefault,13,
FieldStatusEnum,Enumeration,adFieldIgnore,15,
FieldStatusEnum,Enumeration,adFieldDoesNotExist,16,
FieldStatusEnum,Enumeration,adFieldInvalidURL,17,
FieldStatusEnum,Enumeration,adFieldResourceLocked,18,
FieldStatusEnum,Enumeration,adFieldResourceExists,19,
FieldStatusEnum,Enumeration,adFieldCannotComplete,20,
FieldStatusEnum,Enumeration,adFieldVolumeNotFound,21,
FieldStatusEnum,Enumeration,adFieldOutOfSpace,22,
FieldStatusEnum,Enumeration,adFieldCannotDeleteSource,23,
FieldStatusEnum,Enumeration,adFieldReadOnly,24,
FieldStatusEnum,Enumeration,adFieldResourceOutOfScope,25,
FieldStatusEnum,Enumeration,adFieldAlreadyExists,26,
FieldStatusEnum,Enumeration,adFieldPendingInsert,65536,
FieldStatusEnum,Enumeration,adFieldPendingDelete,131072,
FieldStatusEnum,Enumeration,adFieldPendingChange,262144,
FieldStatusEnum,Enumeration,adFieldPendingUnknown,524288,
FieldStatusEnum,Enumeration,adFieldPendingUnknownDelete,1048576,
FilterGroupEnum,Enumeration,adFilterNone,0,
FilterGroupEnum,Enumeration,adFilterPendingRecords,1,
FilterGroupEnum,Enumeration,adFilterAffectedRecords,2,
FilterGroupEnum,Enumeration,adFilterFetchedRecords,3,
FilterGroupEnum,Enumeration,adFilterConflictingRecords,5,
GetRowsOptionEnum,Enumeration,adGetRowsRest,-1,
IsolationLevelEnum,Enumeration,adXactUnspecified,-1,
IsolationLevelEnum,Enumeration,adXactChaos,16,
IsolationLevelEnum,Enumeration,adXactReadUncommitted,256,
IsolationLevelEnum,Enumeration,adXactBrowse,256,
IsolationLevelEnum,Enumeration,adXactCursorStability,4096,
IsolationLevelEnum,Enumeration,adXactReadCommitted,4096,
IsolationLevelEnum,Enumeration,adXactRepeatableRead,65536,
IsolationLevelEnum,Enumeration,adXactSerializable,1048576,
IsolationLevelEnum,Enumeration,adXactIsolated,1048576,
LineSeparatorEnum,Enumeration,adLF,10,
LineSeparatorEnum,Enumeration,adCR,13,
LineSeparatorEnum,Enumeration,adCRLF,-1,
LockTypeEnum,Enumeration,adLockReadOnly,1,
LockTypeEnum,Enumeration,adLockPessimistic,2,
LockTypeEnum,Enumeration,adLockOptimistic,3,
LockTypeEnum,Enumeration,adLockBatchOptimistic,4,
MarshalOptionsEnum,Enumeration,adMarshalAll,0,
MarshalOptionsEnum,Enumeration,adMarshalModifiedOnly,1,
MoveRecordOptionsEnum,Enumeration,adMoveUnspecified,-1,
MoveRecordOptionsEnum,Enumeration,adMoveOverWrite,1,
MoveRecordOptionsEnum,Enumeration,adMoveDontUpdateLinks,2,
MoveRecordOptionsEnum,Enumeration,adMoveAllowEmulation,4,
ObjectStateEnum,Enumeration,adStateClosed,0,
ObjectStateEnum,Enumeration,adStateOpen,1,
ObjectStateEnum,Enumeration,adStateConnecting,2,
ObjectStateEnum,Enumeration,adStateExecuting,4,
ObjectStateEnum,Enumeration,adStateFetching,8,
ParameterAttributesEnum,Enumeration,adParamSigned,16,
ParameterAttributesEnum,Enumeration,adParamNullable,64,
ParameterAttributesEnum,Enumeration,adParamLong,128,
ParameterDirectionEnum,Enumeration,adParamUnknown,0,
ParameterDirectionEnum,Enumeration,adParamInput,1,
ParameterDirectionEnum,Enumeration,adParamOutput,2,
ParameterDirectionEnum,Enumeration,adParamInputOutput,3,
ParameterDirectionEnum,Enumeration,adParamReturnValue,4,
PersistFormatEnum,Enumeration,adPersistADTG,0,
PersistFormatEnum,Enumeration,adPersistXML,1,
PositionEnum,Enumeration,adPosUnknown,-1,
PositionEnum,Enumeration,adPosBOF,-2,
PositionEnum,Enumeration,adPosEOF,-3,
PropertyAttributesEnum,Enumeration,adPropNotSupported,0,
PropertyAttributesEnum,Enumeration,adPropRequired,1,
PropertyAttributesEnum,Enumeration,adPropOptional,2,
PropertyAttributesEnum,Enumeration,adPropRead,512,
PropertyAttributesEnum,Enumeration,adPropWrite,1024,
RecordCreateOptionsEnum,Enumeration,adCreateCollection,8192,
RecordCreateOptionsEnum,Enumeration,adCreateStructDoc,-2147483648,
RecordCreateOptionsEnum,Enumeration,adCreateNonCollection,0,
RecordCreateOptionsEnum,Enumeration,adOpenIfExists,33554432,
RecordCreateOptionsEnum,Enumeration,adCreateOverwrite,67108864,
RecordCreateOptionsEnum,Enumeration,adFailIfNotExists,-1,
RecordOpenOptionsEnum,Enumeration,adOpenRecordUnspecified,-1,
RecordOpenOptionsEnum,Enumeration,adOpenOutput,8388608,
RecordOpenOptionsEnum,Enumeration,adOpenAsync,4096,
RecordOpenOptionsEnum,Enumeration,adDelayFetchStream,16384,
RecordOpenOptionsEnum,Enumeration,adDelayFetchFields,32768,
RecordOpenOptionsEnum,Enumeration,adOpenExecuteCommand,65536,
RecordStatusEnum,Enumeration,adRecOK,0,
RecordStatusEnum,Enumeration,adRecNew,1,
RecordStatusEnum,Enumeration,adRecModified,2,
RecordStatusEnum,Enumeration,adRecDeleted,4,
RecordStatusEnum,Enumeration,adRecUnmodified,8,
RecordStatusEnum,Enumeration,adRecInvalid,16,
RecordStatusEnum,Enumeration,adRecMultipleChanges,64,
RecordStatusEnum,Enumeration,adRecPendingChanges,128,
RecordStatusEnum,Enumeration,adRecCanceled,256,
RecordStatusEnum,Enumeration,adRecCantRelease,1024,
RecordStatusEnum,Enumeration,adRecConcurrencyViolation,2048,
RecordStatusEnum,Enumeration,adRecIntegrityViolation,4096,
RecordStatusEnum,Enumeration,adRecMaxChangesExceeded,8192,
RecordStatusEnum,Enumeration,adRecObjectOpen,16384,
RecordStatusEnum,Enumeration,adRecOutOfMemory,32768,
RecordStatusEnum,Enumeration,adRecPermissionDenied,65536,
RecordStatusEnum,Enumeration,adRecSchemaViolation,131072,
RecordStatusEnum,Enumeration,adRecDBDeleted,262144,
RecordTypeEnum,Enumeration,adSimpleRecord,0,
RecordTypeEnum,Enumeration,adCollectionRecord,1,
RecordTypeEnum,Enumeration,adStructDoc,2,
ResyncEnum,Enumeration,adResyncUnderlyingValues,1,
ResyncEnum,Enumeration,adResyncAllValues,2,
SaveOptionsEnum,Enumeration,adSaveCreateNotExist,1,
SaveOptionsEnum,Enumeration,adSaveCreateOverWrite,2,
SchemaEnum,Enumeration,adSchemaProviderSpecific,-1,
SchemaEnum,Enumeration,adSchemaAsserts,0,
SchemaEnum,Enumeration,adSchemaCatalogs,1,
SchemaEnum,Enumeration,adSchemaCharacterSets,2,
SchemaEnum,Enumeration,adSchemaCollations,3,
SchemaEnum,Enumeration,adSchemaColumns,4,
SchemaEnum,Enumeration,adSchemaCheckConstraints,5,
SchemaEnum,Enumeration,adSchemaConstraintColumnUsage,6,
SchemaEnum,Enumeration,adSchemaConstraintTableUsage,7,
SchemaEnum,Enumeration,adSchemaKeyColumnUsage,8,
SchemaEnum,Enumeration,adSchemaReferentialConstraints,9,
SchemaEnum,Enumeration,adSchemaTableConstraints,10,
SchemaEnum,Enumeration,adSchemaColumnsDomainUsage,11,
SchemaEnum,Enumeration,adSchemaIndexes,12,
SchemaEnum,Enumeration,adSchemaColumnPrivileges,13,
SchemaEnum,Enumeration,adSchemaTablePrivileges,14,
SchemaEnum,Enumeration,adSchemaUsagePrivileges,15,
SchemaEnum,Enumeration,adSchemaProcedures,16,
SchemaEnum,Enumeration,adSchemaSchemata,17,
SchemaEnum,Enumeration,adSchemaSQLLanguages,18,
SchemaEnum,Enumeration,adSchemaStatistics,19,
SchemaEnum,Enumeration,adSchemaTables,20,
SchemaEnum,Enumeration,adSchemaTranslations,21,
SchemaEnum,Enumeration,adSchemaProviderTypes,22,
SchemaEnum,Enumeration,adSchemaViews,23,
SchemaEnum,Enumeration,adSchemaViewColumnUsage,24,
SchemaEnum,Enumeration,adSchemaViewTableUsage,25,
SchemaEnum,Enumeration,adSchemaProcedureParameters,26,
SchemaEnum,Enumeration,adSchemaForeignKeys,27,
SchemaEnum,Enumeration,adSchemaPrimaryKeys,28,
SchemaEnum,Enumeration,adSchemaProcedureColumns,29,
SchemaEnum,Enumeration,adSchemaDBInfoKeywords,30,
SchemaEnum,Enumeration,adSchemaDBInfoLiterals,31,
SchemaEnum,Enumeration,adSchemaCubes,32,
SchemaEnum,Enumeration,adSchemaDimensions,33,
SchemaEnum,Enumeration,adSchemaHierarchies,34,
SchemaEnum,Enumeration,adSchemaLevels,35,
SchemaEnum,Enumeration,adSchemaMeasures,36,
SchemaEnum,Enumeration,adSchemaProperties,37,
SchemaEnum,Enumeration,adSchemaMembers,38,
SchemaEnum,Enumeration,adSchemaTrustees,39,
SchemaEnum,Enumeration,adSchemaFunctions,40,
SchemaEnum,Enumeration,adSchemaActions,41,
SchemaEnum,Enumeration,adSchemaCommands,42,
SchemaEnum,Enumeration,adSchemaSets,43,
SearchDirectionEnum,Enumeration,adSearchForward,1,
SearchDirectionEnum,Enumeration,adSearchBackward,-1,
SeekEnum,Enumeration,adSeekFirstEQ,1,
SeekEnum,Enumeration,adSeekLastEQ,2,
SeekEnum,Enumeration,adSeekAfterEQ,4,
SeekEnum,Enumeration,adSeekAfter,8,
SeekEnum,Enumeration,adSeekBeforeEQ,16,
SeekEnum,Enumeration,adSeekBefore,32,
StreamOpenOptionsEnum,Enumeration,adOpenStreamUnspecified,-1,
StreamOpenOptionsEnum,Enumeration,adOpenStreamAsync,1,
StreamOpenOptionsEnum,Enumeration,adOpenStreamFromRecord,4,
StreamReadEnum,Enumeration,adReadAll,-1,
StreamReadEnum,Enumeration,adReadLine,-2,
StreamTypeEnum,Enumeration,adTypeBinary,1,
StreamTypeEnum,Enumeration,adTypeText,2,
StreamWriteEnum,Enumeration,adWriteChar,0,
StreamWriteEnum,Enumeration,adWriteLine,1,
StringFormatEnum,Enumeration,adClipString,2,
XactAttributeEnum,Enumeration,adXactCommitRetaining,131072,
XactAttributeEnum,Enumeration,adXactAbortRetaining,262144,
vbext_CodePaneview,Enumeration,vbext_cv_ProcedureView,0,
vbext_CodePaneview,Enumeration,vbext_cv_FullModuleView,1,
vbext_ComponentType,Enumeration,vbext_ct_StdModule,1,
vbext_ComponentType,Enumeration,vbext_ct_ClassModule,2,
vbext_ComponentType,Enumeration,vbext_ct_MSForm,3,
vbext_ComponentType,Enumeration,vbext_ct_ActiveXDesigner,11,
vbext_ComponentType,Enumeration,vbext_ct_Document,100,
vbext_ProcKind,Enumeration,vbext_pk_Proc,0,
vbext_ProcKind,Enumeration,vbext_pk_Let,1,
vbext_ProcKind,Enumeration,vbext_pk_Set,2,
vbext_ProcKind,Enumeration,vbext_pk_Get,3,
vbext_ProjectProtection,Enumeration,vbext_pp_none,0,
vbext_ProjectProtection,Enumeration,vbext_pp_locked,1,
vbext_ProjectType,Enumeration,vbext_pt_HostProject,100,
vbext_ProjectType,Enumeration,vbext_pt_StandAlone,101,
vbext_RefKind,Enumeration,vbext_rk_TypeLib,0,
vbext_RefKind,Enumeration,vbext_rk_Project,1,
vbext_VBAMode,Enumeration,vbext_vm_Run,0,
vbext_VBAMode,Enumeration,vbext_vm_Break,1,
vbext_VBAMode,Enumeration,vbext_vm_Design,2,
vbext_WindowState,Enumeration,vbext_ws_Normal,0,
vbext_WindowState,Enumeration,vbext_ws_Minimize,1,
vbext_WindowState,Enumeration,vbext_ws_Maximize,2,
vbext_WindowType,Enumeration,vbext_wt_CodeWindow,0,
vbext_WindowType,Enumeration,vbext_wt_Designer,1,
vbext_WindowType,Enumeration,vbext_wt_Browser,2,
vbext_WindowType,Enumeration,vbext_wt_Watch,3,
vbext_WindowType,Enumeration,vbext_wt_Locals,4,
vbext_WindowType,Enumeration,vbext_wt_Immediate,5,
vbext_WindowType,Enumeration,vbext_wt_ProjectWindow,6,
vbext_WindowType,Enumeration,vbext_wt_PropertyWindow,7,
vbext_WindowType,Enumeration,vbext_wt_Find,8,
vbext_WindowType,Enumeration,vbext_wt_FindReplace,9,
vbext_WindowType,Enumeration,vbext_wt_Toolbox,10,
vbext_WindowType,Enumeration,vbext_wt_LinkedWindowFrame,11,
vbext_WindowType,Enumeration,vbext_wt_MainWindow,12,
vbext_WindowType,Enumeration,vbext_wt_ToolWindow,15,
vbextFileTypes,Enumeration,vbextFileTypeForm,0,
vbextFileTypes,Enumeration,vbextFileTypeModule,1,
vbextFileTypes,Enumeration,vbextFileTypeClass,2,
vbextFileTypes,Enumeration,vbextFileTypeProject,3,
vbextFileTypes,Enumeration,vbextFileTypeExe,4,
vbextFileTypes,Enumeration,vbextFileTypeFrx,5,
vbextFileTypes,Enumeration,vbextFileTypeRes,6,
vbextFileTypes,Enumeration,vbextFileTypeUserControl,7,
vbextFileTypes,Enumeration,vbextFileTypePropertyPage,8,
vbextFileTypes,Enumeration,vbextFileTypeDocObject,9,
vbextFileTypes,Enumeration,vbextFileTypeBinary,10,
vbextFileTypes,Enumeration,vbextFileTypeGroupProject,11,
vbextFileTypes,Enumeration,vbextFileTypeDesigners,12,
_SCHEMACONTENTTYPE,Enumeration,SCHEMACONTENTTYPE_EMPTY,0,
_SCHEMACONTENTTYPE,Enumeration,SCHEMACONTENTTYPE_TEXTONLY,1,
_SCHEMACONTENTTYPE,Enumeration,SCHEMACONTENTTYPE_ELEMENTONLY,2,
_SCHEMACONTENTTYPE,Enumeration,SCHEMACONTENTTYPE_MIXED,3,
_SCHEMADERIVATIONMETHOD,Enumeration,SCHEMADERIVATIONMETHOD_EMPTY,0,
_SCHEMADERIVATIONMETHOD,Enumeration,SCHEMADERIVATIONMETHOD_SUBSTITUTION,1,
_SCHEMADERIVATIONMETHOD,Enumeration,SCHEMADERIVATIONMETHOD_EXTENSION,2,
_SCHEMADERIVATIONMETHOD,Enumeration,SCHEMADERIVATIONMETHOD_RESTRICTION,4,
_SCHEMADERIVATIONMETHOD,Enumeration,SCHEMADERIVATIONMETHOD_LIST,8,
_SCHEMADERIVATIONMETHOD,Enumeration,SCHEMADERIVATIONMETHOD_UNION,16,
_SCHEMADERIVATIONMETHOD,Enumeration,SCHEMADERIVATIONMETHOD_ALL,255,
_SCHEMADERIVATIONMETHOD,Enumeration,SCHEMADERIVATIONMETHOD_NONE,256,
_SCHEMAPROCESSCONTENTS,Enumeration,SCHEMAPROCESSCONTENTS_NONE,0,
_SCHEMAPROCESSCONTENTS,Enumeration,SCHEMAPROCESSCONTENTS_SKIP,1,
_SCHEMAPROCESSCONTENTS,Enumeration,SCHEMAPROCESSCONTENTS_LAX,2,
_SCHEMAPROCESSCONTENTS,Enumeration,SCHEMAPROCESSCONTENTS_STRICT,3,
_SCHEMATYPEVARIETY,Enumeration,SCHEMATYPEVARIETY_NONE,-1,
_SCHEMATYPEVARIETY,Enumeration,SCHEMATYPEVARIETY_ATOMIC,0,
_SCHEMATYPEVARIETY,Enumeration,SCHEMATYPEVARIETY_LIST,1,
_SCHEMATYPEVARIETY,Enumeration,SCHEMATYPEVARIETY_UNION,2,
_SCHEMAUSE,Enumeration,SCHEMAUSE_OPTIONAL,0,
_SCHEMAUSE,Enumeration,SCHEMAUSE_PROHIBITED,1,
_SCHEMAUSE,Enumeration,SCHEMAUSE_REQUIRED,2,
_SCHEMAWHITESPACE,Enumeration,SCHEMAWHITESPACE_NONE,-1,
_SCHEMAWHITESPACE,Enumeration,SCHEMAWHITESPACE_PRESERVE,0,
_SCHEMAWHITESPACE,Enumeration,SCHEMAWHITESPACE_REPLACE,1,
_SCHEMAWHITESPACE,Enumeration,SCHEMAWHITESPACE_COLLAPSE,2,
_SERVERXMLHTTP_OPTION,Enumeration,SXH_OPTION_URL,-1,
_SERVERXMLHTTP_OPTION,Enumeration,SXH_OPTION_URL_CODEPAGE,0,
_SERVERXMLHTTP_OPTION,Enumeration,SXH_OPTION_ESCAPE_PERCENT_IN_URL,1,
_SERVERXMLHTTP_OPTION,Enumeration,SXH_OPTION_IGNORE_SERVER_SSL_CERT_ERROR_FLAGS,2,
_SERVERXMLHTTP_OPTION,Enumeration,SXH_OPTION_SELECT_CLIENT_SSL_CERT,3,
_SOMITEMTYPE,Enumeration,SOMITEM_SCHEMA,4096,
_SOMITEMTYPE,Enumeration,SOMITEM_ATTRIBUTE,4097,
_SOMITEMTYPE,Enumeration,SOMITEM_ATTRIBUTEGROUP,4098,
_SOMITEMTYPE,Enumeration,SOMITEM_NOTATION,4099,
_SOMITEMTYPE,Enumeration,SOMITEM_ANNOTATION,4100,
_SOMITEMTYPE,Enumeration,SOMITEM_IDENTITYCONSTRAINT,4352,
_SOMITEMTYPE,Enumeration,SOMITEM_KEY,4353,
_SOMITEMTYPE,Enumeration,SOMITEM_KEYREF,4354,
_SOMITEMTYPE,Enumeration,SOMITEM_UNIQUE,4355,
_SOMITEMTYPE,Enumeration,SOMITEM_ANYTYPE,8192,
_SOMITEMTYPE,Enumeration,SOMITEM_DATATYPE,8448,
_SOMITEMTYPE,Enumeration,SOMITEM_DATATYPE_ANYTYPE,8449,
_SOMITEMTYPE,Enumeration,SOMITEM_DATATYPE_ANYURI,8450,
_SOMITEMTYPE,Enumeration,SOMITEM_DATATYPE_BASE64BINARY,8451,
_SOMITEMTYPE,Enumeration,SOMITEM_DATATYPE_BOOLEAN,8452,
_SOMITEMTYPE,Enumeration,SOMITEM_DATATYPE_BYTE,8453,
_SOMITEMTYPE,Enumeration,SOMITEM_DATATYPE_DATE,8454,
_SOMITEMTYPE,Enumeration,SOMITEM_DATATYPE_DATETIME,8455,
_SOMITEMTYPE,Enumeration,SOMITEM_DATATYPE_DAY,8456,
_SOMITEMTYPE,Enumeration,SOMITEM_DATATYPE_DECIMAL,8457,
_SOMITEMTYPE,Enumeration,SOMITEM_DATATYPE_DOUBLE,8458,
_SOMITEMTYPE,Enumeration,SOMITEM_DATATYPE_DURATION,8459,
_SOMITEMTYPE,Enumeration,SOMITEM_DATATYPE_ENTITIES,8460,
_SOMITEMTYPE,Enumeration,SOMITEM_DATATYPE_ENTITY,8461,
_SOMITEMTYPE,Enumeration,SOMITEM_DATATYPE_FLOAT,8462,
_SOMITEMTYPE,Enumeration,SOMITEM_DATATYPE_HEXBINARY,8463,
_SOMITEMTYPE,Enumeration,SOMITEM_DATATYPE_ID,8464,
_SOMITEMTYPE,Enumeration,SOMITEM_DATATYPE_IDREF,8465,
_SOMITEMTYPE,Enumeration,SOMITEM_DATATYPE_IDREFS,8466,
_SOMITEMTYPE,Enumeration,SOMITEM_DATATYPE_INT,8467,
_SOMITEMTYPE,Enumeration,SOMITEM_DATATYPE_INTEGER,8468,
_SOMITEMTYPE,Enumeration,SOMITEM_DATATYPE_LANGUAGE,8469,
_SOMITEMTYPE,Enumeration,SOMITEM_DATATYPE_LONG,8470,
_SOMITEMTYPE,Enumeration,SOMITEM_DATATYPE_MONTH,8471,
_SOMITEMTYPE,Enumeration,SOMITEM_DATATYPE_MONTHDAY,8472,
_SOMITEMTYPE,Enumeration,SOMITEM_DATATYPE_NAME,8473,
_SOMITEMTYPE,Enumeration,SOMITEM_DATATYPE_NCNAME,8474,
_SOMITEMTYPE,Enumeration,SOMITEM_DATATYPE_NEGATIVEINTEGER,8475,
_SOMITEMTYPE,Enumeration,SOMITEM_DATATYPE_NMTOKEN,8476,
_SOMITEMTYPE,Enumeration,SOMITEM_DATATYPE_NMTOKENS,8477,
_SOMITEMTYPE,Enumeration,SOMITEM_DATATYPE_NONNEGATIVEINTEGER,8478,
_SOMITEMTYPE,Enumeration,SOMITEM_DATATYPE_NONPOSITIVEINTEGER,8479,
_SOMITEMTYPE,Enumeration,SOMITEM_DATATYPE_NORMALIZEDSTRING,8480,
_SOMITEMTYPE,Enumeration,SOMITEM_DATATYPE_NOTATION,8481,
_SOMITEMTYPE,Enumeration,SOMITEM_DATATYPE_POSITIVEINTEGER,8482,
_SOMITEMTYPE,Enumeration,SOMITEM_DATATYPE_QNAME,8483,
_SOMITEMTYPE,Enumeration,SOMITEM_DATATYPE_SHORT,8484,
_SOMITEMTYPE,Enumeration,SOMITEM_DATATYPE_STRING,8485,
_SOMITEMTYPE,Enumeration,SOMITEM_DATATYPE_TIME,8486,
_SOMITEMTYPE,Enumeration,SOMITEM_DATATYPE_TOKEN,8487,
_SOMITEMTYPE,Enumeration,SOMITEM_DATATYPE_UNSIGNEDBYTE,8488,
_SOMITEMTYPE,Enumeration,SOMITEM_DATATYPE_UNSIGNEDINT,8489,
_SOMITEMTYPE,Enumeration,SOMITEM_DATATYPE_UNSIGNEDLONG,8490,
_SOMITEMTYPE,Enumeration,SOMITEM_DATATYPE_UNSIGNEDSHORT,8491,
_SOMITEMTYPE,Enumeration,SOMITEM_DATATYPE_YEAR,8492,
_SOMITEMTYPE,Enumeration,SOMITEM_DATATYPE_YEARMONTH,8493,
_SOMITEMTYPE,Enumeration,SOMITEM_DATATYPE_ANYSIMPLETYPE,8703,
_SOMITEMTYPE,Enumeration,SOMITEM_SIMPLETYPE,8704,
_SOMITEMTYPE,Enumeration,SOMITEM_COMPLEXTYPE,9216,
_SOMITEMTYPE,Enumeration,SOMITEM_PARTICLE,16384,
_SOMITEMTYPE,Enumeration,SOMITEM_ANY,16385,
_SOMITEMTYPE,Enumeration,SOMITEM_ANYATTRIBUTE,16386,
_SOMITEMTYPE,Enumeration,SOMITEM_ELEMENT,16387,
_SOMITEMTYPE,Enumeration,SOMITEM_GROUP,16640,
_SOMITEMTYPE,Enumeration,SOMITEM_ALL,16641,
_SOMITEMTYPE,Enumeration,SOMITEM_CHOICE,16642,
_SOMITEMTYPE,Enumeration,SOMITEM_SEQUENCE,16643,
_SOMITEMTYPE,Enumeration,SOMITEM_EMPTYPARTICLE,16644,
_SOMITEMTYPE,Enumeration,SOMITEM_NULL,2048,
_SOMITEMTYPE,Enumeration,SOMITEM_NULL_TYPE,10240,
_SOMITEMTYPE,Enumeration,SOMITEM_NULL_ANY,18433,
_SOMITEMTYPE,Enumeration,SOMITEM_NULL_ANYATTRIBUTE,18434,
_SOMITEMTYPE,Enumeration,SOMITEM_NULL_ELEMENT,18435,
_SXH_PROXY_SETTING,Enumeration,SXH_PROXY_SET_DEFAULT,0,
_SXH_PROXY_SETTING,Enumeration,SXH_PROXY_SET_PRECONFIG,0,
_SXH_PROXY_SETTING,Enumeration,SXH_PROXY_SET_DIRECT,1,
_SXH_PROXY_SETTING,Enumeration,SXH_PROXY_SET_PROXY,2,
_SXH_SERVER_CERT_OPTION,Enumeration,SXH_SERVER_CERT_IGNORE_UNKNOWN_CA,256,
_SXH_SERVER_CERT_OPTION,Enumeration,SXH_SERVER_CERT_IGNORE_WRONG_USAGE,512,
_SXH_SERVER_CERT_OPTION,Enumeration,SXH_SERVER_CERT_IGNORE_CERT_CN_INVALID,4096,
_SXH_SERVER_CERT_OPTION,Enumeration,SXH_SERVER_CERT_IGNORE_CERT_DATE_INVALID,8192,
_SXH_SERVER_CERT_OPTION,Enumeration,SXH_SERVER_CERT_IGNORE_ALL_SERVER_ERRORS,13056,
_XHR_PROPERTY,Enumeration,XHR_PROP_NO_CRED_PROMPT,0,
_XHR_PROPERTY,Enumeration,XHR_PROP_NO_AUTH,1,
_XHR_PROPERTY,Enumeration,XHR_PROP_TIMEOUT,2,
_XHR_PROPERTY,Enumeration,XHR_PROP_NO_DEFAULT_HEADERS,3,
_XHR_PROPERTY,Enumeration,XHR_PROP_REPORT_REDIRECT_STATUS,4,
_XHR_PROPERTY,Enumeration,XHR_PROP_NO_CACHE,5,
_XHR_PROPERTY,Enumeration,XHR_PROP_EXTENDED_ERROR,6,
_XHR_PROPERTY,Enumeration,XHR_PROP_QUERY_STRING_UTF8,7,
_XHR_PROPERTY,Enumeration,XHR_PROP_IGNORE_CERT_ERRORS,8,
_XHR_PROPERTY,Enumeration,XHR_PROP_ONDATA_THRESHOLD,9,
_XHR_PROPERTY,Enumeration,XHR_PROP_SET_ENTERPRISEID,10,
_XHR_PROPERTY,Enumeration,XHR_PROP_MAX_CONNECTIONS,11,
tagDOMNodeType,Enumeration,NODE_INVALID,0,
tagDOMNodeType,Enumeration,NODE_ELEMENT,1,
tagDOMNodeType,Enumeration,NODE_ATTRIBUTE,2,
tagDOMNodeType,Enumeration,NODE_TEXT,3,
tagDOMNodeType,Enumeration,NODE_CDATA_SECTION,4,
tagDOMNodeType,Enumeration,NODE_ENTITY_REFERENCE,5,
tagDOMNodeType,Enumeration,NODE_ENTITY,6,
tagDOMNodeType,Enumeration,NODE_PROCESSING_INSTRUCTION,7,
tagDOMNodeType,Enumeration,NODE_COMMENT,8,
tagDOMNodeType,Enumeration,NODE_DOCUMENT,9,
tagDOMNodeType,Enumeration,NODE_DOCUMENT_TYPE,10,
tagDOMNodeType,Enumeration,NODE_DOCUMENT_FRAGMENT,11,
tagDOMNodeType,Enumeration,NODE_NOTATION,12,
WinHttpRequestAutoLogonPolicy,Enumeration,AutoLogonPolicy_Always,0,
WinHttpRequestAutoLogonPolicy,Enumeration,AutoLogonPolicy_OnlyIfBypassProxy,1,
WinHttpRequestAutoLogonPolicy,Enumeration,AutoLogonPolicy_Never,2,
WinHttpRequestOption,Enumeration,WinHttpRequestOption_UserAgentString,0,
WinHttpRequestOption,Enumeration,WinHttpRequestOption_URL,1,
WinHttpRequestOption,Enumeration,WinHttpRequestOption_URLCodePage,2,
WinHttpRequestOption,Enumeration,WinHttpRequestOption_EscapePercentInURL,3,
WinHttpRequestOption,Enumeration,WinHttpRequestOption_SslErrorIgnoreFlags,4,
WinHttpRequestOption,Enumeration,WinHttpRequestOption_SelectCertificate,5,
WinHttpRequestOption,Enumeration,WinHttpRequestOption_EnableRedirects,6,
WinHttpRequestOption,Enumeration,WinHttpRequestOption_UrlEscapeDisable,7,
WinHttpRequestOption,Enumeration,WinHttpRequestOption_UrlEscapeDisableQuery,8,
WinHttpRequestOption,Enumeration,WinHttpRequestOption_SecureProtocols,9,
WinHttpRequestOption,Enumeration,WinHttpRequestOption_EnableTracing,10,
WinHttpRequestOption,Enumeration,WinHttpRequestOption_RevertImpersonationOverSsl,11,
WinHttpRequestOption,Enumeration,WinHttpRequestOption_EnableHttpsToHttpRedirects,12,
WinHttpRequestOption,Enumeration,WinHttpRequestOption_EnablePassportAuthentication,13,
WinHttpRequestOption,Enumeration,WinHttpRequestOption_MaxAutomaticRedirects,14,
WinHttpRequestOption,Enumeration,WinHttpRequestOption_MaxResponseHeaderSize,15,
WinHttpRequestOption,Enumeration,WinHttpRequestOption_MaxResponseDrainSize,16,
WinHttpRequestOption,Enumeration,WinHttpRequestOption_EnableHttp1_1,17,
WinHttpRequestOption,Enumeration,WinHttpRequestOption_EnableCertificateRevocationCheck,18,
WinHttpRequestOption,Enumeration,WinHttpRequestOption_RejectUserpwd,19,
WinHttpRequestSecureProtocols,Enumeration,SecureProtocol_SSL2,8,
WinHttpRequestSecureProtocols,Enumeration,SecureProtocol_SSL3,32,
WinHttpRequestSecureProtocols,Enumeration,SecureProtocol_TLS1,128,
WinHttpRequestSecureProtocols,Enumeration,SecureProtocol_TLS1_1,512,
WinHttpRequestSecureProtocols,Enumeration,SecureProtocol_TLS1_2,2048,
WinHttpRequestSecureProtocols,Enumeration,SecureProtocol_ALL,168,
WinHttpRequestSslErrorFlags,Enumeration,SslErrorFlag_UnknownCA,256,
WinHttpRequestSslErrorFlags,Enumeration,SslErrorFlag_CertWrongUsage,512,
WinHttpRequestSslErrorFlags,Enumeration,SslErrorFlag_CertCNInvalid,4096,
WinHttpRequestSslErrorFlags,Enumeration,SslErrorFlag_CertDateInvalid,8192,
WinHttpRequestSslErrorFlags,Enumeration,SslErrorFlag_Ignore_All,13056,
