Object,Property,Property split,Type,Access
Adjustments,Application,Application,Object,R_O
Adjustments,Creator,Creator,Long,R_O
Adjustments,Parent,Parent,Object,R_O
Adjustments,Count,Count,Long,R_O
Adjustments,Item,Item,Single,V
AnswerWizard,Application,Application,Object,R_O
AnswerWizard,Creator,Creator,Long,R_O
AnswerWizard,Parent,Parent,Object,R_O
AnswerWizard,Files,Files,AnswerWizardFiles,R_O
AnswerWizardFiles,Application,Application,Object,R_O
AnswerWizardFiles,Creator,Creator,Long,R_O
AnswerWizardFiles,Parent,Parent,Object,R_O
AnswerWizardFiles,Item,Item,String,R_O
AnswerWizardFiles,Count,Count,Long,R_O
Assistant,Application,Application,Object,R_O
Assistant,Creator,Creator,Long,R_O
Assistant,Parent,Parent,Object,R_O
Assistant,Top,Top,Long,V
Assistant,Left,Left,Long,V
Assistant,NewBalloon,New Balloon,Balloon,R_O
Assistant,BalloonError,Balloon Error,MsoBalloonErrorType,R_O
Assistant,Visible,Visible,Boolean,V
Assistant,Animation,Animation,MsoAnimationType,V
Assistant,Reduced,Reduced,Boolean,V
Assistant,AssistWithHelp,Assist With Help,Boolean,V
Assistant,AssistWithWizards,Assist With Wizards,Boolean,V
Assistant,AssistWithAlerts,Assist With Alerts,Boolean,V
Assistant,MoveWhenInTheWay,Move When In The Way,Boolean,V
Assistant,Sounds,Sounds,Boolean,V
Assistant,FeatureTips,Feature Tips,Boolean,V
Assistant,MouseTips,Mouse Tips,Boolean,V
Assistant,KeyboardShortcutTips,Keyboard Shortcut Tips,Boolean,V
Assistant,HighPriorityTips,High Priority Tips,Boolean,V
Assistant,TipOfDay,Tip Of Day,Boolean,V
Assistant,GuessHelp,Guess Help,Boolean,V
Assistant,SearchWhenProgramming,Search When Programming,Boolean,V
Assistant,Item,Item,String,R_O
Assistant,FileName,File Name,String,V
Assistant,Name,Name,String,R_O
Assistant,On,On,Boolean,V
Axes,Count,Count,Long,R_O
Axes,Item,Item,IMsoAxis,R_O
Axes,_NewEnum,_New Enum,IUnknown,R_O
Axes,Application,Application,Object,R_O
Axes,Creator,Creator,Long,R_O
Axes,_Default,_Default,IMsoAxis,R_O
Axes,Parent,Parent,Object,R_O
Balloon,Application,Application,Object,R_O
Balloon,Creator,Creator,Long,R_O
Balloon,Parent,Parent,Object,R_O
Balloon,Checkboxes,Checkboxes,Object,R_O
Balloon,Labels,Labels,Object,R_O
Balloon,BalloonType,Balloon Type,MsoBalloonType,V
Balloon,Icon,Icon,MsoIconType,V
Balloon,Heading,Heading,String,V
Balloon,Text,Text,String,V
Balloon,Mode,Mode,MsoModeType,V
Balloon,Animation,Animation,MsoAnimationType,V
Balloon,Button,Button,MsoButtonSetType,V
Balloon,Callback,Callback,String,V
Balloon,Private,Private,Long,V
Balloon,Name,Name,String,R_O
BalloonCheckbox,Application,Application,Object,R_O
BalloonCheckbox,Creator,Creator,Long,R_O
BalloonCheckbox,Item,Item,String,R_O
BalloonCheckbox,Name,Name,String,R_O
BalloonCheckbox,Parent,Parent,Object,R_O
BalloonCheckbox,Checked,Checked,Boolean,V
BalloonCheckbox,Text,Text,String,V
BalloonCheckboxes,Application,Application,Object,R_O
BalloonCheckboxes,Creator,Creator,Long,R_O
BalloonCheckboxes,Name,Name,String,R_O
BalloonCheckboxes,Parent,Parent,Object,R_O
BalloonCheckboxes,Item,Item,Object,R_O
BalloonCheckboxes,Count,Count,Long,V
BalloonCheckboxes,_NewEnum,_New Enum,IUnknown,R_O
BalloonLabel,Application,Application,Object,R_O
BalloonLabel,Creator,Creator,Long,R_O
BalloonLabel,Item,Item,String,R_O
BalloonLabel,Name,Name,String,R_O
BalloonLabel,Parent,Parent,Object,R_O
BalloonLabel,Text,Text,String,V
BalloonLabels,Application,Application,Object,R_O
BalloonLabels,Creator,Creator,Long,R_O
BalloonLabels,Name,Name,String,R_O
BalloonLabels,Parent,Parent,Object,R_O
BalloonLabels,Item,Item,Object,R_O
BalloonLabels,Count,Count,Long,V
BalloonLabels,_NewEnum,_New Enum,IUnknown,R_O
BulletFormat2,Application,Application,Object,R_O
BulletFormat2,Creator,Creator,Long,R_O
BulletFormat2,Parent,Parent,Object,R_O
BulletFormat2,Character,Character,Long,V
BulletFormat2,Font,Font,Font2,R_O
BulletFormat2,Number,Number,Long,R_O
BulletFormat2,RelativeSize,Relative Size,Single,V
BulletFormat2,StartValue,Start Value,Long,V
BulletFormat2,Style,Style,MsoNumberedBulletStyle,V
BulletFormat2,Type,Type,MsoBulletType,V
BulletFormat2,UseTextColor,Use Text Color,MsoTriState,V
BulletFormat2,UseTextFont,Use Text Font,MsoTriState,V
BulletFormat2,Visible,Visible,MsoTriState,V
CalloutFormat,Application,Application,Object,R_O
CalloutFormat,Creator,Creator,Long,R_O
CalloutFormat,Parent,Parent,Object,R_O
CalloutFormat,Accent,Accent,MsoTriState,V
CalloutFormat,Angle,Angle,MsoCalloutAngleType,V
CalloutFormat,AutoAttach,Auto Attach,MsoTriState,V
CalloutFormat,AutoLength,Auto Length,MsoTriState,R_O
CalloutFormat,Border,Border,MsoTriState,V
CalloutFormat,Drop,Drop,Single,R_O
CalloutFormat,DropType,Drop Type,MsoCalloutDropType,R_O
CalloutFormat,Gap,Gap,Single,V
CalloutFormat,Length,Length,Single,R_O
CalloutFormat,Type,Type,MsoCalloutType,V
CanvasShapes,Application,Application,Object,R_O
CanvasShapes,Creator,Creator,Long,R_O
CanvasShapes,Parent,Parent,Object,R_O
CanvasShapes,Count,Count,Long,R_O
CanvasShapes,_NewEnum,_New Enum,IUnknown,R_O
CanvasShapes,Background,Background,Shape,R_O
CategoryCollection,Parent,Parent,HRESULT,R_O
CategoryCollection,Count,Count,HRESULT,R_O
CategoryCollection,Application,Application,HRESULT,R_O
CategoryCollection,Creator,Creator,HRESULT,R_O
CategoryCollection,_Default,_Default,HRESULT,R_O
ChartColorFormat,Parent,Parent,HRESULT,R_O
ChartColorFormat,SchemeColor,Scheme Color,HRESULT,V
ChartColorFormat,RGB,RGB,HRESULT,V
ChartColorFormat,_Default,_Default,HRESULT,R_O
ChartColorFormat,Type,Type,HRESULT,R_O
ChartColorFormat,Application,Application,HRESULT,R_O
ChartColorFormat,Creator,Creator,HRESULT,R_O
ChartFillFormat,BackColor,Back Color,ChartColorFormat,R_O
ChartFillFormat,ForeColor,Fore Color,ChartColorFormat,R_O
ChartFillFormat,GradientColorType,Gradient Color Type,Long,R_O
ChartFillFormat,GradientDegree,Gradient Degree,Single,R_O
ChartFillFormat,GradientStyle,Gradient Style,Long,R_O
ChartFillFormat,GradientVariant,Gradient Variant,Long,R_O
ChartFillFormat,Pattern,Pattern,Long,R_O
ChartFillFormat,PresetGradientType,Preset Gradient Type,Long,R_O
ChartFillFormat,PresetTexture,Preset Texture,Long,R_O
ChartFillFormat,TextureName,Texture Name,String,R_O
ChartFillFormat,TextureType,Texture Type,Long,R_O
ChartFillFormat,Type,Type,Long,R_O
ChartFillFormat,Visible,Visible,Long,V
ChartFillFormat,Application,Application,Object,R_O
ChartFillFormat,Creator,Creator,Long,R_O
ChartFillFormat,Parent,Parent,Object,R_O
ChartFont,Background,Background,Variant,V
ChartFont,Bold,Bold,Variant,V
ChartFont,Color,Color,Variant,V
ChartFont,ColorIndex,Color Index,Variant,V
ChartFont,FontStyle,Font Style,Variant,V
ChartFont,Italic,Italic,Variant,V
ChartFont,Name,Name,Variant,V
ChartFont,OutlineFont,Outline Font,Variant,V
ChartFont,Shadow,Shadow,Variant,V
ChartFont,Size,Size,Variant,V
ChartFont,StrikeThrough,Strike Through,Variant,V
ChartFont,Subscript,Subscript,Variant,V
ChartFont,Superscript,Superscript,Variant,V
ChartFont,Underline,Underline,Variant,V
ChartFont,Application,Application,Object,R_O
ChartFont,Creator,Creator,Long,R_O
ChartFont,Parent,Parent,Object,R_O
ChartGroups,Parent,Parent,Object,R_O
ChartGroups,Count,Count,Long,R_O
ChartGroups,Application,Application,Object,R_O
ChartGroups,Creator,Creator,Long,R_O
ChartPoint,Parent,Parent,HRESULT,R_O
ChartPoint,Border,Border,HRESULT,R_O
ChartPoint,DataLabel,Data Label,HRESULT,R_O
ChartPoint,Explosion,Explosion,HRESULT,V
ChartPoint,HasDataLabel,Has Data Label,HRESULT,V
ChartPoint,Interior,Interior,HRESULT,R_O
ChartPoint,InvertIfNegative,Invert If Negative,HRESULT,V
ChartPoint,MarkerBackgroundColor,Marker Background Color,HRESULT,V
ChartPoint,MarkerBackgroundColorIndex,Marker Background Color Index,HRESULT,V
ChartPoint,MarkerForegroundColor,Marker Foreground Color,HRESULT,V
ChartPoint,MarkerForegroundColorIndex,Marker Foreground Color Index,HRESULT,V
ChartPoint,MarkerSize,Marker Size,HRESULT,V
ChartPoint,MarkerStyle,Marker Style,HRESULT,V
ChartPoint,PictureType,Picture Type,HRESULT,V
ChartPoint,PictureUnit,Picture Unit,HRESULT,V
ChartPoint,ApplyPictToSides,Apply Pict To Sides,HRESULT,V
ChartPoint,ApplyPictToFront,Apply Pict To Front,HRESULT,V
ChartPoint,ApplyPictToEnd,Apply Pict To End,HRESULT,V
ChartPoint,Shadow,Shadow,HRESULT,V
ChartPoint,SecondaryPlot,Secondary Plot,HRESULT,V
ChartPoint,Fill,Fill,HRESULT,R_O
ChartPoint,Has3DEffect,Has3 D Effect,HRESULT,V
ChartPoint,Format,Format,HRESULT,R_O
ChartPoint,Application,Application,HRESULT,R_O
ChartPoint,Creator,Creator,HRESULT,R_O
ChartPoint,PictureUnit2,Picture Unit2,HRESULT,V
ChartPoint,Name,Name,HRESULT,R_O
ChartPoint,Height,Height,HRESULT,R_O
ChartPoint,Width,Width,HRESULT,R_O
ChartPoint,Left,Left,HRESULT,R_O
ChartPoint,Top,Top,HRESULT,R_O
ChartPoint,IsTotal,Is Total,HRESULT,V
ColorFormat,Application,Application,Object,R_O
ColorFormat,Creator,Creator,Long,R_O
ColorFormat,Parent,Parent,Object,R_O
ColorFormat,RGB,RGB,MsoRGBType,V
ColorFormat,SchemeColor,Scheme Color,Long,V
ColorFormat,Type,Type,MsoColorType,R_O
ColorFormat,TintAndShade,Tint And Shade,Single,V
ColorFormat,ObjectThemeColor,Object Theme Color,MsoThemeColorIndex,V
ColorFormat,Brightness,Brightness,Single,V
COMAddIn,Application,Application,Object,R_O
COMAddIn,Creator,Creator,Long,R_O
COMAddIn,Description,Description,String,V
COMAddIn,ProgId,Prog Id,String,R_O
COMAddIn,Guid,Guid,String,R_O
COMAddIn,Connect,Connect,Boolean,V
COMAddIn,Object,Object,Object,V
COMAddIn,Parent,Parent,Object,R_O
COMAddIns,Application,Application,Object,R_O
COMAddIns,Creator,Creator,Long,R_O
COMAddIns,Count,Count,Long,R_O
COMAddIns,Parent,Parent,Object,R_O
CommandBar,Application,Application,Object,R_O
CommandBar,Creator,Creator,Long,R_O
CommandBar,BuiltIn,Built In,Boolean,R_O
CommandBar,Context,Context,String,V
CommandBar,Controls,Controls,CommandBarControls,R_O
CommandBar,Enabled,Enabled,Boolean,V
CommandBar,Height,Height,Long,V
CommandBar,Index,Index,Long,R_O
CommandBar,Left,Left,Long,V
CommandBar,Name,Name,String,V
CommandBar,NameLocal,Name Local,String,V
CommandBar,Parent,Parent,Object,R_O
CommandBar,Position,Position,MsoBarPosition,V
CommandBar,RowIndex,Row Index,Long,V
CommandBar,Protection,Protection,MsoBarProtection,V
CommandBar,Top,Top,Long,V
CommandBar,Type,Type,MsoBarType,R_O
CommandBar,Visible,Visible,Boolean,V
CommandBar,Width,Width,Long,V
CommandBar,AdaptiveMenu,Adaptive Menu,Boolean,V
CommandBarActiveX,Application,Application,Object,R_O
CommandBarActiveX,Creator,Creator,Long,R_O
CommandBarActiveX,BeginGroup,Begin Group,Boolean,V
CommandBarActiveX,BuiltIn,Built In,Boolean,R_O
CommandBarActiveX,Caption,Caption,String,V
CommandBarActiveX,DescriptionText,Description Text,String,V
CommandBarActiveX,Enabled,Enabled,Boolean,V
CommandBarActiveX,Height,Height,Long,V
CommandBarActiveX,HelpContextId,Help Context Id,Long,V
CommandBarActiveX,HelpFile,Help File,String,V
CommandBarActiveX,Id,Id,Long,R_O
CommandBarActiveX,Index,Index,Long,R_O
CommandBarActiveX,Left,Left,Long,R_O
CommandBarActiveX,OLEUsage,OLE Usage,MsoControlOLEUsage,V
CommandBarActiveX,OnAction,On Action,String,V
CommandBarActiveX,Parent,Parent,CommandBar,R_O
CommandBarActiveX,Parameter,Parameter,String,V
CommandBarActiveX,Priority,Priority,Long,V
CommandBarActiveX,Tag,Tag,String,V
CommandBarActiveX,TooltipText,Tooltip Text,String,V
CommandBarActiveX,Top,Top,Long,R_O
CommandBarActiveX,Type,Type,MsoControlType,R_O
CommandBarActiveX,Visible,Visible,Boolean,V
CommandBarActiveX,Width,Width,Long,V
CommandBarActiveX,IsPriorityDropped,Is Priority Dropped,Boolean,R_O
CommandBarActiveX,ControlCLSID,Control CLSID,String,V
CommandBarActiveX,QueryControlInterface,Query Control Interface,IUnknown,R_O
CommandBarActiveX,InitWith,Init With,IUnknown,W_O
CommandBarButton,Application,Application,Object,R_O
CommandBarButton,Creator,Creator,Long,R_O
CommandBarButton,BeginGroup,Begin Group,Boolean,V
CommandBarButton,BuiltIn,Built In,Boolean,R_O
CommandBarButton,Caption,Caption,String,V
CommandBarButton,DescriptionText,Description Text,String,V
CommandBarButton,Enabled,Enabled,Boolean,V
CommandBarButton,Height,Height,Long,V
CommandBarButton,HelpContextId,Help Context Id,Long,V
CommandBarButton,HelpFile,Help File,String,V
CommandBarButton,Id,Id,Long,R_O
CommandBarButton,Index,Index,Long,R_O
CommandBarButton,Left,Left,Long,R_O
CommandBarButton,OLEUsage,OLE Usage,MsoControlOLEUsage,V
CommandBarButton,OnAction,On Action,String,V
CommandBarButton,Parent,Parent,CommandBar,R_O
CommandBarButton,Parameter,Parameter,String,V
CommandBarButton,Priority,Priority,Long,V
CommandBarButton,Tag,Tag,String,V
CommandBarButton,TooltipText,Tooltip Text,String,V
CommandBarButton,Top,Top,Long,R_O
CommandBarButton,Type,Type,MsoControlType,R_O
CommandBarButton,Visible,Visible,Boolean,V
CommandBarButton,Width,Width,Long,V
CommandBarButton,IsPriorityDropped,Is Priority Dropped,Boolean,R_O
CommandBarButton,BuiltInFace,Built In Face,Boolean,V
CommandBarButton,FaceId,Face Id,Long,V
CommandBarButton,ShortcutText,Shortcut Text,String,V
CommandBarButton,State,State,MsoButtonState,V
CommandBarButton,Style,Style,MsoButtonStyle,V
CommandBarButton,HyperlinkType,Hyperlink Type,MsoCommandBarButtonHyperlinkType,V
CommandBarButton,Picture,Picture,IPictureDisp,V
CommandBarButton,Mask,Mask,IPictureDisp,V
CommandBarComboBox,Application,Application,Object,R_O
CommandBarComboBox,Creator,Creator,Long,R_O
CommandBarComboBox,BeginGroup,Begin Group,Boolean,V
CommandBarComboBox,BuiltIn,Built In,Boolean,R_O
CommandBarComboBox,Caption,Caption,String,V
CommandBarComboBox,DescriptionText,Description Text,String,V
CommandBarComboBox,Enabled,Enabled,Boolean,V
CommandBarComboBox,Height,Height,Long,V
CommandBarComboBox,HelpContextId,Help Context Id,Long,V
CommandBarComboBox,HelpFile,Help File,String,V
CommandBarComboBox,Id,Id,Long,R_O
CommandBarComboBox,Index,Index,Long,R_O
CommandBarComboBox,Left,Left,Long,R_O
CommandBarComboBox,OLEUsage,OLE Usage,MsoControlOLEUsage,V
CommandBarComboBox,OnAction,On Action,String,V
CommandBarComboBox,Parent,Parent,CommandBar,R_O
CommandBarComboBox,Parameter,Parameter,String,V
CommandBarComboBox,Priority,Priority,Long,V
CommandBarComboBox,Tag,Tag,String,V
CommandBarComboBox,TooltipText,Tooltip Text,String,V
CommandBarComboBox,Top,Top,Long,R_O
CommandBarComboBox,Type,Type,MsoControlType,R_O
CommandBarComboBox,Visible,Visible,Boolean,V
CommandBarComboBox,Width,Width,Long,V
CommandBarComboBox,IsPriorityDropped,Is Priority Dropped,Boolean,R_O
CommandBarComboBox,DropDownLines,Drop Down Lines,Long,V
CommandBarComboBox,DropDownWidth,Drop Down Width,Long,V
CommandBarComboBox,List,List,String,V
CommandBarComboBox,ListCount,List Count,Long,R_O
CommandBarComboBox,ListHeaderCount,List Header Count,Long,V
CommandBarComboBox,ListIndex,List Index,Long,V
CommandBarComboBox,Style,Style,MsoComboStyle,V
CommandBarComboBox,Text,Text,String,V
CommandBarControl,Application,Application,Object,R_O
CommandBarControl,Creator,Creator,Long,R_O
CommandBarControl,BeginGroup,Begin Group,Boolean,V
CommandBarControl,BuiltIn,Built In,Boolean,R_O
CommandBarControl,Caption,Caption,String,V
CommandBarControl,DescriptionText,Description Text,String,V
CommandBarControl,Enabled,Enabled,Boolean,V
CommandBarControl,Height,Height,Long,V
CommandBarControl,HelpContextId,Help Context Id,Long,V
CommandBarControl,HelpFile,Help File,String,V
CommandBarControl,Id,Id,Long,R_O
CommandBarControl,Index,Index,Long,R_O
CommandBarControl,Left,Left,Long,R_O
CommandBarControl,OLEUsage,OLE Usage,MsoControlOLEUsage,V
CommandBarControl,OnAction,On Action,String,V
CommandBarControl,Parent,Parent,CommandBar,R_O
CommandBarControl,Parameter,Parameter,String,V
CommandBarControl,Priority,Priority,Long,V
CommandBarControl,Tag,Tag,String,V
CommandBarControl,TooltipText,Tooltip Text,String,V
CommandBarControl,Top,Top,Long,R_O
CommandBarControl,Type,Type,MsoControlType,R_O
CommandBarControl,Visible,Visible,Boolean,V
CommandBarControl,Width,Width,Long,V
CommandBarControl,IsPriorityDropped,Is Priority Dropped,Boolean,R_O
CommandBarControls,Application,Application,Object,R_O
CommandBarControls,Creator,Creator,Long,R_O
CommandBarControls,Count,Count,Long,R_O
CommandBarControls,Item,Item,CommandBarControl,R_O
CommandBarControls,_NewEnum,_New Enum,IUnknown,R_O
CommandBarControls,Parent,Parent,CommandBar,R_O
CommandBarPopup,Application,Application,Object,R_O
CommandBarPopup,Creator,Creator,Long,R_O
CommandBarPopup,BeginGroup,Begin Group,Boolean,V
CommandBarPopup,BuiltIn,Built In,Boolean,R_O
CommandBarPopup,Caption,Caption,String,V
CommandBarPopup,DescriptionText,Description Text,String,V
CommandBarPopup,Enabled,Enabled,Boolean,V
CommandBarPopup,Height,Height,Long,V
CommandBarPopup,HelpContextId,Help Context Id,Long,V
CommandBarPopup,HelpFile,Help File,String,V
CommandBarPopup,Id,Id,Long,R_O
CommandBarPopup,Index,Index,Long,R_O
CommandBarPopup,Left,Left,Long,R_O
CommandBarPopup,OLEUsage,OLE Usage,MsoControlOLEUsage,V
CommandBarPopup,OnAction,On Action,String,V
CommandBarPopup,Parent,Parent,CommandBar,R_O
CommandBarPopup,Parameter,Parameter,String,V
CommandBarPopup,Priority,Priority,Long,V
CommandBarPopup,Tag,Tag,String,V
CommandBarPopup,TooltipText,Tooltip Text,String,V
CommandBarPopup,Top,Top,Long,R_O
CommandBarPopup,Type,Type,MsoControlType,R_O
CommandBarPopup,Visible,Visible,Boolean,V
CommandBarPopup,Width,Width,Long,V
CommandBarPopup,IsPriorityDropped,Is Priority Dropped,Boolean,R_O
CommandBarPopup,CommandBar,Command Bar,CommandBar,R_O
CommandBarPopup,Controls,Controls,CommandBarControls,R_O
CommandBarPopup,OLEMenuGroup,OLE Menu Group,MsoOLEMenuGroup,V
CommandBars,Application,Application,Object,R_O
CommandBars,Creator,Creator,Long,R_O
CommandBars,ActionControl,Action Control,CommandBarControl,R_O
CommandBars,ActiveMenuBar,Active Menu Bar,CommandBar,R_O
CommandBars,Count,Count,Long,R_O
CommandBars,DisplayTooltips,Display Tooltips,Boolean,V
CommandBars,DisplayKeysInTooltips,Display Keys In Tooltips,Boolean,V
CommandBars,Item,Item,CommandBar,R_O
CommandBars,LargeButtons,Large Buttons,Boolean,V
CommandBars,MenuAnimationStyle,Menu Animation Style,MsoMenuAnimation,V
CommandBars,_NewEnum,_New Enum,IUnknown,R_O
CommandBars,Parent,Parent,Object,R_O
CommandBars,AdaptiveMenus,Adaptive Menus,Boolean,V
CommandBars,DisplayFonts,Display Fonts,Boolean,V
CommandBars,DisableCustomize,Disable Customize,Boolean,V
CommandBars,DisableAskAQuestionDropdown,Disable Ask A Question Dropdown,Boolean,V
ConnectorFormat,Application,Application,Object,R_O
ConnectorFormat,Creator,Creator,Long,R_O
ConnectorFormat,Parent,Parent,Object,R_O
ConnectorFormat,BeginConnected,Begin Connected,MsoTriState,R_O
ConnectorFormat,BeginConnectedShape,Begin Connected Shape,Shape,R_O
ConnectorFormat,BeginConnectionSite,Begin Connection Site,Long,R_O
ConnectorFormat,EndConnected,End Connected,MsoTriState,R_O
ConnectorFormat,EndConnectedShape,End Connected Shape,Shape,R_O
ConnectorFormat,EndConnectionSite,End Connection Site,Long,R_O
ConnectorFormat,Type,Type,MsoConnectorType,V
ContactCard,Application,Application,Object,R_O
ContactCard,Creator,Creator,Long,R_O
Crop,Application,Application,Object,R_O
Crop,Creator,Creator,Long,R_O
Crop,PictureOffsetX,Picture Offset X,Single,V
Crop,PictureOffsetY,Picture Offset Y,Single,V
Crop,PictureWidth,Picture Width,Single,V
Crop,PictureHeight,Picture Height,Single,V
Crop,ShapeLeft,Shape Left,Single,V
Crop,ShapeTop,Shape Top,Single,V
Crop,ShapeWidth,Shape Width,Single,V
Crop,ShapeHeight,Shape Height,Single,V
CustomTaskPane,Title,Title,String,R_O
CustomTaskPane,Application,Application,Object,R_O
CustomTaskPane,Window,Window,Object,R_O
CustomTaskPane,Visible,Visible,Boolean,V
CustomTaskPane,ContentControl,Content Control,Object,R_O
CustomTaskPane,Height,Height,Long,V
CustomTaskPane,Width,Width,Long,V
CustomTaskPane,DockPosition,Dock Position,MsoCTPDockPosition,V
CustomTaskPane,DockPositionRestrict,Dock Position Restrict,MsoCTPDockPositionRestrict,V
CustomXMLNode,Application,Application,Object,R_O
CustomXMLNode,Creator,Creator,Long,R_O
CustomXMLNode,Parent,Parent,Object,R_O
CustomXMLNode,Attributes,Attributes,CustomXMLNodes,R_O
CustomXMLNode,BaseName,Base Name,String,R_O
CustomXMLNode,ChildNodes,Child Nodes,CustomXMLNodes,R_O
CustomXMLNode,FirstChild,First Child,CustomXMLNode,R_O
CustomXMLNode,LastChild,Last Child,CustomXMLNode,R_O
CustomXMLNode,NamespaceURI,Namespace URI,String,R_O
CustomXMLNode,NextSibling,Next Sibling,CustomXMLNode,R_O
CustomXMLNode,NodeType,Node Type,MsoCustomXMLNodeType,R_O
CustomXMLNode,NodeValue,Node Value,String,V
CustomXMLNode,OwnerDocument,Owner Document,Object,R_O
CustomXMLNode,OwnerPart,Owner Part,CustomXMLPart,R_O
CustomXMLNode,PreviousSibling,Previous Sibling,CustomXMLNode,R_O
CustomXMLNode,ParentNode,Parent Node,CustomXMLNode,R_O
CustomXMLNode,Text,Text,String,V
CustomXMLNode,XPath,X Path,String,R_O
CustomXMLNode,XML,XML,String,R_O
CustomXMLNodes,Application,Application,Object,R_O
CustomXMLNodes,Creator,Creator,Long,R_O
CustomXMLNodes,Parent,Parent,Object,R_O
CustomXMLNodes,Count,Count,Long,R_O
CustomXMLNodes,Item,Item,CustomXMLNode,R_O
CustomXMLNodes,_NewEnum,_New Enum,IUnknown,R_O
CustomXMLPart,Application,Application,Object,R_O
CustomXMLPart,Creator,Creator,Long,R_O
CustomXMLPart,Parent,Parent,Object,R_O
CustomXMLPart,DocumentElement,Document Element,CustomXMLNode,R_O
CustomXMLPart,Id,Id,String,R_O
CustomXMLPart,NamespaceURI,Namespace URI,String,R_O
CustomXMLPart,SchemaCollection,Schema Collection,CustomXMLSchemaCollection,V
CustomXMLPart,NamespaceManager,Namespace Manager,CustomXMLPrefixMappings,R_O
CustomXMLPart,XML,XML,String,R_O
CustomXMLPart,Errors,Errors,CustomXMLValidationErrors,R_O
CustomXMLPart,BuiltIn,Built In,Boolean,R_O
CustomXMLParts,Application,Application,Object,R_O
CustomXMLParts,Creator,Creator,Long,R_O
CustomXMLParts,Parent,Parent,Object,R_O
CustomXMLParts,Count,Count,Long,R_O
CustomXMLParts,Item,Item,CustomXMLPart,R_O
CustomXMLParts,_NewEnum,_New Enum,IUnknown,R_O
CustomXMLPrefixMapping,Application,Application,Object,R_O
CustomXMLPrefixMapping,Creator,Creator,Long,R_O
CustomXMLPrefixMapping,Parent,Parent,Object,R_O
CustomXMLPrefixMapping,Prefix,Prefix,String,R_O
CustomXMLPrefixMapping,NamespaceURI,Namespace URI,String,R_O
CustomXMLPrefixMappings,Application,Application,Object,R_O
CustomXMLPrefixMappings,Creator,Creator,Long,R_O
CustomXMLPrefixMappings,Parent,Parent,Object,R_O
CustomXMLPrefixMappings,Count,Count,Long,R_O
CustomXMLPrefixMappings,Item,Item,CustomXMLPrefixMapping,R_O
CustomXMLPrefixMappings,_NewEnum,_New Enum,IUnknown,R_O
CustomXMLSchema,Application,Application,Object,R_O
CustomXMLSchema,Creator,Creator,Long,R_O
CustomXMLSchema,Parent,Parent,Object,R_O
CustomXMLSchema,Location,Location,String,R_O
CustomXMLSchema,NamespaceURI,Namespace URI,String,R_O
CustomXMLSchemaCollection,Application,Application,Object,R_O
CustomXMLSchemaCollection,Creator,Creator,Long,R_O
CustomXMLSchemaCollection,Parent,Parent,Object,R_O
CustomXMLSchemaCollection,Count,Count,Long,R_O
CustomXMLSchemaCollection,Item,Item,CustomXMLSchema,R_O
CustomXMLSchemaCollection,NamespaceURI,Namespace URI,String,R_O
CustomXMLSchemaCollection,_NewEnum,_New Enum,IUnknown,R_O
CustomXMLValidationError,Application,Application,Object,R_O
CustomXMLValidationError,Creator,Creator,Long,R_O
CustomXMLValidationError,Parent,Parent,Object,R_O
CustomXMLValidationError,Name,Name,String,R_O
CustomXMLValidationError,Node,Node,CustomXMLNode,R_O
CustomXMLValidationError,Text,Text,String,R_O
CustomXMLValidationError,Type,Type,MsoCustomXMLValidationErrorType,R_O
CustomXMLValidationError,ErrorCode,Error Code,Long,R_O
CustomXMLValidationErrors,Application,Application,Object,R_O
CustomXMLValidationErrors,Creator,Creator,Long,R_O
CustomXMLValidationErrors,Parent,Parent,Object,R_O
CustomXMLValidationErrors,Count,Count,Long,R_O
CustomXMLValidationErrors,Item,Item,CustomXMLValidationError,R_O
CustomXMLValidationErrors,_NewEnum,_New Enum,IUnknown,R_O
DataPrivacyOptions,Application,Application,Object,R_O
DataPrivacyOptions,Creator,Creator,Long,R_O
DataPrivacyOptions,Parent,Parent,Object,R_O
DataPrivacyOptions,SendTelemetryOption,Send Telemetry Option,MsoTelemetryConsentLevel,R_O
DiagramNode,Application,Application,Object,R_O
DiagramNode,Creator,Creator,Long,R_O
DiagramNode,Parent,Parent,Object,R_O
DiagramNode,Children,Children,DiagramNodeChildren,R_O
DiagramNode,Shape,Shape,Shape,R_O
DiagramNode,Root,Root,DiagramNode,R_O
DiagramNode,Diagram,Diagram,IMsoDiagram,R_O
DiagramNode,Layout,Layout,MsoOrgChartLayoutType,V
DiagramNode,TextShape,Text Shape,Shape,R_O
DiagramNodeChildren,Application,Application,Object,R_O
DiagramNodeChildren,Creator,Creator,Long,R_O
DiagramNodeChildren,_NewEnum,_New Enum,IUnknown,R_O
DiagramNodeChildren,Parent,Parent,Object,R_O
DiagramNodeChildren,Count,Count,Long,R_O
DiagramNodeChildren,FirstChild,First Child,DiagramNode,R_O
DiagramNodeChildren,LastChild,Last Child,DiagramNode,R_O
DiagramNodes,Application,Application,Object,R_O
DiagramNodes,Creator,Creator,Long,R_O
DiagramNodes,_NewEnum,_New Enum,IUnknown,R_O
DiagramNodes,Parent,Parent,Object,R_O
DiagramNodes,Count,Count,Long,R_O
DocumentInspector,Application,Application,Object,R_O
DocumentInspector,Creator,Creator,Long,R_O
DocumentInspector,Name,Name,String,R_O
DocumentInspector,Description,Description,String,R_O
DocumentInspector,Parent,Parent,Object,R_O
DocumentInspectors,Application,Application,Object,R_O
DocumentInspectors,Creator,Creator,Long,R_O
DocumentInspectors,_NewEnum,_New Enum,IUnknown,R_O
DocumentInspectors,Item,Item,DocumentInspector,R_O
DocumentInspectors,Count,Count,Long,R_O
DocumentInspectors,Parent,Parent,Object,R_O
DocumentLibraryVersion,Application,Application,Object,R_O
DocumentLibraryVersion,Creator,Creator,Long,R_O
DocumentLibraryVersion,Modified,Modified,Variant,R_O
DocumentLibraryVersion,Index,Index,Long,R_O
DocumentLibraryVersion,Parent,Parent,Object,R_O
DocumentLibraryVersion,ModifiedBy,Modified By,String,R_O
DocumentLibraryVersion,Comments,Comments,String,R_O
DocumentLibraryVersions,Application,Application,Object,R_O
DocumentLibraryVersions,Creator,Creator,Long,R_O
DocumentLibraryVersions,Item,Item,DocumentLibraryVersion,R_O
DocumentLibraryVersions,Count,Count,Long,R_O
DocumentLibraryVersions,Parent,Parent,Object,R_O
DocumentLibraryVersions,IsVersioningEnabled,Is Versioning Enabled,Boolean,R_O
DocumentLibraryVersions,_NewEnum,_New Enum,IUnknown,R_O
DocumentProperties,Parent,Parent,Object,R_O
DocumentProperties,Item,Item,HRESULT,R_O
DocumentProperties,Count,Count,HRESULT,R_O
DocumentProperties,_NewEnum,_New Enum,HRESULT,R_O
DocumentProperties,Application,Application,HRESULT,R_O
DocumentProperties,Creator,Creator,HRESULT,R_O
DocumentProperty,Parent,Parent,Object,R_O
DocumentProperty,Name,Name,HRESULT,V
DocumentProperty,Value,Value,HRESULT,V
DocumentProperty,Type,Type,HRESULT,V
DocumentProperty,LinkToContent,Link To Content,HRESULT,V
DocumentProperty,LinkSource,Link Source,HRESULT,V
DocumentProperty,Application,Application,HRESULT,R_O
DocumentProperty,Creator,Creator,HRESULT,R_O
EffectParameter,Application,Application,Object,R_O
EffectParameter,Creator,Creator,Long,R_O
EffectParameter,Name,Name,String,R_O
EffectParameter,Value,Value,Variant,V
EffectParameters,Application,Application,Object,R_O
EffectParameters,Creator,Creator,Long,R_O
EffectParameters,Item,Item,EffectParameter,R_O
EffectParameters,Count,Count,Long,R_O
EffectParameters,_NewEnum,_New Enum,IUnknown,R_O
FileDialog,Application,Application,Object,R_O
FileDialog,Creator,Creator,Long,R_O
FileDialog,Parent,Parent,Object,R_O
FileDialog,Filters,Filters,FileDialogFilters,R_O
FileDialog,FilterIndex,Filter Index,Long,V
FileDialog,Title,Title,String,V
FileDialog,ButtonName,Button Name,String,V
FileDialog,AllowMultiSelect,Allow Multi Select,Boolean,V
FileDialog,InitialView,Initial View,MsoFileDialogView,V
FileDialog,InitialFileName,Initial File Name,String,V
FileDialog,SelectedItems,Selected Items,FileDialogSelectedItems,R_O
FileDialog,DialogType,Dialog Type,MsoFileDialogType,R_O
FileDialog,Item,Item,String,R_O
FileDialogFilter,Application,Application,Object,R_O
FileDialogFilter,Creator,Creator,Long,R_O
FileDialogFilter,Parent,Parent,Object,R_O
FileDialogFilter,Extensions,Extensions,String,R_O
FileDialogFilter,Description,Description,String,R_O
FileDialogFilters,Application,Application,Object,R_O
FileDialogFilters,Creator,Creator,Long,R_O
FileDialogFilters,Parent,Parent,Object,R_O
FileDialogFilters,_NewEnum,_New Enum,IUnknown,R_O
FileDialogFilters,Count,Count,Long,R_O
FileDialogSelectedItems,Application,Application,Object,R_O
FileDialogSelectedItems,Creator,Creator,Long,R_O
FileDialogSelectedItems,Parent,Parent,Object,R_O
FileDialogSelectedItems,_NewEnum,_New Enum,IUnknown,R_O
FileDialogSelectedItems,Count,Count,Long,R_O
FileSearch,Application,Application,Object,R_O
FileSearch,Creator,Creator,Long,R_O
FileSearch,SearchSubFolders,Search Sub Folders,Boolean,V
FileSearch,MatchTextExactly,Match Text Exactly,Boolean,V
FileSearch,MatchAllWordForms,Match All Word Forms,Boolean,V
FileSearch,FileName,File Name,String,V
FileSearch,FileType,File Type,MsoFileType,V
FileSearch,LastModified,Last Modified,MsoLastModified,V
FileSearch,TextOrProperty,Text Or Property,String,V
FileSearch,LookIn,Look In,String,V
FileSearch,FoundFiles,Found Files,FoundFiles,R_O
FileSearch,PropertyTests,Property Tests,PropertyTests,R_O
FileSearch,SearchScopes,Search Scopes,SearchScopes,R_O
FileSearch,SearchFolders,Search Folders,SearchFolders,R_O
FileSearch,FileTypes,File Types,FileTypes,R_O
FileTypes,Application,Application,Object,R_O
FileTypes,Creator,Creator,Long,R_O
FileTypes,Item,Item,MsoFileType,R_O
FileTypes,Count,Count,Long,R_O
FileTypes,_NewEnum,_New Enum,IUnknown,R_O
FillFormat,Application,Application,Object,R_O
FillFormat,Creator,Creator,Long,R_O
FillFormat,Parent,Parent,Object,R_O
FillFormat,BackColor,Back Color,ColorFormat,V
FillFormat,ForeColor,Fore Color,ColorFormat,V
FillFormat,GradientColorType,Gradient Color Type,MsoGradientColorType,R_O
FillFormat,GradientDegree,Gradient Degree,Single,R_O
FillFormat,GradientStyle,Gradient Style,MsoGradientStyle,R_O
FillFormat,GradientVariant,Gradient Variant,Long,R_O
FillFormat,Pattern,Pattern,MsoPatternType,R_O
FillFormat,PresetGradientType,Preset Gradient Type,MsoPresetGradientType,R_O
FillFormat,PresetTexture,Preset Texture,MsoPresetTexture,R_O
FillFormat,TextureName,Texture Name,String,R_O
FillFormat,TextureType,Texture Type,MsoTextureType,R_O
FillFormat,Transparency,Transparency,Single,V
FillFormat,Type,Type,MsoFillType,R_O
FillFormat,Visible,Visible,MsoTriState,V
FillFormat,GradientStops,Gradient Stops,GradientStops,R_O
FillFormat,TextureOffsetX,Texture Offset X,Single,V
FillFormat,TextureOffsetY,Texture Offset Y,Single,V
FillFormat,TextureAlignment,Texture Alignment,MsoTextureAlignment,V
FillFormat,TextureHorizontalScale,Texture Horizontal Scale,Single,V
FillFormat,TextureVerticalScale,Texture Vertical Scale,Single,V
FillFormat,TextureTile,Texture Tile,MsoTriState,V
FillFormat,RotateWithObject,Rotate With Object,MsoTriState,V
FillFormat,PictureEffects,Picture Effects,PictureEffects,R_O
FillFormat,GradientAngle,Gradient Angle,Single,V
Font2,Application,Application,Object,R_O
Font2,Creator,Creator,Long,R_O
Font2,Parent,Parent,Object,R_O
Font2,Bold,Bold,MsoTriState,V
Font2,Italic,Italic,MsoTriState,V
Font2,Strike,Strike,MsoTextStrike,V
Font2,Caps,Caps,MsoTextCaps,V
Font2,AutorotateNumbers,Autorotate Numbers,MsoTriState,V
Font2,BaselineOffset,Baseline Offset,Single,V
Font2,Kerning,Kerning,Single,V
Font2,Size,Size,Single,V
Font2,Spacing,Spacing,Single,V
Font2,UnderlineStyle,Underline Style,MsoTextUnderlineType,V
Font2,Allcaps,Allcaps,MsoTriState,V
Font2,DoubleStrikeThrough,Double Strike Through,MsoTriState,V
Font2,Equalize,Equalize,MsoTriState,V
Font2,Fill,Fill,FillFormat,R_O
Font2,Glow,Glow,GlowFormat,R_O
Font2,Reflection,Reflection,ReflectionFormat,R_O
Font2,Line,Line,LineFormat,R_O
Font2,Shadow,Shadow,ShadowFormat,R_O
Font2,Highlight,Highlight,ColorFormat,R_O
Font2,UnderlineColor,Underline Color,ColorFormat,R_O
Font2,Smallcaps,Smallcaps,MsoTriState,V
Font2,SoftEdgeFormat,Soft Edge Format,MsoSoftEdgeType,V
Font2,StrikeThrough,Strike Through,MsoTriState,V
Font2,Subscript,Subscript,MsoTriState,V
Font2,Superscript,Superscript,MsoTriState,V
Font2,WordArtformat,Word Artformat,MsoPresetTextEffect,V
Font2,Embeddable,Embeddable,MsoTriState,R_O
Font2,Embedded,Embedded,MsoTriState,R_O
Font2,Name,Name,String,V
Font2,NameAscii,Name Ascii,String,V
Font2,NameComplexScript,Name Complex Script,String,V
Font2,NameFarEast,Name Far East,String,V
Font2,NameOther,Name Other,String,V
FoundFiles,Application,Application,Object,R_O
FoundFiles,Creator,Creator,Long,R_O
FoundFiles,Item,Item,String,R_O
FoundFiles,Count,Count,Long,R_O
FoundFiles,_NewEnum,_New Enum,IUnknown,R_O
FreeformBuilder,Application,Application,Object,R_O
FreeformBuilder,Creator,Creator,Long,R_O
FreeformBuilder,Parent,Parent,Object,R_O
FullSeriesCollection,Parent,Parent,HRESULT,R_O
FullSeriesCollection,Count,Count,HRESULT,R_O
FullSeriesCollection,Application,Application,HRESULT,R_O
FullSeriesCollection,Creator,Creator,HRESULT,R_O
FullSeriesCollection,_Default,_Default,HRESULT,R_O
GlowFormat,Application,Application,Object,R_O
GlowFormat,Creator,Creator,Long,R_O
GlowFormat,Radius,Radius,Single,V
GlowFormat,Color,Color,ColorFormat,R_O
GlowFormat,Transparency,Transparency,Single,V
GradientStop,Application,Application,Object,R_O
GradientStop,Creator,Creator,Long,R_O
GradientStop,Color,Color,ColorFormat,R_O
GradientStop,Position,Position,Single,V
GradientStop,Transparency,Transparency,Single,V
GradientStops,Application,Application,Object,R_O
GradientStops,Creator,Creator,Long,R_O
GradientStops,Item,Item,GradientStop,R_O
GradientStops,Count,Count,Long,R_O
GradientStops,_NewEnum,_New Enum,IUnknown,R_O
GridLines,Name,Name,String,R_O
GridLines,Parent,Parent,Object,R_O
GridLines,Border,Border,IMsoBorder,R_O
GridLines,Format,Format,IMsoChartFormat,R_O
GridLines,Application,Application,Object,R_O
GridLines,Creator,Creator,Long,R_O
GroupShapes,Application,Application,Object,R_O
GroupShapes,Creator,Creator,Long,R_O
GroupShapes,Parent,Parent,Object,R_O
GroupShapes,Count,Count,Long,R_O
GroupShapes,_NewEnum,_New Enum,IUnknown,R_O
HTMLProject,Application,Application,Object,R_O
HTMLProject,Creator,Creator,Long,R_O
HTMLProject,State,State,MsoHTMLProjectState,R_O
HTMLProject,HTMLProjectItems,HTML Project Items,HTMLProjectItems,R_O
HTMLProject,Parent,Parent,Object,R_O
HTMLProjectItem,Application,Application,Object,R_O
HTMLProjectItem,Creator,Creator,Long,R_O
HTMLProjectItem,Name,Name,String,R_O
HTMLProjectItem,IsOpen,Is Open,Boolean,R_O
HTMLProjectItem,Text,Text,String,V
HTMLProjectItem,Parent,Parent,Object,R_O
HTMLProjectItems,Application,Application,Object,R_O
HTMLProjectItems,Creator,Creator,Long,R_O
HTMLProjectItems,Count,Count,Long,R_O
HTMLProjectItems,Parent,Parent,Object,R_O
IFind,SearchPath,Search Path,String,V
IFind,Name,Name,String,V
IFind,SubDir,Sub Dir,Boolean,V
IFind,Title,Title,String,V
IFind,Author,Author,String,V
IFind,Keywords,Keywords,String,V
IFind,Subject,Subject,String,V
IFind,Options,Options,MsoFileFindOptions,V
IFind,MatchCase,Match Case,Boolean,V
IFind,Text,Text,String,V
IFind,PatternMatch,Pattern Match,Boolean,V
IFind,DateSavedFrom,Date Saved From,Variant,V
IFind,DateSavedTo,Date Saved To,Variant,V
IFind,SavedBy,Saved By,String,V
IFind,DateCreatedFrom,Date Created From,Variant,V
IFind,DateCreatedTo,Date Created To,Variant,V
IFind,View,View,MsoFileFindView,V
IFind,SortBy,Sort By,MsoFileFindSortBy,V
IFind,ListBy,List By,MsoFileFindListBy,V
IFind,SelectedFile,Selected File,Long,V
IFind,Results,Results,IFoundFiles,R_O
IFind,FileType,File Type,Long,V
IFoundFiles,Item,Item,String,R_O
IFoundFiles,Count,Count,Long,R_O
ILicValidator,Products,Products,Variant,R_O
ILicValidator,Selection,Selection,Long,V
ILicWizExternal,Context,Context,Long,R_O
ILicWizExternal,Validator,Validator,Object,R_O
ILicWizExternal,LicAgent,Lic Agent,Object,R_O
ILicWizExternal,CountryInfo,Country Info,String,R_O
ILicWizExternal,WizardVisible,Wizard Visible,Long,W_O
ILicWizExternal,WizardTitle,Wizard Title,String,W_O
ILicWizExternal,AnimationEnabled,Animation Enabled,Long,R_O
ILicWizExternal,CurrentHelpId,Current Help Id,Long,W_O
ILicWizExternal,OfficeOnTheWebUrl,Office On The Web Url,String,R_O
IMsoAxis,AxisBetweenCategories,Axis Between Categories,Boolean,V
IMsoAxis,AxisGroup,Axis Group,XlAxisGroup,R_O
IMsoAxis,AxisTitle,Axis Title,IMsoAxisTitle,R_O
IMsoAxis,CategoryNames,Category Names,Variant,V
IMsoAxis,Crosses,Crosses,XlAxisCrosses,V
IMsoAxis,CrossesAt,Crosses At,Double,V
IMsoAxis,HasMajorGridlines,Has Major Gridlines,Boolean,V
IMsoAxis,HasMinorGridlines,Has Minor Gridlines,Boolean,V
IMsoAxis,HasTitle,Has Title,Boolean,V
IMsoAxis,MajorGridlines,Major Gridlines,GridLines,R_O
IMsoAxis,MajorTickMark,Major Tick Mark,XlTickMark,V
IMsoAxis,MajorUnit,Major Unit,Double,V
IMsoAxis,LogBase,Log Base,Double,V
IMsoAxis,TickLabelSpacingIsAuto,Tick Label Spacing Is Auto,Boolean,V
IMsoAxis,MajorUnitIsAuto,Major Unit Is Auto,Boolean,V
IMsoAxis,MaximumScale,Maximum Scale,Double,V
IMsoAxis,MaximumScaleIsAuto,Maximum Scale Is Auto,Boolean,V
IMsoAxis,MinimumScale,Minimum Scale,Double,V
IMsoAxis,MinimumScaleIsAuto,Minimum Scale Is Auto,Boolean,V
IMsoAxis,MinorGridlines,Minor Gridlines,GridLines,R_O
IMsoAxis,MinorTickMark,Minor Tick Mark,XlTickMark,V
IMsoAxis,MinorUnit,Minor Unit,Double,V
IMsoAxis,MinorUnitIsAuto,Minor Unit Is Auto,Boolean,V
IMsoAxis,ReversePlotOrder,Reverse Plot Order,Boolean,V
IMsoAxis,ScaleType,Scale Type,XlScaleType,V
IMsoAxis,TickLabelPosition,Tick Label Position,XlTickLabelPosition,V
IMsoAxis,TickLabels,Tick Labels,IMsoTickLabels,R_O
IMsoAxis,TickLabelSpacing,Tick Label Spacing,Long,V
IMsoAxis,TickMarkSpacing,Tick Mark Spacing,Long,V
IMsoAxis,Type,Type,XlAxisType,V
IMsoAxis,BaseUnit,Base Unit,XlTimeUnit,V
IMsoAxis,BaseUnitIsAuto,Base Unit Is Auto,Boolean,V
IMsoAxis,MajorUnitScale,Major Unit Scale,XlTimeUnit,V
IMsoAxis,MinorUnitScale,Minor Unit Scale,XlTimeUnit,V
IMsoAxis,CategoryType,Category Type,XlCategoryType,V
IMsoAxis,Left,Left,Double,R_O
IMsoAxis,Top,Top,Double,R_O
IMsoAxis,Width,Width,Double,R_O
IMsoAxis,Height,Height,Double,R_O
IMsoAxis,DisplayUnit,Display Unit,XlDisplayUnit,V
IMsoAxis,DisplayUnitCustom,Display Unit Custom,Double,V
IMsoAxis,HasDisplayUnitLabel,Has Display Unit Label,Boolean,V
IMsoAxis,DisplayUnitLabel,Display Unit Label,IMsoDisplayUnitLabel,R_O
IMsoAxis,Border,Border,IMsoBorder,R_O
IMsoAxis,Name,Name,String,R_O
IMsoAxis,Format,Format,IMsoChartFormat,R_O
IMsoAxis,Application,Application,Object,R_O
IMsoAxis,Creator,Creator,Long,R_O
IMsoAxis,Parent,Parent,Object,R_O
IMsoAxis,CategorySortOrder,Category Sort Order,XlCategorySortOrder,V
IMsoAxisTitle,Caption,Caption,String,V
IMsoAxisTitle,Characters,Characters,IMsoCharacters,R_O
IMsoAxisTitle,Font,Font,ChartFont,R_O
IMsoAxisTitle,HorizontalAlignment,Horizontal Alignment,Variant,V
IMsoAxisTitle,Left,Left,Double,V
IMsoAxisTitle,Orientation,Orientation,Variant,V
IMsoAxisTitle,Shadow,Shadow,Boolean,V
IMsoAxisTitle,Text,Text,String,V
IMsoAxisTitle,Top,Top,Double,V
IMsoAxisTitle,VerticalAlignment,Vertical Alignment,Variant,V
IMsoAxisTitle,ReadingOrder,Reading Order,Long,V
IMsoAxisTitle,AutoScaleFont,Auto Scale Font,Variant,V
IMsoAxisTitle,Interior,Interior,IMsoInterior,R_O
IMsoAxisTitle,Fill,Fill,ChartFillFormat,R_O
IMsoAxisTitle,Border,Border,IMsoBorder,R_O
IMsoAxisTitle,Name,Name,String,R_O
IMsoAxisTitle,Parent,Parent,Object,R_O
IMsoAxisTitle,IncludeInLayout,Include In Layout,Boolean,V
IMsoAxisTitle,Position,Position,XlChartElementPosition,V
IMsoAxisTitle,Format,Format,IMsoChartFormat,R_O
IMsoAxisTitle,Height,Height,Double,R_O
IMsoAxisTitle,Application,Application,Object,R_O
IMsoAxisTitle,Creator,Creator,Long,R_O
IMsoAxisTitle,Width,Width,Double,R_O
IMsoAxisTitle,Formula,Formula,String,V
IMsoAxisTitle,FormulaR1C1,Formula R1 C1,String,V
IMsoAxisTitle,FormulaLocal,Formula Local,String,V
IMsoAxisTitle,FormulaR1C1Local,Formula R1 C1 Local,String,V
IMsoBorder,Color,Color,Variant,V
IMsoBorder,ColorIndex,Color Index,Variant,V
IMsoBorder,LineStyle,Line Style,Variant,V
IMsoBorder,Weight,Weight,Variant,V
IMsoBorder,Application,Application,Object,R_O
IMsoBorder,Creator,Creator,Long,R_O
IMsoBorder,Parent,Parent,Object,R_O
IMsoCategory,Parent,Parent,HRESULT,R_O
IMsoCategory,Name,Name,HRESULT,R_O
IMsoCategory,IsFiltered,Is Filtered,HRESULT,V
IMsoCharacters,Parent,Parent,Object,R_O
IMsoCharacters,Caption,Caption,String,V
IMsoCharacters,Count,Count,Long,R_O
IMsoCharacters,Font,Font,ChartFont,R_O
IMsoCharacters,Text,Text,String,V
IMsoCharacters,PhoneticCharacters,Phonetic Characters,String,V
IMsoCharacters,Application,Application,Object,R_O
IMsoCharacters,Creator,Creator,Long,R_O
IMsoChart,Parent,Parent,Object,R_O
IMsoChart,HasTitle,Has Title,Boolean,V
IMsoChart,ChartTitle,Chart Title,IMsoChartTitle,R_O
IMsoChart,DepthPercent,Depth Percent,Long,V
IMsoChart,Elevation,Elevation,Long,V
IMsoChart,GapDepth,Gap Depth,Long,V
IMsoChart,HeightPercent,Height Percent,Long,V
IMsoChart,Perspective,Perspective,Long,V
IMsoChart,RightAngleAxes,Right Angle Axes,Variant,V
IMsoChart,Rotation,Rotation,Variant,V
IMsoChart,DisplayBlanksAs,Display Blanks As,XlDisplayBlanksAs,V
IMsoChart,ChartGroups,Chart Groups,Object,R_O
IMsoChart,ChartType,Chart Type,XlChartType,V
IMsoChart,HasDataTable,Has Data Table,Boolean,V
IMsoChart,PlotBy,Plot By,XlRowCol,V
IMsoChart,HasLegend,Has Legend,Boolean,V
IMsoChart,Legend,Legend,IMsoLegend,R_O
IMsoChart,HasAxis,Has Axis,Variant,V
IMsoChart,Walls,Walls,IMsoWalls,R_O
IMsoChart,Floor,Floor,IMsoFloor,R_O
IMsoChart,PlotArea,Plot Area,IMsoPlotArea,R_O
IMsoChart,PlotVisibleOnly,Plot Visible Only,Boolean,V
IMsoChart,ChartArea,Chart Area,IMsoChartArea,R_O
IMsoChart,AutoScaling,Auto Scaling,Boolean,V
IMsoChart,DataTable,Data Table,IMsoDataTable,R_O
IMsoChart,BarShape,Bar Shape,XlBarShape,V
IMsoChart,SideWall,Side Wall,IMsoWalls,R_O
IMsoChart,BackWall,Back Wall,IMsoWalls,R_O
IMsoChart,ChartStyle,Chart Style,Variant,V
IMsoChart,PivotLayout,Pivot Layout,Object,R_O
IMsoChart,ShowDataLabelsOverMaximum,Show Data Labels Over Maximum,Boolean,V
IMsoChart,ChartData,Chart Data,IMsoChartData,R_O
IMsoChart,Format,Format,IMsoChartFormat,R_O
IMsoChart,Shapes,Shapes,Shapes,R_O
IMsoChart,Application,Application,Object,R_O
IMsoChart,Creator,Creator,Long,R_O
IMsoChart,ShowReportFilterFieldButtons,Show Report Filter Field Buttons,Boolean,V
IMsoChart,ShowLegendFieldButtons,Show Legend Field Buttons,Boolean,V
IMsoChart,ShowAxisFieldButtons,Show Axis Field Buttons,Boolean,V
IMsoChart,ShowValueFieldButtons,Show Value Field Buttons,Boolean,V
IMsoChart,ShowAllFieldButtons,Show All Field Buttons,Boolean,V
IMsoChart,CategoryLabelLevel,Category Label Level,XlCategoryLabelLevel,V
IMsoChart,SeriesNameLevel,Series Name Level,XlSeriesNameLevel,V
IMsoChart,ChartColor,Chart Color,Variant,V
IMsoChart,ShowExpandCollapseEntireFieldButtons,Show Expand Collapse Entire Field Buttons,Boolean,V
IMsoChart,DisplayValueNotAvailableAsBlank,Display Value Not Available As Blank,Boolean,V
IMsoChartArea,Name,Name,String,R_O
IMsoChartArea,Parent,Parent,Object,R_O
IMsoChartArea,Border,Border,IMsoBorder,R_O
IMsoChartArea,Font,Font,ChartFont,R_O
IMsoChartArea,Shadow,Shadow,Boolean,V
IMsoChartArea,Height,Height,Double,V
IMsoChartArea,Interior,Interior,IMsoInterior,R_O
IMsoChartArea,Fill,Fill,ChartFillFormat,R_O
IMsoChartArea,Left,Left,Double,V
IMsoChartArea,Top,Top,Double,V
IMsoChartArea,Width,Width,Double,V
IMsoChartArea,AutoScaleFont,Auto Scale Font,Variant,V
IMsoChartArea,Format,Format,IMsoChartFormat,R_O
IMsoChartArea,RoundedCorners,Rounded Corners,Boolean,V
IMsoChartArea,Application,Application,Object,R_O
IMsoChartArea,Creator,Creator,Long,R_O
IMsoChartData,Workbook,Workbook,Object,R_O
IMsoChartData,IsLinked,Is Linked,Boolean,R_O
IMsoChartFormat,Fill,Fill,FillFormat,R_O
IMsoChartFormat,Glow,Glow,GlowFormat,R_O
IMsoChartFormat,Line,Line,LineFormat,R_O
IMsoChartFormat,Parent,Parent,Object,R_O
IMsoChartFormat,PictureFormat,Picture Format,PictureFormat,R_O
IMsoChartFormat,Shadow,Shadow,ShadowFormat,R_O
IMsoChartFormat,SoftEdge,Soft Edge,SoftEdgeFormat,R_O
IMsoChartFormat,TextFrame2,Text Frame2,TextFrame2,R_O
IMsoChartFormat,ThreeD,Three D,ThreeDFormat,R_O
IMsoChartFormat,Application,Application,Object,R_O
IMsoChartFormat,Creator,Creator,Long,R_O
IMsoChartFormat,Adjustments,Adjustments,Adjustments,R_O
IMsoChartFormat,AutoShapeType,Auto Shape Type,MsoAutoShapeType,V
IMsoChartGroup,AxisGroup,Axis Group,Long,V
IMsoChartGroup,DoughnutHoleSize,Doughnut Hole Size,Long,V
IMsoChartGroup,DownBars,Down Bars,IMsoDownBars,R_O
IMsoChartGroup,DropLines,Drop Lines,IMsoDropLines,R_O
IMsoChartGroup,FirstSliceAngle,First Slice Angle,Long,V
IMsoChartGroup,GapWidth,Gap Width,Long,V
IMsoChartGroup,HasDropLines,Has Drop Lines,Boolean,V
IMsoChartGroup,HasHiLoLines,Has Hi Lo Lines,Boolean,V
IMsoChartGroup,HasRadarAxisLabels,Has Radar Axis Labels,Boolean,V
IMsoChartGroup,HasSeriesLines,Has Series Lines,Boolean,V
IMsoChartGroup,HasUpDownBars,Has Up Down Bars,Boolean,V
IMsoChartGroup,HiLoLines,Hi Lo Lines,IMsoHiLoLines,R_O
IMsoChartGroup,Index,Index,Long,R_O
IMsoChartGroup,Overlap,Overlap,Long,V
IMsoChartGroup,RadarAxisLabels,Radar Axis Labels,Object,R_O
IMsoChartGroup,SeriesLines,Series Lines,IMsoSeriesLines,R_O
IMsoChartGroup,UpBars,Up Bars,IMsoUpBars,R_O
IMsoChartGroup,VaryByCategories,Vary By Categories,Boolean,V
IMsoChartGroup,SizeRepresents,Size Represents,XlSizeRepresents,V
IMsoChartGroup,BubbleScale,Bubble Scale,Long,V
IMsoChartGroup,ShowNegativeBubbles,Show Negative Bubbles,Boolean,V
IMsoChartGroup,SplitType,Split Type,XlChartSplitType,V
IMsoChartGroup,SplitValue,Split Value,Variant,V
IMsoChartGroup,SecondPlotSize,Second Plot Size,Long,V
IMsoChartGroup,Has3DShading,Has3 D Shading,Boolean,V
IMsoChartGroup,Application,Application,Object,R_O
IMsoChartGroup,Creator,Creator,Long,R_O
IMsoChartGroup,Parent,Parent,Object,R_O
IMsoChartGroup,BinsType,Bins Type,XlBinsType,V
IMsoChartGroup,BinWidthValue,Bin Width Value,Double,V
IMsoChartGroup,BinsCountValue,Bins Count Value,Long,V
IMsoChartGroup,BinsOverflowEnabled,Bins Overflow Enabled,Boolean,V
IMsoChartGroup,BinsOverflowValue,Bins Overflow Value,Double,V
IMsoChartGroup,BinsUnderflowEnabled,Bins Underflow Enabled,Boolean,V
IMsoChartGroup,BinsUnderflowValue,Bins Underflow Value,Double,V
IMsoChartTitle,Caption,Caption,String,V
IMsoChartTitle,Characters,Characters,IMsoCharacters,R_O
IMsoChartTitle,Font,Font,ChartFont,R_O
IMsoChartTitle,HorizontalAlignment,Horizontal Alignment,Variant,V
IMsoChartTitle,Left,Left,Double,V
IMsoChartTitle,Orientation,Orientation,Variant,V
IMsoChartTitle,Shadow,Shadow,Boolean,V
IMsoChartTitle,Text,Text,String,V
IMsoChartTitle,Top,Top,Double,V
IMsoChartTitle,VerticalAlignment,Vertical Alignment,Variant,V
IMsoChartTitle,ReadingOrder,Reading Order,Long,V
IMsoChartTitle,AutoScaleFont,Auto Scale Font,Variant,V
IMsoChartTitle,Interior,Interior,IMsoInterior,R_O
IMsoChartTitle,Fill,Fill,ChartFillFormat,R_O
IMsoChartTitle,Border,Border,IMsoBorder,R_O
IMsoChartTitle,Name,Name,String,R_O
IMsoChartTitle,Parent,Parent,Object,R_O
IMsoChartTitle,IncludeInLayout,Include In Layout,Boolean,V
IMsoChartTitle,Position,Position,XlChartElementPosition,V
IMsoChartTitle,Format,Format,IMsoChartFormat,R_O
IMsoChartTitle,Height,Height,Double,R_O
IMsoChartTitle,Application,Application,Object,R_O
IMsoChartTitle,Creator,Creator,Long,R_O
IMsoChartTitle,Width,Width,Double,R_O
IMsoChartTitle,Formula,Formula,String,V
IMsoChartTitle,FormulaR1C1,Formula R1 C1,String,V
IMsoChartTitle,FormulaLocal,Formula Local,String,V
IMsoChartTitle,FormulaR1C1Local,Formula R1 C1 Local,String,V
IMsoContactCard,Application,Application,Object,R_O
IMsoContactCard,Creator,Creator,Long,R_O
IMsoContactCard,Address,Address,String,R_O
IMsoContactCard,AddressType,Address Type,MsoContactCardAddressType,R_O
IMsoContactCard,CardType,Card Type,MsoContactCardType,R_O
IMsoContactCard,Parent,Parent,Object,R_O
IMsoCorners,Parent,Parent,Object,R_O
IMsoCorners,Name,Name,String,R_O
IMsoCorners,Application,Application,Object,R_O
IMsoCorners,Creator,Creator,Long,R_O
IMsoDataLabel,Parent,Parent,HRESULT,R_O
IMsoDataLabel,Name,Name,HRESULT,R_O
IMsoDataLabel,Border,Border,HRESULT,R_O
IMsoDataLabel,Interior,Interior,HRESULT,R_O
IMsoDataLabel,Fill,Fill,HRESULT,R_O
IMsoDataLabel,Caption,Caption,HRESULT,V
IMsoDataLabel,Characters,Characters,HRESULT,R_O
IMsoDataLabel,Font,Font,HRESULT,R_O
IMsoDataLabel,HorizontalAlignment,Horizontal Alignment,HRESULT,V
IMsoDataLabel,Left,Left,HRESULT,V
IMsoDataLabel,Orientation,Orientation,HRESULT,V
IMsoDataLabel,Shadow,Shadow,HRESULT,V
IMsoDataLabel,Text,Text,HRESULT,V
IMsoDataLabel,Top,Top,HRESULT,V
IMsoDataLabel,VerticalAlignment,Vertical Alignment,HRESULT,V
IMsoDataLabel,ReadingOrder,Reading Order,HRESULT,V
IMsoDataLabel,AutoScaleFont,Auto Scale Font,HRESULT,V
IMsoDataLabel,AutoText,Auto Text,HRESULT,V
IMsoDataLabel,NumberFormat,Number Format,HRESULT,V
IMsoDataLabel,NumberFormatLinked,Number Format Linked,HRESULT,V
IMsoDataLabel,NumberFormatLocal,Number Format Local,HRESULT,V
IMsoDataLabel,ShowLegendKey,Show Legend Key,HRESULT,V
IMsoDataLabel,Type,Type,HRESULT,V
IMsoDataLabel,Position,Position,HRESULT,V
IMsoDataLabel,ShowSeriesName,Show Series Name,HRESULT,V
IMsoDataLabel,ShowCategoryName,Show Category Name,HRESULT,V
IMsoDataLabel,ShowValue,Show Value,HRESULT,V
IMsoDataLabel,ShowPercentage,Show Percentage,HRESULT,V
IMsoDataLabel,ShowBubbleSize,Show Bubble Size,HRESULT,V
IMsoDataLabel,Separator,Separator,HRESULT,V
IMsoDataLabel,Format,Format,HRESULT,R_O
IMsoDataLabel,Application,Application,HRESULT,R_O
IMsoDataLabel,Creator,Creator,HRESULT,R_O
IMsoDataLabel,Formula,Formula,HRESULT,V
IMsoDataLabel,FormulaR1C1,Formula R1 C1,HRESULT,V
IMsoDataLabel,FormulaLocal,Formula Local,HRESULT,V
IMsoDataLabel,FormulaR1C1Local,Formula R1 C1 Local,HRESULT,V
IMsoDataLabel,ShowRange,Show Range,HRESULT,V
IMsoDataLabel,Height,Height,HRESULT,V
IMsoDataLabel,Width,Width,HRESULT,V
IMsoDataLabels,Parent,Parent,HRESULT,R_O
IMsoDataLabels,Name,Name,HRESULT,R_O
IMsoDataLabels,Border,Border,HRESULT,R_O
IMsoDataLabels,Interior,Interior,HRESULT,R_O
IMsoDataLabels,Fill,Fill,HRESULT,R_O
IMsoDataLabels,Characters,Characters,HRESULT,R_O
IMsoDataLabels,Font,Font,HRESULT,R_O
IMsoDataLabels,HorizontalAlignment,Horizontal Alignment,HRESULT,V
IMsoDataLabels,Orientation,Orientation,HRESULT,V
IMsoDataLabels,Shadow,Shadow,HRESULT,V
IMsoDataLabels,VerticalAlignment,Vertical Alignment,HRESULT,V
IMsoDataLabels,ReadingOrder,Reading Order,HRESULT,V
IMsoDataLabels,AutoScaleFont,Auto Scale Font,HRESULT,V
IMsoDataLabels,AutoText,Auto Text,HRESULT,V
IMsoDataLabels,NumberFormat,Number Format,HRESULT,V
IMsoDataLabels,NumberFormatLinked,Number Format Linked,HRESULT,V
IMsoDataLabels,NumberFormatLocal,Number Format Local,HRESULT,V
IMsoDataLabels,ShowLegendKey,Show Legend Key,HRESULT,V
IMsoDataLabels,Type,Type,HRESULT,V
IMsoDataLabels,Position,Position,HRESULT,V
IMsoDataLabels,ShowSeriesName,Show Series Name,HRESULT,V
IMsoDataLabels,ShowCategoryName,Show Category Name,HRESULT,V
IMsoDataLabels,ShowValue,Show Value,HRESULT,V
IMsoDataLabels,ShowPercentage,Show Percentage,HRESULT,V
IMsoDataLabels,ShowBubbleSize,Show Bubble Size,HRESULT,V
IMsoDataLabels,Separator,Separator,HRESULT,V
IMsoDataLabels,Count,Count,HRESULT,R_O
IMsoDataLabels,Format,Format,HRESULT,R_O
IMsoDataLabels,Application,Application,HRESULT,R_O
IMsoDataLabels,Creator,Creator,HRESULT,R_O
IMsoDataLabels,_Default,_Default,HRESULT,R_O
IMsoDataLabels,ShowRange,Show Range,HRESULT,V
IMsoDataTable,ShowLegendKey,Show Legend Key,Boolean,V
IMsoDataTable,HasBorderHorizontal,Has Border Horizontal,Boolean,V
IMsoDataTable,HasBorderVertical,Has Border Vertical,Boolean,V
IMsoDataTable,HasBorderOutline,Has Border Outline,Boolean,V
IMsoDataTable,Border,Border,IMsoBorder,R_O
IMsoDataTable,Font,Font,ChartFont,R_O
IMsoDataTable,Parent,Parent,Object,R_O
IMsoDataTable,AutoScaleFont,Auto Scale Font,Variant,V
IMsoDataTable,Format,Format,IMsoChartFormat,R_O
IMsoDataTable,Application,Application,Object,R_O
IMsoDataTable,Creator,Creator,Long,R_O
IMsoDiagram,Application,Application,Object,R_O
IMsoDiagram,Creator,Creator,Long,R_O
IMsoDiagram,Parent,Parent,Object,R_O
IMsoDiagram,Nodes,Nodes,DiagramNodes,R_O
IMsoDiagram,Type,Type,MsoDiagramType,R_O
IMsoDiagram,AutoLayout,Auto Layout,MsoTriState,V
IMsoDiagram,Reverse,Reverse,MsoTriState,V
IMsoDiagram,AutoFormat,Auto Format,MsoTriState,V
IMsoDisplayUnitLabel,Caption,Caption,String,V
IMsoDisplayUnitLabel,Characters,Characters,IMsoCharacters,R_O
IMsoDisplayUnitLabel,Font,Font,ChartFont,R_O
IMsoDisplayUnitLabel,HorizontalAlignment,Horizontal Alignment,Variant,V
IMsoDisplayUnitLabel,Left,Left,Double,V
IMsoDisplayUnitLabel,Orientation,Orientation,Variant,V
IMsoDisplayUnitLabel,Shadow,Shadow,Boolean,V
IMsoDisplayUnitLabel,Text,Text,String,V
IMsoDisplayUnitLabel,Top,Top,Double,V
IMsoDisplayUnitLabel,VerticalAlignment,Vertical Alignment,Variant,V
IMsoDisplayUnitLabel,ReadingOrder,Reading Order,Long,V
IMsoDisplayUnitLabel,AutoScaleFont,Auto Scale Font,Variant,V
IMsoDisplayUnitLabel,Interior,Interior,IMsoInterior,R_O
IMsoDisplayUnitLabel,Fill,Fill,ChartFillFormat,R_O
IMsoDisplayUnitLabel,Border,Border,IMsoBorder,R_O
IMsoDisplayUnitLabel,Name,Name,String,R_O
IMsoDisplayUnitLabel,Parent,Parent,Object,R_O
IMsoDisplayUnitLabel,IncludeInLayout,Include In Layout,Boolean,V
IMsoDisplayUnitLabel,Position,Position,XlChartElementPosition,V
IMsoDisplayUnitLabel,Format,Format,IMsoChartFormat,R_O
IMsoDisplayUnitLabel,Height,Height,Double,R_O
IMsoDisplayUnitLabel,Application,Application,Object,R_O
IMsoDisplayUnitLabel,Creator,Creator,Long,R_O
IMsoDisplayUnitLabel,Width,Width,Double,R_O
IMsoDisplayUnitLabel,Formula,Formula,String,V
IMsoDisplayUnitLabel,FormulaR1C1,Formula R1 C1,String,V
IMsoDisplayUnitLabel,FormulaLocal,Formula Local,String,V
IMsoDisplayUnitLabel,FormulaR1C1Local,Formula R1 C1 Local,String,V
IMsoDispObj,Application,Application,Object,R_O
IMsoDispObj,Creator,Creator,Long,R_O
IMsoDownBars,Name,Name,String,R_O
IMsoDownBars,Parent,Parent,Object,R_O
IMsoDownBars,Border,Border,IMsoBorder,R_O
IMsoDownBars,Interior,Interior,IMsoInterior,R_O
IMsoDownBars,Fill,Fill,ChartFillFormat,R_O
IMsoDownBars,Format,Format,IMsoChartFormat,R_O
IMsoDownBars,Application,Application,Object,R_O
IMsoDownBars,Creator,Creator,Long,R_O
IMsoDropLines,Name,Name,String,R_O
IMsoDropLines,Parent,Parent,Object,R_O
IMsoDropLines,Border,Border,IMsoBorder,R_O
IMsoDropLines,Format,Format,IMsoChartFormat,R_O
IMsoDropLines,Application,Application,Object,R_O
IMsoDropLines,Creator,Creator,Long,R_O
IMsoEnvelopeVB,Introduction,Introduction,String,V
IMsoEnvelopeVB,Item,Item,Object,R_O
IMsoEnvelopeVB,Parent,Parent,Object,R_O
IMsoEnvelopeVB,CommandBars,Command Bars,Object,R_O
IMsoErrorBars,Parent,Parent,HRESULT,R_O
IMsoErrorBars,Name,Name,HRESULT,R_O
IMsoErrorBars,Border,Border,HRESULT,R_O
IMsoErrorBars,EndStyle,End Style,HRESULT,V
IMsoErrorBars,Format,Format,HRESULT,R_O
IMsoErrorBars,Application,Application,HRESULT,R_O
IMsoErrorBars,Creator,Creator,HRESULT,R_O
IMsoEServicesDialog,ApplicationName,Application Name,String,R_O
IMsoEServicesDialog,Application,Application,Object,R_O
IMsoEServicesDialog,WebComponent,Web Component,Object,R_O
IMsoEServicesDialog,ClipArt,Clip Art,Object,R_O
IMsoFloor,Name,Name,String,R_O
IMsoFloor,Parent,Parent,Object,R_O
IMsoFloor,Border,Border,IMsoBorder,R_O
IMsoFloor,Interior,Interior,IMsoInterior,R_O
IMsoFloor,Fill,Fill,ChartFillFormat,R_O
IMsoFloor,PictureType,Picture Type,Variant,V
IMsoFloor,Thickness,Thickness,Long,V
IMsoFloor,Format,Format,IMsoChartFormat,R_O
IMsoFloor,Application,Application,Object,R_O
IMsoFloor,Creator,Creator,Long,R_O
IMsoHiLoLines,Parent,Parent,Object,R_O
IMsoHiLoLines,Name,Name,String,R_O
IMsoHiLoLines,Border,Border,IMsoBorder,R_O
IMsoHiLoLines,Format,Format,IMsoChartFormat,R_O
IMsoHiLoLines,Application,Application,Object,R_O
IMsoHiLoLines,Creator,Creator,Long,R_O
IMsoInterior,Color,Color,Variant,V
IMsoInterior,ColorIndex,Color Index,Variant,V
IMsoInterior,InvertIfNegative,Invert If Negative,Variant,V
IMsoInterior,Pattern,Pattern,Variant,V
IMsoInterior,PatternColor,Pattern Color,Variant,V
IMsoInterior,PatternColorIndex,Pattern Color Index,Variant,V
IMsoInterior,Application,Application,Object,R_O
IMsoInterior,Creator,Creator,Long,R_O
IMsoInterior,Parent,Parent,Object,R_O
IMsoLeaderLines,Border,Border,IMsoBorder,R_O
IMsoLeaderLines,Format,Format,IMsoChartFormat,R_O
IMsoLeaderLines,Application,Application,Object,R_O
IMsoLeaderLines,Creator,Creator,Long,R_O
IMsoLeaderLines,Parent,Parent,Object,R_O
IMsoLegend,Parent,Parent,Object,R_O
IMsoLegend,Name,Name,String,R_O
IMsoLegend,Border,Border,IMsoBorder,R_O
IMsoLegend,Font,Font,ChartFont,R_O
IMsoLegend,Position,Position,XlLegendPosition,V
IMsoLegend,Shadow,Shadow,Boolean,V
IMsoLegend,Height,Height,Double,V
IMsoLegend,Interior,Interior,IMsoInterior,R_O
IMsoLegend,Fill,Fill,ChartFillFormat,R_O
IMsoLegend,Left,Left,Double,V
IMsoLegend,Top,Top,Double,V
IMsoLegend,Width,Width,Double,V
IMsoLegend,AutoScaleFont,Auto Scale Font,Variant,V
IMsoLegend,IncludeInLayout,Include In Layout,Boolean,V
IMsoLegend,Format,Format,IMsoChartFormat,R_O
IMsoLegend,Application,Application,Object,R_O
IMsoLegend,Creator,Creator,Long,R_O
IMsoLegendKey,Parent,Parent,HRESULT,R_O
IMsoLegendKey,Border,Border,HRESULT,R_O
IMsoLegendKey,Interior,Interior,HRESULT,R_O
IMsoLegendKey,Fill,Fill,HRESULT,R_O
IMsoLegendKey,InvertIfNegative,Invert If Negative,HRESULT,V
IMsoLegendKey,MarkerBackgroundColor,Marker Background Color,HRESULT,V
IMsoLegendKey,MarkerBackgroundColorIndex,Marker Background Color Index,HRESULT,V
IMsoLegendKey,MarkerForegroundColor,Marker Foreground Color,HRESULT,V
IMsoLegendKey,MarkerForegroundColorIndex,Marker Foreground Color Index,HRESULT,V
IMsoLegendKey,MarkerSize,Marker Size,HRESULT,V
IMsoLegendKey,MarkerStyle,Marker Style,HRESULT,V
IMsoLegendKey,PictureType,Picture Type,HRESULT,V
IMsoLegendKey,PictureUnit,Picture Unit,HRESULT,V
IMsoLegendKey,Smooth,Smooth,HRESULT,V
IMsoLegendKey,Left,Left,HRESULT,R_O
IMsoLegendKey,Top,Top,HRESULT,R_O
IMsoLegendKey,Width,Width,HRESULT,R_O
IMsoLegendKey,Height,Height,HRESULT,R_O
IMsoLegendKey,Shadow,Shadow,HRESULT,V
IMsoLegendKey,Format,Format,HRESULT,R_O
IMsoLegendKey,Application,Application,HRESULT,R_O
IMsoLegendKey,Creator,Creator,HRESULT,R_O
IMsoLegendKey,PictureUnit2,Picture Unit2,HRESULT,V
IMsoOleAccDispObj,Application,Application,Object,R_O
IMsoOleAccDispObj,Creator,Creator,Long,R_O
IMsoPlotArea,Name,Name,String,R_O
IMsoPlotArea,Parent,Parent,Object,R_O
IMsoPlotArea,Border,Border,IMsoBorder,R_O
IMsoPlotArea,Height,Height,Double,V
IMsoPlotArea,Interior,Interior,IMsoInterior,R_O
IMsoPlotArea,Fill,Fill,ChartFillFormat,R_O
IMsoPlotArea,Left,Left,Double,V
IMsoPlotArea,Top,Top,Double,V
IMsoPlotArea,Width,Width,Double,V
IMsoPlotArea,InsideLeft,Inside Left,Double,V
IMsoPlotArea,InsideTop,Inside Top,Double,V
IMsoPlotArea,InsideWidth,Inside Width,Double,V
IMsoPlotArea,InsideHeight,Inside Height,Double,V
IMsoPlotArea,Position,Position,XlChartElementPosition,V
IMsoPlotArea,Format,Format,IMsoChartFormat,R_O
IMsoPlotArea,Application,Application,Object,R_O
IMsoPlotArea,Creator,Creator,Long,R_O
IMsoSeries,Parent,Parent,HRESULT,R_O
IMsoSeries,AxisGroup,Axis Group,HRESULT,V
IMsoSeries,Border,Border,HRESULT,R_O
IMsoSeries,ErrorBars,Error Bars,HRESULT,R_O
IMsoSeries,Explosion,Explosion,HRESULT,V
IMsoSeries,Formula,Formula,HRESULT,V
IMsoSeries,FormulaLocal,Formula Local,HRESULT,V
IMsoSeries,FormulaR1C1,Formula R1 C1,HRESULT,V
IMsoSeries,FormulaR1C1Local,Formula R1 C1 Local,HRESULT,V
IMsoSeries,HasDataLabels,Has Data Labels,HRESULT,V
IMsoSeries,HasErrorBars,Has Error Bars,HRESULT,V
IMsoSeries,Interior,Interior,HRESULT,R_O
IMsoSeries,Fill,Fill,HRESULT,R_O
IMsoSeries,InvertIfNegative,Invert If Negative,HRESULT,V
IMsoSeries,MarkerBackgroundColor,Marker Background Color,HRESULT,V
IMsoSeries,MarkerBackgroundColorIndex,Marker Background Color Index,HRESULT,V
IMsoSeries,MarkerForegroundColor,Marker Foreground Color,HRESULT,V
IMsoSeries,MarkerForegroundColorIndex,Marker Foreground Color Index,HRESULT,V
IMsoSeries,MarkerSize,Marker Size,HRESULT,V
IMsoSeries,MarkerStyle,Marker Style,HRESULT,V
IMsoSeries,Name,Name,HRESULT,V
IMsoSeries,PictureType,Picture Type,HRESULT,V
IMsoSeries,PictureUnit,Picture Unit,HRESULT,V
IMsoSeries,PlotOrder,Plot Order,HRESULT,V
IMsoSeries,Smooth,Smooth,HRESULT,V
IMsoSeries,Type,Type,HRESULT,V
IMsoSeries,ChartType,Chart Type,HRESULT,V
IMsoSeries,Values,Values,HRESULT,V
IMsoSeries,XValues,X Values,HRESULT,V
IMsoSeries,BubbleSizes,Bubble Sizes,HRESULT,V
IMsoSeries,BarShape,Bar Shape,HRESULT,V
IMsoSeries,ApplyPictToSides,Apply Pict To Sides,HRESULT,V
IMsoSeries,ApplyPictToFront,Apply Pict To Front,HRESULT,V
IMsoSeries,ApplyPictToEnd,Apply Pict To End,HRESULT,V
IMsoSeries,Has3DEffect,Has3 D Effect,HRESULT,V
IMsoSeries,Shadow,Shadow,HRESULT,V
IMsoSeries,HasLeaderLines,Has Leader Lines,HRESULT,V
IMsoSeries,LeaderLines,Leader Lines,HRESULT,R_O
IMsoSeries,Format,Format,HRESULT,R_O
IMsoSeries,Application,Application,HRESULT,R_O
IMsoSeries,Creator,Creator,HRESULT,R_O
IMsoSeries,PictureUnit2,Picture Unit2,HRESULT,V
IMsoSeries,PlotColorIndex,Plot Color Index,HRESULT,R_O
IMsoSeries,InvertColor,Invert Color,HRESULT,V
IMsoSeries,InvertColorIndex,Invert Color Index,HRESULT,V
IMsoSeries,IsFiltered,Is Filtered,HRESULT,V
IMsoSeries,ParentDataLabelOption,Parent Data Label Option,HRESULT,V
IMsoSeries,QuartileCalculationInclusiveMedian,Quartile Calculation Inclusive Median,HRESULT,V
IMsoSeries,ValueSortOrder,Value Sort Order,HRESULT,V
IMsoSeries,GeoProjectionType,Geo Projection Type,HRESULT,V
IMsoSeries,GeoMappingLevel,Geo Mapping Level,HRESULT,V
IMsoSeries,RegionLabelOption,Region Label Option,HRESULT,V
IMsoSeries,SeriesColorGradientStyle,Series Color Gradient Style,HRESULT,V
IMsoSeries,SeriesColorMinGradientStop,Series Color Min Gradient Stop,HRESULT,R_O
IMsoSeries,SeriesColorMidGradientStop,Series Color Mid Gradient Stop,HRESULT,R_O
IMsoSeries,SeriesColorMaxGradientStop,Series Color Max Gradient Stop,HRESULT,R_O
IMsoSeriesLines,Name,Name,String,R_O
IMsoSeriesLines,Parent,Parent,Object,R_O
IMsoSeriesLines,Border,Border,IMsoBorder,R_O
IMsoSeriesLines,Format,Format,IMsoChartFormat,R_O
IMsoSeriesLines,Application,Application,Object,R_O
IMsoSeriesLines,Creator,Creator,Long,R_O
IMsoTickLabels,Parent,Parent,Object,R_O
IMsoTickLabels,Font,Font,ChartFont,R_O
IMsoTickLabels,Name,Name,String,R_O
IMsoTickLabels,NumberFormat,Number Format,String,V
IMsoTickLabels,NumberFormatLinked,Number Format Linked,Boolean,V
IMsoTickLabels,NumberFormatLocal,Number Format Local,Variant,V
IMsoTickLabels,Orientation,Orientation,XlTickLabelOrientation,V
IMsoTickLabels,ReadingOrder,Reading Order,Long,V
IMsoTickLabels,AutoScaleFont,Auto Scale Font,Variant,V
IMsoTickLabels,Depth,Depth,Long,R_O
IMsoTickLabels,Offset,Offset,Long,V
IMsoTickLabels,Alignment,Alignment,Long,V
IMsoTickLabels,MultiLevel,Multi Level,Boolean,V
IMsoTickLabels,Format,Format,IMsoChartFormat,R_O
IMsoTickLabels,Application,Application,Object,R_O
IMsoTickLabels,Creator,Creator,Long,R_O
IMsoTrendline,Parent,Parent,HRESULT,R_O
IMsoTrendline,Backward,Backward,HRESULT,V
IMsoTrendline,Border,Border,HRESULT,R_O
IMsoTrendline,DataLabel,Data Label,HRESULT,R_O
IMsoTrendline,DisplayEquation,Display Equation,HRESULT,V
IMsoTrendline,DisplayRSquared,Display R Squared,HRESULT,V
IMsoTrendline,Forward,Forward,HRESULT,V
IMsoTrendline,Index,Index,HRESULT,R_O
IMsoTrendline,Intercept,Intercept,HRESULT,V
IMsoTrendline,InterceptIsAuto,Intercept Is Auto,HRESULT,V
IMsoTrendline,Name,Name,HRESULT,V
IMsoTrendline,NameIsAuto,Name Is Auto,HRESULT,V
IMsoTrendline,Order,Order,HRESULT,V
IMsoTrendline,Period,Period,HRESULT,V
IMsoTrendline,Type,Type,HRESULT,V
IMsoTrendline,Format,Format,HRESULT,R_O
IMsoTrendline,Application,Application,HRESULT,R_O
IMsoTrendline,Creator,Creator,HRESULT,R_O
IMsoTrendline,Backward2,Backward2,HRESULT,V
IMsoTrendline,Forward2,Forward2,HRESULT,V
IMsoUpBars,Name,Name,String,R_O
IMsoUpBars,Parent,Parent,Object,R_O
IMsoUpBars,Border,Border,IMsoBorder,R_O
IMsoUpBars,Interior,Interior,IMsoInterior,R_O
IMsoUpBars,Fill,Fill,ChartFillFormat,R_O
IMsoUpBars,Format,Format,IMsoChartFormat,R_O
IMsoUpBars,Application,Application,Object,R_O
IMsoUpBars,Creator,Creator,Long,R_O
IMsoWalls,Name,Name,String,R_O
IMsoWalls,Parent,Parent,Object,R_O
IMsoWalls,Border,Border,IMsoBorder,R_O
IMsoWalls,Interior,Interior,IMsoInterior,R_O
IMsoWalls,Fill,Fill,ChartFillFormat,R_O
IMsoWalls,PictureType,Picture Type,Variant,V
IMsoWalls,PictureUnit,Picture Unit,Variant,V
IMsoWalls,Thickness,Thickness,Long,V
IMsoWalls,Format,Format,IMsoChartFormat,R_O
IMsoWalls,Application,Application,Object,R_O
IMsoWalls,Creator,Creator,Long,R_O
IRibbonControl,Id,Id,String,R_O
IRibbonControl,Context,Context,Object,R_O
IRibbonControl,Tag,Tag,String,R_O
ISensitivityLabel,Application,Application,Object,R_O
ISensitivityLabel,Creator,Creator,Long,R_O
ISensitivityLabel,Parent,Parent,Object,R_O
LabelInfo,Application,Application,Object,R_O
LabelInfo,Creator,Creator,Long,R_O
LabelInfo,LabelId,Label Id,String,V
LabelInfo,LabelName,Label Name,String,V
LabelInfo,AssignmentMethod,Assignment Method,MsoAssignmentMethod,V
LabelInfo,Justification,Justification,String,V
LabelInfo,IsEnabled,Is Enabled,Boolean,V
LabelInfo,SetDate,Set Date,String,V
LabelInfo,SiteId,Site Id,String,V
LabelInfo,ActionId,Action Id,String,V
LabelInfo,ContentBits,Content Bits,Long,V
LanguageSettings,Application,Application,Object,R_O
LanguageSettings,Creator,Creator,Long,R_O
LanguageSettings,LanguageID,Language ID,Long,R_O
LanguageSettings,LanguagePreferredForEditing,Language Preferred For Editing,Boolean,R_O
LanguageSettings,Parent,Parent,Object,R_O
LegendEntries,Parent,Parent,HRESULT,R_O
LegendEntries,Count,Count,HRESULT,R_O
LegendEntries,Application,Application,HRESULT,R_O
LegendEntries,Creator,Creator,HRESULT,R_O
LegendEntries,_Default,_Default,HRESULT,R_O
LegendEntry,Parent,Parent,HRESULT,R_O
LegendEntry,Font,Font,HRESULT,R_O
LegendEntry,Index,Index,HRESULT,R_O
LegendEntry,LegendKey,Legend Key,HRESULT,R_O
LegendEntry,AutoScaleFont,Auto Scale Font,HRESULT,V
LegendEntry,Left,Left,HRESULT,R_O
LegendEntry,Top,Top,HRESULT,R_O
LegendEntry,Width,Width,HRESULT,R_O
LegendEntry,Height,Height,HRESULT,R_O
LegendEntry,Format,Format,HRESULT,R_O
LegendEntry,Application,Application,HRESULT,R_O
LegendEntry,Creator,Creator,HRESULT,R_O
LineFormat,Application,Application,Object,R_O
LineFormat,Creator,Creator,Long,R_O
LineFormat,Parent,Parent,Object,R_O
LineFormat,BackColor,Back Color,ColorFormat,V
LineFormat,BeginArrowheadLength,Begin Arrowhead Length,MsoArrowheadLength,V
LineFormat,BeginArrowheadStyle,Begin Arrowhead Style,MsoArrowheadStyle,V
LineFormat,BeginArrowheadWidth,Begin Arrowhead Width,MsoArrowheadWidth,V
LineFormat,DashStyle,Dash Style,MsoLineDashStyle,V
LineFormat,EndArrowheadLength,End Arrowhead Length,MsoArrowheadLength,V
LineFormat,EndArrowheadStyle,End Arrowhead Style,MsoArrowheadStyle,V
LineFormat,EndArrowheadWidth,End Arrowhead Width,MsoArrowheadWidth,V
LineFormat,ForeColor,Fore Color,ColorFormat,V
LineFormat,Pattern,Pattern,MsoPatternType,V
LineFormat,Style,Style,MsoLineStyle,V
LineFormat,Transparency,Transparency,Single,V
LineFormat,Visible,Visible,MsoTriState,V
LineFormat,Weight,Weight,Single,V
LineFormat,InsetPen,Inset Pen,MsoTriState,V
MetaProperties,Application,Application,Object,R_O
MetaProperties,Creator,Creator,Long,R_O
MetaProperties,Item,Item,MetaProperty,R_O
MetaProperties,Count,Count,Long,R_O
MetaProperties,Parent,Parent,Object,R_O
MetaProperties,SchemaXml,Schema Xml,String,R_O
MetaProperties,_NewEnum,_New Enum,IUnknown,R_O
MetaProperty,Application,Application,Object,R_O
MetaProperty,Creator,Creator,Long,R_O
MetaProperty,Value,Value,Variant,V
MetaProperty,Name,Name,String,R_O
MetaProperty,Id,Id,String,R_O
MetaProperty,IsReadOnly,Is Read Only,Boolean,R_O
MetaProperty,IsRequired,Is Required,Boolean,R_O
MetaProperty,Type,Type,MsoMetaPropertyType,R_O
MetaProperty,Parent,Parent,Object,R_O
Model3DFormat,Application,Application,Object,R_O
Model3DFormat,Creator,Creator,Long,R_O
Model3DFormat,Parent,Parent,Object,R_O
Model3DFormat,AutoFit,Auto Fit,MsoTriState,V
Model3DFormat,RotationX,Rotation X,Single,V
Model3DFormat,RotationY,Rotation Y,Single,V
Model3DFormat,RotationZ,Rotation Z,Single,V
Model3DFormat,FieldOfView,Field Of View,Single,V
Model3DFormat,CameraPositionX,Camera Position X,Single,V
Model3DFormat,CameraPositionY,Camera Position Y,Single,V
Model3DFormat,CameraPositionZ,Camera Position Z,Single,V
Model3DFormat,LookAtPointX,Look At Point X,Single,V
Model3DFormat,LookAtPointY,Look At Point Y,Single,V
Model3DFormat,LookAtPointZ,Look At Point Z,Single,V
MsoDebugOptions,Application,Application,Object,R_O
MsoDebugOptions,Creator,Creator,Long,R_O
MsoDebugOptions,OutputToDebugger,Output To Debugger,Boolean,V
MsoDebugOptions,OutputToFile,Output To File,Boolean,V
MsoDebugOptions,OutputToMessageBox,Output To Message Box,Boolean,V
MsoDebugOptions,UnitTestManager,Unit Test Manager,IUnknown,R_O
MsoDebugOptions_UT,Application,Application,Object,R_O
MsoDebugOptions_UT,Creator,Creator,Long,R_O
MsoDebugOptions_UT,Name,Name,String,R_O
MsoDebugOptions_UT,CollectionName,Collection Name,String,R_O
MsoDebugOptions_UTManager,Application,Application,Object,R_O
MsoDebugOptions_UTManager,Creator,Creator,Long,R_O
MsoDebugOptions_UTManager,UnitTests,Unit Tests,MsoDebugOptions_UTs,R_O
MsoDebugOptions_UTManager,ReportErrors,Report Errors,Boolean,V
MsoDebugOptions_UTRunResult,Application,Application,Object,R_O
MsoDebugOptions_UTRunResult,Creator,Creator,Long,R_O
MsoDebugOptions_UTRunResult,Passed,Passed,Boolean,R_O
MsoDebugOptions_UTRunResult,ErrorString,Error String,String,R_O
MsoDebugOptions_UTs,Application,Application,Object,R_O
MsoDebugOptions_UTs,Creator,Creator,Long,R_O
MsoDebugOptions_UTs,Item,Item,MsoDebugOptions_UT,R_O
MsoDebugOptions_UTs,Count,Count,Long,R_O
MsoDebugOptions_UTs,_NewEnum,_New Enum,IUnknown,R_O
MsoEnvelope,Introduction,Introduction,String,V
MsoEnvelope,Item,Item,Object,R_O
MsoEnvelope,Parent,Parent,Object,R_O
MsoEnvelope,CommandBars,Command Bars,Object,R_O
NewFile,Application,Application,Object,R_O
NewFile,Creator,Creator,Long,R_O
ODSOColumn,Application,Application,Object,R_O
ODSOColumn,Creator,Creator,Long,R_O
ODSOColumn,Index,Index,Long,R_O
ODSOColumn,Name,Name,String,R_O
ODSOColumn,Parent,Parent,Object,R_O
ODSOColumn,Value,Value,String,R_O
ODSOColumns,Application,Application,Object,R_O
ODSOColumns,Creator,Creator,Long,R_O
ODSOColumns,Count,Count,Long,R_O
ODSOColumns,Parent,Parent,Object,R_O
ODSOFilter,Application,Application,Object,R_O
ODSOFilter,Creator,Creator,Long,R_O
ODSOFilter,Index,Index,Long,R_O
ODSOFilter,Parent,Parent,Object,R_O
ODSOFilter,Column,Column,String,V
ODSOFilter,Comparison,Comparison,MsoFilterComparison,V
ODSOFilter,CompareTo,Compare To,String,V
ODSOFilter,Conjunction,Conjunction,MsoFilterConjunction,V
ODSOFilters,Application,Application,Object,R_O
ODSOFilters,Creator,Creator,Long,R_O
ODSOFilters,Count,Count,Long,R_O
ODSOFilters,Parent,Parent,Object,R_O
OfficeDataSourceObject,ConnectString,Connect String,String,V
OfficeDataSourceObject,Table,Table,String,V
OfficeDataSourceObject,DataSource,Data Source,String,V
OfficeDataSourceObject,Columns,Columns,Object,R_O
OfficeDataSourceObject,RowCount,Row Count,Long,R_O
OfficeDataSourceObject,Filters,Filters,Object,R_O
OfficeTheme,Application,Application,Object,R_O
OfficeTheme,Creator,Creator,Long,R_O
OfficeTheme,Parent,Parent,Object,R_O
OfficeTheme,ThemeColorScheme,Theme Color Scheme,ThemeColorScheme,R_O
OfficeTheme,ThemeFontScheme,Theme Font Scheme,ThemeFontScheme,R_O
OfficeTheme,ThemeEffectScheme,Theme Effect Scheme,ThemeEffectScheme,R_O
ParagraphFormat2,Application,Application,Object,R_O
ParagraphFormat2,Creator,Creator,Long,R_O
ParagraphFormat2,Parent,Parent,Object,R_O
ParagraphFormat2,Alignment,Alignment,MsoParagraphAlignment,V
ParagraphFormat2,BaselineAlignment,Baseline Alignment,MsoBaselineAlignment,V
ParagraphFormat2,Bullet,Bullet,BulletFormat2,R_O
ParagraphFormat2,FarEastLineBreakLevel,Far East Line Break Level,MsoTriState,V
ParagraphFormat2,FirstLineIndent,First Line Indent,Single,V
ParagraphFormat2,HangingPunctuation,Hanging Punctuation,MsoTriState,V
ParagraphFormat2,IndentLevel,Indent Level,Long,V
ParagraphFormat2,LeftIndent,Left Indent,Single,V
ParagraphFormat2,LineRuleAfter,Line Rule After,MsoTriState,V
ParagraphFormat2,LineRuleBefore,Line Rule Before,MsoTriState,V
ParagraphFormat2,LineRuleWithin,Line Rule Within,MsoTriState,V
ParagraphFormat2,RightIndent,Right Indent,Single,V
ParagraphFormat2,SpaceAfter,Space After,Single,V
ParagraphFormat2,SpaceBefore,Space Before,Single,V
ParagraphFormat2,SpaceWithin,Space Within,Single,V
ParagraphFormat2,TabStops,Tab Stops,TabStops2,R_O
ParagraphFormat2,TextDirection,Text Direction,MsoTextDirection,V
ParagraphFormat2,WordWrap,Word Wrap,MsoTriState,V
Permission,Application,Application,Object,R_O
Permission,Creator,Creator,Long,R_O
Permission,Item,Item,UserPermission,R_O
Permission,Count,Count,Long,R_O
Permission,EnableTrustedBrowser,Enable Trusted Browser,Boolean,V
Permission,Parent,Parent,Object,R_O
Permission,Enabled,Enabled,Boolean,V
Permission,RequestPermissionURL,Request Permission URL,String,V
Permission,PolicyName,Policy Name,String,R_O
Permission,PolicyDescription,Policy Description,String,R_O
Permission,StoreLicenses,Store Licenses,Boolean,V
Permission,DocumentAuthor,Document Author,String,V
Permission,PermissionFromPolicy,Permission From Policy,Boolean,R_O
Permission,_NewEnum,_New Enum,IUnknown,R_O
Permission,DoubleKeyEncryptionUrl,Double Key Encryption Url,String,V
Permission,SensitivityLabelId,Sensitivity Label Id,String,V
PickerDialog,Application,Application,Object,R_O
PickerDialog,Creator,Creator,Long,R_O
PickerDialog,DataHandlerId,Data Handler Id,String,V
PickerDialog,Title,Title,String,V
PickerDialog,Properties,Properties,PickerProperties,R_O
PickerField,Application,Application,Object,R_O
PickerField,Creator,Creator,Long,R_O
PickerField,Name,Name,String,R_O
PickerField,Type,Type,MsoPickerField,R_O
PickerField,IsHidden,Is Hidden,Boolean,R_O
PickerFields,Application,Application,Object,R_O
PickerFields,Creator,Creator,Long,R_O
PickerFields,Item,Item,PickerField,R_O
PickerFields,Count,Count,Long,R_O
PickerFields,_NewEnum,_New Enum,IUnknown,R_O
PickerProperties,Application,Application,Object,R_O
PickerProperties,Creator,Creator,Long,R_O
PickerProperties,Item,Item,PickerProperty,R_O
PickerProperties,Count,Count,Long,R_O
PickerProperties,_NewEnum,_New Enum,IUnknown,R_O
PickerProperty,Application,Application,Object,R_O
PickerProperty,Creator,Creator,Long,R_O
PickerProperty,Id,Id,String,R_O
PickerProperty,Value,Value,Variant,R_O
PickerProperty,Type,Type,MsoPickerField,R_O
PickerResult,Application,Application,Object,R_O
PickerResult,Creator,Creator,Long,R_O
PickerResult,Id,Id,String,R_O
PickerResult,DisplayName,Display Name,String,V
PickerResult,Type,Type,String,V
PickerResult,SIPId,SIP Id,String,V
PickerResult,ItemData,Item Data,Variant,V
PickerResult,SubItems,Sub Items,Variant,V
PickerResult,DuplicateResults,Duplicate Results,Variant,R_O
PickerResult,Fields,Fields,PickerFields,V
PickerResults,Application,Application,Object,R_O
PickerResults,Creator,Creator,Long,R_O
PickerResults,Item,Item,PickerResult,R_O
PickerResults,Count,Count,Long,R_O
PickerResults,_NewEnum,_New Enum,IUnknown,R_O
PictureEffect,Application,Application,Object,R_O
PictureEffect,Creator,Creator,Long,R_O
PictureEffect,Type,Type,MsoPictureEffectType,R_O
PictureEffect,Position,Position,Long,V
PictureEffect,EffectParameters,Effect Parameters,EffectParameters,R_O
PictureEffect,Visible,Visible,MsoTriState,V
PictureEffects,Application,Application,Object,R_O
PictureEffects,Creator,Creator,Long,R_O
PictureEffects,Item,Item,PictureEffect,R_O
PictureEffects,Count,Count,Long,R_O
PictureEffects,_NewEnum,_New Enum,IUnknown,R_O
PictureFormat,Application,Application,Object,R_O
PictureFormat,Creator,Creator,Long,R_O
PictureFormat,Parent,Parent,Object,R_O
PictureFormat,Brightness,Brightness,Single,V
PictureFormat,ColorType,Color Type,MsoPictureColorType,V
PictureFormat,Contrast,Contrast,Single,V
PictureFormat,CropBottom,Crop Bottom,Single,V
PictureFormat,CropLeft,Crop Left,Single,V
PictureFormat,CropRight,Crop Right,Single,V
PictureFormat,CropTop,Crop Top,Single,V
PictureFormat,TransparencyColor,Transparency Color,MsoRGBType,V
PictureFormat,TransparentBackground,Transparent Background,MsoTriState,V
PictureFormat,Crop,Crop,Crop,R_O
Points,Parent,Parent,HRESULT,R_O
Points,Count,Count,HRESULT,R_O
Points,Application,Application,HRESULT,R_O
Points,Creator,Creator,HRESULT,R_O
Points,_Default,_Default,HRESULT,R_O
PolicyItem,Application,Application,Object,R_O
PolicyItem,Creator,Creator,Long,R_O
PolicyItem,Id,Id,String,R_O
PolicyItem,Name,Name,String,R_O
PolicyItem,Description,Description,String,R_O
PolicyItem,Data,Data,String,R_O
PolicyItem,Parent,Parent,Object,R_O
PropertyTest,Application,Application,Object,R_O
PropertyTest,Creator,Creator,Long,R_O
PropertyTest,Name,Name,String,R_O
PropertyTest,Condition,Condition,MsoCondition,R_O
PropertyTest,Value,Value,Variant,R_O
PropertyTest,SecondValue,Second Value,Variant,R_O
PropertyTest,Connector,Connector,MsoConnector,R_O
PropertyTests,Application,Application,Object,R_O
PropertyTests,Creator,Creator,Long,R_O
PropertyTests,Item,Item,PropertyTest,R_O
PropertyTests,Count,Count,Long,R_O
PropertyTests,_NewEnum,_New Enum,IUnknown,R_O
ReflectionFormat,Application,Application,Object,R_O
ReflectionFormat,Creator,Creator,Long,R_O
ReflectionFormat,Type,Type,MsoReflectionType,V
ReflectionFormat,Transparency,Transparency,Single,V
ReflectionFormat,Size,Size,Single,V
ReflectionFormat,Offset,Offset,Single,V
ReflectionFormat,Blur,Blur,Single,V
Ruler2,Application,Application,Object,R_O
Ruler2,Creator,Creator,Long,R_O
Ruler2,Parent,Parent,Object,R_O
Ruler2,Levels,Levels,RulerLevels2,R_O
Ruler2,TabStops,Tab Stops,TabStops2,R_O
RulerLevel2,Application,Application,Object,R_O
RulerLevel2,Creator,Creator,Long,R_O
RulerLevel2,Parent,Parent,Object,R_O
RulerLevel2,FirstMargin,First Margin,Single,V
RulerLevel2,LeftMargin,Left Margin,Single,V
RulerLevels2,Application,Application,Object,R_O
RulerLevels2,Creator,Creator,Long,R_O
RulerLevels2,Parent,Parent,Object,R_O
RulerLevels2,Count,Count,Long,R_O
RulerLevels2,_NewEnum,_New Enum,IUnknown,R_O
ScopeFolder,Application,Application,Object,R_O
ScopeFolder,Creator,Creator,Long,R_O
ScopeFolder,Name,Name,String,R_O
ScopeFolder,Path,Path,String,R_O
ScopeFolder,ScopeFolders,Scope Folders,ScopeFolders,R_O
ScopeFolders,Application,Application,Object,R_O
ScopeFolders,Creator,Creator,Long,R_O
ScopeFolders,Item,Item,ScopeFolder,R_O
ScopeFolders,Count,Count,Long,R_O
ScopeFolders,_NewEnum,_New Enum,IUnknown,R_O
Script,Application,Application,Object,R_O
Script,Creator,Creator,Long,R_O
Script,Parent,Parent,Object,R_O
Script,Extended,Extended,String,V
Script,Id,Id,String,V
Script,Language,Language,MsoScriptLanguage,V
Script,Location,Location,MsoScriptLocation,R_O
Script,Shape,Shape,Object,R_O
Script,ScriptText,Script Text,String,V
Scripts,Application,Application,Object,R_O
Scripts,Creator,Creator,Long,R_O
Scripts,Parent,Parent,Object,R_O
Scripts,Count,Count,Long,R_O
Scripts,_NewEnum,_New Enum,IUnknown,R_O
SearchFolders,Application,Application,Object,R_O
SearchFolders,Creator,Creator,Long,R_O
SearchFolders,Item,Item,ScopeFolder,R_O
SearchFolders,Count,Count,Long,R_O
SearchFolders,_NewEnum,_New Enum,IUnknown,R_O
SearchScope,Application,Application,Object,R_O
SearchScope,Creator,Creator,Long,R_O
SearchScope,Type,Type,MsoSearchIn,R_O
SearchScope,ScopeFolder,Scope Folder,ScopeFolder,R_O
SearchScopes,Application,Application,Object,R_O
SearchScopes,Creator,Creator,Long,R_O
SearchScopes,Item,Item,SearchScope,R_O
SearchScopes,Count,Count,Long,R_O
SearchScopes,_NewEnum,_New Enum,IUnknown,R_O
SensitivityLabel,Application,Application,Object,R_O
SensitivityLabel,Creator,Creator,Long,R_O
SensitivityLabel,Parent,Parent,Object,R_O
SensitivityLabelInitInfo,Application,Application,Object,R_O
SensitivityLabelInitInfo,Creator,Creator,Long,R_O
SensitivityLabelInitInfo,UserId,User Id,String,V
SensitivityLabelInitInfo,SensitivityLabelsPolicyXml,Sensitivity Labels Policy Xml,String,V
SensitivityLabelPolicy,Application,Application,Object,R_O
SensitivityLabelPolicy,Creator,Creator,Long,R_O
SeriesCollection,Parent,Parent,HRESULT,R_O
SeriesCollection,Count,Count,HRESULT,R_O
SeriesCollection,Application,Application,HRESULT,R_O
SeriesCollection,Creator,Creator,HRESULT,R_O
SeriesCollection,_Default,_Default,HRESULT,R_O
SeriesGradientStopColorFormat,Parent,Parent,HRESULT,R_O
SeriesGradientStopColorFormat,TintAndShade,Tint And Shade,HRESULT,V
SeriesGradientStopColorFormat,ObjectThemeColor,Object Theme Color,HRESULT,V
SeriesGradientStopColorFormat,RGB,RGB,HRESULT,V
SeriesGradientStopColorFormat,Transparency,Transparency,HRESULT,V
SeriesGradientStopColorFormat,Type,Type,HRESULT,R_O
SeriesGradientStopData,Parent,Parent,HRESULT,R_O
SeriesGradientStopData,StopColor,Stop Color,HRESULT,R_O
SeriesGradientStopData,StopPositionType,Stop Position Type,HRESULT,V
SeriesGradientStopData,StopValue,Stop Value,HRESULT,V
ServerPolicy,Application,Application,Object,R_O
ServerPolicy,Creator,Creator,Long,R_O
ServerPolicy,Item,Item,PolicyItem,R_O
ServerPolicy,Id,Id,String,R_O
ServerPolicy,Name,Name,String,R_O
ServerPolicy,Description,Description,String,R_O
ServerPolicy,Statement,Statement,String,R_O
ServerPolicy,Count,Count,Long,R_O
ServerPolicy,BlockPreview,Block Preview,Boolean,R_O
ServerPolicy,Parent,Parent,Object,R_O
ShadowFormat,Application,Application,Object,R_O
ShadowFormat,Creator,Creator,Long,R_O
ShadowFormat,Parent,Parent,Object,R_O
ShadowFormat,ForeColor,Fore Color,ColorFormat,V
ShadowFormat,Obscured,Obscured,MsoTriState,V
ShadowFormat,OffsetX,Offset X,Single,V
ShadowFormat,OffsetY,Offset Y,Single,V
ShadowFormat,Transparency,Transparency,Single,V
ShadowFormat,Type,Type,MsoShadowType,V
ShadowFormat,Visible,Visible,MsoTriState,V
ShadowFormat,Style,Style,MsoShadowStyle,V
ShadowFormat,Blur,Blur,Single,V
ShadowFormat,Size,Size,Single,V
ShadowFormat,RotateWithShape,Rotate With Shape,MsoTriState,V
Shape,Application,Application,Object,R_O
Shape,Creator,Creator,Long,R_O
Shape,Parent,Parent,Object,R_O
Shape,Adjustments,Adjustments,Adjustments,R_O
Shape,AutoShapeType,Auto Shape Type,MsoAutoShapeType,V
Shape,BlackWhiteMode,Black White Mode,MsoBlackWhiteMode,V
Shape,Callout,Callout,CalloutFormat,R_O
Shape,ConnectionSiteCount,Connection Site Count,Long,R_O
Shape,Connector,Connector,MsoTriState,R_O
Shape,ConnectorFormat,Connector Format,ConnectorFormat,R_O
Shape,Fill,Fill,FillFormat,R_O
Shape,GroupItems,Group Items,GroupShapes,R_O
Shape,Height,Height,Single,V
Shape,HorizontalFlip,Horizontal Flip,MsoTriState,R_O
Shape,Left,Left,Single,V
Shape,Line,Line,LineFormat,R_O
Shape,LockAspectRatio,Lock Aspect Ratio,MsoTriState,V
Shape,Name,Name,String,V
Shape,Nodes,Nodes,ShapeNodes,R_O
Shape,Rotation,Rotation,Single,V
Shape,PictureFormat,Picture Format,PictureFormat,R_O
Shape,Shadow,Shadow,ShadowFormat,R_O
Shape,TextEffect,Text Effect,TextEffectFormat,R_O
Shape,TextFrame,Text Frame,TextFrame,R_O
Shape,ThreeD,Three D,ThreeDFormat,R_O
Shape,Top,Top,Single,V
Shape,Type,Type,MsoShapeType,R_O
Shape,VerticalFlip,Vertical Flip,MsoTriState,R_O
Shape,Vertices,Vertices,Variant,R_O
Shape,Visible,Visible,MsoTriState,V
Shape,Width,Width,Single,V
Shape,ZOrderPosition,Z Order Position,Long,R_O
Shape,AlternativeText,Alternative Text,String,V
Shape,Child,Child,MsoTriState,R_O
Shape,ParentGroup,Parent Group,Shape,R_O
Shape,Id,Id,Long,R_O
Shape,TextFrame2,Text Frame2,TextFrame2,R_O
Shape,HasChart,Has Chart,MsoTriState,R_O
Shape,Chart,Chart,IMsoChart,R_O
Shape,ShapeStyle,Shape Style,MsoShapeStyleIndex,V
Shape,BackgroundStyle,Background Style,MsoBackgroundStyleIndex,V
Shape,SoftEdge,Soft Edge,SoftEdgeFormat,R_O
Shape,Glow,Glow,GlowFormat,R_O
Shape,Reflection,Reflection,ReflectionFormat,R_O
Shape,HasSmartArt,Has Smart Art,MsoTriState,R_O
Shape,SmartArt,Smart Art,SmartArt,R_O
Shape,Title,Title,String,V
Shape,GraphicStyle,Graphic Style,MsoGraphicStyleIndex,V
Shape,Model3D,Model3 D,Model3DFormat,R_O
Shape,Decorative,Decorative,MsoTriState,V
Shape,Locked,Locked,MsoTriState,V
ShapeNode,Application,Application,Object,R_O
ShapeNode,Creator,Creator,Long,R_O
ShapeNode,Parent,Parent,Object,R_O
ShapeNode,EditingType,Editing Type,MsoEditingType,R_O
ShapeNode,Points,Points,Variant,R_O
ShapeNode,SegmentType,Segment Type,MsoSegmentType,R_O
ShapeNodes,Application,Application,Object,R_O
ShapeNodes,Creator,Creator,Long,R_O
ShapeNodes,Parent,Parent,Object,R_O
ShapeNodes,Count,Count,Long,R_O
ShapeNodes,_NewEnum,_New Enum,IUnknown,R_O
ShapeRange,Application,Application,Object,R_O
ShapeRange,Creator,Creator,Long,R_O
ShapeRange,Parent,Parent,Object,R_O
ShapeRange,Count,Count,Long,R_O
ShapeRange,_NewEnum,_New Enum,IUnknown,R_O
ShapeRange,Adjustments,Adjustments,Adjustments,R_O
ShapeRange,AutoShapeType,Auto Shape Type,MsoAutoShapeType,V
ShapeRange,BlackWhiteMode,Black White Mode,MsoBlackWhiteMode,V
ShapeRange,Callout,Callout,CalloutFormat,R_O
ShapeRange,ConnectionSiteCount,Connection Site Count,Long,R_O
ShapeRange,Connector,Connector,MsoTriState,R_O
ShapeRange,ConnectorFormat,Connector Format,ConnectorFormat,R_O
ShapeRange,Fill,Fill,FillFormat,R_O
ShapeRange,GroupItems,Group Items,GroupShapes,R_O
ShapeRange,Height,Height,Single,V
ShapeRange,HorizontalFlip,Horizontal Flip,MsoTriState,R_O
ShapeRange,Left,Left,Single,V
ShapeRange,Line,Line,LineFormat,R_O
ShapeRange,LockAspectRatio,Lock Aspect Ratio,MsoTriState,V
ShapeRange,Name,Name,String,V
ShapeRange,Nodes,Nodes,ShapeNodes,R_O
ShapeRange,Rotation,Rotation,Single,V
ShapeRange,PictureFormat,Picture Format,PictureFormat,R_O
ShapeRange,Shadow,Shadow,ShadowFormat,R_O
ShapeRange,TextEffect,Text Effect,TextEffectFormat,R_O
ShapeRange,TextFrame,Text Frame,TextFrame,R_O
ShapeRange,ThreeD,Three D,ThreeDFormat,R_O
ShapeRange,Top,Top,Single,V
ShapeRange,Type,Type,MsoShapeType,R_O
ShapeRange,VerticalFlip,Vertical Flip,MsoTriState,R_O
ShapeRange,Vertices,Vertices,Variant,R_O
ShapeRange,Visible,Visible,MsoTriState,V
ShapeRange,Width,Width,Single,V
ShapeRange,ZOrderPosition,Z Order Position,Long,R_O
ShapeRange,Script,Script,Script,R_O
ShapeRange,AlternativeText,Alternative Text,String,V
ShapeRange,Child,Child,MsoTriState,R_O
ShapeRange,ParentGroup,Parent Group,Shape,R_O
ShapeRange,Id,Id,Long,R_O
ShapeRange,TextFrame2,Text Frame2,TextFrame2,R_O
ShapeRange,HasChart,Has Chart,MsoTriState,R_O
ShapeRange,Chart,Chart,IMsoChart,R_O
ShapeRange,ShapeStyle,Shape Style,MsoShapeStyleIndex,V
ShapeRange,BackgroundStyle,Background Style,MsoBackgroundStyleIndex,V
ShapeRange,SoftEdge,Soft Edge,SoftEdgeFormat,R_O
ShapeRange,Glow,Glow,GlowFormat,R_O
ShapeRange,Reflection,Reflection,ReflectionFormat,R_O
ShapeRange,Title,Title,String,V
ShapeRange,GraphicStyle,Graphic Style,MsoGraphicStyleIndex,V
ShapeRange,Model3D,Model3 D,Model3DFormat,R_O
ShapeRange,Decorative,Decorative,MsoTriState,V
ShapeRange,Locked,Locked,MsoTriState,V
Shapes,Application,Application,Object,R_O
Shapes,Creator,Creator,Long,R_O
Shapes,Parent,Parent,Object,R_O
Shapes,Count,Count,Long,R_O
Shapes,_NewEnum,_New Enum,IUnknown,R_O
Shapes,Background,Background,Shape,R_O
Shapes,Default,Default,Shape,R_O
SharedWorkspace,Application,Application,Object,R_O
SharedWorkspace,Creator,Creator,Long,R_O
SharedWorkspace,Name,Name,String,V
SharedWorkspace,Members,Members,SharedWorkspaceMembers,R_O
SharedWorkspace,Tasks,Tasks,SharedWorkspaceTasks,R_O
SharedWorkspace,Files,Files,SharedWorkspaceFiles,R_O
SharedWorkspace,Folders,Folders,SharedWorkspaceFolders,R_O
SharedWorkspace,Links,Links,SharedWorkspaceLinks,R_O
SharedWorkspace,Parent,Parent,Object,R_O
SharedWorkspace,URL,URL,String,R_O
SharedWorkspace,Connected,Connected,Boolean,R_O
SharedWorkspace,LastRefreshed,Last Refreshed,Variant,R_O
SharedWorkspace,SourceURL,Source URL,String,V
SharedWorkspaceFile,Application,Application,Object,R_O
SharedWorkspaceFile,Creator,Creator,Long,R_O
SharedWorkspaceFile,URL,URL,String,R_O
SharedWorkspaceFile,CreatedBy,Created By,String,R_O
SharedWorkspaceFile,CreatedDate,Created Date,Variant,R_O
SharedWorkspaceFile,ModifiedBy,Modified By,String,R_O
SharedWorkspaceFile,ModifiedDate,Modified Date,Variant,R_O
SharedWorkspaceFile,Parent,Parent,Object,R_O
SharedWorkspaceFiles,Application,Application,Object,R_O
SharedWorkspaceFiles,Creator,Creator,Long,R_O
SharedWorkspaceFiles,_NewEnum,_New Enum,IUnknown,R_O
SharedWorkspaceFiles,Item,Item,SharedWorkspaceFile,R_O
SharedWorkspaceFiles,Count,Count,Long,R_O
SharedWorkspaceFiles,Parent,Parent,Object,R_O
SharedWorkspaceFiles,ItemCountExceeded,Item Count Exceeded,Boolean,R_O
SharedWorkspaceFolder,Application,Application,Object,R_O
SharedWorkspaceFolder,Creator,Creator,Long,R_O
SharedWorkspaceFolder,FolderName,Folder Name,String,R_O
SharedWorkspaceFolder,Parent,Parent,Object,R_O
SharedWorkspaceFolders,Application,Application,Object,R_O
SharedWorkspaceFolders,Creator,Creator,Long,R_O
SharedWorkspaceFolders,_NewEnum,_New Enum,IUnknown,R_O
SharedWorkspaceFolders,Item,Item,SharedWorkspaceFolder,R_O
SharedWorkspaceFolders,Count,Count,Long,R_O
SharedWorkspaceFolders,Parent,Parent,Object,R_O
SharedWorkspaceFolders,ItemCountExceeded,Item Count Exceeded,Boolean,R_O
SharedWorkspaceLink,Application,Application,Object,R_O
SharedWorkspaceLink,Creator,Creator,Long,R_O
SharedWorkspaceLink,URL,URL,String,V
SharedWorkspaceLink,Description,Description,String,V
SharedWorkspaceLink,Notes,Notes,String,V
SharedWorkspaceLink,CreatedBy,Created By,String,R_O
SharedWorkspaceLink,CreatedDate,Created Date,Variant,R_O
SharedWorkspaceLink,ModifiedBy,Modified By,String,R_O
SharedWorkspaceLink,ModifiedDate,Modified Date,Variant,R_O
SharedWorkspaceLink,Parent,Parent,Object,R_O
SharedWorkspaceLinks,Application,Application,Object,R_O
SharedWorkspaceLinks,Creator,Creator,Long,R_O
SharedWorkspaceLinks,_NewEnum,_New Enum,IUnknown,R_O
SharedWorkspaceLinks,Item,Item,SharedWorkspaceLink,R_O
SharedWorkspaceLinks,Count,Count,Long,R_O
SharedWorkspaceLinks,Parent,Parent,Object,R_O
SharedWorkspaceLinks,ItemCountExceeded,Item Count Exceeded,Boolean,R_O
SharedWorkspaceMember,Application,Application,Object,R_O
SharedWorkspaceMember,Creator,Creator,Long,R_O
SharedWorkspaceMember,DomainName,Domain Name,String,R_O
SharedWorkspaceMember,Name,Name,String,R_O
SharedWorkspaceMember,Email,Email,String,R_O
SharedWorkspaceMember,Parent,Parent,Object,R_O
SharedWorkspaceMembers,Application,Application,Object,R_O
SharedWorkspaceMembers,Creator,Creator,Long,R_O
SharedWorkspaceMembers,_NewEnum,_New Enum,IUnknown,R_O
SharedWorkspaceMembers,Item,Item,SharedWorkspaceMember,R_O
SharedWorkspaceMembers,Count,Count,Long,R_O
SharedWorkspaceMembers,Parent,Parent,Object,R_O
SharedWorkspaceMembers,ItemCountExceeded,Item Count Exceeded,Boolean,R_O
SharedWorkspaceTask,Application,Application,Object,R_O
SharedWorkspaceTask,Creator,Creator,Long,R_O
SharedWorkspaceTask,Title,Title,String,V
SharedWorkspaceTask,AssignedTo,Assigned To,String,V
SharedWorkspaceTask,Status,Status,MsoSharedWorkspaceTaskStatus,V
SharedWorkspaceTask,Priority,Priority,MsoSharedWorkspaceTaskPriority,V
SharedWorkspaceTask,Description,Description,String,V
SharedWorkspaceTask,DueDate,Due Date,Variant,V
SharedWorkspaceTask,CreatedBy,Created By,String,R_O
SharedWorkspaceTask,CreatedDate,Created Date,Variant,R_O
SharedWorkspaceTask,ModifiedBy,Modified By,String,R_O
SharedWorkspaceTask,ModifiedDate,Modified Date,Variant,R_O
SharedWorkspaceTask,Parent,Parent,Object,R_O
SharedWorkspaceTasks,Application,Application,Object,R_O
SharedWorkspaceTasks,Creator,Creator,Long,R_O
SharedWorkspaceTasks,Item,Item,SharedWorkspaceTask,R_O
SharedWorkspaceTasks,Count,Count,Long,R_O
SharedWorkspaceTasks,Parent,Parent,Object,R_O
SharedWorkspaceTasks,ItemCountExceeded,Item Count Exceeded,Boolean,R_O
SharedWorkspaceTasks,_NewEnum,_New Enum,IUnknown,R_O
Signature,Application,Application,Object,R_O
Signature,Creator,Creator,Long,R_O
Signature,Parent,Parent,Object,R_O
Signature,IsSigned,Is Signed,Boolean,R_O
Signature,Details,Details,SignatureInfo,R_O
Signature,CanSetup,Can Setup,Boolean,R_O
Signature,Setup,Setup,SignatureSetup,R_O
Signature,IsSignatureLine,Is Signature Line,Boolean,R_O
Signature,SignatureLineShape,Signature Line Shape,Object,R_O
Signature,SortHint,Sort Hint,Long,R_O
SignatureInfo,Application,Application,Object,R_O
SignatureInfo,Creator,Creator,Long,R_O
SignatureInfo,ReadOnly,Read Only,Boolean,R_O
SignatureInfo,SignatureProvider,Signature Provider,String,R_O
SignatureInfo,SignatureText,Signature Text,String,V
SignatureInfo,SignatureImage,Signature Image,IPictureDisp,V
SignatureInfo,SignatureComment,Signature Comment,String,V
SignatureInfo,ContentVerificationResults,Content Verification Results,ContentVerificationResults,R_O
SignatureInfo,CertificateVerificationResults,Certificate Verification Results,CertificateVerificationResults,R_O
SignatureInfo,IsValid,Is Valid,Boolean,R_O
SignatureInfo,IsCertificateExpired,Is Certificate Expired,Boolean,R_O
SignatureInfo,IsCertificateRevoked,Is Certificate Revoked,Boolean,R_O
SignatureInfo,IsCertificateUntrusted,Is Certificate Untrusted,Boolean,R_O
SignatureSet,Application,Application,Object,R_O
SignatureSet,Creator,Creator,Long,R_O
SignatureSet,_NewEnum,_New Enum,IUnknown,R_O
SignatureSet,Count,Count,Long,R_O
SignatureSet,Item,Item,Signature,R_O
SignatureSet,Parent,Parent,Object,R_O
SignatureSet,CanAddSignatureLine,Can Add Signature Line,Boolean,R_O
SignatureSet,Subset,Subset,MsoSignatureSubset,V
SignatureSet,ShowSignaturesPane,Show Signatures Pane,Boolean,W_O
SignatureSetup,Application,Application,Object,R_O
SignatureSetup,Creator,Creator,Long,R_O
SignatureSetup,ReadOnly,Read Only,Boolean,R_O
SignatureSetup,Id,Id,String,R_O
SignatureSetup,SignatureProvider,Signature Provider,String,R_O
SignatureSetup,SuggestedSigner,Suggested Signer,String,V
SignatureSetup,SuggestedSignerLine2,Suggested Signer Line2,String,V
SignatureSetup,SuggestedSignerEmail,Suggested Signer Email,String,V
SignatureSetup,SigningInstructions,Signing Instructions,String,V
SignatureSetup,AllowComments,Allow Comments,Boolean,V
SignatureSetup,ShowSignDate,Show Sign Date,Boolean,V
SignatureSetup,AdditionalXml,Additional Xml,String,V
SmartArt,Application,Application,Object,R_O
SmartArt,Creator,Creator,Long,R_O
SmartArt,Parent,Parent,Object,R_O
SmartArt,AllNodes,All Nodes,SmartArtNodes,R_O
SmartArt,Nodes,Nodes,SmartArtNodes,R_O
SmartArt,Layout,Layout,SmartArtLayout,V
SmartArt,QuickStyle,Quick Style,SmartArtQuickStyle,V
SmartArt,Color,Color,SmartArtColor,V
SmartArt,Reverse,Reverse,MsoTriState,V
SmartArtColor,Application,Application,Object,R_O
SmartArtColor,Creator,Creator,Long,R_O
SmartArtColor,Parent,Parent,Object,R_O
SmartArtColor,Id,Id,String,R_O
SmartArtColor,Name,Name,String,R_O
SmartArtColor,Description,Description,String,R_O
SmartArtColor,Category,Category,String,R_O
SmartArtColors,Application,Application,Object,R_O
SmartArtColors,Creator,Creator,Long,R_O
SmartArtColors,_NewEnum,_New Enum,IUnknown,R_O
SmartArtColors,Parent,Parent,Object,R_O
SmartArtColors,Count,Count,Long,R_O
SmartArtLayout,Application,Application,Object,R_O
SmartArtLayout,Creator,Creator,Long,R_O
SmartArtLayout,Parent,Parent,Object,R_O
SmartArtLayout,Id,Id,String,R_O
SmartArtLayout,Name,Name,String,R_O
SmartArtLayout,Description,Description,String,R_O
SmartArtLayout,Category,Category,String,R_O
SmartArtLayouts,Application,Application,Object,R_O
SmartArtLayouts,Creator,Creator,Long,R_O
SmartArtLayouts,_NewEnum,_New Enum,IUnknown,R_O
SmartArtLayouts,Parent,Parent,Object,R_O
SmartArtLayouts,Count,Count,Long,R_O
SmartArtNode,Application,Application,Object,R_O
SmartArtNode,Creator,Creator,Long,R_O
SmartArtNode,Parent,Parent,Object,R_O
SmartArtNode,OrgChartLayout,Org Chart Layout,MsoOrgChartLayoutType,V
SmartArtNode,Shapes,Shapes,ShapeRange,R_O
SmartArtNode,TextFrame2,Text Frame2,TextFrame2,R_O
SmartArtNode,Level,Level,Long,R_O
SmartArtNode,Hidden,Hidden,MsoTriState,R_O
SmartArtNode,Nodes,Nodes,SmartArtNodes,R_O
SmartArtNode,ParentNode,Parent Node,SmartArtNode,R_O
SmartArtNode,Type,Type,MsoSmartArtNodeType,R_O
SmartArtNodes,Application,Application,Object,R_O
SmartArtNodes,Creator,Creator,Long,R_O
SmartArtNodes,_NewEnum,_New Enum,IUnknown,R_O
SmartArtNodes,Parent,Parent,Object,R_O
SmartArtNodes,Count,Count,Long,R_O
SmartArtQuickStyle,Application,Application,Object,R_O
SmartArtQuickStyle,Creator,Creator,Long,R_O
SmartArtQuickStyle,Parent,Parent,Object,R_O
SmartArtQuickStyle,Id,Id,String,R_O
SmartArtQuickStyle,Name,Name,String,R_O
SmartArtQuickStyle,Description,Description,String,R_O
SmartArtQuickStyle,Category,Category,String,R_O
SmartArtQuickStyles,Application,Application,Object,R_O
SmartArtQuickStyles,Creator,Creator,Long,R_O
SmartArtQuickStyles,_NewEnum,_New Enum,IUnknown,R_O
SmartArtQuickStyles,Parent,Parent,Object,R_O
SmartArtQuickStyles,Count,Count,Long,R_O
SmartDocument,Application,Application,Object,R_O
SmartDocument,Creator,Creator,Long,R_O
SmartDocument,SolutionID,Solution ID,String,V
SmartDocument,SolutionURL,Solution URL,String,V
SoftEdgeFormat,Application,Application,Object,R_O
SoftEdgeFormat,Creator,Creator,Long,R_O
SoftEdgeFormat,Type,Type,MsoSoftEdgeType,V
SoftEdgeFormat,Radius,Radius,Single,V
Sync,Application,Application,Object,R_O
Sync,Creator,Creator,Long,R_O
Sync,Status,Status,MsoSyncStatusType,R_O
Sync,WorkspaceLastChangedBy,Workspace Last Changed By,String,R_O
Sync,LastSyncTime,Last Sync Time,Variant,R_O
Sync,ErrorType,Error Type,MsoSyncErrorType,R_O
Sync,Parent,Parent,Object,R_O
TabStop2,Application,Application,Object,R_O
TabStop2,Creator,Creator,Long,R_O
TabStop2,Parent,Parent,Object,R_O
TabStop2,Position,Position,Single,V
TabStop2,Type,Type,MsoTabStopType,V
TabStops2,Application,Application,Object,R_O
TabStops2,Creator,Creator,Long,R_O
TabStops2,Parent,Parent,Object,R_O
TabStops2,Count,Count,Long,R_O
TabStops2,DefaultSpacing,Default Spacing,Single,V
TabStops2,_NewEnum,_New Enum,IUnknown,R_O
TextColumn2,Application,Application,Object,R_O
TextColumn2,Creator,Creator,Long,R_O
TextColumn2,Number,Number,Long,V
TextColumn2,Spacing,Spacing,Single,V
TextColumn2,TextDirection,Text Direction,MsoTextDirection,V
TextEffectFormat,Application,Application,Object,R_O
TextEffectFormat,Creator,Creator,Long,R_O
TextEffectFormat,Parent,Parent,Object,R_O
TextEffectFormat,Alignment,Alignment,MsoTextEffectAlignment,V
TextEffectFormat,FontBold,Font Bold,MsoTriState,V
TextEffectFormat,FontItalic,Font Italic,MsoTriState,V
TextEffectFormat,FontName,Font Name,String,V
TextEffectFormat,FontSize,Font Size,Single,V
TextEffectFormat,KernedPairs,Kerned Pairs,MsoTriState,V
TextEffectFormat,NormalizedHeight,Normalized Height,MsoTriState,V
TextEffectFormat,PresetShape,Preset Shape,MsoPresetTextEffectShape,V
TextEffectFormat,PresetTextEffect,Preset Text Effect,MsoPresetTextEffect,V
TextEffectFormat,RotatedChars,Rotated Chars,MsoTriState,V
TextEffectFormat,Text,Text,String,V
TextEffectFormat,Tracking,Tracking,Single,V
TextFrame,Application,Application,Object,R_O
TextFrame,Creator,Creator,Long,R_O
TextFrame,Parent,Parent,Object,R_O
TextFrame,MarginBottom,Margin Bottom,Single,V
TextFrame,MarginLeft,Margin Left,Single,V
TextFrame,MarginRight,Margin Right,Single,V
TextFrame,MarginTop,Margin Top,Single,V
TextFrame,Orientation,Orientation,MsoTextOrientation,V
TextFrame2,Application,Application,Object,R_O
TextFrame2,Creator,Creator,Long,R_O
TextFrame2,Parent,Parent,Object,R_O
TextFrame2,MarginBottom,Margin Bottom,Single,V
TextFrame2,MarginLeft,Margin Left,Single,V
TextFrame2,MarginRight,Margin Right,Single,V
TextFrame2,MarginTop,Margin Top,Single,V
TextFrame2,Orientation,Orientation,MsoTextOrientation,V
TextFrame2,HorizontalAnchor,Horizontal Anchor,MsoHorizontalAnchor,V
TextFrame2,VerticalAnchor,Vertical Anchor,MsoVerticalAnchor,V
TextFrame2,PathFormat,Path Format,MsoPathFormat,V
TextFrame2,WarpFormat,Warp Format,MsoWarpFormat,V
TextFrame2,WordArtformat,Word Artformat,MsoPresetTextEffect,V
TextFrame2,WordWrap,Word Wrap,MsoTriState,V
TextFrame2,AutoSize,Auto Size,MsoAutoSize,V
TextFrame2,ThreeD,Three D,ThreeDFormat,R_O
TextFrame2,HasText,Has Text,MsoTriState,R_O
TextFrame2,TextRange,Text Range,TextRange2,R_O
TextFrame2,Column,Column,TextColumn2,R_O
TextFrame2,Ruler,Ruler,Ruler2,R_O
TextFrame2,NoTextRotation,No Text Rotation,MsoTriState,V
TextRange2,Application,Application,Object,R_O
TextRange2,Creator,Creator,Long,R_O
TextRange2,Text,Text,String,V
TextRange2,Count,Count,Long,R_O
TextRange2,_NewEnum,_New Enum,IUnknown,R_O
TextRange2,Parent,Parent,Object,R_O
TextRange2,Paragraphs,Paragraphs,TextRange2,R_O
TextRange2,Sentences,Sentences,TextRange2,R_O
TextRange2,Words,Words,TextRange2,R_O
TextRange2,Characters,Characters,TextRange2,R_O
TextRange2,Lines,Lines,TextRange2,R_O
TextRange2,Runs,Runs,TextRange2,R_O
TextRange2,ParagraphFormat,Paragraph Format,ParagraphFormat2,R_O
TextRange2,Font,Font,Font2,R_O
TextRange2,Length,Length,Long,R_O
TextRange2,Start,Start,Long,R_O
TextRange2,BoundLeft,Bound Left,Single,R_O
TextRange2,BoundTop,Bound Top,Single,R_O
TextRange2,BoundWidth,Bound Width,Single,R_O
TextRange2,BoundHeight,Bound Height,Single,R_O
TextRange2,LanguageID,Language ID,MsoLanguageID,V
TextRange2,MathZones,Math Zones,TextRange2,R_O
ThemeColor,Application,Application,Object,R_O
ThemeColor,Creator,Creator,Long,R_O
ThemeColor,RGB,RGB,MsoRGBType,V
ThemeColor,Parent,Parent,Object,R_O
ThemeColor,ThemeColorSchemeIndex,Theme Color Scheme Index,MsoThemeColorSchemeIndex,R_O
ThemeColorScheme,Application,Application,Object,R_O
ThemeColorScheme,Creator,Creator,Long,R_O
ThemeColorScheme,Parent,Parent,Object,R_O
ThemeColorScheme,Count,Count,Long,R_O
ThemeColorScheme,_NewEnum,_New Enum,IUnknown,R_O
ThemeEffectScheme,Application,Application,Object,R_O
ThemeEffectScheme,Creator,Creator,Long,R_O
ThemeEffectScheme,Parent,Parent,Object,R_O
ThemeFont,Application,Application,Object,R_O
ThemeFont,Creator,Creator,Long,R_O
ThemeFont,Name,Name,String,V
ThemeFont,Parent,Parent,Object,R_O
ThemeFonts,Application,Application,Object,R_O
ThemeFonts,Creator,Creator,Long,R_O
ThemeFonts,Parent,Parent,Object,R_O
ThemeFonts,Count,Count,Long,R_O
ThemeFonts,_NewEnum,_New Enum,IUnknown,R_O
ThemeFontScheme,Application,Application,Object,R_O
ThemeFontScheme,Creator,Creator,Long,R_O
ThemeFontScheme,Parent,Parent,Object,R_O
ThemeFontScheme,MinorFont,Minor Font,ThemeFonts,R_O
ThemeFontScheme,MajorFont,Major Font,ThemeFonts,R_O
ThreeDFormat,Application,Application,Object,R_O
ThreeDFormat,Creator,Creator,Long,R_O
ThreeDFormat,Parent,Parent,Object,R_O
ThreeDFormat,Depth,Depth,Single,V
ThreeDFormat,ExtrusionColor,Extrusion Color,ColorFormat,R_O
ThreeDFormat,ExtrusionColorType,Extrusion Color Type,MsoExtrusionColorType,V
ThreeDFormat,Perspective,Perspective,MsoTriState,V
ThreeDFormat,PresetExtrusionDirection,Preset Extrusion Direction,MsoPresetExtrusionDirection,R_O
ThreeDFormat,PresetLightingDirection,Preset Lighting Direction,MsoPresetLightingDirection,V
ThreeDFormat,PresetLightingSoftness,Preset Lighting Softness,MsoPresetLightingSoftness,V
ThreeDFormat,PresetMaterial,Preset Material,MsoPresetMaterial,V
ThreeDFormat,PresetThreeDFormat,Preset Three D Format,MsoPresetThreeDFormat,R_O
ThreeDFormat,RotationX,Rotation X,Single,V
ThreeDFormat,RotationY,Rotation Y,Single,V
ThreeDFormat,Visible,Visible,MsoTriState,V
ThreeDFormat,PresetLighting,Preset Lighting,MsoLightRigType,V
ThreeDFormat,Z,Z,Single,V
ThreeDFormat,BevelTopType,Bevel Top Type,MsoBevelType,V
ThreeDFormat,BevelTopInset,Bevel Top Inset,Single,V
ThreeDFormat,BevelTopDepth,Bevel Top Depth,Single,V
ThreeDFormat,BevelBottomType,Bevel Bottom Type,MsoBevelType,V
ThreeDFormat,BevelBottomInset,Bevel Bottom Inset,Single,V
ThreeDFormat,BevelBottomDepth,Bevel Bottom Depth,Single,V
ThreeDFormat,PresetCamera,Preset Camera,MsoPresetCamera,R_O
ThreeDFormat,RotationZ,Rotation Z,Single,V
ThreeDFormat,ContourWidth,Contour Width,Single,V
ThreeDFormat,ContourColor,Contour Color,ColorFormat,R_O
ThreeDFormat,FieldOfView,Field Of View,Single,V
ThreeDFormat,ProjectText,Project Text,MsoTriState,V
ThreeDFormat,LightAngle,Light Angle,Single,V
Trendlines,Parent,Parent,HRESULT,R_O
Trendlines,Count,Count,HRESULT,R_O
Trendlines,Application,Application,HRESULT,R_O
Trendlines,Creator,Creator,HRESULT,R_O
Trendlines,_Default,_Default,HRESULT,R_O
UserPermission,Application,Application,Object,R_O
UserPermission,Creator,Creator,Long,R_O
UserPermission,UserId,User Id,String,R_O
UserPermission,Permission,Permission,Long,V
UserPermission,ExpirationDate,Expiration Date,Variant,V
UserPermission,Parent,Parent,Object,R_O
WebComponent,Shape,Shape,Object,R_O
WebComponent,URL,URL,String,V
WebComponent,HTML,HTML,String,V
WebComponent,Name,Name,String,V
WebComponent,Width,Width,Long,V
WebComponent,Height,Height,Long,V
WebComponentFormat,Application,Application,Object,R_O
WebComponentFormat,Parent,Parent,Object,R_O
WebComponentFormat,URL,URL,String,V
WebComponentFormat,HTML,HTML,String,V
WebComponentFormat,Name,Name,String,V
WebComponentFormat,Width,Width,Long,V
WebComponentFormat,Height,Height,Long,V
WebComponentFormat,PreviewGraphic,Preview Graphic,String,V
WebComponentProperties,Shape,Shape,Object,R_O
WebComponentProperties,Name,Name,String,V
WebComponentProperties,URL,URL,String,V
WebComponentProperties,HTML,HTML,String,V
WebComponentProperties,PreviewGraphic,Preview Graphic,String,V
WebComponentProperties,PreviewHTML,Preview HTML,String,V
WebComponentProperties,Width,Width,Long,V
WebComponentProperties,Height,Height,Long,V
WebComponentProperties,Tag,Tag,String,V
WebComponentWindowExternal,InterfaceVersion,Interface Version,Long,R_O
WebComponentWindowExternal,ApplicationName,Application Name,String,R_O
WebComponentWindowExternal,ApplicationVersion,Application Version,Long,R_O
WebComponentWindowExternal,Application,Application,Object,R_O
WebComponentWindowExternal,WebComponent,Web Component,WebComponent,R_O
WebPageFont,Application,Application,Object,R_O
WebPageFont,Creator,Creator,Long,R_O
WebPageFont,ProportionalFont,Proportional Font,String,V
WebPageFont,ProportionalFontSize,Proportional Font Size,Single,V
WebPageFont,FixedWidthFont,Fixed Width Font,String,V
WebPageFont,FixedWidthFontSize,Fixed Width Font Size,Single,V
WebPageFonts,Application,Application,Object,R_O
WebPageFonts,Creator,Creator,Long,R_O
WebPageFonts,Count,Count,Long,R_O
WebPageFonts,Item,Item,WebPageFont,R_O
WebPageFonts,_NewEnum,_New Enum,IUnknown,R_O
WorkflowTask,Application,Application,Object,R_O
WorkflowTask,Creator,Creator,Long,R_O
WorkflowTask,Id,Id,String,R_O
WorkflowTask,ListID,List ID,String,R_O
WorkflowTask,WorkflowID,Workflow ID,String,R_O
WorkflowTask,Name,Name,String,R_O
WorkflowTask,Description,Description,String,R_O
WorkflowTask,AssignedTo,Assigned To,String,R_O
WorkflowTask,CreatedBy,Created By,String,R_O
WorkflowTask,DueDate,Due Date,Date,R_O
WorkflowTask,CreatedDate,Created Date,Date,R_O
WorkflowTasks,Application,Application,Object,R_O
WorkflowTasks,Creator,Creator,Long,R_O
WorkflowTasks,Item,Item,WorkflowTask,R_O
WorkflowTasks,Count,Count,Long,R_O
WorkflowTasks,_NewEnum,_New Enum,IUnknown,R_O
WorkflowTemplate,Application,Application,Object,R_O
WorkflowTemplate,Creator,Creator,Long,R_O
WorkflowTemplate,Id,Id,String,R_O
WorkflowTemplate,Name,Name,String,R_O
WorkflowTemplate,Description,Description,String,R_O
WorkflowTemplate,DocumentLibraryName,Document Library Name,String,R_O
WorkflowTemplate,DocumentLibraryURL,Document Library URL,String,R_O
WorkflowTemplates,Application,Application,Object,R_O
WorkflowTemplates,Creator,Creator,Long,R_O
WorkflowTemplates,Item,Item,WorkflowTemplate,R_O
WorkflowTemplates,Count,Count,Long,R_O
WorkflowTemplates,_NewEnum,_New Enum,IUnknown,R_O
ErrObject,Number,Number,Long,V
ErrObject,Source,Source,String,V
ErrObject,Description,Description,String,V
ErrObject,HelpFile,Help File,String,V
ErrObject,HelpContext,Help Context,Long,V
ErrObject,LastDllError,Last Dll Error,Long,R_O
Font,Name,Name,String,V
Font,Size,Size,Currency,V
Font,Bold,Bold,Boolean,V
Font,Italic,Italic,Boolean,V
Font,Underline,Underline,Boolean,V
Font,Strikethrough,Strikethrough,Boolean,V
Font,Weight,Weight,Integer,V
Font,Charset,Charset,Integer,V
IFont,Name,Name,HRESULT,V
IFont,Size,Size,HRESULT,V
IFont,Bold,Bold,HRESULT,V
IFont,Italic,Italic,HRESULT,V
IFont,Underline,Underline,HRESULT,V
IFont,Strikethrough,Strikethrough,HRESULT,V
IFont,Weight,Weight,HRESULT,V
IFont,Charset,Charset,HRESULT,V
IFont,hFont,h Font,HRESULT,R_O
IPicture,Handle,Handle,HRESULT,R_O
IPicture,hPal,h Pal,HRESULT,V
IPicture,Type,Type,HRESULT,R_O
IPicture,Width,Width,HRESULT,R_O
IPicture,Height,Height,HRESULT,R_O
IPicture,CurDC,Cur DC,HRESULT,R_O
IPicture,KeepOriginalFormat,Keep Original Format,HRESULT,V
IPicture,Attributes,Attributes,HRESULT,R_O
Picture,Handle,Handle,OLE_HANDLE,R_O
Picture,hPal,h Pal,OLE_HANDLE,V
Picture,Type,Type,Integer,R_O
Picture,Width,Width,OLE_XSIZE_HIMETRIC,R_O
Picture,Height,Height,OLE_YSIZE_HIMETRIC,R_O
StdFont,Name,Name,String,V
StdFont,Size,Size,Currency,V
StdFont,Bold,Bold,Boolean,V
StdFont,Italic,Italic,Boolean,V
StdFont,Underline,Underline,Boolean,V
StdFont,Strikethrough,Strikethrough,Boolean,V
StdFont,Weight,Weight,Integer,V
StdFont,Charset,Charset,Integer,V
StdPicture,Handle,Handle,OLE_HANDLE,R_O
StdPicture,hPal,h Pal,OLE_HANDLE,V
StdPicture,Type,Type,Integer,R_O
StdPicture,Width,Width,OLE_XSIZE_HIMETRIC,R_O
StdPicture,Height,Height,OLE_YSIZE_HIMETRIC,R_O
Dictionary,Item,Item,Variant,V
Dictionary,Count,Count,Long,R_O
Dictionary,Key,Key,Variant,W_O
Dictionary,CompareMode,Compare Mode,CompareMethod,V
Drive,Path,Path,String,R_O
Drive,DriveLetter,Drive Letter,String,R_O
Drive,ShareName,Share Name,String,R_O
Drive,DriveType,Drive Type,DriveTypeConst,R_O
Drive,RootFolder,Root Folder,IFolder,R_O
Drive,AvailableSpace,Available Space,Variant,R_O
Drive,FreeSpace,Free Space,Variant,R_O
Drive,TotalSize,Total Size,Variant,R_O
Drive,VolumeName,Volume Name,String,V
Drive,FileSystem,File System,String,R_O
Drive,SerialNumber,Serial Number,Long,R_O
Drive,IsReady,Is Ready,Boolean,R_O
Drives,Item,Item,IDrive,R_O
Drives,Count,Count,Long,R_O
File,Path,Path,String,R_O
File,Name,Name,String,V
File,ShortPath,Short Path,String,R_O
File,ShortName,Short Name,String,R_O
File,Drive,Drive,IDrive,R_O
File,ParentFolder,Parent Folder,IFolder,R_O
File,Attributes,Attributes,FileAttribute,V
File,DateCreated,Date Created,Date,R_O
File,DateLastModified,Date Last Modified,Date,R_O
File,DateLastAccessed,Date Last Accessed,Date,R_O
File,Size,Size,Variant,R_O
File,Type,Type,String,R_O
Files,Item,Item,IFile,R_O
Files,Count,Count,Long,R_O
FileSystemObject,Drives,Drives,IDriveCollection,R_O
Folder,Path,Path,String,R_O
Folder,Name,Name,String,V
Folder,ShortPath,Short Path,String,R_O
Folder,ShortName,Short Name,String,R_O
Folder,Drive,Drive,IDrive,R_O
Folder,ParentFolder,Parent Folder,IFolder,R_O
Folder,Attributes,Attributes,FileAttribute,V
Folder,DateCreated,Date Created,Date,R_O
Folder,DateLastModified,Date Last Modified,Date,R_O
Folder,DateLastAccessed,Date Last Accessed,Date,R_O
Folder,Type,Type,String,R_O
Folder,IsRootFolder,Is Root Folder,Boolean,R_O
Folder,Size,Size,Variant,R_O
Folder,SubFolders,Sub Folders,IFolderCollection,R_O
Folder,Files,Files,IFileCollection,R_O
Folders,Item,Item,IFolder,R_O
Folders,Count,Count,Long,R_O
IDictionary,Item,Item,Variant,V
IDictionary,Count,Count,Long,R_O
IDictionary,Key,Key,Variant,W_O
IDictionary,CompareMode,Compare Mode,CompareMethod,V
IDrive,Path,Path,String,R_O
IDrive,DriveLetter,Drive Letter,String,R_O
IDrive,ShareName,Share Name,String,R_O
IDrive,DriveType,Drive Type,DriveTypeConst,R_O
IDrive,RootFolder,Root Folder,IFolder,R_O
IDrive,AvailableSpace,Available Space,Variant,R_O
IDrive,FreeSpace,Free Space,Variant,R_O
IDrive,TotalSize,Total Size,Variant,R_O
IDrive,VolumeName,Volume Name,String,V
IDrive,FileSystem,File System,String,R_O
IDrive,SerialNumber,Serial Number,Long,R_O
IDrive,IsReady,Is Ready,Boolean,R_O
IDriveCollection,Item,Item,IDrive,R_O
IDriveCollection,Count,Count,Long,R_O
IFile,Path,Path,String,R_O
IFile,Name,Name,String,V
IFile,ShortPath,Short Path,String,R_O
IFile,ShortName,Short Name,String,R_O
IFile,Drive,Drive,IDrive,R_O
IFile,ParentFolder,Parent Folder,IFolder,R_O
IFile,Attributes,Attributes,FileAttribute,V
IFile,DateCreated,Date Created,Date,R_O
IFile,DateLastModified,Date Last Modified,Date,R_O
IFile,DateLastAccessed,Date Last Accessed,Date,R_O
IFile,Size,Size,Variant,R_O
IFile,Type,Type,String,R_O
IFileCollection,Item,Item,IFile,R_O
IFileCollection,Count,Count,Long,R_O
IFileSystem,Drives,Drives,IDriveCollection,R_O
IFileSystem3,Drives,Drives,IDriveCollection,R_O
IFolder,Path,Path,String,R_O
IFolder,Name,Name,String,V
IFolder,ShortPath,Short Path,String,R_O
IFolder,ShortName,Short Name,String,R_O
IFolder,Drive,Drive,IDrive,R_O
IFolder,ParentFolder,Parent Folder,IFolder,R_O
IFolder,Attributes,Attributes,FileAttribute,V
IFolder,DateCreated,Date Created,Date,R_O
IFolder,DateLastModified,Date Last Modified,Date,R_O
IFolder,DateLastAccessed,Date Last Accessed,Date,R_O
IFolder,Type,Type,String,R_O
IFolder,IsRootFolder,Is Root Folder,Boolean,R_O
IFolder,Size,Size,Variant,R_O
IFolder,SubFolders,Sub Folders,IFolderCollection,R_O
IFolder,Files,Files,IFileCollection,R_O
IFolderCollection,Item,Item,IFolder,R_O
IFolderCollection,Count,Count,Long,R_O
ITextStream,Line,Line,Long,R_O
ITextStream,Column,Column,Long,R_O
ITextStream,AtEndOfStream,At End Of Stream,Boolean,R_O
ITextStream,AtEndOfLine,At End Of Line,Boolean,R_O
TextStream,Line,Line,Long,R_O
TextStream,Column,Column,Long,R_O
TextStream,AtEndOfStream,At End Of Stream,Boolean,R_O
TextStream,AtEndOfLine,At End Of Line,Boolean,R_O
CheckBox,Accelerator,Accelerator,String,V
CheckBox,Alignment,Alignment,fmAlignment,V
CheckBox,AutoSize,Auto Size,Boolean,V
CheckBox,BackColor,Back Color,OLE_COLOR,V
CheckBox,BackStyle,Back Style,fmBackStyle,V
CheckBox,Caption,Caption,String,V
CheckBox,Enabled,Enabled,Boolean,V
CheckBox,Font,Font,Font,V
CheckBox,ForeColor,Fore Color,OLE_COLOR,V
CheckBox,Locked,Locked,Boolean,V
CheckBox,MouseIcon,Mouse Icon,Picture,V
CheckBox,MousePointer,Mouse Pointer,fmMousePointer,V
CheckBox,Picture,Picture,Picture,V
CheckBox,PicturePosition,Picture Position,fmPicturePosition,V
CheckBox,SpecialEffect,Special Effect,fmButtonEffect,V
CheckBox,TripleState,Triple State,Boolean,V
CheckBox,Value,Value,Variant,V
CheckBox,WordWrap,Word Wrap,Boolean,V
CheckBox,GroupName,Group Name,String,V
CheckBox,TextAlign,Text Align,fmTextAlign,V
CheckBox2,Accelerator,Accelerator,String,V
CheckBox2,Alignment,Alignment,fmAlignment,V
CheckBox2,AutoSize,Auto Size,Boolean,V
CheckBox2,BackColor,Back Color,OLE_COLOR,V
CheckBox2,BackStyle,Back Style,fmBackStyle,V
CheckBox2,Caption,Caption,String,V
CheckBox2,Enabled,Enabled,Boolean,V
CheckBox2,Font,Font,Font,V
CheckBox2,ForeColor,Fore Color,OLE_COLOR,V
CheckBox2,Locked,Locked,Boolean,V
CheckBox2,MouseIcon,Mouse Icon,Picture,V
CheckBox2,MousePointer,Mouse Pointer,fmMousePointer,V
CheckBox2,Picture,Picture,Picture,V
CheckBox2,PicturePosition,Picture Position,fmPicturePosition,V
CheckBox2,SpecialEffect,Special Effect,fmButtonEffect,V
CheckBox2,TripleState,Triple State,Boolean,V
CheckBox2,Value,Value,Variant,V
CheckBox2,WordWrap,Word Wrap,Boolean,V
CheckBox2,GroupName,Group Name,String,V
CheckBox2,TextAlign,Text Align,fmTextAlign,V
ComboBox,AutoSize,Auto Size,Boolean,V
ComboBox,AutoTab,Auto Tab,Boolean,V
ComboBox,AutoWordSelect,Auto Word Select,Boolean,V
ComboBox,BackColor,Back Color,OLE_COLOR,V
ComboBox,BackStyle,Back Style,fmBackStyle,V
ComboBox,BorderColor,Border Color,OLE_COLOR,V
ComboBox,BorderStyle,Border Style,fmBorderStyle,V
ComboBox,BoundColumn,Bound Column,Variant,V
ComboBox,CanPaste,Can Paste,Boolean,R_O
ComboBox,ColumnCount,Column Count,Long,V
ComboBox,ColumnHeads,Column Heads,Boolean,V
ComboBox,ColumnWidths,Column Widths,String,V
ComboBox,CurTargetX,Cur Target X,Long,R_O
ComboBox,CurX,Cur X,Long,V
ComboBox,DropButtonStyle,Drop Button Style,fmDropButtonStyle,V
ComboBox,Enabled,Enabled,Boolean,V
ComboBox,Font,Font,Font,V
ComboBox,ForeColor,Fore Color,OLE_COLOR,V
ComboBox,HideSelection,Hide Selection,Boolean,V
ComboBox,LineCount,Line Count,Long,R_O
ComboBox,ListCount,List Count,Long,R_O
ComboBox,ListIndex,List Index,Variant,V
ComboBox,ListRows,List Rows,Long,V
ComboBox,ListStyle,List Style,fmListStyle,V
ComboBox,ListWidth,List Width,Variant,V
ComboBox,Locked,Locked,Boolean,V
ComboBox,MatchEntry,Match Entry,fmMatchEntry,V
ComboBox,MatchFound,Match Found,Boolean,R_O
ComboBox,MatchRequired,Match Required,Boolean,V
ComboBox,MaxLength,Max Length,Long,V
ComboBox,MouseIcon,Mouse Icon,Picture,V
ComboBox,MousePointer,Mouse Pointer,fmMousePointer,V
ComboBox,SelectionMargin,Selection Margin,Boolean,V
ComboBox,SelLength,Sel Length,Long,V
ComboBox,SelStart,Sel Start,Long,V
ComboBox,SelText,Sel Text,String,V
ComboBox,ShowDropButtonWhen,Show Drop Button When,fmShowDropButtonWhen,V
ComboBox,SpecialEffect,Special Effect,fmSpecialEffect,V
ComboBox,Style,Style,fmStyle,V
ComboBox,Text,Text,String,V
ComboBox,TextAlign,Text Align,fmTextAlign,V
ComboBox,TextColumn,Text Column,Variant,V
ComboBox,TextLength,Text Length,Long,R_O
ComboBox,TopIndex,Top Index,Variant,V
ComboBox,Value,Value,Variant,V
ComboBox,Column,Column,Variant,V
ComboBox,List,List,Variant,V
ComboBox,IMEMode,IME Mode,fmIMEMode,V
ComboBox,EnterFieldBehavior,Enter Field Behavior,fmEnterFieldBehavior,V
ComboBox,DragBehavior,Drag Behavior,fmDragBehavior,V
ComboBox2,AutoSize,Auto Size,Boolean,V
ComboBox2,AutoTab,Auto Tab,Boolean,V
ComboBox2,AutoWordSelect,Auto Word Select,Boolean,V
ComboBox2,BackColor,Back Color,OLE_COLOR,V
ComboBox2,BackStyle,Back Style,fmBackStyle,V
ComboBox2,BorderColor,Border Color,OLE_COLOR,V
ComboBox2,BorderStyle,Border Style,fmBorderStyle,V
ComboBox2,BoundColumn,Bound Column,Variant,V
ComboBox2,CanPaste,Can Paste,Boolean,R_O
ComboBox2,ColumnCount,Column Count,Long,V
ComboBox2,ColumnHeads,Column Heads,Boolean,V
ComboBox2,ColumnWidths,Column Widths,String,V
ComboBox2,CurTargetX,Cur Target X,Long,R_O
ComboBox2,CurX,Cur X,Long,V
ComboBox2,DropButtonStyle,Drop Button Style,fmDropButtonStyle,V
ComboBox2,Enabled,Enabled,Boolean,V
ComboBox2,Font,Font,Font,V
ComboBox2,ForeColor,Fore Color,OLE_COLOR,V
ComboBox2,HideSelection,Hide Selection,Boolean,V
ComboBox2,LineCount,Line Count,Long,R_O
ComboBox2,ListCount,List Count,Long,R_O
ComboBox2,ListIndex,List Index,Variant,V
ComboBox2,ListRows,List Rows,Long,V
ComboBox2,ListStyle,List Style,fmListStyle,V
ComboBox2,ListWidth,List Width,Variant,V
ComboBox2,Locked,Locked,Boolean,V
ComboBox2,MatchEntry,Match Entry,fmMatchEntry,V
ComboBox2,MatchFound,Match Found,Boolean,R_O
ComboBox2,MatchRequired,Match Required,Boolean,V
ComboBox2,MaxLength,Max Length,Long,V
ComboBox2,MouseIcon,Mouse Icon,Picture,V
ComboBox2,MousePointer,Mouse Pointer,fmMousePointer,V
ComboBox2,SelectionMargin,Selection Margin,Boolean,V
ComboBox2,SelLength,Sel Length,Long,V
ComboBox2,SelStart,Sel Start,Long,V
ComboBox2,SelText,Sel Text,String,V
ComboBox2,ShowDropButtonWhen,Show Drop Button When,fmShowDropButtonWhen,V
ComboBox2,SpecialEffect,Special Effect,fmSpecialEffect,V
ComboBox2,Style,Style,fmStyle,V
ComboBox2,Text,Text,String,V
ComboBox2,TextAlign,Text Align,fmTextAlign,V
ComboBox2,TextColumn,Text Column,Variant,V
ComboBox2,TextLength,Text Length,Long,R_O
ComboBox2,TopIndex,Top Index,Variant,V
ComboBox2,Value,Value,Variant,V
ComboBox2,Column,Column,Variant,V
ComboBox2,List,List,Variant,V
ComboBox2,IMEMode,IME Mode,fmIMEMode,V
ComboBox2,EnterFieldBehavior,Enter Field Behavior,fmEnterFieldBehavior,V
ComboBox2,DragBehavior,Drag Behavior,fmDragBehavior,V
CommandButton,AutoSize,Auto Size,Boolean,V
CommandButton,BackColor,Back Color,OLE_COLOR,V
CommandButton,BackStyle,Back Style,fmBackStyle,V
CommandButton,Caption,Caption,String,V
CommandButton,Enabled,Enabled,Boolean,V
CommandButton,Font,Font,Font,V
CommandButton,ForeColor,Fore Color,OLE_COLOR,V
CommandButton,TakeFocusOnClick,Take Focus On Click,Boolean,V
CommandButton,Locked,Locked,Boolean,V
CommandButton,MouseIcon,Mouse Icon,Picture,V
CommandButton,MousePointer,Mouse Pointer,fmMousePointer,V
CommandButton,Picture,Picture,Picture,V
CommandButton,PicturePosition,Picture Position,fmPicturePosition,V
CommandButton,Accelerator,Accelerator,String,V
CommandButton,WordWrap,Word Wrap,Boolean,V
CommandButton2,AutoSize,Auto Size,Boolean,V
CommandButton2,BackColor,Back Color,OLE_COLOR,V
CommandButton2,BackStyle,Back Style,fmBackStyle,V
CommandButton2,Caption,Caption,String,V
CommandButton2,Enabled,Enabled,Boolean,V
CommandButton2,Font,Font,Font,V
CommandButton2,ForeColor,Fore Color,OLE_COLOR,V
CommandButton2,TakeFocusOnClick,Take Focus On Click,Boolean,V
CommandButton2,Locked,Locked,Boolean,V
CommandButton2,MouseIcon,Mouse Icon,Picture,V
CommandButton2,MousePointer,Mouse Pointer,fmMousePointer,V
CommandButton2,Picture,Picture,Picture,V
CommandButton2,PicturePosition,Picture Position,fmPicturePosition,V
CommandButton2,Accelerator,Accelerator,String,V
CommandButton2,WordWrap,Word Wrap,Boolean,V
Control,Cancel,Cancel,Boolean,V
Control,ControlSource,Control Source,String,V
Control,ControlTipText,Control Tip Text,String,V
Control,Default,Default,Boolean,V
Control,Height,Height,Single,V
Control,HelpContextID,Help Context ID,Long,V
Control,LayoutEffect,Layout Effect,fmLayoutEffect,R_O
Control,Left,Left,Single,V
Control,Name,Name,String,V
Control,OldHeight,Old Height,Single,R_O
Control,OldLeft,Old Left,Single,R_O
Control,OldTop,Old Top,Single,R_O
Control,OldWidth,Old Width,Single,R_O
Control,Object,Object,Object,R_O
Control,Parent,Parent,Object,R_O
Control,RowSource,Row Source,String,V
Control,RowSourceType,Row Source Type,Integer,V
Control,TabIndex,Tab Index,Integer,V
Control,TabStop,Tab Stop,Boolean,V
Control,Tag,Tag,String,V
Control,Top,Top,Single,V
Control,Visible,Visible,Boolean,V
Control,Width,Width,Single,V
Controls,Count,Count,Long,R_O
Controls,_NewEnum,_New Enum,IUnknown,R_O
Font,Name,Name,String,V
Font,Size,Size,Currency,V
Font,Bold,Bold,Boolean,V
Font,Italic,Italic,Boolean,V
Font,Underline,Underline,Boolean,V
Font,Strikethrough,Strikethrough,Boolean,V
Font,Weight,Weight,Integer,V
Font,Charset,Charset,Integer,V
Frame,ActiveControl,Active Control,Control,R_O
Frame,BackColor,Back Color,OLE_COLOR,V
Frame,BorderColor,Border Color,OLE_COLOR,V
Frame,BorderStyle,Border Style,fmBorderStyle,V
Frame,CanPaste,Can Paste,Boolean,R_O
Frame,CanRedo,Can Redo,Boolean,R_O
Frame,CanUndo,Can Undo,Boolean,R_O
Frame,Caption,Caption,String,V
Frame,Controls,Controls,Controls,R_O
Frame,Cycle,Cycle,fmCycle,V
Frame,Enabled,Enabled,Boolean,V
Frame,Font,Font,Font,V
Frame,ForeColor,Fore Color,OLE_COLOR,V
Frame,InsideHeight,Inside Height,Single,R_O
Frame,InsideWidth,Inside Width,Single,R_O
Frame,KeepScrollBarsVisible,Keep Scroll Bars Visible,fmScrollBars,V
Frame,MouseIcon,Mouse Icon,Picture,V
Frame,MousePointer,Mouse Pointer,fmMousePointer,V
Frame,PictureAlignment,Picture Alignment,fmPictureAlignment,V
Frame,Picture,Picture,Picture,V
Frame,PictureSizeMode,Picture Size Mode,fmPictureSizeMode,V
Frame,PictureTiling,Picture Tiling,Boolean,V
Frame,ScrollBars,Scroll Bars,fmScrollBars,V
Frame,ScrollHeight,Scroll Height,Single,V
Frame,ScrollLeft,Scroll Left,Single,V
Frame,ScrollTop,Scroll Top,Single,V
Frame,ScrollWidth,Scroll Width,Single,V
Frame,SpecialEffect,Special Effect,fmSpecialEffect,V
Frame,VerticalScrollBarSide,Vertical Scroll Bar Side,fmVerticalScrollBarSide,V
Frame,Zoom,Zoom,Integer,V
Frame2,ActiveControl,Active Control,Control,R_O
Frame2,BackColor,Back Color,OLE_COLOR,V
Frame2,BorderColor,Border Color,OLE_COLOR,V
Frame2,BorderStyle,Border Style,fmBorderStyle,V
Frame2,CanPaste,Can Paste,Boolean,R_O
Frame2,CanRedo,Can Redo,Boolean,R_O
Frame2,CanUndo,Can Undo,Boolean,R_O
Frame2,Caption,Caption,String,V
Frame2,Controls,Controls,Controls,R_O
Frame2,Cycle,Cycle,fmCycle,V
Frame2,Enabled,Enabled,Boolean,V
Frame2,Font,Font,Font,V
Frame2,ForeColor,Fore Color,OLE_COLOR,V
Frame2,InsideHeight,Inside Height,Single,R_O
Frame2,InsideWidth,Inside Width,Single,R_O
Frame2,KeepScrollBarsVisible,Keep Scroll Bars Visible,fmScrollBars,V
Frame2,MouseIcon,Mouse Icon,Picture,V
Frame2,MousePointer,Mouse Pointer,fmMousePointer,V
Frame2,PictureAlignment,Picture Alignment,fmPictureAlignment,V
Frame2,Picture,Picture,Picture,V
Frame2,PictureSizeMode,Picture Size Mode,fmPictureSizeMode,V
Frame2,PictureTiling,Picture Tiling,Boolean,V
Frame2,ScrollBars,Scroll Bars,fmScrollBars,V
Frame2,ScrollHeight,Scroll Height,Single,V
Frame2,ScrollLeft,Scroll Left,Single,V
Frame2,ScrollTop,Scroll Top,Single,V
Frame2,ScrollWidth,Scroll Width,Single,V
Frame2,SpecialEffect,Special Effect,fmSpecialEffect,V
Frame2,VerticalScrollBarSide,Vertical Scroll Bar Side,fmVerticalScrollBarSide,V
Frame2,Zoom,Zoom,Integer,V
HTMLCheckbox,HTMLName,HTML Name,String,V
HTMLCheckbox,Value,Value,String,V
HTMLCheckbox,Checked,Checked,Boolean,V
HTMLCheckbox2,HTMLName,HTML Name,String,V
HTMLCheckbox2,Value,Value,String,V
HTMLCheckbox2,Checked,Checked,Boolean,V
HTMLHidden,HTMLName,HTML Name,String,V
HTMLHidden,Value,Value,String,V
HTMLHidden2,HTMLName,HTML Name,String,V
HTMLHidden2,Value,Value,String,V
HTMLImage,Action,Action,String,V
HTMLImage,Source,Source,String,V
HTMLImage,Encoding,Encoding,String,V
HTMLImage,Method,Method,String,V
HTMLImage,HTMLName,HTML Name,String,V
HTMLImage2,Action,Action,String,V
HTMLImage2,Source,Source,String,V
HTMLImage2,Encoding,Encoding,String,V
HTMLImage2,Method,Method,String,V
HTMLImage2,HTMLName,HTML Name,String,V
HTMLOption,HTMLName,HTML Name,String,V
HTMLOption,Value,Value,String,V
HTMLOption,Checked,Checked,Boolean,V
HTMLOption2,HTMLName,HTML Name,String,V
HTMLOption2,Value,Value,String,V
HTMLOption2,Checked,Checked,Boolean,V
HTMLPassword,HTMLName,HTML Name,String,V
HTMLPassword,Value,Value,String,V
HTMLPassword,MaxLength,Max Length,Long,V
HTMLPassword,Width,Width,Long,V
HTMLPassword2,HTMLName,HTML Name,String,V
HTMLPassword2,Value,Value,String,V
HTMLPassword2,MaxLength,Max Length,Long,V
HTMLPassword2,Width,Width,Long,V
HTMLReset,Caption,Caption,String,V
HTMLReset,HTMLName,HTML Name,String,V
HTMLReset2,Caption,Caption,String,V
HTMLReset2,HTMLName,HTML Name,String,V
HTMLSelect,HTMLName,HTML Name,String,V
HTMLSelect,Values,Values,Variant,V
HTMLSelect,DisplayValues,Display Values,Variant,V
HTMLSelect,Selected,Selected,String,V
HTMLSelect,MultiSelect,Multi Select,Boolean,V
HTMLSelect,Size,Size,Long,V
HTMLSelect2,HTMLName,HTML Name,String,V
HTMLSelect2,Values,Values,Variant,V
HTMLSelect2,DisplayValues,Display Values,Variant,V
HTMLSelect2,Selected,Selected,String,V
HTMLSelect2,MultiSelect,Multi Select,Boolean,V
HTMLSelect2,Size,Size,Long,V
HTMLSubmit,Action,Action,String,V
HTMLSubmit,Caption,Caption,String,V
HTMLSubmit,Encoding,Encoding,String,V
HTMLSubmit,Method,Method,String,V
HTMLSubmit,HTMLName,HTML Name,String,V
HTMLSubmit2,Action,Action,String,V
HTMLSubmit2,Caption,Caption,String,V
HTMLSubmit2,Encoding,Encoding,String,V
HTMLSubmit2,Method,Method,String,V
HTMLSubmit2,HTMLName,HTML Name,String,V
HTMLText,HTMLName,HTML Name,String,V
HTMLText,Value,Value,String,V
HTMLText,MaxLength,Max Length,Long,V
HTMLText,Width,Width,Long,V
HTMLText2,HTMLName,HTML Name,String,V
HTMLText2,Value,Value,String,V
HTMLText2,MaxLength,Max Length,Long,V
HTMLText2,Width,Width,Long,V
HTMLTextArea,HTMLName,HTML Name,String,V
HTMLTextArea,Value,Value,String,V
HTMLTextArea,Rows,Rows,Long,V
HTMLTextArea,Columns,Columns,Long,V
HTMLTextArea,WordWrap,Word Wrap,String,V
HTMLTextArea2,HTMLName,HTML Name,String,V
HTMLTextArea2,Value,Value,String,V
HTMLTextArea2,Rows,Rows,Long,V
HTMLTextArea2,Columns,Columns,Long,V
HTMLTextArea2,WordWrap,Word Wrap,String,V
ICommandButton,AutoSize,Auto Size,Boolean,V
ICommandButton,BackColor,Back Color,OLE_COLOR,V
ICommandButton,BackStyle,Back Style,fmBackStyle,V
ICommandButton,Caption,Caption,String,V
ICommandButton,Enabled,Enabled,Boolean,V
ICommandButton,Font,Font,Font,V
ICommandButton,ForeColor,Fore Color,OLE_COLOR,V
ICommandButton,TakeFocusOnClick,Take Focus On Click,Boolean,V
ICommandButton,Locked,Locked,Boolean,V
ICommandButton,MouseIcon,Mouse Icon,Picture,V
ICommandButton,MousePointer,Mouse Pointer,fmMousePointer,V
ICommandButton,Picture,Picture,Picture,V
ICommandButton,PicturePosition,Picture Position,fmPicturePosition,V
ICommandButton,Accelerator,Accelerator,String,V
ICommandButton,WordWrap,Word Wrap,Boolean,V
IControl,Cancel,Cancel,Boolean,V
IControl,ControlSource,Control Source,String,V
IControl,ControlTipText,Control Tip Text,String,V
IControl,Default,Default,Boolean,V
IControl,Height,Height,Single,V
IControl,HelpContextID,Help Context ID,Long,V
IControl,LayoutEffect,Layout Effect,fmLayoutEffect,R_O
IControl,Left,Left,Single,V
IControl,Name,Name,String,V
IControl,OldHeight,Old Height,Single,R_O
IControl,OldLeft,Old Left,Single,R_O
IControl,OldTop,Old Top,Single,R_O
IControl,OldWidth,Old Width,Single,R_O
IControl,Object,Object,Object,R_O
IControl,Parent,Parent,Object,R_O
IControl,RowSource,Row Source,String,V
IControl,RowSourceType,Row Source Type,Integer,V
IControl,TabIndex,Tab Index,Integer,V
IControl,TabStop,Tab Stop,Boolean,V
IControl,Tag,Tag,String,V
IControl,Top,Top,Single,V
IControl,Visible,Visible,Boolean,V
IControl,Width,Width,Single,V
IFont,Name,Name,HRESULT,V
IFont,Size,Size,HRESULT,V
IFont,Bold,Bold,HRESULT,V
IFont,Italic,Italic,HRESULT,V
IFont,Underline,Underline,HRESULT,V
IFont,Strikethrough,Strikethrough,HRESULT,V
IFont,Weight,Weight,HRESULT,V
IFont,Charset,Charset,HRESULT,V
IFont,hFont,h Font,HRESULT,R_O
IImage,Enabled,Enabled,Boolean,V
IImage,MousePointer,Mouse Pointer,fmMousePointer,V
IImage,AutoSize,Auto Size,Boolean,V
IImage,BackColor,Back Color,OLE_COLOR,V
IImage,BackStyle,Back Style,fmBackStyle,V
IImage,BorderColor,Border Color,OLE_COLOR,V
IImage,BorderStyle,Border Style,fmBorderStyle,V
IImage,Picture,Picture,Picture,V
IImage,MouseIcon,Mouse Icon,Picture,V
IImage,PictureSizeMode,Picture Size Mode,fmPictureSizeMode,V
IImage,PictureAlignment,Picture Alignment,fmPictureAlignment,V
IImage,PictureTiling,Picture Tiling,Boolean,V
IImage,SpecialEffect,Special Effect,fmSpecialEffect,V
ILabelControl,AutoSize,Auto Size,Boolean,V
ILabelControl,BackColor,Back Color,OLE_COLOR,V
ILabelControl,BackStyle,Back Style,fmBackStyle,V
ILabelControl,BorderColor,Border Color,OLE_COLOR,V
ILabelControl,BorderStyle,Border Style,fmBorderStyle,V
ILabelControl,Caption,Caption,String,V
ILabelControl,Enabled,Enabled,Boolean,V
ILabelControl,Font,Font,Font,V
ILabelControl,ForeColor,Fore Color,OLE_COLOR,V
ILabelControl,MouseIcon,Mouse Icon,Picture,V
ILabelControl,MousePointer,Mouse Pointer,fmMousePointer,V
ILabelControl,Picture,Picture,Picture,V
ILabelControl,PicturePosition,Picture Position,fmPicturePosition,V
ILabelControl,SpecialEffect,Special Effect,fmSpecialEffect,V
ILabelControl,TextAlign,Text Align,fmTextAlign,V
ILabelControl,WordWrap,Word Wrap,Boolean,V
ILabelControl,Accelerator,Accelerator,String,V
Image,Enabled,Enabled,Boolean,V
Image,MousePointer,Mouse Pointer,fmMousePointer,V
Image,AutoSize,Auto Size,Boolean,V
Image,BackColor,Back Color,OLE_COLOR,V
Image,BackStyle,Back Style,fmBackStyle,V
Image,BorderColor,Border Color,OLE_COLOR,V
Image,BorderStyle,Border Style,fmBorderStyle,V
Image,Picture,Picture,Picture,V
Image,MouseIcon,Mouse Icon,Picture,V
Image,PictureSizeMode,Picture Size Mode,fmPictureSizeMode,V
Image,PictureAlignment,Picture Alignment,fmPictureAlignment,V
Image,PictureTiling,Picture Tiling,Boolean,V
Image,SpecialEffect,Special Effect,fmSpecialEffect,V
Image2,Enabled,Enabled,Boolean,V
Image2,MousePointer,Mouse Pointer,fmMousePointer,V
Image2,AutoSize,Auto Size,Boolean,V
Image2,BackColor,Back Color,OLE_COLOR,V
Image2,BackStyle,Back Style,fmBackStyle,V
Image2,BorderColor,Border Color,OLE_COLOR,V
Image2,BorderStyle,Border Style,fmBorderStyle,V
Image2,Picture,Picture,Picture,V
Image2,MouseIcon,Mouse Icon,Picture,V
Image2,PictureSizeMode,Picture Size Mode,fmPictureSizeMode,V
Image2,PictureAlignment,Picture Alignment,fmPictureAlignment,V
Image2,PictureTiling,Picture Tiling,Boolean,V
Image2,SpecialEffect,Special Effect,fmSpecialEffect,V
IMdcCheckBox,Accelerator,Accelerator,String,V
IMdcCheckBox,Alignment,Alignment,fmAlignment,V
IMdcCheckBox,AutoSize,Auto Size,Boolean,V
IMdcCheckBox,BackColor,Back Color,OLE_COLOR,V
IMdcCheckBox,BackStyle,Back Style,fmBackStyle,V
IMdcCheckBox,Caption,Caption,String,V
IMdcCheckBox,Enabled,Enabled,Boolean,V
IMdcCheckBox,Font,Font,Font,V
IMdcCheckBox,ForeColor,Fore Color,OLE_COLOR,V
IMdcCheckBox,Locked,Locked,Boolean,V
IMdcCheckBox,MouseIcon,Mouse Icon,Picture,V
IMdcCheckBox,MousePointer,Mouse Pointer,fmMousePointer,V
IMdcCheckBox,Picture,Picture,Picture,V
IMdcCheckBox,PicturePosition,Picture Position,fmPicturePosition,V
IMdcCheckBox,SpecialEffect,Special Effect,fmButtonEffect,V
IMdcCheckBox,TripleState,Triple State,Boolean,V
IMdcCheckBox,Value,Value,Variant,V
IMdcCheckBox,WordWrap,Word Wrap,Boolean,V
IMdcCheckBox,GroupName,Group Name,String,V
IMdcCheckBox,TextAlign,Text Align,fmTextAlign,V
IMdcCombo,AutoSize,Auto Size,Boolean,V
IMdcCombo,AutoTab,Auto Tab,Boolean,V
IMdcCombo,AutoWordSelect,Auto Word Select,Boolean,V
IMdcCombo,BackColor,Back Color,OLE_COLOR,V
IMdcCombo,BackStyle,Back Style,fmBackStyle,V
IMdcCombo,BorderColor,Border Color,OLE_COLOR,V
IMdcCombo,BorderStyle,Border Style,fmBorderStyle,V
IMdcCombo,BoundColumn,Bound Column,Variant,V
IMdcCombo,CanPaste,Can Paste,Boolean,R_O
IMdcCombo,ColumnCount,Column Count,Long,V
IMdcCombo,ColumnHeads,Column Heads,Boolean,V
IMdcCombo,ColumnWidths,Column Widths,String,V
IMdcCombo,CurTargetX,Cur Target X,Long,R_O
IMdcCombo,CurX,Cur X,Long,V
IMdcCombo,DropButtonStyle,Drop Button Style,fmDropButtonStyle,V
IMdcCombo,Enabled,Enabled,Boolean,V
IMdcCombo,Font,Font,Font,V
IMdcCombo,ForeColor,Fore Color,OLE_COLOR,V
IMdcCombo,HideSelection,Hide Selection,Boolean,V
IMdcCombo,LineCount,Line Count,Long,R_O
IMdcCombo,ListCount,List Count,Long,R_O
IMdcCombo,ListIndex,List Index,Variant,V
IMdcCombo,ListRows,List Rows,Long,V
IMdcCombo,ListStyle,List Style,fmListStyle,V
IMdcCombo,ListWidth,List Width,Variant,V
IMdcCombo,Locked,Locked,Boolean,V
IMdcCombo,MatchEntry,Match Entry,fmMatchEntry,V
IMdcCombo,MatchFound,Match Found,Boolean,R_O
IMdcCombo,MatchRequired,Match Required,Boolean,V
IMdcCombo,MaxLength,Max Length,Long,V
IMdcCombo,MouseIcon,Mouse Icon,Picture,V
IMdcCombo,MousePointer,Mouse Pointer,fmMousePointer,V
IMdcCombo,SelectionMargin,Selection Margin,Boolean,V
IMdcCombo,SelLength,Sel Length,Long,V
IMdcCombo,SelStart,Sel Start,Long,V
IMdcCombo,SelText,Sel Text,String,V
IMdcCombo,ShowDropButtonWhen,Show Drop Button When,fmShowDropButtonWhen,V
IMdcCombo,SpecialEffect,Special Effect,fmSpecialEffect,V
IMdcCombo,Style,Style,fmStyle,V
IMdcCombo,Text,Text,String,V
IMdcCombo,TextAlign,Text Align,fmTextAlign,V
IMdcCombo,TextColumn,Text Column,Variant,V
IMdcCombo,TextLength,Text Length,Long,R_O
IMdcCombo,TopIndex,Top Index,Variant,V
IMdcCombo,Value,Value,Variant,V
IMdcCombo,Column,Column,Variant,V
IMdcCombo,List,List,Variant,V
IMdcCombo,IMEMode,IME Mode,fmIMEMode,V
IMdcCombo,EnterFieldBehavior,Enter Field Behavior,fmEnterFieldBehavior,V
IMdcCombo,DragBehavior,Drag Behavior,fmDragBehavior,V
IMdcList,BackColor,Back Color,OLE_COLOR,V
IMdcList,BorderColor,Border Color,OLE_COLOR,V
IMdcList,BorderStyle,Border Style,fmBorderStyle,V
IMdcList,BoundColumn,Bound Column,Variant,V
IMdcList,ColumnCount,Column Count,Long,V
IMdcList,ColumnHeads,Column Heads,Boolean,V
IMdcList,ColumnWidths,Column Widths,String,V
IMdcList,Enabled,Enabled,Boolean,V
IMdcList,Font,Font,Font,V
IMdcList,ForeColor,Fore Color,OLE_COLOR,V
IMdcList,IntegralHeight,Integral Height,Boolean,V
IMdcList,ListCount,List Count,Long,R_O
IMdcList,ListIndex,List Index,Variant,V
IMdcList,ListStyle,List Style,fmListStyle,V
IMdcList,Locked,Locked,Boolean,V
IMdcList,MatchEntry,Match Entry,fmMatchEntry,V
IMdcList,MouseIcon,Mouse Icon,Picture,V
IMdcList,MousePointer,Mouse Pointer,fmMousePointer,V
IMdcList,MultiSelect,Multi Select,fmMultiSelect,V
IMdcList,SpecialEffect,Special Effect,fmSpecialEffect,V
IMdcList,Text,Text,String,V
IMdcList,TextColumn,Text Column,Variant,V
IMdcList,TopIndex,Top Index,Variant,V
IMdcList,Value,Value,Variant,V
IMdcList,Column,Column,Variant,V
IMdcList,List,List,Variant,V
IMdcList,Selected,Selected,Boolean,V
IMdcList,IMEMode,IME Mode,fmIMEMode,V
IMdcList,TextAlign,Text Align,fmTextAlign,V
IMdcOptionButton,Accelerator,Accelerator,String,V
IMdcOptionButton,Alignment,Alignment,fmAlignment,V
IMdcOptionButton,AutoSize,Auto Size,Boolean,V
IMdcOptionButton,BackColor,Back Color,OLE_COLOR,V
IMdcOptionButton,BackStyle,Back Style,fmBackStyle,V
IMdcOptionButton,Caption,Caption,String,V
IMdcOptionButton,Enabled,Enabled,Boolean,V
IMdcOptionButton,Font,Font,Font,V
IMdcOptionButton,ForeColor,Fore Color,OLE_COLOR,V
IMdcOptionButton,Locked,Locked,Boolean,V
IMdcOptionButton,MouseIcon,Mouse Icon,Picture,V
IMdcOptionButton,MousePointer,Mouse Pointer,fmMousePointer,V
IMdcOptionButton,Picture,Picture,Picture,V
IMdcOptionButton,PicturePosition,Picture Position,fmPicturePosition,V
IMdcOptionButton,SpecialEffect,Special Effect,fmButtonEffect,V
IMdcOptionButton,TripleState,Triple State,Boolean,V
IMdcOptionButton,Value,Value,Variant,V
IMdcOptionButton,WordWrap,Word Wrap,Boolean,V
IMdcOptionButton,GroupName,Group Name,String,V
IMdcOptionButton,TextAlign,Text Align,fmTextAlign,V
IMdcText,AutoSize,Auto Size,Boolean,V
IMdcText,AutoTab,Auto Tab,Boolean,V
IMdcText,AutoWordSelect,Auto Word Select,Boolean,V
IMdcText,BackColor,Back Color,OLE_COLOR,V
IMdcText,BackStyle,Back Style,fmBackStyle,V
IMdcText,BorderColor,Border Color,OLE_COLOR,V
IMdcText,BorderStyle,Border Style,fmBorderStyle,V
IMdcText,CanPaste,Can Paste,Boolean,R_O
IMdcText,CurLine,Cur Line,Long,V
IMdcText,CurTargetX,Cur Target X,Long,R_O
IMdcText,CurX,Cur X,Long,V
IMdcText,EnterKeyBehavior,Enter Key Behavior,Boolean,V
IMdcText,Enabled,Enabled,Boolean,V
IMdcText,Font,Font,Font,V
IMdcText,ForeColor,Fore Color,OLE_COLOR,V
IMdcText,HideSelection,Hide Selection,Boolean,V
IMdcText,IntegralHeight,Integral Height,Boolean,V
IMdcText,LineCount,Line Count,Long,R_O
IMdcText,Locked,Locked,Boolean,V
IMdcText,MaxLength,Max Length,Long,V
IMdcText,MouseIcon,Mouse Icon,Picture,V
IMdcText,MousePointer,Mouse Pointer,fmMousePointer,V
IMdcText,MultiLine,Multi Line,Boolean,V
IMdcText,PasswordChar,Password Char,String,V
IMdcText,ScrollBars,Scroll Bars,fmScrollBars,V
IMdcText,SelectionMargin,Selection Margin,Boolean,V
IMdcText,SelLength,Sel Length,Long,V
IMdcText,SelStart,Sel Start,Long,V
IMdcText,SelText,Sel Text,String,V
IMdcText,SpecialEffect,Special Effect,fmSpecialEffect,V
IMdcText,TabKeyBehavior,Tab Key Behavior,Boolean,V
IMdcText,Text,Text,String,V
IMdcText,TextAlign,Text Align,fmTextAlign,V
IMdcText,TextLength,Text Length,Long,R_O
IMdcText,Value,Value,Variant,V
IMdcText,WordWrap,Word Wrap,Boolean,V
IMdcText,IMEMode,IME Mode,fmIMEMode,V
IMdcText,EnterFieldBehavior,Enter Field Behavior,fmEnterFieldBehavior,V
IMdcText,DragBehavior,Drag Behavior,fmDragBehavior,V
IMdcToggleButton,Accelerator,Accelerator,String,V
IMdcToggleButton,Alignment,Alignment,fmAlignment,V
IMdcToggleButton,AutoSize,Auto Size,Boolean,V
IMdcToggleButton,BackColor,Back Color,OLE_COLOR,V
IMdcToggleButton,BackStyle,Back Style,fmBackStyle,V
IMdcToggleButton,Caption,Caption,String,V
IMdcToggleButton,Enabled,Enabled,Boolean,V
IMdcToggleButton,Font,Font,Font,V
IMdcToggleButton,ForeColor,Fore Color,OLE_COLOR,V
IMdcToggleButton,Locked,Locked,Boolean,V
IMdcToggleButton,MouseIcon,Mouse Icon,Picture,V
IMdcToggleButton,MousePointer,Mouse Pointer,fmMousePointer,V
IMdcToggleButton,Picture,Picture,Picture,V
IMdcToggleButton,PicturePosition,Picture Position,fmPicturePosition,V
IMdcToggleButton,SpecialEffect,Special Effect,fmButtonEffect,V
IMdcToggleButton,TripleState,Triple State,Boolean,V
IMdcToggleButton,Value,Value,Variant,V
IMdcToggleButton,WordWrap,Word Wrap,Boolean,V
IMdcToggleButton,GroupName,Group Name,String,V
IMdcToggleButton,TextAlign,Text Align,fmTextAlign,V
IMultiPage,BackColor,Back Color,OLE_COLOR,V
IMultiPage,ForeColor,Fore Color,OLE_COLOR,V
IMultiPage,Font,Font,Font,V
IMultiPage,MultiRow,Multi Row,Boolean,V
IMultiPage,Style,Style,fmTabStyle,V
IMultiPage,TabOrientation,Tab Orientation,fmTabOrientation,V
IMultiPage,Enabled,Enabled,Boolean,V
IMultiPage,SelectedItem,Selected Item,Page,R_O
IMultiPage,Pages,Pages,Pages,R_O
IMultiPage,Value,Value,Long,V
IMultiPage,TabFixedWidth,Tab Fixed Width,Single,V
IMultiPage,TabFixedHeight,Tab Fixed Height,Single,V
IOptionFrame,ActiveControl,Active Control,Control,R_O
IOptionFrame,BackColor,Back Color,OLE_COLOR,V
IOptionFrame,BorderColor,Border Color,OLE_COLOR,V
IOptionFrame,BorderStyle,Border Style,fmBorderStyle,V
IOptionFrame,CanPaste,Can Paste,Boolean,R_O
IOptionFrame,CanRedo,Can Redo,Boolean,R_O
IOptionFrame,CanUndo,Can Undo,Boolean,R_O
IOptionFrame,Caption,Caption,String,V
IOptionFrame,Controls,Controls,Controls,R_O
IOptionFrame,Cycle,Cycle,fmCycle,V
IOptionFrame,Enabled,Enabled,Boolean,V
IOptionFrame,Font,Font,Font,V
IOptionFrame,ForeColor,Fore Color,OLE_COLOR,V
IOptionFrame,InsideHeight,Inside Height,Single,R_O
IOptionFrame,InsideWidth,Inside Width,Single,R_O
IOptionFrame,KeepScrollBarsVisible,Keep Scroll Bars Visible,fmScrollBars,V
IOptionFrame,MouseIcon,Mouse Icon,Picture,V
IOptionFrame,MousePointer,Mouse Pointer,fmMousePointer,V
IOptionFrame,PictureAlignment,Picture Alignment,fmPictureAlignment,V
IOptionFrame,Picture,Picture,Picture,V
IOptionFrame,PictureSizeMode,Picture Size Mode,fmPictureSizeMode,V
IOptionFrame,PictureTiling,Picture Tiling,Boolean,V
IOptionFrame,ScrollBars,Scroll Bars,fmScrollBars,V
IOptionFrame,ScrollHeight,Scroll Height,Single,V
IOptionFrame,ScrollLeft,Scroll Left,Single,V
IOptionFrame,ScrollTop,Scroll Top,Single,V
IOptionFrame,ScrollWidth,Scroll Width,Single,V
IOptionFrame,SpecialEffect,Special Effect,fmSpecialEffect,V
IOptionFrame,VerticalScrollBarSide,Vertical Scroll Bar Side,fmVerticalScrollBarSide,V
IOptionFrame,Zoom,Zoom,Integer,V
IPage,Controls,Controls,Controls,R_O
IPage,ActiveControl,Active Control,Control,R_O
IPage,CanPaste,Can Paste,Boolean,R_O
IPage,CanRedo,Can Redo,Boolean,R_O
IPage,CanUndo,Can Undo,Boolean,R_O
IPage,Cycle,Cycle,fmCycle,V
IPage,Caption,Caption,String,V
IPage,ControlTipText,Control Tip Text,String,V
IPage,Enabled,Enabled,Boolean,V
IPage,Index,Index,Long,V
IPage,InsideHeight,Inside Height,Single,R_O
IPage,InsideWidth,Inside Width,Single,R_O
IPage,KeepScrollBarsVisible,Keep Scroll Bars Visible,fmScrollBars,V
IPage,Name,Name,String,V
IPage,PictureAlignment,Picture Alignment,fmPictureAlignment,V
IPage,Picture,Picture,Picture,V
IPage,PictureSizeMode,Picture Size Mode,fmPictureSizeMode,V
IPage,PictureTiling,Picture Tiling,Boolean,V
IPage,ScrollBars,Scroll Bars,fmScrollBars,V
IPage,ScrollHeight,Scroll Height,Single,V
IPage,ScrollLeft,Scroll Left,Single,V
IPage,ScrollTop,Scroll Top,Single,V
IPage,ScrollWidth,Scroll Width,Single,V
IPage,Tag,Tag,String,V
IPage,TransitionEffect,Transition Effect,fmTransitionEffect,V
IPage,TransitionPeriod,Transition Period,Long,V
IPage,VerticalScrollBarSide,Vertical Scroll Bar Side,fmVerticalScrollBarSide,V
IPage,Visible,Visible,Boolean,V
IPage,Zoom,Zoom,Integer,V
IPage,Accelerator,Accelerator,String,V
IPage,Parent,Parent,Object,R_O
IReturnBoolean,Value,Value,Boolean,V
IReturnEffect,Value,Value,fmDropEffect,V
IReturnInteger,Value,Value,Long,V
IReturnSingle,Value,Value,Single,V
IReturnString,Value,Value,String,V
IScrollbar,BackColor,Back Color,OLE_COLOR,V
IScrollbar,ForeColor,Fore Color,OLE_COLOR,V
IScrollbar,Enabled,Enabled,Boolean,V
IScrollbar,MousePointer,Mouse Pointer,fmMousePointer,V
IScrollbar,Value,Value,Long,V
IScrollbar,Min,Min,Long,V
IScrollbar,Max,Max,Long,V
IScrollbar,SmallChange,Small Change,Long,V
IScrollbar,LargeChange,Large Change,Long,V
IScrollbar,ProportionalThumb,Proportional Thumb,Boolean,V
IScrollbar,Orientation,Orientation,fmOrientation,V
IScrollbar,Delay,Delay,Long,V
IScrollbar,MouseIcon,Mouse Icon,Picture,V
ISpinbutton,BackColor,Back Color,OLE_COLOR,V
ISpinbutton,ForeColor,Fore Color,OLE_COLOR,V
ISpinbutton,Enabled,Enabled,Boolean,V
ISpinbutton,MousePointer,Mouse Pointer,fmMousePointer,V
ISpinbutton,Value,Value,Long,V
ISpinbutton,Min,Min,Long,V
ISpinbutton,Max,Max,Long,V
ISpinbutton,SmallChange,Small Change,Long,V
ISpinbutton,Orientation,Orientation,fmOrientation,V
ISpinbutton,MouseIcon,Mouse Icon,Picture,V
ISpinbutton,Delay,Delay,Long,V
ITabStrip,BackColor,Back Color,OLE_COLOR,V
ITabStrip,ForeColor,Fore Color,OLE_COLOR,V
ITabStrip,Font,Font,Font,V
ITabStrip,Enabled,Enabled,Boolean,V
ITabStrip,MouseIcon,Mouse Icon,Picture,V
ITabStrip,MousePointer,Mouse Pointer,fmMousePointer,V
ITabStrip,MultiRow,Multi Row,Boolean,V
ITabStrip,Style,Style,fmTabStyle,V
ITabStrip,TabOrientation,Tab Orientation,fmTabOrientation,V
ITabStrip,ClientTop,Client Top,Single,R_O
ITabStrip,ClientLeft,Client Left,Single,R_O
ITabStrip,ClientWidth,Client Width,Single,R_O
ITabStrip,ClientHeight,Client Height,Single,R_O
ITabStrip,Tabs,Tabs,Tabs,R_O
ITabStrip,SelectedItem,Selected Item,Tab,R_O
ITabStrip,Value,Value,Long,V
ITabStrip,TabFixedWidth,Tab Fixed Width,Single,V
ITabStrip,TabFixedHeight,Tab Fixed Height,Single,V
IWHTMLCheckbox,HTMLName,HTML Name,String,V
IWHTMLCheckbox,Value,Value,String,V
IWHTMLCheckbox,Checked,Checked,Boolean,V
IWHTMLHidden,HTMLName,HTML Name,String,V
IWHTMLHidden,Value,Value,String,V
IWHTMLImage,Action,Action,String,V
IWHTMLImage,Source,Source,String,V
IWHTMLImage,Encoding,Encoding,String,V
IWHTMLImage,Method,Method,String,V
IWHTMLImage,HTMLName,HTML Name,String,V
IWHTMLOption,HTMLName,HTML Name,String,V
IWHTMLOption,Value,Value,String,V
IWHTMLOption,Checked,Checked,Boolean,V
IWHTMLPassword,HTMLName,HTML Name,String,V
IWHTMLPassword,Value,Value,String,V
IWHTMLPassword,MaxLength,Max Length,Long,V
IWHTMLPassword,Width,Width,Long,V
IWHTMLReset,Caption,Caption,String,V
IWHTMLReset,HTMLName,HTML Name,String,V
IWHTMLSelect,HTMLName,HTML Name,String,V
IWHTMLSelect,Values,Values,Variant,V
IWHTMLSelect,DisplayValues,Display Values,Variant,V
IWHTMLSelect,Selected,Selected,String,V
IWHTMLSelect,MultiSelect,Multi Select,Boolean,V
IWHTMLSelect,Size,Size,Long,V
IWHTMLSubmitButton,Action,Action,String,V
IWHTMLSubmitButton,Caption,Caption,String,V
IWHTMLSubmitButton,Encoding,Encoding,String,V
IWHTMLSubmitButton,Method,Method,String,V
IWHTMLSubmitButton,HTMLName,HTML Name,String,V
IWHTMLText,HTMLName,HTML Name,String,V
IWHTMLText,Value,Value,String,V
IWHTMLText,MaxLength,Max Length,Long,V
IWHTMLText,Width,Width,Long,V
IWHTMLTextArea,HTMLName,HTML Name,String,V
IWHTMLTextArea,Value,Value,String,V
IWHTMLTextArea,Rows,Rows,Long,V
IWHTMLTextArea,Columns,Columns,Long,V
IWHTMLTextArea,WordWrap,Word Wrap,String,V
Label,AutoSize,Auto Size,Boolean,V
Label,BackColor,Back Color,OLE_COLOR,V
Label,BackStyle,Back Style,fmBackStyle,V
Label,BorderColor,Border Color,OLE_COLOR,V
Label,BorderStyle,Border Style,fmBorderStyle,V
Label,Caption,Caption,String,V
Label,Enabled,Enabled,Boolean,V
Label,Font,Font,Font,V
Label,ForeColor,Fore Color,OLE_COLOR,V
Label,MouseIcon,Mouse Icon,Picture,V
Label,MousePointer,Mouse Pointer,fmMousePointer,V
Label,Picture,Picture,Picture,V
Label,PicturePosition,Picture Position,fmPicturePosition,V
Label,SpecialEffect,Special Effect,fmSpecialEffect,V
Label,TextAlign,Text Align,fmTextAlign,V
Label,WordWrap,Word Wrap,Boolean,V
Label,Accelerator,Accelerator,String,V
Label2,AutoSize,Auto Size,Boolean,V
Label2,BackColor,Back Color,OLE_COLOR,V
Label2,BackStyle,Back Style,fmBackStyle,V
Label2,BorderColor,Border Color,OLE_COLOR,V
Label2,BorderStyle,Border Style,fmBorderStyle,V
Label2,Caption,Caption,String,V
Label2,Enabled,Enabled,Boolean,V
Label2,Font,Font,Font,V
Label2,ForeColor,Fore Color,OLE_COLOR,V
Label2,MouseIcon,Mouse Icon,Picture,V
Label2,MousePointer,Mouse Pointer,fmMousePointer,V
Label2,Picture,Picture,Picture,V
Label2,PicturePosition,Picture Position,fmPicturePosition,V
Label2,SpecialEffect,Special Effect,fmSpecialEffect,V
Label2,TextAlign,Text Align,fmTextAlign,V
Label2,WordWrap,Word Wrap,Boolean,V
Label2,Accelerator,Accelerator,String,V
ListBox,BackColor,Back Color,OLE_COLOR,V
ListBox,BorderColor,Border Color,OLE_COLOR,V
ListBox,BorderStyle,Border Style,fmBorderStyle,V
ListBox,BoundColumn,Bound Column,Variant,V
ListBox,ColumnCount,Column Count,Long,V
ListBox,ColumnHeads,Column Heads,Boolean,V
ListBox,ColumnWidths,Column Widths,String,V
ListBox,Enabled,Enabled,Boolean,V
ListBox,Font,Font,Font,V
ListBox,ForeColor,Fore Color,OLE_COLOR,V
ListBox,IntegralHeight,Integral Height,Boolean,V
ListBox,ListCount,List Count,Long,R_O
ListBox,ListIndex,List Index,Variant,V
ListBox,ListStyle,List Style,fmListStyle,V
ListBox,Locked,Locked,Boolean,V
ListBox,MatchEntry,Match Entry,fmMatchEntry,V
ListBox,MouseIcon,Mouse Icon,Picture,V
ListBox,MousePointer,Mouse Pointer,fmMousePointer,V
ListBox,MultiSelect,Multi Select,fmMultiSelect,V
ListBox,SpecialEffect,Special Effect,fmSpecialEffect,V
ListBox,Text,Text,String,V
ListBox,TextColumn,Text Column,Variant,V
ListBox,TopIndex,Top Index,Variant,V
ListBox,Value,Value,Variant,V
ListBox,Column,Column,Variant,V
ListBox,List,List,Variant,V
ListBox,Selected,Selected,Boolean,V
ListBox,IMEMode,IME Mode,fmIMEMode,V
ListBox,TextAlign,Text Align,fmTextAlign,V
ListBox2,BackColor,Back Color,OLE_COLOR,V
ListBox2,BorderColor,Border Color,OLE_COLOR,V
ListBox2,BorderStyle,Border Style,fmBorderStyle,V
ListBox2,BoundColumn,Bound Column,Variant,V
ListBox2,ColumnCount,Column Count,Long,V
ListBox2,ColumnHeads,Column Heads,Boolean,V
ListBox2,ColumnWidths,Column Widths,String,V
ListBox2,Enabled,Enabled,Boolean,V
ListBox2,Font,Font,Font,V
ListBox2,ForeColor,Fore Color,OLE_COLOR,V
ListBox2,IntegralHeight,Integral Height,Boolean,V
ListBox2,ListCount,List Count,Long,R_O
ListBox2,ListIndex,List Index,Variant,V
ListBox2,ListStyle,List Style,fmListStyle,V
ListBox2,Locked,Locked,Boolean,V
ListBox2,MatchEntry,Match Entry,fmMatchEntry,V
ListBox2,MouseIcon,Mouse Icon,Picture,V
ListBox2,MousePointer,Mouse Pointer,fmMousePointer,V
ListBox2,MultiSelect,Multi Select,fmMultiSelect,V
ListBox2,SpecialEffect,Special Effect,fmSpecialEffect,V
ListBox2,Text,Text,String,V
ListBox2,TextColumn,Text Column,Variant,V
ListBox2,TopIndex,Top Index,Variant,V
ListBox2,Value,Value,Variant,V
ListBox2,Column,Column,Variant,V
ListBox2,List,List,Variant,V
ListBox2,Selected,Selected,Boolean,V
ListBox2,IMEMode,IME Mode,fmIMEMode,V
ListBox2,TextAlign,Text Align,fmTextAlign,V
MultiPage,BackColor,Back Color,OLE_COLOR,V
MultiPage,ForeColor,Fore Color,OLE_COLOR,V
MultiPage,Font,Font,Font,V
MultiPage,MultiRow,Multi Row,Boolean,V
MultiPage,Style,Style,fmTabStyle,V
MultiPage,TabOrientation,Tab Orientation,fmTabOrientation,V
MultiPage,Enabled,Enabled,Boolean,V
MultiPage,SelectedItem,Selected Item,Page,R_O
MultiPage,Pages,Pages,Pages,R_O
MultiPage,Value,Value,Long,V
MultiPage,TabFixedWidth,Tab Fixed Width,Single,V
MultiPage,TabFixedHeight,Tab Fixed Height,Single,V
MultiPage2,BackColor,Back Color,OLE_COLOR,V
MultiPage2,ForeColor,Fore Color,OLE_COLOR,V
MultiPage2,Font,Font,Font,V
MultiPage2,MultiRow,Multi Row,Boolean,V
MultiPage2,Style,Style,fmTabStyle,V
MultiPage2,TabOrientation,Tab Orientation,fmTabOrientation,V
MultiPage2,Enabled,Enabled,Boolean,V
MultiPage2,SelectedItem,Selected Item,Page,R_O
MultiPage2,Pages,Pages,Pages,R_O
MultiPage2,Value,Value,Long,V
MultiPage2,TabFixedWidth,Tab Fixed Width,Single,V
MultiPage2,TabFixedHeight,Tab Fixed Height,Single,V
NewFont,Name,Name,String,V
NewFont,Size,Size,Currency,V
NewFont,Bold,Bold,Boolean,V
NewFont,Italic,Italic,Boolean,V
NewFont,Underline,Underline,Boolean,V
NewFont,Strikethrough,Strikethrough,Boolean,V
NewFont,Weight,Weight,Integer,V
NewFont,Charset,Charset,Integer,V
OptionButton,Accelerator,Accelerator,String,V
OptionButton,Alignment,Alignment,fmAlignment,V
OptionButton,AutoSize,Auto Size,Boolean,V
OptionButton,BackColor,Back Color,OLE_COLOR,V
OptionButton,BackStyle,Back Style,fmBackStyle,V
OptionButton,Caption,Caption,String,V
OptionButton,Enabled,Enabled,Boolean,V
OptionButton,Font,Font,Font,V
OptionButton,ForeColor,Fore Color,OLE_COLOR,V
OptionButton,Locked,Locked,Boolean,V
OptionButton,MouseIcon,Mouse Icon,Picture,V
OptionButton,MousePointer,Mouse Pointer,fmMousePointer,V
OptionButton,Picture,Picture,Picture,V
OptionButton,PicturePosition,Picture Position,fmPicturePosition,V
OptionButton,SpecialEffect,Special Effect,fmButtonEffect,V
OptionButton,TripleState,Triple State,Boolean,V
OptionButton,Value,Value,Variant,V
OptionButton,WordWrap,Word Wrap,Boolean,V
OptionButton,GroupName,Group Name,String,V
OptionButton,TextAlign,Text Align,fmTextAlign,V
OptionButton2,Accelerator,Accelerator,String,V
OptionButton2,Alignment,Alignment,fmAlignment,V
OptionButton2,AutoSize,Auto Size,Boolean,V
OptionButton2,BackColor,Back Color,OLE_COLOR,V
OptionButton2,BackStyle,Back Style,fmBackStyle,V
OptionButton2,Caption,Caption,String,V
OptionButton2,Enabled,Enabled,Boolean,V
OptionButton2,Font,Font,Font,V
OptionButton2,ForeColor,Fore Color,OLE_COLOR,V
OptionButton2,Locked,Locked,Boolean,V
OptionButton2,MouseIcon,Mouse Icon,Picture,V
OptionButton2,MousePointer,Mouse Pointer,fmMousePointer,V
OptionButton2,Picture,Picture,Picture,V
OptionButton2,PicturePosition,Picture Position,fmPicturePosition,V
OptionButton2,SpecialEffect,Special Effect,fmButtonEffect,V
OptionButton2,TripleState,Triple State,Boolean,V
OptionButton2,Value,Value,Variant,V
OptionButton2,WordWrap,Word Wrap,Boolean,V
OptionButton2,GroupName,Group Name,String,V
OptionButton2,TextAlign,Text Align,fmTextAlign,V
Page,Controls,Controls,Controls,R_O
Page,ActiveControl,Active Control,Control,R_O
Page,CanPaste,Can Paste,Boolean,R_O
Page,CanRedo,Can Redo,Boolean,R_O
Page,CanUndo,Can Undo,Boolean,R_O
Page,Cycle,Cycle,fmCycle,V
Page,Caption,Caption,String,V
Page,ControlTipText,Control Tip Text,String,V
Page,Enabled,Enabled,Boolean,V
Page,Index,Index,Long,V
Page,InsideHeight,Inside Height,Single,R_O
Page,InsideWidth,Inside Width,Single,R_O
Page,KeepScrollBarsVisible,Keep Scroll Bars Visible,fmScrollBars,V
Page,Name,Name,String,V
Page,PictureAlignment,Picture Alignment,fmPictureAlignment,V
Page,Picture,Picture,Picture,V
Page,PictureSizeMode,Picture Size Mode,fmPictureSizeMode,V
Page,PictureTiling,Picture Tiling,Boolean,V
Page,ScrollBars,Scroll Bars,fmScrollBars,V
Page,ScrollHeight,Scroll Height,Single,V
Page,ScrollLeft,Scroll Left,Single,V
Page,ScrollTop,Scroll Top,Single,V
Page,ScrollWidth,Scroll Width,Single,V
Page,Tag,Tag,String,V
Page,TransitionEffect,Transition Effect,fmTransitionEffect,V
Page,TransitionPeriod,Transition Period,Long,V
Page,VerticalScrollBarSide,Vertical Scroll Bar Side,fmVerticalScrollBarSide,V
Page,Visible,Visible,Boolean,V
Page,Zoom,Zoom,Integer,V
Page,Accelerator,Accelerator,String,V
Page,Parent,Parent,Object,R_O
Pages,Count,Count,Long,R_O
Pages,_NewEnum,_New Enum,IUnknown,R_O
ReturnBoolean,Value,Value,Boolean,V
ReturnEffect,Value,Value,fmDropEffect,V
ReturnInteger,Value,Value,Long,V
ReturnSingle,Value,Value,Single,V
ReturnString,Value,Value,String,V
ScrollBar,BackColor,Back Color,OLE_COLOR,V
ScrollBar,ForeColor,Fore Color,OLE_COLOR,V
ScrollBar,Enabled,Enabled,Boolean,V
ScrollBar,MousePointer,Mouse Pointer,fmMousePointer,V
ScrollBar,Value,Value,Long,V
ScrollBar,Min,Min,Long,V
ScrollBar,Max,Max,Long,V
ScrollBar,SmallChange,Small Change,Long,V
ScrollBar,LargeChange,Large Change,Long,V
ScrollBar,ProportionalThumb,Proportional Thumb,Boolean,V
ScrollBar,Orientation,Orientation,fmOrientation,V
ScrollBar,Delay,Delay,Long,V
ScrollBar,MouseIcon,Mouse Icon,Picture,V
ScrollBar2,BackColor,Back Color,OLE_COLOR,V
ScrollBar2,ForeColor,Fore Color,OLE_COLOR,V
ScrollBar2,Enabled,Enabled,Boolean,V
ScrollBar2,MousePointer,Mouse Pointer,fmMousePointer,V
ScrollBar2,Value,Value,Long,V
ScrollBar2,Min,Min,Long,V
ScrollBar2,Max,Max,Long,V
ScrollBar2,SmallChange,Small Change,Long,V
ScrollBar2,LargeChange,Large Change,Long,V
ScrollBar2,ProportionalThumb,Proportional Thumb,Boolean,V
ScrollBar2,Orientation,Orientation,fmOrientation,V
ScrollBar2,Delay,Delay,Long,V
ScrollBar2,MouseIcon,Mouse Icon,Picture,V
SpinButton,BackColor,Back Color,OLE_COLOR,V
SpinButton,ForeColor,Fore Color,OLE_COLOR,V
SpinButton,Enabled,Enabled,Boolean,V
SpinButton,MousePointer,Mouse Pointer,fmMousePointer,V
SpinButton,Value,Value,Long,V
SpinButton,Min,Min,Long,V
SpinButton,Max,Max,Long,V
SpinButton,SmallChange,Small Change,Long,V
SpinButton,Orientation,Orientation,fmOrientation,V
SpinButton,MouseIcon,Mouse Icon,Picture,V
SpinButton,Delay,Delay,Long,V
SpinButton2,BackColor,Back Color,OLE_COLOR,V
SpinButton2,ForeColor,Fore Color,OLE_COLOR,V
SpinButton2,Enabled,Enabled,Boolean,V
SpinButton2,MousePointer,Mouse Pointer,fmMousePointer,V
SpinButton2,Value,Value,Long,V
SpinButton2,Min,Min,Long,V
SpinButton2,Max,Max,Long,V
SpinButton2,SmallChange,Small Change,Long,V
SpinButton2,Orientation,Orientation,fmOrientation,V
SpinButton2,MouseIcon,Mouse Icon,Picture,V
SpinButton2,Delay,Delay,Long,V
Tab,Caption,Caption,String,V
Tab,ControlTipText,Control Tip Text,String,V
Tab,Enabled,Enabled,Boolean,V
Tab,Index,Index,Long,V
Tab,Name,Name,String,V
Tab,Tag,Tag,String,V
Tab,Visible,Visible,Boolean,V
Tab,Accelerator,Accelerator,String,V
Tabs,Count,Count,Long,R_O
Tabs,_NewEnum,_New Enum,IUnknown,R_O
TabStrip,BackColor,Back Color,OLE_COLOR,V
TabStrip,ForeColor,Fore Color,OLE_COLOR,V
TabStrip,Font,Font,Font,V
TabStrip,Enabled,Enabled,Boolean,V
TabStrip,MouseIcon,Mouse Icon,Picture,V
TabStrip,MousePointer,Mouse Pointer,fmMousePointer,V
TabStrip,MultiRow,Multi Row,Boolean,V
TabStrip,Style,Style,fmTabStyle,V
TabStrip,TabOrientation,Tab Orientation,fmTabOrientation,V
TabStrip,ClientTop,Client Top,Single,R_O
TabStrip,ClientLeft,Client Left,Single,R_O
TabStrip,ClientWidth,Client Width,Single,R_O
TabStrip,ClientHeight,Client Height,Single,R_O
TabStrip,Tabs,Tabs,Tabs,R_O
TabStrip,SelectedItem,Selected Item,Tab,R_O
TabStrip,Value,Value,Long,V
TabStrip,TabFixedWidth,Tab Fixed Width,Single,V
TabStrip,TabFixedHeight,Tab Fixed Height,Single,V
TabStrip2,BackColor,Back Color,OLE_COLOR,V
TabStrip2,ForeColor,Fore Color,OLE_COLOR,V
TabStrip2,Font,Font,Font,V
TabStrip2,Enabled,Enabled,Boolean,V
TabStrip2,MouseIcon,Mouse Icon,Picture,V
TabStrip2,MousePointer,Mouse Pointer,fmMousePointer,V
TabStrip2,MultiRow,Multi Row,Boolean,V
TabStrip2,Style,Style,fmTabStyle,V
TabStrip2,TabOrientation,Tab Orientation,fmTabOrientation,V
TabStrip2,ClientTop,Client Top,Single,R_O
TabStrip2,ClientLeft,Client Left,Single,R_O
TabStrip2,ClientWidth,Client Width,Single,R_O
TabStrip2,ClientHeight,Client Height,Single,R_O
TabStrip2,Tabs,Tabs,Tabs,R_O
TabStrip2,SelectedItem,Selected Item,Tab,R_O
TabStrip2,Value,Value,Long,V
TabStrip2,TabFixedWidth,Tab Fixed Width,Single,V
TabStrip2,TabFixedHeight,Tab Fixed Height,Single,V
TextBox,AutoSize,Auto Size,Boolean,V
TextBox,AutoTab,Auto Tab,Boolean,V
TextBox,AutoWordSelect,Auto Word Select,Boolean,V
TextBox,BackColor,Back Color,OLE_COLOR,V
TextBox,BackStyle,Back Style,fmBackStyle,V
TextBox,BorderColor,Border Color,OLE_COLOR,V
TextBox,BorderStyle,Border Style,fmBorderStyle,V
TextBox,CanPaste,Can Paste,Boolean,R_O
TextBox,CurLine,Cur Line,Long,V
TextBox,CurTargetX,Cur Target X,Long,R_O
TextBox,CurX,Cur X,Long,V
TextBox,EnterKeyBehavior,Enter Key Behavior,Boolean,V
TextBox,Enabled,Enabled,Boolean,V
TextBox,Font,Font,Font,V
TextBox,ForeColor,Fore Color,OLE_COLOR,V
TextBox,HideSelection,Hide Selection,Boolean,V
TextBox,IntegralHeight,Integral Height,Boolean,V
TextBox,LineCount,Line Count,Long,R_O
TextBox,Locked,Locked,Boolean,V
TextBox,MaxLength,Max Length,Long,V
TextBox,MouseIcon,Mouse Icon,Picture,V
TextBox,MousePointer,Mouse Pointer,fmMousePointer,V
TextBox,MultiLine,Multi Line,Boolean,V
TextBox,PasswordChar,Password Char,String,V
TextBox,ScrollBars,Scroll Bars,fmScrollBars,V
TextBox,SelectionMargin,Selection Margin,Boolean,V
TextBox,SelLength,Sel Length,Long,V
TextBox,SelStart,Sel Start,Long,V
TextBox,SelText,Sel Text,String,V
TextBox,SpecialEffect,Special Effect,fmSpecialEffect,V
TextBox,TabKeyBehavior,Tab Key Behavior,Boolean,V
TextBox,Text,Text,String,V
TextBox,TextAlign,Text Align,fmTextAlign,V
TextBox,TextLength,Text Length,Long,R_O
TextBox,Value,Value,Variant,V
TextBox,WordWrap,Word Wrap,Boolean,V
TextBox,IMEMode,IME Mode,fmIMEMode,V
TextBox,EnterFieldBehavior,Enter Field Behavior,fmEnterFieldBehavior,V
TextBox,DragBehavior,Drag Behavior,fmDragBehavior,V
TextBox2,AutoSize,Auto Size,Boolean,V
TextBox2,AutoTab,Auto Tab,Boolean,V
TextBox2,AutoWordSelect,Auto Word Select,Boolean,V
TextBox2,BackColor,Back Color,OLE_COLOR,V
TextBox2,BackStyle,Back Style,fmBackStyle,V
TextBox2,BorderColor,Border Color,OLE_COLOR,V
TextBox2,BorderStyle,Border Style,fmBorderStyle,V
TextBox2,CanPaste,Can Paste,Boolean,R_O
TextBox2,CurLine,Cur Line,Long,V
TextBox2,CurTargetX,Cur Target X,Long,R_O
TextBox2,CurX,Cur X,Long,V
TextBox2,EnterKeyBehavior,Enter Key Behavior,Boolean,V
TextBox2,Enabled,Enabled,Boolean,V
TextBox2,Font,Font,Font,V
TextBox2,ForeColor,Fore Color,OLE_COLOR,V
TextBox2,HideSelection,Hide Selection,Boolean,V
TextBox2,IntegralHeight,Integral Height,Boolean,V
TextBox2,LineCount,Line Count,Long,R_O
TextBox2,Locked,Locked,Boolean,V
TextBox2,MaxLength,Max Length,Long,V
TextBox2,MouseIcon,Mouse Icon,Picture,V
TextBox2,MousePointer,Mouse Pointer,fmMousePointer,V
TextBox2,MultiLine,Multi Line,Boolean,V
TextBox2,PasswordChar,Password Char,String,V
TextBox2,ScrollBars,Scroll Bars,fmScrollBars,V
TextBox2,SelectionMargin,Selection Margin,Boolean,V
TextBox2,SelLength,Sel Length,Long,V
TextBox2,SelStart,Sel Start,Long,V
TextBox2,SelText,Sel Text,String,V
TextBox2,SpecialEffect,Special Effect,fmSpecialEffect,V
TextBox2,TabKeyBehavior,Tab Key Behavior,Boolean,V
TextBox2,Text,Text,String,V
TextBox2,TextAlign,Text Align,fmTextAlign,V
TextBox2,TextLength,Text Length,Long,R_O
TextBox2,Value,Value,Variant,V
TextBox2,WordWrap,Word Wrap,Boolean,V
TextBox2,IMEMode,IME Mode,fmIMEMode,V
TextBox2,EnterFieldBehavior,Enter Field Behavior,fmEnterFieldBehavior,V
TextBox2,DragBehavior,Drag Behavior,fmDragBehavior,V
ToggleButton,Accelerator,Accelerator,String,V
ToggleButton,Alignment,Alignment,fmAlignment,V
ToggleButton,AutoSize,Auto Size,Boolean,V
ToggleButton,BackColor,Back Color,OLE_COLOR,V
ToggleButton,BackStyle,Back Style,fmBackStyle,V
ToggleButton,Caption,Caption,String,V
ToggleButton,Enabled,Enabled,Boolean,V
ToggleButton,Font,Font,Font,V
ToggleButton,ForeColor,Fore Color,OLE_COLOR,V
ToggleButton,Locked,Locked,Boolean,V
ToggleButton,MouseIcon,Mouse Icon,Picture,V
ToggleButton,MousePointer,Mouse Pointer,fmMousePointer,V
ToggleButton,Picture,Picture,Picture,V
ToggleButton,PicturePosition,Picture Position,fmPicturePosition,V
ToggleButton,SpecialEffect,Special Effect,fmButtonEffect,V
ToggleButton,TripleState,Triple State,Boolean,V
ToggleButton,Value,Value,Variant,V
ToggleButton,WordWrap,Word Wrap,Boolean,V
ToggleButton,GroupName,Group Name,String,V
ToggleButton,TextAlign,Text Align,fmTextAlign,V
ToggleButton2,Accelerator,Accelerator,String,V
ToggleButton2,Alignment,Alignment,fmAlignment,V
ToggleButton2,AutoSize,Auto Size,Boolean,V
ToggleButton2,BackColor,Back Color,OLE_COLOR,V
ToggleButton2,BackStyle,Back Style,fmBackStyle,V
ToggleButton2,Caption,Caption,String,V
ToggleButton2,Enabled,Enabled,Boolean,V
ToggleButton2,Font,Font,Font,V
ToggleButton2,ForeColor,Fore Color,OLE_COLOR,V
ToggleButton2,Locked,Locked,Boolean,V
ToggleButton2,MouseIcon,Mouse Icon,Picture,V
ToggleButton2,MousePointer,Mouse Pointer,fmMousePointer,V
ToggleButton2,Picture,Picture,Picture,V
ToggleButton2,PicturePosition,Picture Position,fmPicturePosition,V
ToggleButton2,SpecialEffect,Special Effect,fmButtonEffect,V
ToggleButton2,TripleState,Triple State,Boolean,V
ToggleButton2,Value,Value,Variant,V
ToggleButton2,WordWrap,Word Wrap,Boolean,V
ToggleButton2,GroupName,Group Name,String,V
ToggleButton2,TextAlign,Text Align,fmTextAlign,V
UserForm,ActiveControl,Active Control,Control,R_O
UserForm,BackColor,Back Color,OLE_COLOR,V
UserForm,BorderColor,Border Color,OLE_COLOR,V
UserForm,BorderStyle,Border Style,fmBorderStyle,V
UserForm,CanPaste,Can Paste,Boolean,R_O
UserForm,CanRedo,Can Redo,Boolean,R_O
UserForm,CanUndo,Can Undo,Boolean,R_O
UserForm,Caption,Caption,String,V
UserForm,Controls,Controls,Controls,R_O
UserForm,Cycle,Cycle,fmCycle,V
UserForm,Enabled,Enabled,Boolean,V
UserForm,Font,Font,Font,V
UserForm,ForeColor,Fore Color,OLE_COLOR,V
UserForm,InsideHeight,Inside Height,Single,R_O
UserForm,InsideWidth,Inside Width,Single,R_O
UserForm,KeepScrollBarsVisible,Keep Scroll Bars Visible,fmScrollBars,V
UserForm,MouseIcon,Mouse Icon,Picture,V
UserForm,MousePointer,Mouse Pointer,fmMousePointer,V
UserForm,PictureAlignment,Picture Alignment,fmPictureAlignment,V
UserForm,Picture,Picture,Picture,V
UserForm,PictureSizeMode,Picture Size Mode,fmPictureSizeMode,V
UserForm,PictureTiling,Picture Tiling,Boolean,V
UserForm,ScrollBars,Scroll Bars,fmScrollBars,V
UserForm,ScrollHeight,Scroll Height,Single,V
UserForm,ScrollLeft,Scroll Left,Single,V
UserForm,ScrollTop,Scroll Top,Single,V
UserForm,ScrollWidth,Scroll Width,Single,V
UserForm,SpecialEffect,Special Effect,fmSpecialEffect,V
UserForm,VerticalScrollBarSide,Vertical Scroll Bar Side,fmVerticalScrollBarSide,V
UserForm,Zoom,Zoom,Integer,V
UserForm,DrawBuffer,Draw Buffer,Long,V
UserForm2,ActiveControl,Active Control,Control,R_O
UserForm2,BackColor,Back Color,OLE_COLOR,V
UserForm2,BorderColor,Border Color,OLE_COLOR,V
UserForm2,BorderStyle,Border Style,fmBorderStyle,V
UserForm2,CanPaste,Can Paste,Boolean,R_O
UserForm2,CanRedo,Can Redo,Boolean,R_O
UserForm2,CanUndo,Can Undo,Boolean,R_O
UserForm2,Caption,Caption,String,V
UserForm2,Controls,Controls,Controls,R_O
UserForm2,Cycle,Cycle,fmCycle,V
UserForm2,Enabled,Enabled,Boolean,V
UserForm2,Font,Font,Font,V
UserForm2,ForeColor,Fore Color,OLE_COLOR,V
UserForm2,InsideHeight,Inside Height,Single,R_O
UserForm2,InsideWidth,Inside Width,Single,R_O
UserForm2,KeepScrollBarsVisible,Keep Scroll Bars Visible,fmScrollBars,V
UserForm2,MouseIcon,Mouse Icon,Picture,V
UserForm2,MousePointer,Mouse Pointer,fmMousePointer,V
UserForm2,PictureAlignment,Picture Alignment,fmPictureAlignment,V
UserForm2,Picture,Picture,Picture,V
UserForm2,PictureSizeMode,Picture Size Mode,fmPictureSizeMode,V
UserForm2,PictureTiling,Picture Tiling,Boolean,V
UserForm2,ScrollBars,Scroll Bars,fmScrollBars,V
UserForm2,ScrollHeight,Scroll Height,Single,V
UserForm2,ScrollLeft,Scroll Left,Single,V
UserForm2,ScrollTop,Scroll Top,Single,V
UserForm2,ScrollWidth,Scroll Width,Single,V
UserForm2,SpecialEffect,Special Effect,fmSpecialEffect,V
UserForm2,VerticalScrollBarSide,Vertical Scroll Bar Side,fmVerticalScrollBarSide,V
UserForm2,Zoom,Zoom,Integer,V
UserForm2,DrawBuffer,Draw Buffer,Long,V
ADO,Properties,Properties,Properties,R_O
ADOCommandConstruction,OLEDBCommand,OLEDB Command,HRESULT,V
ADOConnectionConstruction15,DSO,DSO,HRESULT,R_O
ADOConnectionConstruction15,Session,Session,HRESULT,R_O
ADORecordConstruction,Row,Row,HRESULT,V
ADORecordConstruction,ParentRow,Parent Row,IUnknown,W_O
ADORecordsetConstruction,Rowset,Rowset,HRESULT,V
ADORecordsetConstruction,Chapter,Chapter,HRESULT,V
ADORecordsetConstruction,RowPosition,Row Position,HRESULT,V
ADOStreamConstruction,Stream,Stream,HRESULT,V
Collection,Count,Count,Long,R_O
Command,Properties,Properties,Properties,R_O
Command,ActiveConnection,Active Connection,_Connection,V
Command,CommandText,Command Text,String,V
Command,CommandTimeout,Command Timeout,Long,V
Command,Prepared,Prepared,Boolean,V
Command,Parameters,Parameters,Parameters,R_O
Command,CommandType,Command Type,CommandTypeEnum,V
Command,Name,Name,String,V
Command,State,State,Long,R_O
Command,CommandStream,Command Stream,Variant,V
Command,Dialect,Dialect,String,V
Command,NamedParameters,Named Parameters,Boolean,V
Command15,Properties,Properties,Properties,R_O
Command15,ActiveConnection,Active Connection,_Connection,V
Command15,CommandText,Command Text,String,V
Command15,CommandTimeout,Command Timeout,Long,V
Command15,Prepared,Prepared,Boolean,V
Command15,Parameters,Parameters,Parameters,R_O
Command15,CommandType,Command Type,CommandTypeEnum,V
Command15,Name,Name,String,V
Command15_Deprecated,Properties,Properties,Properties,R_O
Command15_Deprecated,ActiveConnection,Active Connection,_Connection_Deprecated,V
Command15_Deprecated,CommandText,Command Text,String,V
Command15_Deprecated,CommandTimeout,Command Timeout,Long,V
Command15_Deprecated,Prepared,Prepared,Boolean,V
Command15_Deprecated,Parameters,Parameters,Parameters_Deprecated,R_O
Command15_Deprecated,CommandType,Command Type,CommandTypeEnum,V
Command15_Deprecated,Name,Name,String,V
Command25,Properties,Properties,Properties,R_O
Command25,ActiveConnection,Active Connection,_Connection,V
Command25,CommandText,Command Text,String,V
Command25,CommandTimeout,Command Timeout,Long,V
Command25,Prepared,Prepared,Boolean,V
Command25,Parameters,Parameters,Parameters,R_O
Command25,CommandType,Command Type,CommandTypeEnum,V
Command25,Name,Name,String,V
Command25,State,State,Long,R_O
Command25_Deprecated,Properties,Properties,Properties,R_O
Command25_Deprecated,ActiveConnection,Active Connection,_Connection_Deprecated,V
Command25_Deprecated,CommandText,Command Text,String,V
Command25_Deprecated,CommandTimeout,Command Timeout,Long,V
Command25_Deprecated,Prepared,Prepared,Boolean,V
Command25_Deprecated,Parameters,Parameters,Parameters_Deprecated,R_O
Command25_Deprecated,CommandType,Command Type,CommandTypeEnum,V
Command25_Deprecated,Name,Name,String,V
Command25_Deprecated,State,State,Long,R_O
Command_Deprecated,Properties,Properties,Properties,R_O
Command_Deprecated,ActiveConnection,Active Connection,_Connection_Deprecated,V
Command_Deprecated,CommandText,Command Text,String,V
Command_Deprecated,CommandTimeout,Command Timeout,Long,V
Command_Deprecated,Prepared,Prepared,Boolean,V
Command_Deprecated,Parameters,Parameters,Parameters_Deprecated,R_O
Command_Deprecated,CommandType,Command Type,CommandTypeEnum,V
Command_Deprecated,Name,Name,String,V
Command_Deprecated,State,State,Long,R_O
Command_Deprecated,CommandStream,Command Stream,Variant,V
Command_Deprecated,Dialect,Dialect,String,V
Command_Deprecated,NamedParameters,Named Parameters,Boolean,V
Connection,Properties,Properties,Properties,R_O
Connection,ConnectionString,Connection String,String,V
Connection,CommandTimeout,Command Timeout,Long,V
Connection,ConnectionTimeout,Connection Timeout,Long,V
Connection,Version,Version,String,R_O
Connection,Errors,Errors,Errors,R_O
Connection,DefaultDatabase,Default Database,String,V
Connection,IsolationLevel,Isolation Level,IsolationLevelEnum,V
Connection,Attributes,Attributes,Long,V
Connection,CursorLocation,Cursor Location,CursorLocationEnum,V
Connection,Mode,Mode,ConnectModeEnum,V
Connection,Provider,Provider,String,V
Connection,State,State,Long,R_O
Connection15,Properties,Properties,Properties,R_O
Connection15,ConnectionString,Connection String,String,V
Connection15,CommandTimeout,Command Timeout,Long,V
Connection15,ConnectionTimeout,Connection Timeout,Long,V
Connection15,Version,Version,String,R_O
Connection15,Errors,Errors,Errors,R_O
Connection15,DefaultDatabase,Default Database,String,V
Connection15,IsolationLevel,Isolation Level,IsolationLevelEnum,V
Connection15,Attributes,Attributes,Long,V
Connection15,CursorLocation,Cursor Location,CursorLocationEnum,V
Connection15,Mode,Mode,ConnectModeEnum,V
Connection15,Provider,Provider,String,V
Connection15,State,State,Long,R_O
Connection15_Deprecated,Properties,Properties,Properties,R_O
Connection15_Deprecated,ConnectionString,Connection String,String,V
Connection15_Deprecated,CommandTimeout,Command Timeout,Long,V
Connection15_Deprecated,ConnectionTimeout,Connection Timeout,Long,V
Connection15_Deprecated,Version,Version,String,R_O
Connection15_Deprecated,Errors,Errors,Errors,R_O
Connection15_Deprecated,DefaultDatabase,Default Database,String,V
Connection15_Deprecated,IsolationLevel,Isolation Level,IsolationLevelEnum,V
Connection15_Deprecated,Attributes,Attributes,Long,V
Connection15_Deprecated,CursorLocation,Cursor Location,CursorLocationEnum,V
Connection15_Deprecated,Mode,Mode,ConnectModeEnum,V
Connection15_Deprecated,Provider,Provider,String,V
Connection15_Deprecated,State,State,Long,R_O
Connection_Deprecated,Properties,Properties,Properties,R_O
Connection_Deprecated,ConnectionString,Connection String,String,V
Connection_Deprecated,CommandTimeout,Command Timeout,Long,V
Connection_Deprecated,ConnectionTimeout,Connection Timeout,Long,V
Connection_Deprecated,Version,Version,String,R_O
Connection_Deprecated,Errors,Errors,Errors,R_O
Connection_Deprecated,DefaultDatabase,Default Database,String,V
Connection_Deprecated,IsolationLevel,Isolation Level,IsolationLevelEnum,V
Connection_Deprecated,Attributes,Attributes,Long,V
Connection_Deprecated,CursorLocation,Cursor Location,CursorLocationEnum,V
Connection_Deprecated,Mode,Mode,ConnectModeEnum,V
Connection_Deprecated,Provider,Provider,String,V
Connection_Deprecated,State,State,Long,R_O
DynaCollection,Count,Count,Long,R_O
Error,Number,Number,Long,R_O
Error,Source,Source,String,R_O
Error,Description,Description,String,R_O
Error,HelpFile,Help File,String,R_O
Error,HelpContext,Help Context,Long,R_O
Error,SQLState,SQL State,String,R_O
Error,NativeError,Native Error,Long,R_O
Errors,Count,Count,Long,R_O
Errors,Item,Item,Error,R_O
Field,Properties,Properties,Properties,R_O
Field,ActualSize,Actual Size,Long,R_O
Field,Attributes,Attributes,Long,V
Field,DefinedSize,Defined Size,Long,V
Field,Name,Name,String,R_O
Field,Type,Type,DataTypeEnum,V
Field,Value,Value,Variant,V
Field,Precision,Precision,Byte,V
Field,NumericScale,Numeric Scale,Byte,V
Field,OriginalValue,Original Value,Variant,R_O
Field,UnderlyingValue,Underlying Value,Variant,R_O
Field,DataFormat,Data Format,IUnknown,V
Field,Status,Status,Long,R_O
Field15,Properties,Properties,Properties,R_O
Field15,ActualSize,Actual Size,Long,R_O
Field15,Attributes,Attributes,Long,R_O
Field15,DefinedSize,Defined Size,Long,R_O
Field15,Name,Name,String,R_O
Field15,Type,Type,DataTypeEnum,R_O
Field15,Value,Value,Variant,V
Field15,Precision,Precision,Byte,R_O
Field15,NumericScale,Numeric Scale,Byte,R_O
Field15,OriginalValue,Original Value,Variant,R_O
Field15,UnderlyingValue,Underlying Value,Variant,R_O
Field15_Deprecated,Properties,Properties,Properties,R_O
Field15_Deprecated,ActualSize,Actual Size,ADO_LONGPTR,R_O
Field15_Deprecated,Attributes,Attributes,Long,R_O
Field15_Deprecated,DefinedSize,Defined Size,ADO_LONGPTR,R_O
Field15_Deprecated,Name,Name,String,R_O
Field15_Deprecated,Type,Type,DataTypeEnum,R_O
Field15_Deprecated,Value,Value,Variant,V
Field15_Deprecated,Precision,Precision,Byte,R_O
Field15_Deprecated,NumericScale,Numeric Scale,Byte,R_O
Field15_Deprecated,OriginalValue,Original Value,Variant,R_O
Field15_Deprecated,UnderlyingValue,Underlying Value,Variant,R_O
Field20,Properties,Properties,Properties,R_O
Field20,ActualSize,Actual Size,Long,R_O
Field20,Attributes,Attributes,Long,V
Field20,DefinedSize,Defined Size,Long,V
Field20,Name,Name,String,R_O
Field20,Type,Type,DataTypeEnum,V
Field20,Value,Value,Variant,V
Field20,Precision,Precision,Byte,V
Field20,NumericScale,Numeric Scale,Byte,V
Field20,OriginalValue,Original Value,Variant,R_O
Field20,UnderlyingValue,Underlying Value,Variant,R_O
Field20,DataFormat,Data Format,IUnknown,V
Field20_Deprecated,Properties,Properties,Properties,R_O
Field20_Deprecated,ActualSize,Actual Size,ADO_LONGPTR,R_O
Field20_Deprecated,Attributes,Attributes,Long,V
Field20_Deprecated,DefinedSize,Defined Size,ADO_LONGPTR,V
Field20_Deprecated,Name,Name,String,R_O
Field20_Deprecated,Type,Type,DataTypeEnum,V
Field20_Deprecated,Value,Value,Variant,V
Field20_Deprecated,Precision,Precision,Byte,V
Field20_Deprecated,NumericScale,Numeric Scale,Byte,V
Field20_Deprecated,OriginalValue,Original Value,Variant,R_O
Field20_Deprecated,UnderlyingValue,Underlying Value,Variant,R_O
Field20_Deprecated,DataFormat,Data Format,IUnknown,V
Field_Deprecated,Properties,Properties,Properties,R_O
Field_Deprecated,ActualSize,Actual Size,ADO_LONGPTR,R_O
Field_Deprecated,Attributes,Attributes,Long,V
Field_Deprecated,DefinedSize,Defined Size,ADO_LONGPTR,V
Field_Deprecated,Name,Name,String,R_O
Field_Deprecated,Type,Type,DataTypeEnum,V
Field_Deprecated,Value,Value,Variant,V
Field_Deprecated,Precision,Precision,Byte,V
Field_Deprecated,NumericScale,Numeric Scale,Byte,V
Field_Deprecated,OriginalValue,Original Value,Variant,R_O
Field_Deprecated,UnderlyingValue,Underlying Value,Variant,R_O
Field_Deprecated,DataFormat,Data Format,IUnknown,V
Field_Deprecated,Status,Status,Long,R_O
Fields,Count,Count,Long,R_O
Fields,Item,Item,Field,R_O
Fields15,Count,Count,Long,R_O
Fields15,Item,Item,Field,R_O
Fields15_Deprecated,Count,Count,Long,R_O
Fields15_Deprecated,Item,Item,Field_Deprecated,R_O
Fields20,Count,Count,Long,R_O
Fields20,Item,Item,Field,R_O
Fields20_Deprecated,Count,Count,Long,R_O
Fields20_Deprecated,Item,Item,Field_Deprecated,R_O
Fields_Deprecated,Count,Count,Long,R_O
Fields_Deprecated,Item,Item,Field_Deprecated,R_O
Parameter,Properties,Properties,Properties,R_O
Parameter,Name,Name,String,V
Parameter,Value,Value,Variant,V
Parameter,Type,Type,DataTypeEnum,V
Parameter,Direction,Direction,ParameterDirectionEnum,V
Parameter,Precision,Precision,Byte,V
Parameter,NumericScale,Numeric Scale,Byte,V
Parameter,Size,Size,Long,V
Parameter,Attributes,Attributes,Long,V
Parameter_Deprecated,Properties,Properties,Properties,R_O
Parameter_Deprecated,Name,Name,String,V
Parameter_Deprecated,Value,Value,Variant,V
Parameter_Deprecated,Type,Type,DataTypeEnum,V
Parameter_Deprecated,Direction,Direction,ParameterDirectionEnum,V
Parameter_Deprecated,Precision,Precision,Byte,V
Parameter_Deprecated,NumericScale,Numeric Scale,Byte,V
Parameter_Deprecated,Size,Size,ADO_LONGPTR,V
Parameter_Deprecated,Attributes,Attributes,Long,V
Parameters,Count,Count,Long,R_O
Parameters,Item,Item,_Parameter,R_O
Parameters_Deprecated,Count,Count,Long,R_O
Parameters_Deprecated,Item,Item,_Parameter_Deprecated,R_O
Properties,Count,Count,Long,R_O
Properties,Item,Item,Property,R_O
Property,Value,Value,Variant,V
Property,Name,Name,String,R_O
Property,Type,Type,DataTypeEnum,R_O
Property,Attributes,Attributes,Long,V
Record,Properties,Properties,Properties,R_O
Record,ActiveConnection,Active Connection,Variant,V
Record,State,State,ObjectStateEnum,R_O
Record,Source,Source,Variant,V
Record,Mode,Mode,ConnectModeEnum,V
Record,ParentURL,Parent URL,String,R_O
Record,Fields,Fields,Fields,R_O
Record,RecordType,Record Type,RecordTypeEnum,R_O
Record_Deprecated,Properties,Properties,Properties,R_O
Record_Deprecated,ActiveConnection,Active Connection,Variant,V
Record_Deprecated,State,State,ObjectStateEnum,R_O
Record_Deprecated,Source,Source,Variant,V
Record_Deprecated,Mode,Mode,ConnectModeEnum,V
Record_Deprecated,ParentURL,Parent URL,String,R_O
Record_Deprecated,Fields,Fields,Fields_Deprecated,R_O
Record_Deprecated,RecordType,Record Type,RecordTypeEnum,R_O
Recordset,Properties,Properties,Properties,R_O
Recordset,AbsolutePosition,Absolute Position,PositionEnum,V
Recordset,ActiveConnection,Active Connection,Variant,V
Recordset,BOF,BOF,Boolean,R_O
Recordset,Bookmark,Bookmark,Variant,V
Recordset,CacheSize,Cache Size,Long,V
Recordset,CursorType,Cursor Type,CursorTypeEnum,V
Recordset,EOF,EOF,Boolean,R_O
Recordset,Fields,Fields,Fields,R_O
Recordset,LockType,Lock Type,LockTypeEnum,V
Recordset,MaxRecords,Max Records,Long,V
Recordset,RecordCount,Record Count,Long,R_O
Recordset,Source,Source,Variant,V
Recordset,AbsolutePage,Absolute Page,PositionEnum,V
Recordset,EditMode,Edit Mode,EditModeEnum,R_O
Recordset,Filter,Filter,Variant,V
Recordset,PageCount,Page Count,Long,R_O
Recordset,PageSize,Page Size,Long,V
Recordset,Sort,Sort,String,V
Recordset,Status,Status,Long,R_O
Recordset,State,State,Long,R_O
Recordset,CursorLocation,Cursor Location,CursorLocationEnum,V
Recordset,MarshalOptions,Marshal Options,MarshalOptionsEnum,V
Recordset,DataSource,Data Source,IUnknown,V
Recordset,ActiveCommand,Active Command,Object,R_O
Recordset,StayInSync,Stay In Sync,Boolean,V
Recordset,DataMember,Data Member,String,V
Recordset,Index,Index,String,V
Recordset15,Properties,Properties,Properties,R_O
Recordset15,AbsolutePosition,Absolute Position,PositionEnum,V
Recordset15,ActiveConnection,Active Connection,Variant,V
Recordset15,BOF,BOF,Boolean,R_O
Recordset15,Bookmark,Bookmark,Variant,V
Recordset15,CacheSize,Cache Size,Long,V
Recordset15,CursorType,Cursor Type,CursorTypeEnum,V
Recordset15,EOF,EOF,Boolean,R_O
Recordset15,Fields,Fields,Fields,R_O
Recordset15,LockType,Lock Type,LockTypeEnum,V
Recordset15,MaxRecords,Max Records,Long,V
Recordset15,RecordCount,Record Count,Long,R_O
Recordset15,Source,Source,Variant,V
Recordset15,AbsolutePage,Absolute Page,PositionEnum,V
Recordset15,EditMode,Edit Mode,EditModeEnum,R_O
Recordset15,Filter,Filter,Variant,V
Recordset15,PageCount,Page Count,Long,R_O
Recordset15,PageSize,Page Size,Long,V
Recordset15,Sort,Sort,String,V
Recordset15,Status,Status,Long,R_O
Recordset15,State,State,Long,R_O
Recordset15,CursorLocation,Cursor Location,CursorLocationEnum,V
Recordset15,MarshalOptions,Marshal Options,MarshalOptionsEnum,V
Recordset15_Deprecated,Properties,Properties,Properties,R_O
Recordset15_Deprecated,AbsolutePosition,Absolute Position,PositionEnum_Param,V
Recordset15_Deprecated,ActiveConnection,Active Connection,Variant,V
Recordset15_Deprecated,BOF,BOF,Boolean,R_O
Recordset15_Deprecated,Bookmark,Bookmark,Variant,V
Recordset15_Deprecated,CacheSize,Cache Size,Long,V
Recordset15_Deprecated,CursorType,Cursor Type,CursorTypeEnum,V
Recordset15_Deprecated,EOF,EOF,Boolean,R_O
Recordset15_Deprecated,Fields,Fields,Fields_Deprecated,R_O
Recordset15_Deprecated,LockType,Lock Type,LockTypeEnum,V
Recordset15_Deprecated,MaxRecords,Max Records,ADO_LONGPTR,V
Recordset15_Deprecated,RecordCount,Record Count,ADO_LONGPTR,R_O
Recordset15_Deprecated,Source,Source,Variant,V
Recordset15_Deprecated,AbsolutePage,Absolute Page,PositionEnum_Param,V
Recordset15_Deprecated,EditMode,Edit Mode,EditModeEnum,R_O
Recordset15_Deprecated,Filter,Filter,Variant,V
Recordset15_Deprecated,PageCount,Page Count,ADO_LONGPTR,R_O
Recordset15_Deprecated,PageSize,Page Size,Long,V
Recordset15_Deprecated,Sort,Sort,String,V
Recordset15_Deprecated,Status,Status,Long,R_O
Recordset15_Deprecated,State,State,Long,R_O
Recordset15_Deprecated,CursorLocation,Cursor Location,CursorLocationEnum,V
Recordset15_Deprecated,MarshalOptions,Marshal Options,MarshalOptionsEnum,V
Recordset20,Properties,Properties,Properties,R_O
Recordset20,AbsolutePosition,Absolute Position,PositionEnum,V
Recordset20,ActiveConnection,Active Connection,Variant,V
Recordset20,BOF,BOF,Boolean,R_O
Recordset20,Bookmark,Bookmark,Variant,V
Recordset20,CacheSize,Cache Size,Long,V
Recordset20,CursorType,Cursor Type,CursorTypeEnum,V
Recordset20,EOF,EOF,Boolean,R_O
Recordset20,Fields,Fields,Fields,R_O
Recordset20,LockType,Lock Type,LockTypeEnum,V
Recordset20,MaxRecords,Max Records,Long,V
Recordset20,RecordCount,Record Count,Long,R_O
Recordset20,Source,Source,Variant,V
Recordset20,AbsolutePage,Absolute Page,PositionEnum,V
Recordset20,EditMode,Edit Mode,EditModeEnum,R_O
Recordset20,Filter,Filter,Variant,V
Recordset20,PageCount,Page Count,Long,R_O
Recordset20,PageSize,Page Size,Long,V
Recordset20,Sort,Sort,String,V
Recordset20,Status,Status,Long,R_O
Recordset20,State,State,Long,R_O
Recordset20,CursorLocation,Cursor Location,CursorLocationEnum,V
Recordset20,MarshalOptions,Marshal Options,MarshalOptionsEnum,V
Recordset20,DataSource,Data Source,IUnknown,V
Recordset20,ActiveCommand,Active Command,Object,R_O
Recordset20,StayInSync,Stay In Sync,Boolean,V
Recordset20,DataMember,Data Member,String,V
Recordset20_Deprecated,Properties,Properties,Properties,R_O
Recordset20_Deprecated,AbsolutePosition,Absolute Position,PositionEnum_Param,V
Recordset20_Deprecated,ActiveConnection,Active Connection,Variant,V
Recordset20_Deprecated,BOF,BOF,Boolean,R_O
Recordset20_Deprecated,Bookmark,Bookmark,Variant,V
Recordset20_Deprecated,CacheSize,Cache Size,Long,V
Recordset20_Deprecated,CursorType,Cursor Type,CursorTypeEnum,V
Recordset20_Deprecated,EOF,EOF,Boolean,R_O
Recordset20_Deprecated,Fields,Fields,Fields_Deprecated,R_O
Recordset20_Deprecated,LockType,Lock Type,LockTypeEnum,V
Recordset20_Deprecated,MaxRecords,Max Records,ADO_LONGPTR,V
Recordset20_Deprecated,RecordCount,Record Count,ADO_LONGPTR,R_O
Recordset20_Deprecated,Source,Source,Variant,V
Recordset20_Deprecated,AbsolutePage,Absolute Page,PositionEnum_Param,V
Recordset20_Deprecated,EditMode,Edit Mode,EditModeEnum,R_O
Recordset20_Deprecated,Filter,Filter,Variant,V
Recordset20_Deprecated,PageCount,Page Count,ADO_LONGPTR,R_O
Recordset20_Deprecated,PageSize,Page Size,Long,V
Recordset20_Deprecated,Sort,Sort,String,V
Recordset20_Deprecated,Status,Status,Long,R_O
Recordset20_Deprecated,State,State,Long,R_O
Recordset20_Deprecated,CursorLocation,Cursor Location,CursorLocationEnum,V
Recordset20_Deprecated,MarshalOptions,Marshal Options,MarshalOptionsEnum,V
Recordset20_Deprecated,DataSource,Data Source,IUnknown,V
Recordset20_Deprecated,ActiveCommand,Active Command,Object,R_O
Recordset20_Deprecated,StayInSync,Stay In Sync,Boolean,V
Recordset20_Deprecated,DataMember,Data Member,String,V
Recordset21,Properties,Properties,Properties,R_O
Recordset21,AbsolutePosition,Absolute Position,PositionEnum,V
Recordset21,ActiveConnection,Active Connection,Variant,V
Recordset21,BOF,BOF,Boolean,R_O
Recordset21,Bookmark,Bookmark,Variant,V
Recordset21,CacheSize,Cache Size,Long,V
Recordset21,CursorType,Cursor Type,CursorTypeEnum,V
Recordset21,EOF,EOF,Boolean,R_O
Recordset21,Fields,Fields,Fields,R_O
Recordset21,LockType,Lock Type,LockTypeEnum,V
Recordset21,MaxRecords,Max Records,Long,V
Recordset21,RecordCount,Record Count,Long,R_O
Recordset21,Source,Source,Variant,V
Recordset21,AbsolutePage,Absolute Page,PositionEnum,V
Recordset21,EditMode,Edit Mode,EditModeEnum,R_O
Recordset21,Filter,Filter,Variant,V
Recordset21,PageCount,Page Count,Long,R_O
Recordset21,PageSize,Page Size,Long,V
Recordset21,Sort,Sort,String,V
Recordset21,Status,Status,Long,R_O
Recordset21,State,State,Long,R_O
Recordset21,CursorLocation,Cursor Location,CursorLocationEnum,V
Recordset21,MarshalOptions,Marshal Options,MarshalOptionsEnum,V
Recordset21,DataSource,Data Source,IUnknown,V
Recordset21,ActiveCommand,Active Command,Object,R_O
Recordset21,StayInSync,Stay In Sync,Boolean,V
Recordset21,DataMember,Data Member,String,V
Recordset21,Index,Index,String,V
Recordset21_Deprecated,Properties,Properties,Properties,R_O
Recordset21_Deprecated,AbsolutePosition,Absolute Position,PositionEnum_Param,V
Recordset21_Deprecated,ActiveConnection,Active Connection,Variant,V
Recordset21_Deprecated,BOF,BOF,Boolean,R_O
Recordset21_Deprecated,Bookmark,Bookmark,Variant,V
Recordset21_Deprecated,CacheSize,Cache Size,Long,V
Recordset21_Deprecated,CursorType,Cursor Type,CursorTypeEnum,V
Recordset21_Deprecated,EOF,EOF,Boolean,R_O
Recordset21_Deprecated,Fields,Fields,Fields_Deprecated,R_O
Recordset21_Deprecated,LockType,Lock Type,LockTypeEnum,V
Recordset21_Deprecated,MaxRecords,Max Records,ADO_LONGPTR,V
Recordset21_Deprecated,RecordCount,Record Count,ADO_LONGPTR,R_O
Recordset21_Deprecated,Source,Source,Variant,V
Recordset21_Deprecated,AbsolutePage,Absolute Page,PositionEnum_Param,V
Recordset21_Deprecated,EditMode,Edit Mode,EditModeEnum,R_O
Recordset21_Deprecated,Filter,Filter,Variant,V
Recordset21_Deprecated,PageCount,Page Count,ADO_LONGPTR,R_O
Recordset21_Deprecated,PageSize,Page Size,Long,V
Recordset21_Deprecated,Sort,Sort,String,V
Recordset21_Deprecated,Status,Status,Long,R_O
Recordset21_Deprecated,State,State,Long,R_O
Recordset21_Deprecated,CursorLocation,Cursor Location,CursorLocationEnum,V
Recordset21_Deprecated,MarshalOptions,Marshal Options,MarshalOptionsEnum,V
Recordset21_Deprecated,DataSource,Data Source,IUnknown,V
Recordset21_Deprecated,ActiveCommand,Active Command,Object,R_O
Recordset21_Deprecated,StayInSync,Stay In Sync,Boolean,V
Recordset21_Deprecated,DataMember,Data Member,String,V
Recordset21_Deprecated,Index,Index,String,V
Recordset_Deprecated,Properties,Properties,Properties,R_O
Recordset_Deprecated,AbsolutePosition,Absolute Position,PositionEnum_Param,V
Recordset_Deprecated,ActiveConnection,Active Connection,Variant,V
Recordset_Deprecated,BOF,BOF,Boolean,R_O
Recordset_Deprecated,Bookmark,Bookmark,Variant,V
Recordset_Deprecated,CacheSize,Cache Size,Long,V
Recordset_Deprecated,CursorType,Cursor Type,CursorTypeEnum,V
Recordset_Deprecated,EOF,EOF,Boolean,R_O
Recordset_Deprecated,Fields,Fields,Fields_Deprecated,R_O
Recordset_Deprecated,LockType,Lock Type,LockTypeEnum,V
Recordset_Deprecated,MaxRecords,Max Records,ADO_LONGPTR,V
Recordset_Deprecated,RecordCount,Record Count,ADO_LONGPTR,R_O
Recordset_Deprecated,Source,Source,Variant,V
Recordset_Deprecated,AbsolutePage,Absolute Page,PositionEnum_Param,V
Recordset_Deprecated,EditMode,Edit Mode,EditModeEnum,R_O
Recordset_Deprecated,Filter,Filter,Variant,V
Recordset_Deprecated,PageCount,Page Count,ADO_LONGPTR,R_O
Recordset_Deprecated,PageSize,Page Size,Long,V
Recordset_Deprecated,Sort,Sort,String,V
Recordset_Deprecated,Status,Status,Long,R_O
Recordset_Deprecated,State,State,Long,R_O
Recordset_Deprecated,CursorLocation,Cursor Location,CursorLocationEnum,V
Recordset_Deprecated,MarshalOptions,Marshal Options,MarshalOptionsEnum,V
Recordset_Deprecated,DataSource,Data Source,IUnknown,V
Recordset_Deprecated,ActiveCommand,Active Command,Object,R_O
Recordset_Deprecated,StayInSync,Stay In Sync,Boolean,V
Recordset_Deprecated,DataMember,Data Member,String,V
Recordset_Deprecated,Index,Index,String,V
Stream,Size,Size,Long,R_O
Stream,EOS,EOS,Boolean,R_O
Stream,Position,Position,Long,V
Stream,Type,Type,StreamTypeEnum,V
Stream,LineSeparator,Line Separator,LineSeparatorEnum,V
Stream,State,State,ObjectStateEnum,R_O
Stream,Mode,Mode,ConnectModeEnum,V
Stream,Charset,Charset,String,V
Stream_Deprecated,Size,Size,ADO_LONGPTR,R_O
Stream_Deprecated,EOS,EOS,Boolean,R_O
Stream_Deprecated,Position,Position,ADO_LONGPTR,V
Stream_Deprecated,Type,Type,StreamTypeEnum,V
Stream_Deprecated,LineSeparator,Line Separator,LineSeparatorEnum,V
Stream_Deprecated,State,State,ObjectStateEnum,R_O
Stream_Deprecated,Mode,Mode,ConnectModeEnum,V
Stream_Deprecated,Charset,Charset,String,V
AddIn,Description,Description,String,V
AddIn,VBE,VBE,VBE,R_O
AddIn,Collection,Collection,Addins,R_O
AddIn,ProgId,Prog Id,String,R_O
AddIn,Guid,Guid,String,R_O
AddIn,Connect,Connect,Boolean,V
AddIn,Object,Object,Object,V
Addins,VBE,VBE,VBE,R_O
Addins,Parent,Parent,Object,R_O
Addins,Count,Count,Long,R_O
Application,Version,Version,String,R_O
CodeModule,Parent,Parent,VBComponent,R_O
CodeModule,VBE,VBE,VBE,R_O
CodeModule,Lines,Lines,String,R_O
CodeModule,CountOfLines,Count Of Lines,Long,R_O
CodeModule,ProcStartLine,Proc Start Line,Long,R_O
CodeModule,ProcCountLines,Proc Count Lines,Long,R_O
CodeModule,ProcBodyLine,Proc Body Line,Long,R_O
CodeModule,ProcOfLine,Proc Of Line,String,R_O
CodeModule,CountOfDeclarationLines,Count Of Declaration Lines,Long,R_O
CodeModule,CodePane,Code Pane,CodePane,R_O
CodePane,Collection,Collection,CodePanes,R_O
CodePane,VBE,VBE,VBE,R_O
CodePane,Window,Window,Window,R_O
CodePane,TopLine,Top Line,Long,V
CodePane,CountOfVisibleLines,Count Of Visible Lines,Long,R_O
CodePane,CodeModule,Code Module,CodeModule,R_O
CodePane,CodePaneView,Code Pane View,vbext_CodePaneview,R_O
CodePanes,Parent,Parent,VBE,R_O
CodePanes,VBE,VBE,VBE,R_O
CodePanes,Count,Count,Long,R_O
Component,IsDirty,Is Dirty,Boolean,V
Component,Name,Name,String,V
Components,Application,Application,Application,R_O
Components,Parent,Parent,VBProject,R_O
Components,Count,Count,Long,R_O
Components,VBE,VBE,VBE,R_O
Events,ReferencesEvents,References Events,ReferencesEvents,R_O
Events,CommandBarEvents,Command Bar Events,CommandBarEvents,R_O
LinkedWindows,VBE,VBE,VBE,R_O
LinkedWindows,Count,Count,Long,R_O
Properties,Parent,Parent,Object,R_O
Properties,Count,Count,Long,R_O
Properties,VBE,VBE,VBE,R_O
Property,Value,Value,Variant,V
Property,IndexedValue,Indexed Value,Variant,V
Property,NumIndices,Num Indices,Integer,R_O
Property,Name,Name,String,R_O
Property,VBE,VBE,VBE,R_O
Property,Collection,Collection,Properties,R_O
Property,Object,Object,IUnknown,V
Reference,Collection,Collection,References,R_O
Reference,VBE,VBE,VBE,R_O
Reference,Name,Name,String,R_O
Reference,Guid,Guid,String,R_O
Reference,Major,Major,Long,R_O
Reference,Minor,Minor,Long,R_O
Reference,FullPath,Full Path,String,R_O
Reference,BuiltIn,Built In,Boolean,R_O
Reference,IsBroken,Is Broken,Boolean,R_O
Reference,Type,Type,vbext_RefKind,R_O
Reference,Description,Description,String,R_O
References,Parent,Parent,VBProject,R_O
References,VBE,VBE,VBE,R_O
References,Count,Count,Long,R_O
SelectedComponents,Application,Application,Application,R_O
SelectedComponents,Parent,Parent,VBProject,R_O
SelectedComponents,Count,Count,Long,R_O
VBComponent,Saved,Saved,Boolean,R_O
VBComponent,Name,Name,String,V
VBComponent,Designer,Designer,Object,R_O
VBComponent,CodeModule,Code Module,CodeModule,R_O
VBComponent,Type,Type,vbext_ComponentType,R_O
VBComponent,VBE,VBE,VBE,R_O
VBComponent,Collection,Collection,VBComponents,R_O
VBComponent,HasOpenDesigner,Has Open Designer,Boolean,R_O
VBComponent,Properties,Properties,Properties,R_O
VBComponent,DesignerID,Designer ID,String,R_O
VBComponent_Old,Saved,Saved,Boolean,R_O
VBComponent_Old,Name,Name,String,V
VBComponent_Old,Designer,Designer,Object,R_O
VBComponent_Old,CodeModule,Code Module,CodeModule,R_O
VBComponent_Old,Type,Type,vbext_ComponentType,R_O
VBComponent_Old,VBE,VBE,VBE,R_O
VBComponent_Old,Collection,Collection,VBComponents,R_O
VBComponent_Old,HasOpenDesigner,Has Open Designer,Boolean,R_O
VBComponent_Old,Properties,Properties,Properties,R_O
VBComponents,Parent,Parent,VBProject,R_O
VBComponents,Count,Count,Long,R_O
VBComponents,VBE,VBE,VBE,R_O
VBComponents_Old,Parent,Parent,VBProject,R_O
VBComponents_Old,Count,Count,Long,R_O
VBComponents_Old,VBE,VBE,VBE,R_O
VBE,Version,Version,String,R_O
VBE,VBProjects,VB Projects,VBProjects,R_O
VBE,CommandBars,Command Bars,CommandBars,R_O
VBE,CodePanes,Code Panes,CodePanes,R_O
VBE,Windows,Windows,Windows,R_O
VBE,Events,Events,Events,R_O
VBE,ActiveVBProject,Active VB Project,VBProject,V
VBE,SelectedVBComponent,Selected VB Component,VBComponent,R_O
VBE,MainWindow,Main Window,Window,R_O
VBE,ActiveWindow,Active Window,Window,R_O
VBE,ActiveCodePane,Active Code Pane,CodePane,V
VBE,Addins,Addins,Addins,R_O
VBProject,HelpFile,Help File,String,V
VBProject,HelpContextID,Help Context ID,Long,V
VBProject,Description,Description,String,V
VBProject,Mode,Mode,vbext_VBAMode,R_O
VBProject,References,References,References,R_O
VBProject,Name,Name,String,V
VBProject,VBE,VBE,VBE,R_O
VBProject,Collection,Collection,VBProjects,R_O
VBProject,Protection,Protection,vbext_ProjectProtection,R_O
VBProject,Saved,Saved,Boolean,R_O
VBProject,VBComponents,VB Components,VBComponents,R_O
VBProject,Type,Type,vbext_ProjectType,R_O
VBProject,FileName,File Name,String,R_O
VBProject,BuildFileName,Build File Name,String,V
VBProject_Old,HelpFile,Help File,String,V
VBProject_Old,HelpContextID,Help Context ID,Long,V
VBProject_Old,Description,Description,String,V
VBProject_Old,Mode,Mode,vbext_VBAMode,R_O
VBProject_Old,References,References,References,R_O
VBProject_Old,Name,Name,String,V
VBProject_Old,VBE,VBE,VBE,R_O
VBProject_Old,Collection,Collection,VBProjects,R_O
VBProject_Old,Protection,Protection,vbext_ProjectProtection,R_O
VBProject_Old,Saved,Saved,Boolean,R_O
VBProject_Old,VBComponents,VB Components,VBComponents,R_O
VBProjects,VBE,VBE,VBE,R_O
VBProjects,Parent,Parent,VBE,R_O
VBProjects,Count,Count,Long,R_O
VBProjects_Old,VBE,VBE,VBE,R_O
VBProjects_Old,Parent,Parent,VBE,R_O
VBProjects_Old,Count,Count,Long,R_O
Window,VBE,VBE,VBE,R_O
Window,Collection,Collection,Windows,R_O
Window,Caption,Caption,String,R_O
Window,Visible,Visible,Boolean,V
Window,Left,Left,Long,V
Window,Top,Top,Long,V
Window,Width,Width,Long,V
Window,Height,Height,Long,V
Window,WindowState,Window State,vbext_WindowState,V
Window,Type,Type,vbext_WindowType,R_O
Window,LinkedWindows,Linked Windows,LinkedWindows,R_O
Window,LinkedWindowFrame,Linked Window Frame,Window,R_O
Windows,VBE,VBE,VBE,R_O
Windows,Parent,Parent,Application,R_O
Windows,Count,Count,Long,R_O
Windows_old,VBE,VBE,VBE,R_O
Windows_old,Parent,Parent,Application,R_O
Windows_old,Count,Count,Long,R_O
DOMDocument60,nodeName,node Name,String,R_O
DOMDocument60,nodeValue,node Value,Variant,V
DOMDocument60,nodeType,node Type,DOMNodeType,R_O
DOMDocument60,parentNode,parent Node,IXMLDOMNode,R_O
DOMDocument60,childNodes,child Nodes,IXMLDOMNodeList,R_O
DOMDocument60,firstChild,first Child,IXMLDOMNode,R_O
DOMDocument60,lastChild,last Child,IXMLDOMNode,R_O
DOMDocument60,previousSibling,previous Sibling,IXMLDOMNode,R_O
DOMDocument60,nextSibling,next Sibling,IXMLDOMNode,R_O
DOMDocument60,attributes,attributes,IXMLDOMNamedNodeMap,R_O
DOMDocument60,ownerDocument,owner Document,IXMLDOMDocument,R_O
DOMDocument60,nodeTypeString,node Type String,String,R_O
DOMDocument60,text,text,String,V
DOMDocument60,specified,specified,Boolean,R_O
DOMDocument60,definition,definition,IXMLDOMNode,R_O
DOMDocument60,nodeTypedValue,node Typed Value,Variant,V
DOMDocument60,dataType,data Type,Variant,V
DOMDocument60,xml,xml,String,R_O
DOMDocument60,parsed,parsed,Boolean,R_O
DOMDocument60,namespaceURI,namespace URI,String,R_O
DOMDocument60,prefix,prefix,String,R_O
DOMDocument60,baseName,base Name,String,R_O
DOMDocument60,doctype,doctype,IXMLDOMDocumentType,R_O
DOMDocument60,implementation,implementation,IXMLDOMImplementation,R_O
DOMDocument60,documentElement,document Element,IXMLDOMElement,V
DOMDocument60,readyState,ready State,Long,R_O
DOMDocument60,parseError,parse Error,IXMLDOMParseError,R_O
DOMDocument60,url,url,String,R_O
DOMDocument60,async,async,Boolean,V
DOMDocument60,validateOnParse,validate On Parse,Boolean,V
DOMDocument60,resolveExternals,resolve Externals,Boolean,V
DOMDocument60,preserveWhiteSpace,preserve White Space,Boolean,V
DOMDocument60,onreadystatechange,onreadystatechange,Variant,W_O
DOMDocument60,ondataavailable,ondataavailable,Variant,W_O
DOMDocument60,ontransformnode,ontransformnode,Variant,W_O
DOMDocument60,namespaces,namespaces,IXMLDOMSchemaCollection,R_O
DOMDocument60,schemas,schemas,Variant,V
FreeThreadedDOMDocument60,nodeName,node Name,String,R_O
FreeThreadedDOMDocument60,nodeValue,node Value,Variant,V
FreeThreadedDOMDocument60,nodeType,node Type,DOMNodeType,R_O
FreeThreadedDOMDocument60,parentNode,parent Node,IXMLDOMNode,R_O
FreeThreadedDOMDocument60,childNodes,child Nodes,IXMLDOMNodeList,R_O
FreeThreadedDOMDocument60,firstChild,first Child,IXMLDOMNode,R_O
FreeThreadedDOMDocument60,lastChild,last Child,IXMLDOMNode,R_O
FreeThreadedDOMDocument60,previousSibling,previous Sibling,IXMLDOMNode,R_O
FreeThreadedDOMDocument60,nextSibling,next Sibling,IXMLDOMNode,R_O
FreeThreadedDOMDocument60,attributes,attributes,IXMLDOMNamedNodeMap,R_O
FreeThreadedDOMDocument60,ownerDocument,owner Document,IXMLDOMDocument,R_O
FreeThreadedDOMDocument60,nodeTypeString,node Type String,String,R_O
FreeThreadedDOMDocument60,text,text,String,V
FreeThreadedDOMDocument60,specified,specified,Boolean,R_O
FreeThreadedDOMDocument60,definition,definition,IXMLDOMNode,R_O
FreeThreadedDOMDocument60,nodeTypedValue,node Typed Value,Variant,V
FreeThreadedDOMDocument60,dataType,data Type,Variant,V
FreeThreadedDOMDocument60,xml,xml,String,R_O
FreeThreadedDOMDocument60,parsed,parsed,Boolean,R_O
FreeThreadedDOMDocument60,namespaceURI,namespace URI,String,R_O
FreeThreadedDOMDocument60,prefix,prefix,String,R_O
FreeThreadedDOMDocument60,baseName,base Name,String,R_O
FreeThreadedDOMDocument60,doctype,doctype,IXMLDOMDocumentType,R_O
FreeThreadedDOMDocument60,implementation,implementation,IXMLDOMImplementation,R_O
FreeThreadedDOMDocument60,documentElement,document Element,IXMLDOMElement,V
FreeThreadedDOMDocument60,readyState,ready State,Long,R_O
FreeThreadedDOMDocument60,parseError,parse Error,IXMLDOMParseError,R_O
FreeThreadedDOMDocument60,url,url,String,R_O
FreeThreadedDOMDocument60,async,async,Boolean,V
FreeThreadedDOMDocument60,validateOnParse,validate On Parse,Boolean,V
FreeThreadedDOMDocument60,resolveExternals,resolve Externals,Boolean,V
FreeThreadedDOMDocument60,preserveWhiteSpace,preserve White Space,Boolean,V
FreeThreadedDOMDocument60,onreadystatechange,onreadystatechange,Variant,W_O
FreeThreadedDOMDocument60,ondataavailable,ondataavailable,Variant,W_O
FreeThreadedDOMDocument60,ontransformnode,ontransformnode,Variant,W_O
FreeThreadedDOMDocument60,namespaces,namespaces,IXMLDOMSchemaCollection,R_O
FreeThreadedDOMDocument60,schemas,schemas,Variant,V
IMXNamespacePrefixes,item,item,String,R_O
IMXNamespacePrefixes,length,length,Long,R_O
IMXWriter,output,output,Variant,V
IMXWriter,encoding,encoding,String,V
IMXWriter,byteOrderMark,byte Order Mark,Boolean,V
IMXWriter,indent,indent,Boolean,V
IMXWriter,standalone,standalone,Boolean,V
IMXWriter,omitXMLDeclaration,omit XML Declaration,Boolean,V
IMXWriter,version,version,String,V
IMXWriter,disableOutputEscaping,disable Output Escaping,Boolean,V
IMXXMLFilter,entityResolver,entity Resolver,IUnknown,V
IMXXMLFilter,contentHandler,content Handler,IUnknown,V
IMXXMLFilter,dtdHandler,dtd Handler,IUnknown,V
IMXXMLFilter,errorHandler,error Handler,IUnknown,V
ISchema,name,name,String,R_O
ISchema,namespaceURI,namespace URI,String,R_O
ISchema,schema,schema,ISchema,R_O
ISchema,id,id,String,R_O
ISchema,itemType,item Type,SOMITEMTYPE,R_O
ISchema,unhandledAttributes,unhandled Attributes,IVBSAXAttributes,R_O
ISchema,targetNamespace,target Namespace,String,R_O
ISchema,version,version,String,R_O
ISchema,types,types,ISchemaItemCollection,R_O
ISchema,elements,elements,ISchemaItemCollection,R_O
ISchema,attributes,attributes,ISchemaItemCollection,R_O
ISchema,attributeGroups,attribute Groups,ISchemaItemCollection,R_O
ISchema,modelGroups,model Groups,ISchemaItemCollection,R_O
ISchema,notations,notations,ISchemaItemCollection,R_O
ISchema,schemaLocations,schema Locations,ISchemaStringCollection,R_O
ISchemaAny,name,name,String,R_O
ISchemaAny,namespaceURI,namespace URI,String,R_O
ISchemaAny,schema,schema,ISchema,R_O
ISchemaAny,id,id,String,R_O
ISchemaAny,itemType,item Type,SOMITEMTYPE,R_O
ISchemaAny,unhandledAttributes,unhandled Attributes,IVBSAXAttributes,R_O
ISchemaAny,minOccurs,min Occurs,Variant,R_O
ISchemaAny,maxOccurs,max Occurs,Variant,R_O
ISchemaAny,namespaces,namespaces,ISchemaStringCollection,R_O
ISchemaAny,processContents,process Contents,SCHEMAPROCESSCONTENTS,R_O
ISchemaAttribute,name,name,String,R_O
ISchemaAttribute,namespaceURI,namespace URI,String,R_O
ISchemaAttribute,schema,schema,ISchema,R_O
ISchemaAttribute,id,id,String,R_O
ISchemaAttribute,itemType,item Type,SOMITEMTYPE,R_O
ISchemaAttribute,unhandledAttributes,unhandled Attributes,IVBSAXAttributes,R_O
ISchemaAttribute,type,type,ISchemaType,R_O
ISchemaAttribute,scope,scope,ISchemaComplexType,R_O
ISchemaAttribute,defaultValue,default Value,String,R_O
ISchemaAttribute,fixedValue,fixed Value,String,R_O
ISchemaAttribute,use,use,SCHEMAUSE,R_O
ISchemaAttribute,isReference,is Reference,Boolean,R_O
ISchemaAttributeGroup,name,name,String,R_O
ISchemaAttributeGroup,namespaceURI,namespace URI,String,R_O
ISchemaAttributeGroup,schema,schema,ISchema,R_O
ISchemaAttributeGroup,id,id,String,R_O
ISchemaAttributeGroup,itemType,item Type,SOMITEMTYPE,R_O
ISchemaAttributeGroup,unhandledAttributes,unhandled Attributes,IVBSAXAttributes,R_O
ISchemaAttributeGroup,anyAttribute,any Attribute,ISchemaAny,R_O
ISchemaAttributeGroup,attributes,attributes,ISchemaItemCollection,R_O
ISchemaComplexType,name,name,String,R_O
ISchemaComplexType,namespaceURI,namespace URI,String,R_O
ISchemaComplexType,schema,schema,ISchema,R_O
ISchemaComplexType,id,id,String,R_O
ISchemaComplexType,itemType,item Type,SOMITEMTYPE,R_O
ISchemaComplexType,unhandledAttributes,unhandled Attributes,IVBSAXAttributes,R_O
ISchemaComplexType,baseTypes,base Types,ISchemaItemCollection,R_O
ISchemaComplexType,final,final,SCHEMADERIVATIONMETHOD,R_O
ISchemaComplexType,variety,variety,SCHEMATYPEVARIETY,R_O
ISchemaComplexType,derivedBy,derived By,SCHEMADERIVATIONMETHOD,R_O
ISchemaComplexType,minExclusive,min Exclusive,String,R_O
ISchemaComplexType,minInclusive,min Inclusive,String,R_O
ISchemaComplexType,maxExclusive,max Exclusive,String,R_O
ISchemaComplexType,maxInclusive,max Inclusive,String,R_O
ISchemaComplexType,totalDigits,total Digits,Variant,R_O
ISchemaComplexType,fractionDigits,fraction Digits,Variant,R_O
ISchemaComplexType,length,length,Variant,R_O
ISchemaComplexType,minLength,min Length,Variant,R_O
ISchemaComplexType,maxLength,max Length,Variant,R_O
ISchemaComplexType,enumeration,enumeration,ISchemaStringCollection,R_O
ISchemaComplexType,whitespace,whitespace,SCHEMAWHITESPACE,R_O
ISchemaComplexType,patterns,patterns,ISchemaStringCollection,R_O
ISchemaComplexType,isAbstract,is Abstract,Boolean,R_O
ISchemaComplexType,anyAttribute,any Attribute,ISchemaAny,R_O
ISchemaComplexType,attributes,attributes,ISchemaItemCollection,R_O
ISchemaComplexType,contentType,content Type,SCHEMACONTENTTYPE,R_O
ISchemaComplexType,contentModel,content Model,ISchemaModelGroup,R_O
ISchemaComplexType,prohibitedSubstitutions,prohibited Substitutions,SCHEMADERIVATIONMETHOD,R_O
ISchemaElement,name,name,String,R_O
ISchemaElement,namespaceURI,namespace URI,String,R_O
ISchemaElement,schema,schema,ISchema,R_O
ISchemaElement,id,id,String,R_O
ISchemaElement,itemType,item Type,SOMITEMTYPE,R_O
ISchemaElement,unhandledAttributes,unhandled Attributes,IVBSAXAttributes,R_O
ISchemaElement,minOccurs,min Occurs,Variant,R_O
ISchemaElement,maxOccurs,max Occurs,Variant,R_O
ISchemaElement,type,type,ISchemaType,R_O
ISchemaElement,scope,scope,ISchemaComplexType,R_O
ISchemaElement,defaultValue,default Value,String,R_O
ISchemaElement,fixedValue,fixed Value,String,R_O
ISchemaElement,isNillable,is Nillable,Boolean,R_O
ISchemaElement,identityConstraints,identity Constraints,ISchemaItemCollection,R_O
ISchemaElement,substitutionGroup,substitution Group,ISchemaElement,R_O
ISchemaElement,substitutionGroupExclusions,substitution Group Exclusions,SCHEMADERIVATIONMETHOD,R_O
ISchemaElement,disallowedSubstitutions,disallowed Substitutions,SCHEMADERIVATIONMETHOD,R_O
ISchemaElement,isAbstract,is Abstract,Boolean,R_O
ISchemaElement,isReference,is Reference,Boolean,R_O
ISchemaIdentityConstraint,name,name,String,R_O
ISchemaIdentityConstraint,namespaceURI,namespace URI,String,R_O
ISchemaIdentityConstraint,schema,schema,ISchema,R_O
ISchemaIdentityConstraint,id,id,String,R_O
ISchemaIdentityConstraint,itemType,item Type,SOMITEMTYPE,R_O
ISchemaIdentityConstraint,unhandledAttributes,unhandled Attributes,IVBSAXAttributes,R_O
ISchemaIdentityConstraint,selector,selector,String,R_O
ISchemaIdentityConstraint,fields,fields,ISchemaStringCollection,R_O
ISchemaIdentityConstraint,referencedKey,referenced Key,ISchemaIdentityConstraint,R_O
ISchemaItem,name,name,String,R_O
ISchemaItem,namespaceURI,namespace URI,String,R_O
ISchemaItem,schema,schema,ISchema,R_O
ISchemaItem,id,id,String,R_O
ISchemaItem,itemType,item Type,SOMITEMTYPE,R_O
ISchemaItem,unhandledAttributes,unhandled Attributes,IVBSAXAttributes,R_O
ISchemaItemCollection,item,item,ISchemaItem,R_O
ISchemaItemCollection,length,length,Long,R_O
ISchemaModelGroup,name,name,String,R_O
ISchemaModelGroup,namespaceURI,namespace URI,String,R_O
ISchemaModelGroup,schema,schema,ISchema,R_O
ISchemaModelGroup,id,id,String,R_O
ISchemaModelGroup,itemType,item Type,SOMITEMTYPE,R_O
ISchemaModelGroup,unhandledAttributes,unhandled Attributes,IVBSAXAttributes,R_O
ISchemaModelGroup,minOccurs,min Occurs,Variant,R_O
ISchemaModelGroup,maxOccurs,max Occurs,Variant,R_O
ISchemaModelGroup,particles,particles,ISchemaItemCollection,R_O
ISchemaNotation,name,name,String,R_O
ISchemaNotation,namespaceURI,namespace URI,String,R_O
ISchemaNotation,schema,schema,ISchema,R_O
ISchemaNotation,id,id,String,R_O
ISchemaNotation,itemType,item Type,SOMITEMTYPE,R_O
ISchemaNotation,unhandledAttributes,unhandled Attributes,IVBSAXAttributes,R_O
ISchemaNotation,systemIdentifier,system Identifier,String,R_O
ISchemaNotation,publicIdentifier,public Identifier,String,R_O
ISchemaParticle,name,name,String,R_O
ISchemaParticle,namespaceURI,namespace URI,String,R_O
ISchemaParticle,schema,schema,ISchema,R_O
ISchemaParticle,id,id,String,R_O
ISchemaParticle,itemType,item Type,SOMITEMTYPE,R_O
ISchemaParticle,unhandledAttributes,unhandled Attributes,IVBSAXAttributes,R_O
ISchemaParticle,minOccurs,min Occurs,Variant,R_O
ISchemaParticle,maxOccurs,max Occurs,Variant,R_O
ISchemaStringCollection,item,item,String,R_O
ISchemaStringCollection,length,length,Long,R_O
ISchemaType,name,name,String,R_O
ISchemaType,namespaceURI,namespace URI,String,R_O
ISchemaType,schema,schema,ISchema,R_O
ISchemaType,id,id,String,R_O
ISchemaType,itemType,item Type,SOMITEMTYPE,R_O
ISchemaType,unhandledAttributes,unhandled Attributes,IVBSAXAttributes,R_O
ISchemaType,baseTypes,base Types,ISchemaItemCollection,R_O
ISchemaType,final,final,SCHEMADERIVATIONMETHOD,R_O
ISchemaType,variety,variety,SCHEMATYPEVARIETY,R_O
ISchemaType,derivedBy,derived By,SCHEMADERIVATIONMETHOD,R_O
ISchemaType,minExclusive,min Exclusive,String,R_O
ISchemaType,minInclusive,min Inclusive,String,R_O
ISchemaType,maxExclusive,max Exclusive,String,R_O
ISchemaType,maxInclusive,max Inclusive,String,R_O
ISchemaType,totalDigits,total Digits,Variant,R_O
ISchemaType,fractionDigits,fraction Digits,Variant,R_O
ISchemaType,length,length,Variant,R_O
ISchemaType,minLength,min Length,Variant,R_O
ISchemaType,maxLength,max Length,Variant,R_O
ISchemaType,enumeration,enumeration,ISchemaStringCollection,R_O
ISchemaType,whitespace,whitespace,SCHEMAWHITESPACE,R_O
ISchemaType,patterns,patterns,ISchemaStringCollection,R_O
IServerXMLHTTPRequest,status,status,Long,R_O
IServerXMLHTTPRequest,statusText,status Text,String,R_O
IServerXMLHTTPRequest,responseXML,response XML,Object,R_O
IServerXMLHTTPRequest,responseText,response Text,String,R_O
IServerXMLHTTPRequest,responseBody,response Body,Variant,R_O
IServerXMLHTTPRequest,responseStream,response Stream,Variant,R_O
IServerXMLHTTPRequest,readyState,ready State,Long,R_O
IServerXMLHTTPRequest,onreadystatechange,onreadystatechange,Object,W_O
IServerXMLHTTPRequest2,status,status,Long,R_O
IServerXMLHTTPRequest2,statusText,status Text,String,R_O
IServerXMLHTTPRequest2,responseXML,response XML,Object,R_O
IServerXMLHTTPRequest2,responseText,response Text,String,R_O
IServerXMLHTTPRequest2,responseBody,response Body,Variant,R_O
IServerXMLHTTPRequest2,responseStream,response Stream,Variant,R_O
IServerXMLHTTPRequest2,readyState,ready State,Long,R_O
IServerXMLHTTPRequest2,onreadystatechange,onreadystatechange,Object,W_O
IVBMXNamespaceManager,allowOverride,allow Override,Boolean,V
IVBSAXAttributes,length,length,Long,R_O
IVBSAXContentHandler,documentLocator,document Locator,IVBSAXLocator,W_O
IVBSAXLocator,columnNumber,column Number,Long,R_O
IVBSAXLocator,lineNumber,line Number,Long,R_O
IVBSAXLocator,publicId,public Id,String,R_O
IVBSAXLocator,systemId,system Id,String,R_O
IVBSAXXMLFilter,parent,parent,IVBSAXXMLReader,V
IVBSAXXMLReader,entityResolver,entity Resolver,IVBSAXEntityResolver,V
IVBSAXXMLReader,contentHandler,content Handler,IVBSAXContentHandler,V
IVBSAXXMLReader,dtdHandler,dtd Handler,IVBSAXDTDHandler,V
IVBSAXXMLReader,errorHandler,error Handler,IVBSAXErrorHandler,V
IVBSAXXMLReader,baseURL,base URL,String,V
IVBSAXXMLReader,secureBaseURL,secure Base URL,String,V
IXMLDOMAttribute,nodeName,node Name,String,R_O
IXMLDOMAttribute,nodeValue,node Value,Variant,V
IXMLDOMAttribute,nodeType,node Type,DOMNodeType,R_O
IXMLDOMAttribute,parentNode,parent Node,IXMLDOMNode,R_O
IXMLDOMAttribute,childNodes,child Nodes,IXMLDOMNodeList,R_O
IXMLDOMAttribute,firstChild,first Child,IXMLDOMNode,R_O
IXMLDOMAttribute,lastChild,last Child,IXMLDOMNode,R_O
IXMLDOMAttribute,previousSibling,previous Sibling,IXMLDOMNode,R_O
IXMLDOMAttribute,nextSibling,next Sibling,IXMLDOMNode,R_O
IXMLDOMAttribute,attributes,attributes,IXMLDOMNamedNodeMap,R_O
IXMLDOMAttribute,ownerDocument,owner Document,IXMLDOMDocument,R_O
IXMLDOMAttribute,nodeTypeString,node Type String,String,R_O
IXMLDOMAttribute,text,text,String,V
IXMLDOMAttribute,specified,specified,Boolean,R_O
IXMLDOMAttribute,definition,definition,IXMLDOMNode,R_O
IXMLDOMAttribute,nodeTypedValue,node Typed Value,Variant,V
IXMLDOMAttribute,dataType,data Type,Variant,V
IXMLDOMAttribute,xml,xml,String,R_O
IXMLDOMAttribute,parsed,parsed,Boolean,R_O
IXMLDOMAttribute,namespaceURI,namespace URI,String,R_O
IXMLDOMAttribute,prefix,prefix,String,R_O
IXMLDOMAttribute,baseName,base Name,String,R_O
IXMLDOMAttribute,name,name,String,R_O
IXMLDOMAttribute,value,value,Variant,V
IXMLDOMCDATASection,nodeName,node Name,String,R_O
IXMLDOMCDATASection,nodeValue,node Value,Variant,V
IXMLDOMCDATASection,nodeType,node Type,DOMNodeType,R_O
IXMLDOMCDATASection,parentNode,parent Node,IXMLDOMNode,R_O
IXMLDOMCDATASection,childNodes,child Nodes,IXMLDOMNodeList,R_O
IXMLDOMCDATASection,firstChild,first Child,IXMLDOMNode,R_O
IXMLDOMCDATASection,lastChild,last Child,IXMLDOMNode,R_O
IXMLDOMCDATASection,previousSibling,previous Sibling,IXMLDOMNode,R_O
IXMLDOMCDATASection,nextSibling,next Sibling,IXMLDOMNode,R_O
IXMLDOMCDATASection,attributes,attributes,IXMLDOMNamedNodeMap,R_O
IXMLDOMCDATASection,ownerDocument,owner Document,IXMLDOMDocument,R_O
IXMLDOMCDATASection,nodeTypeString,node Type String,String,R_O
IXMLDOMCDATASection,text,text,String,V
IXMLDOMCDATASection,specified,specified,Boolean,R_O
IXMLDOMCDATASection,definition,definition,IXMLDOMNode,R_O
IXMLDOMCDATASection,nodeTypedValue,node Typed Value,Variant,V
IXMLDOMCDATASection,dataType,data Type,Variant,V
IXMLDOMCDATASection,xml,xml,String,R_O
IXMLDOMCDATASection,parsed,parsed,Boolean,R_O
IXMLDOMCDATASection,namespaceURI,namespace URI,String,R_O
IXMLDOMCDATASection,prefix,prefix,String,R_O
IXMLDOMCDATASection,baseName,base Name,String,R_O
IXMLDOMCDATASection,data,data,String,V
IXMLDOMCDATASection,length,length,Long,R_O
IXMLDOMCharacterData,nodeName,node Name,String,R_O
IXMLDOMCharacterData,nodeValue,node Value,Variant,V
IXMLDOMCharacterData,nodeType,node Type,DOMNodeType,R_O
IXMLDOMCharacterData,parentNode,parent Node,IXMLDOMNode,R_O
IXMLDOMCharacterData,childNodes,child Nodes,IXMLDOMNodeList,R_O
IXMLDOMCharacterData,firstChild,first Child,IXMLDOMNode,R_O
IXMLDOMCharacterData,lastChild,last Child,IXMLDOMNode,R_O
IXMLDOMCharacterData,previousSibling,previous Sibling,IXMLDOMNode,R_O
IXMLDOMCharacterData,nextSibling,next Sibling,IXMLDOMNode,R_O
IXMLDOMCharacterData,attributes,attributes,IXMLDOMNamedNodeMap,R_O
IXMLDOMCharacterData,ownerDocument,owner Document,IXMLDOMDocument,R_O
IXMLDOMCharacterData,nodeTypeString,node Type String,String,R_O
IXMLDOMCharacterData,text,text,String,V
IXMLDOMCharacterData,specified,specified,Boolean,R_O
IXMLDOMCharacterData,definition,definition,IXMLDOMNode,R_O
IXMLDOMCharacterData,nodeTypedValue,node Typed Value,Variant,V
IXMLDOMCharacterData,dataType,data Type,Variant,V
IXMLDOMCharacterData,xml,xml,String,R_O
IXMLDOMCharacterData,parsed,parsed,Boolean,R_O
IXMLDOMCharacterData,namespaceURI,namespace URI,String,R_O
IXMLDOMCharacterData,prefix,prefix,String,R_O
IXMLDOMCharacterData,baseName,base Name,String,R_O
IXMLDOMCharacterData,data,data,String,V
IXMLDOMCharacterData,length,length,Long,R_O
IXMLDOMComment,nodeName,node Name,String,R_O
IXMLDOMComment,nodeValue,node Value,Variant,V
IXMLDOMComment,nodeType,node Type,DOMNodeType,R_O
IXMLDOMComment,parentNode,parent Node,IXMLDOMNode,R_O
IXMLDOMComment,childNodes,child Nodes,IXMLDOMNodeList,R_O
IXMLDOMComment,firstChild,first Child,IXMLDOMNode,R_O
IXMLDOMComment,lastChild,last Child,IXMLDOMNode,R_O
IXMLDOMComment,previousSibling,previous Sibling,IXMLDOMNode,R_O
IXMLDOMComment,nextSibling,next Sibling,IXMLDOMNode,R_O
IXMLDOMComment,attributes,attributes,IXMLDOMNamedNodeMap,R_O
IXMLDOMComment,ownerDocument,owner Document,IXMLDOMDocument,R_O
IXMLDOMComment,nodeTypeString,node Type String,String,R_O
IXMLDOMComment,text,text,String,V
IXMLDOMComment,specified,specified,Boolean,R_O
IXMLDOMComment,definition,definition,IXMLDOMNode,R_O
IXMLDOMComment,nodeTypedValue,node Typed Value,Variant,V
IXMLDOMComment,dataType,data Type,Variant,V
IXMLDOMComment,xml,xml,String,R_O
IXMLDOMComment,parsed,parsed,Boolean,R_O
IXMLDOMComment,namespaceURI,namespace URI,String,R_O
IXMLDOMComment,prefix,prefix,String,R_O
IXMLDOMComment,baseName,base Name,String,R_O
IXMLDOMComment,data,data,String,V
IXMLDOMComment,length,length,Long,R_O
IXMLDOMDocument,nodeName,node Name,String,R_O
IXMLDOMDocument,nodeValue,node Value,Variant,V
IXMLDOMDocument,nodeType,node Type,DOMNodeType,R_O
IXMLDOMDocument,parentNode,parent Node,IXMLDOMNode,R_O
IXMLDOMDocument,childNodes,child Nodes,IXMLDOMNodeList,R_O
IXMLDOMDocument,firstChild,first Child,IXMLDOMNode,R_O
IXMLDOMDocument,lastChild,last Child,IXMLDOMNode,R_O
IXMLDOMDocument,previousSibling,previous Sibling,IXMLDOMNode,R_O
IXMLDOMDocument,nextSibling,next Sibling,IXMLDOMNode,R_O
IXMLDOMDocument,attributes,attributes,IXMLDOMNamedNodeMap,R_O
IXMLDOMDocument,ownerDocument,owner Document,IXMLDOMDocument,R_O
IXMLDOMDocument,nodeTypeString,node Type String,String,R_O
IXMLDOMDocument,text,text,String,V
IXMLDOMDocument,specified,specified,Boolean,R_O
IXMLDOMDocument,definition,definition,IXMLDOMNode,R_O
IXMLDOMDocument,nodeTypedValue,node Typed Value,Variant,V
IXMLDOMDocument,dataType,data Type,Variant,V
IXMLDOMDocument,xml,xml,String,R_O
IXMLDOMDocument,parsed,parsed,Boolean,R_O
IXMLDOMDocument,namespaceURI,namespace URI,String,R_O
IXMLDOMDocument,prefix,prefix,String,R_O
IXMLDOMDocument,baseName,base Name,String,R_O
IXMLDOMDocument,doctype,doctype,IXMLDOMDocumentType,R_O
IXMLDOMDocument,implementation,implementation,IXMLDOMImplementation,R_O
IXMLDOMDocument,documentElement,document Element,IXMLDOMElement,V
IXMLDOMDocument,readyState,ready State,Long,R_O
IXMLDOMDocument,parseError,parse Error,IXMLDOMParseError,R_O
IXMLDOMDocument,url,url,String,R_O
IXMLDOMDocument,async,async,Boolean,V
IXMLDOMDocument,validateOnParse,validate On Parse,Boolean,V
IXMLDOMDocument,resolveExternals,resolve Externals,Boolean,V
IXMLDOMDocument,preserveWhiteSpace,preserve White Space,Boolean,V
IXMLDOMDocument,onreadystatechange,onreadystatechange,Variant,W_O
IXMLDOMDocument,ondataavailable,ondataavailable,Variant,W_O
IXMLDOMDocument,ontransformnode,ontransformnode,Variant,W_O
IXMLDOMDocument2,nodeName,node Name,String,R_O
IXMLDOMDocument2,nodeValue,node Value,Variant,V
IXMLDOMDocument2,nodeType,node Type,DOMNodeType,R_O
IXMLDOMDocument2,parentNode,parent Node,IXMLDOMNode,R_O
IXMLDOMDocument2,childNodes,child Nodes,IXMLDOMNodeList,R_O
IXMLDOMDocument2,firstChild,first Child,IXMLDOMNode,R_O
IXMLDOMDocument2,lastChild,last Child,IXMLDOMNode,R_O
IXMLDOMDocument2,previousSibling,previous Sibling,IXMLDOMNode,R_O
IXMLDOMDocument2,nextSibling,next Sibling,IXMLDOMNode,R_O
IXMLDOMDocument2,attributes,attributes,IXMLDOMNamedNodeMap,R_O
IXMLDOMDocument2,ownerDocument,owner Document,IXMLDOMDocument,R_O
IXMLDOMDocument2,nodeTypeString,node Type String,String,R_O
IXMLDOMDocument2,text,text,String,V
IXMLDOMDocument2,specified,specified,Boolean,R_O
IXMLDOMDocument2,definition,definition,IXMLDOMNode,R_O
IXMLDOMDocument2,nodeTypedValue,node Typed Value,Variant,V
IXMLDOMDocument2,dataType,data Type,Variant,V
IXMLDOMDocument2,xml,xml,String,R_O
IXMLDOMDocument2,parsed,parsed,Boolean,R_O
IXMLDOMDocument2,namespaceURI,namespace URI,String,R_O
IXMLDOMDocument2,prefix,prefix,String,R_O
IXMLDOMDocument2,baseName,base Name,String,R_O
IXMLDOMDocument2,doctype,doctype,IXMLDOMDocumentType,R_O
IXMLDOMDocument2,implementation,implementation,IXMLDOMImplementation,R_O
IXMLDOMDocument2,documentElement,document Element,IXMLDOMElement,V
IXMLDOMDocument2,readyState,ready State,Long,R_O
IXMLDOMDocument2,parseError,parse Error,IXMLDOMParseError,R_O
IXMLDOMDocument2,url,url,String,R_O
IXMLDOMDocument2,async,async,Boolean,V
IXMLDOMDocument2,validateOnParse,validate On Parse,Boolean,V
IXMLDOMDocument2,resolveExternals,resolve Externals,Boolean,V
IXMLDOMDocument2,preserveWhiteSpace,preserve White Space,Boolean,V
IXMLDOMDocument2,onreadystatechange,onreadystatechange,Variant,W_O
IXMLDOMDocument2,ondataavailable,ondataavailable,Variant,W_O
IXMLDOMDocument2,ontransformnode,ontransformnode,Variant,W_O
IXMLDOMDocument2,namespaces,namespaces,IXMLDOMSchemaCollection,R_O
IXMLDOMDocument2,schemas,schemas,Variant,V
IXMLDOMDocument3,nodeName,node Name,String,R_O
IXMLDOMDocument3,nodeValue,node Value,Variant,V
IXMLDOMDocument3,nodeType,node Type,DOMNodeType,R_O
IXMLDOMDocument3,parentNode,parent Node,IXMLDOMNode,R_O
IXMLDOMDocument3,childNodes,child Nodes,IXMLDOMNodeList,R_O
IXMLDOMDocument3,firstChild,first Child,IXMLDOMNode,R_O
IXMLDOMDocument3,lastChild,last Child,IXMLDOMNode,R_O
IXMLDOMDocument3,previousSibling,previous Sibling,IXMLDOMNode,R_O
IXMLDOMDocument3,nextSibling,next Sibling,IXMLDOMNode,R_O
IXMLDOMDocument3,attributes,attributes,IXMLDOMNamedNodeMap,R_O
IXMLDOMDocument3,ownerDocument,owner Document,IXMLDOMDocument,R_O
IXMLDOMDocument3,nodeTypeString,node Type String,String,R_O
IXMLDOMDocument3,text,text,String,V
IXMLDOMDocument3,specified,specified,Boolean,R_O
IXMLDOMDocument3,definition,definition,IXMLDOMNode,R_O
IXMLDOMDocument3,nodeTypedValue,node Typed Value,Variant,V
IXMLDOMDocument3,dataType,data Type,Variant,V
IXMLDOMDocument3,xml,xml,String,R_O
IXMLDOMDocument3,parsed,parsed,Boolean,R_O
IXMLDOMDocument3,namespaceURI,namespace URI,String,R_O
IXMLDOMDocument3,prefix,prefix,String,R_O
IXMLDOMDocument3,baseName,base Name,String,R_O
IXMLDOMDocument3,doctype,doctype,IXMLDOMDocumentType,R_O
IXMLDOMDocument3,implementation,implementation,IXMLDOMImplementation,R_O
IXMLDOMDocument3,documentElement,document Element,IXMLDOMElement,V
IXMLDOMDocument3,readyState,ready State,Long,R_O
IXMLDOMDocument3,parseError,parse Error,IXMLDOMParseError,R_O
IXMLDOMDocument3,url,url,String,R_O
IXMLDOMDocument3,async,async,Boolean,V
IXMLDOMDocument3,validateOnParse,validate On Parse,Boolean,V
IXMLDOMDocument3,resolveExternals,resolve Externals,Boolean,V
IXMLDOMDocument3,preserveWhiteSpace,preserve White Space,Boolean,V
IXMLDOMDocument3,onreadystatechange,onreadystatechange,Variant,W_O
IXMLDOMDocument3,ondataavailable,ondataavailable,Variant,W_O
IXMLDOMDocument3,ontransformnode,ontransformnode,Variant,W_O
IXMLDOMDocument3,namespaces,namespaces,IXMLDOMSchemaCollection,R_O
IXMLDOMDocument3,schemas,schemas,Variant,V
IXMLDOMDocumentFragment,nodeName,node Name,String,R_O
IXMLDOMDocumentFragment,nodeValue,node Value,Variant,V
IXMLDOMDocumentFragment,nodeType,node Type,DOMNodeType,R_O
IXMLDOMDocumentFragment,parentNode,parent Node,IXMLDOMNode,R_O
IXMLDOMDocumentFragment,childNodes,child Nodes,IXMLDOMNodeList,R_O
IXMLDOMDocumentFragment,firstChild,first Child,IXMLDOMNode,R_O
IXMLDOMDocumentFragment,lastChild,last Child,IXMLDOMNode,R_O
IXMLDOMDocumentFragment,previousSibling,previous Sibling,IXMLDOMNode,R_O
IXMLDOMDocumentFragment,nextSibling,next Sibling,IXMLDOMNode,R_O
IXMLDOMDocumentFragment,attributes,attributes,IXMLDOMNamedNodeMap,R_O
IXMLDOMDocumentFragment,ownerDocument,owner Document,IXMLDOMDocument,R_O
IXMLDOMDocumentFragment,nodeTypeString,node Type String,String,R_O
IXMLDOMDocumentFragment,text,text,String,V
IXMLDOMDocumentFragment,specified,specified,Boolean,R_O
IXMLDOMDocumentFragment,definition,definition,IXMLDOMNode,R_O
IXMLDOMDocumentFragment,nodeTypedValue,node Typed Value,Variant,V
IXMLDOMDocumentFragment,dataType,data Type,Variant,V
IXMLDOMDocumentFragment,xml,xml,String,R_O
IXMLDOMDocumentFragment,parsed,parsed,Boolean,R_O
IXMLDOMDocumentFragment,namespaceURI,namespace URI,String,R_O
IXMLDOMDocumentFragment,prefix,prefix,String,R_O
IXMLDOMDocumentFragment,baseName,base Name,String,R_O
IXMLDOMDocumentType,nodeName,node Name,String,R_O
IXMLDOMDocumentType,nodeValue,node Value,Variant,V
IXMLDOMDocumentType,nodeType,node Type,DOMNodeType,R_O
IXMLDOMDocumentType,parentNode,parent Node,IXMLDOMNode,R_O
IXMLDOMDocumentType,childNodes,child Nodes,IXMLDOMNodeList,R_O
IXMLDOMDocumentType,firstChild,first Child,IXMLDOMNode,R_O
IXMLDOMDocumentType,lastChild,last Child,IXMLDOMNode,R_O
IXMLDOMDocumentType,previousSibling,previous Sibling,IXMLDOMNode,R_O
IXMLDOMDocumentType,nextSibling,next Sibling,IXMLDOMNode,R_O
IXMLDOMDocumentType,attributes,attributes,IXMLDOMNamedNodeMap,R_O
IXMLDOMDocumentType,ownerDocument,owner Document,IXMLDOMDocument,R_O
IXMLDOMDocumentType,nodeTypeString,node Type String,String,R_O
IXMLDOMDocumentType,text,text,String,V
IXMLDOMDocumentType,specified,specified,Boolean,R_O
IXMLDOMDocumentType,definition,definition,IXMLDOMNode,R_O
IXMLDOMDocumentType,nodeTypedValue,node Typed Value,Variant,V
IXMLDOMDocumentType,dataType,data Type,Variant,V
IXMLDOMDocumentType,xml,xml,String,R_O
IXMLDOMDocumentType,parsed,parsed,Boolean,R_O
IXMLDOMDocumentType,namespaceURI,namespace URI,String,R_O
IXMLDOMDocumentType,prefix,prefix,String,R_O
IXMLDOMDocumentType,baseName,base Name,String,R_O
IXMLDOMDocumentType,name,name,String,R_O
IXMLDOMDocumentType,entities,entities,IXMLDOMNamedNodeMap,R_O
IXMLDOMDocumentType,notations,notations,IXMLDOMNamedNodeMap,R_O
IXMLDOMElement,nodeName,node Name,String,R_O
IXMLDOMElement,nodeValue,node Value,Variant,V
IXMLDOMElement,nodeType,node Type,DOMNodeType,R_O
IXMLDOMElement,parentNode,parent Node,IXMLDOMNode,R_O
IXMLDOMElement,childNodes,child Nodes,IXMLDOMNodeList,R_O
IXMLDOMElement,firstChild,first Child,IXMLDOMNode,R_O
IXMLDOMElement,lastChild,last Child,IXMLDOMNode,R_O
IXMLDOMElement,previousSibling,previous Sibling,IXMLDOMNode,R_O
IXMLDOMElement,nextSibling,next Sibling,IXMLDOMNode,R_O
IXMLDOMElement,attributes,attributes,IXMLDOMNamedNodeMap,R_O
IXMLDOMElement,ownerDocument,owner Document,IXMLDOMDocument,R_O
IXMLDOMElement,nodeTypeString,node Type String,String,R_O
IXMLDOMElement,text,text,String,V
IXMLDOMElement,specified,specified,Boolean,R_O
IXMLDOMElement,definition,definition,IXMLDOMNode,R_O
IXMLDOMElement,nodeTypedValue,node Typed Value,Variant,V
IXMLDOMElement,dataType,data Type,Variant,V
IXMLDOMElement,xml,xml,String,R_O
IXMLDOMElement,parsed,parsed,Boolean,R_O
IXMLDOMElement,namespaceURI,namespace URI,String,R_O
IXMLDOMElement,prefix,prefix,String,R_O
IXMLDOMElement,baseName,base Name,String,R_O
IXMLDOMElement,tagName,tag Name,String,R_O
IXMLDOMEntity,nodeName,node Name,String,R_O
IXMLDOMEntity,nodeValue,node Value,Variant,V
IXMLDOMEntity,nodeType,node Type,DOMNodeType,R_O
IXMLDOMEntity,parentNode,parent Node,IXMLDOMNode,R_O
IXMLDOMEntity,childNodes,child Nodes,IXMLDOMNodeList,R_O
IXMLDOMEntity,firstChild,first Child,IXMLDOMNode,R_O
IXMLDOMEntity,lastChild,last Child,IXMLDOMNode,R_O
IXMLDOMEntity,previousSibling,previous Sibling,IXMLDOMNode,R_O
IXMLDOMEntity,nextSibling,next Sibling,IXMLDOMNode,R_O
IXMLDOMEntity,attributes,attributes,IXMLDOMNamedNodeMap,R_O
IXMLDOMEntity,ownerDocument,owner Document,IXMLDOMDocument,R_O
IXMLDOMEntity,nodeTypeString,node Type String,String,R_O
IXMLDOMEntity,text,text,String,V
IXMLDOMEntity,specified,specified,Boolean,R_O
IXMLDOMEntity,definition,definition,IXMLDOMNode,R_O
IXMLDOMEntity,nodeTypedValue,node Typed Value,Variant,V
IXMLDOMEntity,dataType,data Type,Variant,V
IXMLDOMEntity,xml,xml,String,R_O
IXMLDOMEntity,parsed,parsed,Boolean,R_O
IXMLDOMEntity,namespaceURI,namespace URI,String,R_O
IXMLDOMEntity,prefix,prefix,String,R_O
IXMLDOMEntity,baseName,base Name,String,R_O
IXMLDOMEntity,publicId,public Id,Variant,R_O
IXMLDOMEntity,systemId,system Id,Variant,R_O
IXMLDOMEntity,notationName,notation Name,String,R_O
IXMLDOMEntityReference,nodeName,node Name,String,R_O
IXMLDOMEntityReference,nodeValue,node Value,Variant,V
IXMLDOMEntityReference,nodeType,node Type,DOMNodeType,R_O
IXMLDOMEntityReference,parentNode,parent Node,IXMLDOMNode,R_O
IXMLDOMEntityReference,childNodes,child Nodes,IXMLDOMNodeList,R_O
IXMLDOMEntityReference,firstChild,first Child,IXMLDOMNode,R_O
IXMLDOMEntityReference,lastChild,last Child,IXMLDOMNode,R_O
IXMLDOMEntityReference,previousSibling,previous Sibling,IXMLDOMNode,R_O
IXMLDOMEntityReference,nextSibling,next Sibling,IXMLDOMNode,R_O
IXMLDOMEntityReference,attributes,attributes,IXMLDOMNamedNodeMap,R_O
IXMLDOMEntityReference,ownerDocument,owner Document,IXMLDOMDocument,R_O
IXMLDOMEntityReference,nodeTypeString,node Type String,String,R_O
IXMLDOMEntityReference,text,text,String,V
IXMLDOMEntityReference,specified,specified,Boolean,R_O
IXMLDOMEntityReference,definition,definition,IXMLDOMNode,R_O
IXMLDOMEntityReference,nodeTypedValue,node Typed Value,Variant,V
IXMLDOMEntityReference,dataType,data Type,Variant,V
IXMLDOMEntityReference,xml,xml,String,R_O
IXMLDOMEntityReference,parsed,parsed,Boolean,R_O
IXMLDOMEntityReference,namespaceURI,namespace URI,String,R_O
IXMLDOMEntityReference,prefix,prefix,String,R_O
IXMLDOMEntityReference,baseName,base Name,String,R_O
IXMLDOMNamedNodeMap,item,item,IXMLDOMNode,R_O
IXMLDOMNamedNodeMap,length,length,Long,R_O
IXMLDOMNode,nodeName,node Name,String,R_O
IXMLDOMNode,nodeValue,node Value,Variant,V
IXMLDOMNode,nodeType,node Type,DOMNodeType,R_O
IXMLDOMNode,parentNode,parent Node,IXMLDOMNode,R_O
IXMLDOMNode,childNodes,child Nodes,IXMLDOMNodeList,R_O
IXMLDOMNode,firstChild,first Child,IXMLDOMNode,R_O
IXMLDOMNode,lastChild,last Child,IXMLDOMNode,R_O
IXMLDOMNode,previousSibling,previous Sibling,IXMLDOMNode,R_O
IXMLDOMNode,nextSibling,next Sibling,IXMLDOMNode,R_O
IXMLDOMNode,attributes,attributes,IXMLDOMNamedNodeMap,R_O
IXMLDOMNode,ownerDocument,owner Document,IXMLDOMDocument,R_O
IXMLDOMNode,nodeTypeString,node Type String,String,R_O
IXMLDOMNode,text,text,String,V
IXMLDOMNode,specified,specified,Boolean,R_O
IXMLDOMNode,definition,definition,IXMLDOMNode,R_O
IXMLDOMNode,nodeTypedValue,node Typed Value,Variant,V
IXMLDOMNode,dataType,data Type,Variant,V
IXMLDOMNode,xml,xml,String,R_O
IXMLDOMNode,parsed,parsed,Boolean,R_O
IXMLDOMNode,namespaceURI,namespace URI,String,R_O
IXMLDOMNode,prefix,prefix,String,R_O
IXMLDOMNode,baseName,base Name,String,R_O
IXMLDOMNodeList,item,item,IXMLDOMNode,R_O
IXMLDOMNodeList,length,length,Long,R_O
IXMLDOMNotation,nodeName,node Name,String,R_O
IXMLDOMNotation,nodeValue,node Value,Variant,V
IXMLDOMNotation,nodeType,node Type,DOMNodeType,R_O
IXMLDOMNotation,parentNode,parent Node,IXMLDOMNode,R_O
IXMLDOMNotation,childNodes,child Nodes,IXMLDOMNodeList,R_O
IXMLDOMNotation,firstChild,first Child,IXMLDOMNode,R_O
IXMLDOMNotation,lastChild,last Child,IXMLDOMNode,R_O
IXMLDOMNotation,previousSibling,previous Sibling,IXMLDOMNode,R_O
IXMLDOMNotation,nextSibling,next Sibling,IXMLDOMNode,R_O
IXMLDOMNotation,attributes,attributes,IXMLDOMNamedNodeMap,R_O
IXMLDOMNotation,ownerDocument,owner Document,IXMLDOMDocument,R_O
IXMLDOMNotation,nodeTypeString,node Type String,String,R_O
IXMLDOMNotation,text,text,String,V
IXMLDOMNotation,specified,specified,Boolean,R_O
IXMLDOMNotation,definition,definition,IXMLDOMNode,R_O
IXMLDOMNotation,nodeTypedValue,node Typed Value,Variant,V
IXMLDOMNotation,dataType,data Type,Variant,V
IXMLDOMNotation,xml,xml,String,R_O
IXMLDOMNotation,parsed,parsed,Boolean,R_O
IXMLDOMNotation,namespaceURI,namespace URI,String,R_O
IXMLDOMNotation,prefix,prefix,String,R_O
IXMLDOMNotation,baseName,base Name,String,R_O
IXMLDOMNotation,publicId,public Id,Variant,R_O
IXMLDOMNotation,systemId,system Id,Variant,R_O
IXMLDOMParseError,errorCode,error Code,Long,R_O
IXMLDOMParseError,url,url,String,R_O
IXMLDOMParseError,reason,reason,String,R_O
IXMLDOMParseError,srcText,src Text,String,R_O
IXMLDOMParseError,line,line,Long,R_O
IXMLDOMParseError,linepos,linepos,Long,R_O
IXMLDOMParseError,filepos,filepos,Long,R_O
IXMLDOMParseError2,errorCode,error Code,Long,R_O
IXMLDOMParseError2,url,url,String,R_O
IXMLDOMParseError2,reason,reason,String,R_O
IXMLDOMParseError2,srcText,src Text,String,R_O
IXMLDOMParseError2,line,line,Long,R_O
IXMLDOMParseError2,linepos,linepos,Long,R_O
IXMLDOMParseError2,filepos,filepos,Long,R_O
IXMLDOMParseError2,errorXPath,error X Path,String,R_O
IXMLDOMParseError2,allErrors,all Errors,IXMLDOMParseErrorCollection,R_O
IXMLDOMParseError2,errorParametersCount,error Parameters Count,Long,R_O
IXMLDOMParseErrorCollection,item,item,IXMLDOMParseError2,R_O
IXMLDOMParseErrorCollection,length,length,Long,R_O
IXMLDOMParseErrorCollection,next,next,IXMLDOMParseError2,R_O
IXMLDOMProcessingInstruction,nodeName,node Name,String,R_O
IXMLDOMProcessingInstruction,nodeValue,node Value,Variant,V
IXMLDOMProcessingInstruction,nodeType,node Type,DOMNodeType,R_O
IXMLDOMProcessingInstruction,parentNode,parent Node,IXMLDOMNode,R_O
IXMLDOMProcessingInstruction,childNodes,child Nodes,IXMLDOMNodeList,R_O
IXMLDOMProcessingInstruction,firstChild,first Child,IXMLDOMNode,R_O
IXMLDOMProcessingInstruction,lastChild,last Child,IXMLDOMNode,R_O
IXMLDOMProcessingInstruction,previousSibling,previous Sibling,IXMLDOMNode,R_O
IXMLDOMProcessingInstruction,nextSibling,next Sibling,IXMLDOMNode,R_O
IXMLDOMProcessingInstruction,attributes,attributes,IXMLDOMNamedNodeMap,R_O
IXMLDOMProcessingInstruction,ownerDocument,owner Document,IXMLDOMDocument,R_O
IXMLDOMProcessingInstruction,nodeTypeString,node Type String,String,R_O
IXMLDOMProcessingInstruction,text,text,String,V
IXMLDOMProcessingInstruction,specified,specified,Boolean,R_O
IXMLDOMProcessingInstruction,definition,definition,IXMLDOMNode,R_O
IXMLDOMProcessingInstruction,nodeTypedValue,node Typed Value,Variant,V
IXMLDOMProcessingInstruction,dataType,data Type,Variant,V
IXMLDOMProcessingInstruction,xml,xml,String,R_O
IXMLDOMProcessingInstruction,parsed,parsed,Boolean,R_O
IXMLDOMProcessingInstruction,namespaceURI,namespace URI,String,R_O
IXMLDOMProcessingInstruction,prefix,prefix,String,R_O
IXMLDOMProcessingInstruction,baseName,base Name,String,R_O
IXMLDOMProcessingInstruction,target,target,String,R_O
IXMLDOMProcessingInstruction,data,data,String,V
IXMLDOMSchemaCollection,length,length,Long,R_O
IXMLDOMSchemaCollection,namespaceURI,namespace URI,String,R_O
IXMLDOMSchemaCollection2,length,length,Long,R_O
IXMLDOMSchemaCollection2,namespaceURI,namespace URI,String,R_O
IXMLDOMSchemaCollection2,validateOnLoad,validate On Load,Boolean,V
IXMLDOMSelection,item,item,IXMLDOMNode,R_O
IXMLDOMSelection,length,length,Long,R_O
IXMLDOMSelection,expr,expr,String,V
IXMLDOMSelection,context,context,IXMLDOMNode,V
IXMLDOMText,nodeName,node Name,String,R_O
IXMLDOMText,nodeValue,node Value,Variant,V
IXMLDOMText,nodeType,node Type,DOMNodeType,R_O
IXMLDOMText,parentNode,parent Node,IXMLDOMNode,R_O
IXMLDOMText,childNodes,child Nodes,IXMLDOMNodeList,R_O
IXMLDOMText,firstChild,first Child,IXMLDOMNode,R_O
IXMLDOMText,lastChild,last Child,IXMLDOMNode,R_O
IXMLDOMText,previousSibling,previous Sibling,IXMLDOMNode,R_O
IXMLDOMText,nextSibling,next Sibling,IXMLDOMNode,R_O
IXMLDOMText,attributes,attributes,IXMLDOMNamedNodeMap,R_O
IXMLDOMText,ownerDocument,owner Document,IXMLDOMDocument,R_O
IXMLDOMText,nodeTypeString,node Type String,String,R_O
IXMLDOMText,text,text,String,V
IXMLDOMText,specified,specified,Boolean,R_O
IXMLDOMText,definition,definition,IXMLDOMNode,R_O
IXMLDOMText,nodeTypedValue,node Typed Value,Variant,V
IXMLDOMText,dataType,data Type,Variant,V
IXMLDOMText,xml,xml,String,R_O
IXMLDOMText,parsed,parsed,Boolean,R_O
IXMLDOMText,namespaceURI,namespace URI,String,R_O
IXMLDOMText,prefix,prefix,String,R_O
IXMLDOMText,baseName,base Name,String,R_O
IXMLDOMText,data,data,String,V
IXMLDOMText,length,length,Long,R_O
IXMLHTTPRequest,status,status,Long,R_O
IXMLHTTPRequest,statusText,status Text,String,R_O
IXMLHTTPRequest,responseXML,response XML,Object,R_O
IXMLHTTPRequest,responseText,response Text,String,R_O
IXMLHTTPRequest,responseBody,response Body,Variant,R_O
IXMLHTTPRequest,responseStream,response Stream,Variant,R_O
IXMLHTTPRequest,readyState,ready State,Long,R_O
IXMLHTTPRequest,onreadystatechange,onreadystatechange,Object,W_O
IXSLProcessor,input,input,Variant,V
IXSLProcessor,ownerTemplate,owner Template,IXSLTemplate,R_O
IXSLProcessor,startMode,start Mode,String,R_O
IXSLProcessor,startModeURI,start Mode URI,String,R_O
IXSLProcessor,output,output,Variant,V
IXSLProcessor,readyState,ready State,Long,R_O
IXSLProcessor,stylesheet,stylesheet,IXMLDOMNode,R_O
IXSLTemplate,stylesheet,stylesheet,IXMLDOMNode,V
IXTLRuntime,nodeName,node Name,String,R_O
IXTLRuntime,nodeValue,node Value,Variant,V
IXTLRuntime,nodeType,node Type,DOMNodeType,R_O
IXTLRuntime,parentNode,parent Node,IXMLDOMNode,R_O
IXTLRuntime,childNodes,child Nodes,IXMLDOMNodeList,R_O
IXTLRuntime,firstChild,first Child,IXMLDOMNode,R_O
IXTLRuntime,lastChild,last Child,IXMLDOMNode,R_O
IXTLRuntime,previousSibling,previous Sibling,IXMLDOMNode,R_O
IXTLRuntime,nextSibling,next Sibling,IXMLDOMNode,R_O
IXTLRuntime,attributes,attributes,IXMLDOMNamedNodeMap,R_O
IXTLRuntime,ownerDocument,owner Document,IXMLDOMDocument,R_O
IXTLRuntime,nodeTypeString,node Type String,String,R_O
IXTLRuntime,text,text,String,V
IXTLRuntime,specified,specified,Boolean,R_O
IXTLRuntime,definition,definition,IXMLDOMNode,R_O
IXTLRuntime,nodeTypedValue,node Typed Value,Variant,V
IXTLRuntime,dataType,data Type,Variant,V
IXTLRuntime,xml,xml,String,R_O
IXTLRuntime,parsed,parsed,Boolean,R_O
IXTLRuntime,namespaceURI,namespace URI,String,R_O
IXTLRuntime,prefix,prefix,String,R_O
IXTLRuntime,baseName,base Name,String,R_O
MXHTMLWriter60,output,output,Variant,V
MXHTMLWriter60,encoding,encoding,String,V
MXHTMLWriter60,byteOrderMark,byte Order Mark,Boolean,V
MXHTMLWriter60,indent,indent,Boolean,V
MXHTMLWriter60,standalone,standalone,Boolean,V
MXHTMLWriter60,omitXMLDeclaration,omit XML Declaration,Boolean,V
MXHTMLWriter60,version,version,String,V
MXHTMLWriter60,disableOutputEscaping,disable Output Escaping,Boolean,V
MXNamespaceManager60,allowOverride,allow Override,Boolean,V
MXXMLWriter60,output,output,Variant,V
MXXMLWriter60,encoding,encoding,String,V
MXXMLWriter60,byteOrderMark,byte Order Mark,Boolean,V
MXXMLWriter60,indent,indent,Boolean,V
MXXMLWriter60,standalone,standalone,Boolean,V
MXXMLWriter60,omitXMLDeclaration,omit XML Declaration,Boolean,V
MXXMLWriter60,version,version,String,V
MXXMLWriter60,disableOutputEscaping,disable Output Escaping,Boolean,V
SAXXMLReader60,entityResolver,entity Resolver,IVBSAXEntityResolver,V
SAXXMLReader60,contentHandler,content Handler,IVBSAXContentHandler,V
SAXXMLReader60,dtdHandler,dtd Handler,IVBSAXDTDHandler,V
SAXXMLReader60,errorHandler,error Handler,IVBSAXErrorHandler,V
SAXXMLReader60,baseURL,base URL,String,V
SAXXMLReader60,secureBaseURL,secure Base URL,String,V
ServerXMLHTTP60,status,status,Long,R_O
ServerXMLHTTP60,statusText,status Text,String,R_O
ServerXMLHTTP60,responseXML,response XML,Object,R_O
ServerXMLHTTP60,responseText,response Text,String,R_O
ServerXMLHTTP60,responseBody,response Body,Variant,R_O
ServerXMLHTTP60,responseStream,response Stream,Variant,R_O
ServerXMLHTTP60,readyState,ready State,Long,R_O
ServerXMLHTTP60,onreadystatechange,onreadystatechange,Object,W_O
XMLHTTP60,status,status,Long,R_O
XMLHTTP60,statusText,status Text,String,R_O
XMLHTTP60,responseXML,response XML,Object,R_O
XMLHTTP60,responseText,response Text,String,R_O
XMLHTTP60,responseBody,response Body,Variant,R_O
XMLHTTP60,responseStream,response Stream,Variant,R_O
XMLHTTP60,readyState,ready State,Long,R_O
XMLHTTP60,onreadystatechange,onreadystatechange,Object,W_O
XMLSchemaCache60,length,length,Long,R_O
XMLSchemaCache60,namespaceURI,namespace URI,String,R_O
XMLSchemaCache60,validateOnLoad,validate On Load,Boolean,V
XSLTemplate60,stylesheet,stylesheet,IXMLDOMNode,V
IWinHttpRequest,Status,Status,Long,R_O
IWinHttpRequest,StatusText,Status Text,String,R_O
IWinHttpRequest,ResponseText,Response Text,String,R_O
IWinHttpRequest,ResponseBody,Response Body,Variant,R_O
IWinHttpRequest,ResponseStream,Response Stream,Variant,R_O
IWinHttpRequest,Option,Option,Variant,V
WinHttpRequest,Status,Status,Long,R_O
WinHttpRequest,StatusText,Status Text,String,R_O
WinHttpRequest,ResponseText,Response Text,String,R_O
WinHttpRequest,ResponseBody,Response Body,Variant,R_O
WinHttpRequest,ResponseStream,Response Stream,Variant,R_O
WinHttpRequest,Option,Option,Variant,V
