Object,Property,Property split,Type,Access
AddIn,Application,Application,Application,R_O
AddIn,Creator,Creator,Long,R_O
AddIn,Parent,Parent,Object,R_O
AddIn,Name,Name,String,R_O
AddIn,Index,Index,Long,R_O
AddIn,Path,Path,String,R_O
AddIn,Installed,Installed,Boolean,V
AddIn,Compiled,Compiled,Boolean,R_O
AddIn,Autoload,Autoload,Boolean,R_O
AddIns,Application,Application,Application,R_O
AddIns,Creator,Creator,Long,R_O
AddIns,Parent,Parent,Object,R_O
AddIns,_NewEnum,_New Enum,IUnknown,R_O
AddIns,Count,Count,Long,R_O
Adjustments,Application,Application,Application,R_O
Adjustments,Creator,Creator,Long,R_O
Adjustments,Parent,Parent,Object,R_O
Adjustments,Count,Count,Long,R_O
Adjustments,Item,Item,Single,V
Application,Application,Application,Application,R_O
Application,Creator,Creator,Long,R_O
Application,Parent,Parent,Object,R_O
Application,Name,Name,String,R_O
Application,Documents,Documents,Documents,R_O
Application,Windows,Windows,Windows,R_O
Application,ActiveDocument,Active Document,Document,R_O
Application,ActiveWindow,Active Window,Window,R_O
Application,Selection,Selection,Selection,R_O
Application,WordBasic,Word Basic,Object,R_O
Application,RecentFiles,Recent Files,RecentFiles,R_O
Application,NormalTemplate,Normal Template,Template,R_O
Application,System,System,System,R_O
Application,AutoCorrect,Auto Correct,AutoCorrect,R_O
Application,FontNames,Font Names,FontNames,R_O
Application,LandscapeFontNames,Landscape Font Names,FontNames,R_O
Application,PortraitFontNames,Portrait Font Names,FontNames,R_O
Application,Languages,Languages,Languages,R_O
Application,Browser,Browser,Browser,R_O
Application,FileConverters,File Converters,FileConverters,R_O
Application,MailingLabel,Mailing Label,MailingLabel,R_O
Application,Dialogs,Dialogs,Dialogs,R_O
Application,CaptionLabels,Caption Labels,CaptionLabels,R_O
Application,AutoCaptions,Auto Captions,AutoCaptions,R_O
Application,AddIns,Add Ins,AddIns,R_O
Application,Visible,Visible,Boolean,V
Application,Version,Version,String,R_O
Application,ScreenUpdating,Screen Updating,Boolean,V
Application,PrintPreview,Print Preview,Boolean,V
Application,Tasks,Tasks,Tasks,R_O
Application,SpecialMode,Special Mode,Boolean,R_O
Application,UsableWidth,Usable Width,Long,R_O
Application,UsableHeight,Usable Height,Long,R_O
Application,MathCoprocessorAvailable,Math Coprocessor Available,Boolean,R_O
Application,MouseAvailable,Mouse Available,Boolean,R_O
Application,International,International,Variant,R_O
Application,Build,Build,String,R_O
Application,CapsLock,Caps Lock,Boolean,R_O
Application,NumLock,Num Lock,Boolean,R_O
Application,UserName,User Name,String,V
Application,UserInitials,User Initials,String,V
Application,UserAddress,User Address,String,V
Application,MacroContainer,Macro Container,Object,R_O
Application,DisplayRecentFiles,Display Recent Files,Boolean,V
Application,CommandBars,Command Bars,CommandBars,R_O
Application,SynonymInfo,Synonym Info,SynonymInfo,R_O
Application,VBE,VBE,VBE,R_O
Application,DefaultSaveFormat,Default Save Format,String,V
Application,ListGalleries,List Galleries,ListGalleries,R_O
Application,ActivePrinter,Active Printer,String,V
Application,Templates,Templates,Templates,R_O
Application,CustomizationContext,Customization Context,Object,V
Application,KeyBindings,Key Bindings,KeyBindings,R_O
Application,KeysBoundTo,Keys Bound To,KeysBoundTo,R_O
Application,FindKey,Find Key,KeyBinding,R_O
Application,Caption,Caption,String,V
Application,Path,Path,String,R_O
Application,DisplayScrollBars,Display Scroll Bars,Boolean,V
Application,StartupPath,Startup Path,String,V
Application,BackgroundSavingStatus,Background Saving Status,Long,R_O
Application,BackgroundPrintingStatus,Background Printing Status,Long,R_O
Application,Left,Left,Long,V
Application,Top,Top,Long,V
Application,Width,Width,Long,V
Application,Height,Height,Long,V
Application,WindowState,Window State,WdWindowState,V
Application,DisplayAutoCompleteTips,Display Auto Complete Tips,Boolean,V
Application,Options,Options,Options,R_O
Application,DisplayAlerts,Display Alerts,WdAlertLevel,V
Application,CustomDictionaries,Custom Dictionaries,Dictionaries,R_O
Application,PathSeparator,Path Separator,String,R_O
Application,StatusBar,Status Bar,String,W_O
Application,MAPIAvailable,MAPI Available,Boolean,R_O
Application,DisplayScreenTips,Display Screen Tips,Boolean,V
Application,EnableCancelKey,Enable Cancel Key,WdEnableCancelKey,V
Application,UserControl,User Control,Boolean,R_O
Application,MailSystem,Mail System,WdMailSystem,R_O
Application,DefaultTableSeparator,Default Table Separator,String,V
Application,ShowVisualBasicEditor,Show Visual Basic Editor,Boolean,V
Application,BrowseExtraFileTypes,Browse Extra File Types,String,V
Application,IsObjectValid,Is Object Valid,Boolean,R_O
Application,HangulHanjaDictionaries,Hangul Hanja Dictionaries,HangulHanjaConversionDictionaries,R_O
Application,MailMessage,Mail Message,MailMessage,R_O
Application,FocusInMailHeader,Focus In Mail Header,Boolean,R_O
Application,EmailOptions,Email Options,EmailOptions,R_O
Application,Language,Language,MsoLanguageID,R_O
Application,COMAddIns,COM Add Ins,COMAddIns,R_O
Application,CheckLanguage,Check Language,Boolean,V
Application,LanguageSettings,Language Settings,LanguageSettings,R_O
Application,FeatureInstall,Feature Install,MsoFeatureInstall,V
Application,AutomationSecurity,Automation Security,MsoAutomationSecurity,V
Application,FileDialog,File Dialog,FileDialog,R_O
Application,EmailTemplate,Email Template,String,V
Application,NewDocument,New Document,NewFile,R_O
Application,ShowStartupDialog,Show Startup Dialog,Boolean,V
Application,AutoCorrectEmail,Auto Correct Email,AutoCorrect,R_O
Application,TaskPanes,Task Panes,TaskPanes,R_O
Application,DefaultLegalBlackline,Default Legal Blackline,Boolean,V
Application,XMLNamespaces,XML Namespaces,XMLNamespaces,R_O
Application,ArbitraryXMLSupportAvailable,Arbitrary XML Support Available,Boolean,R_O
Application,Bibliography,Bibliography,Bibliography,R_O
Application,ShowStylePreviews,Show Style Previews,Boolean,V
Application,RestrictLinkedStyles,Restrict Linked Styles,Boolean,V
Application,OMathAutoCorrect,O Math Auto Correct,OMathAutoCorrect,R_O
Application,DisplayDocumentInformationPanel,Display Document Information Panel,Boolean,V
Application,Assistance,Assistance,IAssistance,R_O
Application,OpenAttachmentsInFullScreen,Open Attachments In Full Screen,Boolean,V
Application,ActiveEncryptionSession,Active Encryption Session,Long,R_O
Application,DontResetInsertionPointProperties,Dont Reset Insertion Point Properties,Boolean,V
Application,SmartArtLayouts,Smart Art Layouts,SmartArtLayouts,R_O
Application,SmartArtQuickStyles,Smart Art Quick Styles,SmartArtQuickStyles,R_O
Application,SmartArtColors,Smart Art Colors,SmartArtColors,R_O
Application,UndoRecord,Undo Record,UndoRecord,R_O
Application,PickerDialog,Picker Dialog,PickerDialog,R_O
Application,ProtectedViewWindows,Protected View Windows,ProtectedViewWindows,R_O
Application,ActiveProtectedViewWindow,Active Protected View Window,ProtectedViewWindow,R_O
Application,IsSandboxed,Is Sandboxed,Boolean,R_O
Application,FileValidation,File Validation,MsoFileValidationMode,V
Application,ChartDataPointTrack,Chart Data Point Track,Boolean,V
Application,ShowAnimation,Show Animation,Boolean,V
Application,SensitivityLabelPolicy,Sensitivity Label Policy,SensitivityLabelPolicy,R_O
AutoCaption,Application,Application,Application,R_O
AutoCaption,Creator,Creator,Long,R_O
AutoCaption,Parent,Parent,Object,R_O
AutoCaption,Name,Name,String,R_O
AutoCaption,AutoInsert,Auto Insert,Boolean,V
AutoCaption,Index,Index,Long,R_O
AutoCaption,CaptionLabel,Caption Label,Variant,V
AutoCaptions,Application,Application,Application,R_O
AutoCaptions,Creator,Creator,Long,R_O
AutoCaptions,Parent,Parent,Object,R_O
AutoCaptions,_NewEnum,_New Enum,IUnknown,R_O
AutoCaptions,Count,Count,Long,R_O
AutoCorrect,Application,Application,Application,R_O
AutoCorrect,Creator,Creator,Long,R_O
AutoCorrect,Parent,Parent,Object,R_O
AutoCorrect,CorrectDays,Correct Days,Boolean,V
AutoCorrect,CorrectInitialCaps,Correct Initial Caps,Boolean,V
AutoCorrect,CorrectSentenceCaps,Correct Sentence Caps,Boolean,V
AutoCorrect,ReplaceText,Replace Text,Boolean,V
AutoCorrect,Entries,Entries,AutoCorrectEntries,R_O
AutoCorrect,FirstLetterExceptions,First Letter Exceptions,FirstLetterExceptions,R_O
AutoCorrect,FirstLetterAutoAdd,First Letter Auto Add,Boolean,V
AutoCorrect,TwoInitialCapsExceptions,Two Initial Caps Exceptions,TwoInitialCapsExceptions,R_O
AutoCorrect,TwoInitialCapsAutoAdd,Two Initial Caps Auto Add,Boolean,V
AutoCorrect,CorrectCapsLock,Correct Caps Lock,Boolean,V
AutoCorrect,CorrectHangulAndAlphabet,Correct Hangul And Alphabet,Boolean,V
AutoCorrect,HangulAndAlphabetExceptions,Hangul And Alphabet Exceptions,HangulAndAlphabetExceptions,R_O
AutoCorrect,HangulAndAlphabetAutoAdd,Hangul And Alphabet Auto Add,Boolean,V
AutoCorrect,ReplaceTextFromSpellingChecker,Replace Text From Spelling Checker,Boolean,V
AutoCorrect,OtherCorrectionsAutoAdd,Other Corrections Auto Add,Boolean,V
AutoCorrect,OtherCorrectionsExceptions,Other Corrections Exceptions,OtherCorrectionsExceptions,R_O
AutoCorrect,CorrectKeyboardSetting,Correct Keyboard Setting,Boolean,V
AutoCorrect,CorrectTableCells,Correct Table Cells,Boolean,V
AutoCorrect,DisplayAutoCorrectOptions,Display Auto Correct Options,Boolean,V
AutoCorrectEntries,Application,Application,Application,R_O
AutoCorrectEntries,Creator,Creator,Long,R_O
AutoCorrectEntries,Parent,Parent,Object,R_O
AutoCorrectEntries,_NewEnum,_New Enum,IUnknown,R_O
AutoCorrectEntries,Count,Count,Long,R_O
AutoCorrectEntry,Application,Application,Application,R_O
AutoCorrectEntry,Creator,Creator,Long,R_O
AutoCorrectEntry,Parent,Parent,Object,R_O
AutoCorrectEntry,Index,Index,Long,R_O
AutoCorrectEntry,Name,Name,String,V
AutoCorrectEntry,Value,Value,String,V
AutoCorrectEntry,RichText,Rich Text,Boolean,R_O
AutoTextEntries,Application,Application,Application,R_O
AutoTextEntries,Creator,Creator,Long,R_O
AutoTextEntries,Parent,Parent,Object,R_O
AutoTextEntries,_NewEnum,_New Enum,IUnknown,R_O
AutoTextEntries,Count,Count,Long,R_O
AutoTextEntry,Application,Application,Application,R_O
AutoTextEntry,Creator,Creator,Long,R_O
AutoTextEntry,Parent,Parent,Object,R_O
AutoTextEntry,Index,Index,Long,R_O
AutoTextEntry,Name,Name,String,V
AutoTextEntry,StyleName,Style Name,String,R_O
AutoTextEntry,Value,Value,String,V
Axes,Count,Count,Long,R_O
Axes,Application,Application,Object,R_O
Axes,Creator,Creator,Long,R_O
Axes,Parent,Parent,Object,R_O
Axis,AxisBetweenCategories,Axis Between Categories,Boolean,V
Axis,AxisGroup,Axis Group,XlAxisGroup,R_O
Axis,AxisTitle,Axis Title,AxisTitle,R_O
Axis,CategoryNames,Category Names,Variant,V
Axis,Crosses,Crosses,XlAxisCrosses,V
Axis,CrossesAt,Crosses At,Double,V
Axis,HasMajorGridlines,Has Major Gridlines,Boolean,V
Axis,HasMinorGridlines,Has Minor Gridlines,Boolean,V
Axis,HasTitle,Has Title,Boolean,V
Axis,MajorGridlines,Major Gridlines,Gridlines,R_O
Axis,MajorTickMark,Major Tick Mark,XlTickMark,V
Axis,MajorUnit,Major Unit,Double,V
Axis,LogBase,Log Base,Double,V
Axis,TickLabelSpacingIsAuto,Tick Label Spacing Is Auto,Boolean,V
Axis,MajorUnitIsAuto,Major Unit Is Auto,Boolean,V
Axis,MaximumScale,Maximum Scale,Double,V
Axis,MaximumScaleIsAuto,Maximum Scale Is Auto,Boolean,V
Axis,MinimumScale,Minimum Scale,Double,V
Axis,MinimumScaleIsAuto,Minimum Scale Is Auto,Boolean,V
Axis,MinorGridlines,Minor Gridlines,Gridlines,R_O
Axis,MinorTickMark,Minor Tick Mark,XlTickMark,V
Axis,MinorUnit,Minor Unit,Double,V
Axis,MinorUnitIsAuto,Minor Unit Is Auto,Boolean,V
Axis,ReversePlotOrder,Reverse Plot Order,Boolean,V
Axis,ScaleType,Scale Type,XlScaleType,V
Axis,TickLabelPosition,Tick Label Position,XlTickLabelPosition,V
Axis,TickLabels,Tick Labels,TickLabels,R_O
Axis,TickLabelSpacing,Tick Label Spacing,Long,V
Axis,TickMarkSpacing,Tick Mark Spacing,Long,V
Axis,Type,Type,XlAxisType,V
Axis,BaseUnit,Base Unit,XlTimeUnit,V
Axis,BaseUnitIsAuto,Base Unit Is Auto,Boolean,V
Axis,MajorUnitScale,Major Unit Scale,XlTimeUnit,V
Axis,MinorUnitScale,Minor Unit Scale,XlTimeUnit,V
Axis,CategoryType,Category Type,XlCategoryType,V
Axis,Left,Left,Double,R_O
Axis,Top,Top,Double,R_O
Axis,Width,Width,Double,R_O
Axis,Height,Height,Double,R_O
Axis,DisplayUnit,Display Unit,XlDisplayUnit,V
Axis,DisplayUnitCustom,Display Unit Custom,Double,V
Axis,HasDisplayUnitLabel,Has Display Unit Label,Boolean,V
Axis,DisplayUnitLabel,Display Unit Label,DisplayUnitLabel,R_O
Axis,Border,Border,ChartBorder,R_O
Axis,Format,Format,ChartFormat,R_O
Axis,Application,Application,Object,R_O
Axis,Creator,Creator,Long,R_O
Axis,Parent,Parent,Object,R_O
Axis,CategorySortOrder,Category Sort Order,XlCategorySortOrder,V
AxisTitle,Caption,Caption,String,V
AxisTitle,Characters,Characters,ChartCharacters,R_O
AxisTitle,HorizontalAlignment,Horizontal Alignment,Variant,V
AxisTitle,Left,Left,Double,V
AxisTitle,Orientation,Orientation,Variant,V
AxisTitle,Shadow,Shadow,Boolean,V
AxisTitle,Text,Text,String,V
AxisTitle,Top,Top,Double,V
AxisTitle,VerticalAlignment,Vertical Alignment,Variant,V
AxisTitle,ReadingOrder,Reading Order,Long,V
AxisTitle,Name,Name,String,R_O
AxisTitle,Parent,Parent,Object,R_O
AxisTitle,IncludeInLayout,Include In Layout,Boolean,V
AxisTitle,Position,Position,XlChartElementPosition,V
AxisTitle,Format,Format,ChartFormat,R_O
AxisTitle,Application,Application,Object,R_O
AxisTitle,Creator,Creator,Long,R_O
AxisTitle,Height,Height,Double,R_O
AxisTitle,Width,Width,Double,R_O
AxisTitle,Formula,Formula,String,V
AxisTitle,FormulaR1C1,Formula R1 C1,String,V
AxisTitle,FormulaLocal,Formula Local,String,V
AxisTitle,FormulaR1C1Local,Formula R1 C1 Local,String,V
Bibliography,Application,Application,Application,R_O
Bibliography,Creator,Creator,Long,R_O
Bibliography,Parent,Parent,Object,R_O
Bibliography,Sources,Sources,Sources,R_O
Bibliography,BibliographyStyle,Bibliography Style,String,V
Bookmark,Name,Name,String,R_O
Bookmark,Range,Range,Range,R_O
Bookmark,Empty,Empty,Boolean,R_O
Bookmark,Start,Start,Long,V
Bookmark,End,End,Long,V
Bookmark,Column,Column,Boolean,R_O
Bookmark,StoryType,Story Type,WdStoryType,R_O
Bookmark,Application,Application,Application,R_O
Bookmark,Creator,Creator,Long,R_O
Bookmark,Parent,Parent,Object,R_O
Bookmarks,_NewEnum,_New Enum,IUnknown,R_O
Bookmarks,Count,Count,Long,R_O
Bookmarks,DefaultSorting,Default Sorting,WdBookmarkSortBy,V
Bookmarks,ShowHidden,Show Hidden,Boolean,V
Bookmarks,Application,Application,Application,R_O
Bookmarks,Creator,Creator,Long,R_O
Bookmarks,Parent,Parent,Object,R_O
Border,Application,Application,Application,R_O
Border,Creator,Creator,Long,R_O
Border,Parent,Parent,Object,R_O
Border,Visible,Visible,Boolean,V
Border,ColorIndex,Color Index,WdColorIndex,V
Border,Inside,Inside,Boolean,R_O
Border,LineStyle,Line Style,WdLineStyle,V
Border,LineWidth,Line Width,WdLineWidth,V
Border,ArtStyle,Art Style,WdPageBorderArt,V
Border,ArtWidth,Art Width,Long,V
Border,Color,Color,WdColor,V
Borders,Application,Application,Application,R_O
Borders,Creator,Creator,Long,R_O
Borders,Parent,Parent,Object,R_O
Borders,_NewEnum,_New Enum,IUnknown,R_O
Borders,Count,Count,Long,R_O
Borders,Enable,Enable,Long,V
Borders,DistanceFromTop,Distance From Top,Long,V
Borders,Shadow,Shadow,Boolean,V
Borders,InsideLineStyle,Inside Line Style,WdLineStyle,V
Borders,OutsideLineStyle,Outside Line Style,WdLineStyle,V
Borders,InsideLineWidth,Inside Line Width,WdLineWidth,V
Borders,OutsideLineWidth,Outside Line Width,WdLineWidth,V
Borders,InsideColorIndex,Inside Color Index,WdColorIndex,V
Borders,OutsideColorIndex,Outside Color Index,WdColorIndex,V
Borders,DistanceFromLeft,Distance From Left,Long,V
Borders,DistanceFromBottom,Distance From Bottom,Long,V
Borders,DistanceFromRight,Distance From Right,Long,V
Borders,AlwaysInFront,Always In Front,Boolean,V
Borders,SurroundHeader,Surround Header,Boolean,V
Borders,SurroundFooter,Surround Footer,Boolean,V
Borders,JoinBorders,Join Borders,Boolean,V
Borders,HasHorizontal,Has Horizontal,Boolean,R_O
Borders,HasVertical,Has Vertical,Boolean,R_O
Borders,DistanceFrom,Distance From,WdBorderDistanceFrom,V
Borders,EnableFirstPageInSection,Enable First Page In Section,Boolean,V
Borders,EnableOtherPagesInSection,Enable Other Pages In Section,Boolean,V
Borders,InsideColor,Inside Color,WdColor,V
Borders,OutsideColor,Outside Color,WdColor,V
Break,Application,Application,Application,R_O
Break,Creator,Creator,Long,R_O
Break,Parent,Parent,Object,R_O
Break,Range,Range,Range,R_O
Break,PageIndex,Page Index,Long,R_O
Breaks,_NewEnum,_New Enum,IUnknown,R_O
Breaks,Count,Count,Long,R_O
Breaks,Application,Application,Application,R_O
Breaks,Creator,Creator,Long,R_O
Breaks,Parent,Parent,Object,R_O
Broadcast,Application,Application,Application,R_O
Broadcast,Parent,Parent,Object,R_O
Broadcast,AttendeeUrl,Attendee Url,String,R_O
Broadcast,State,State,MsoBroadcastState,R_O
Broadcast,Capabilities,Capabilities,Long,R_O
Broadcast,PresenterServiceUrl,Presenter Service Url,String,R_O
Broadcast,SessionID,Session ID,String,R_O
Browser,Application,Application,Application,R_O
Browser,Creator,Creator,Long,R_O
Browser,Parent,Parent,Object,R_O
Browser,Target,Target,WdBrowseTarget,V
BuildingBlock,Application,Application,Application,R_O
BuildingBlock,Creator,Creator,Long,R_O
BuildingBlock,Parent,Parent,Object,R_O
BuildingBlock,Index,Index,Long,R_O
BuildingBlock,Name,Name,String,V
BuildingBlock,Type,Type,BuildingBlockType,R_O
BuildingBlock,Description,Description,String,V
BuildingBlock,ID,ID,String,R_O
BuildingBlock,Category,Category,Category,R_O
BuildingBlock,Value,Value,String,V
BuildingBlock,InsertOptions,Insert Options,Long,V
BuildingBlockEntries,Application,Application,Application,R_O
BuildingBlockEntries,Creator,Creator,Long,R_O
BuildingBlockEntries,Parent,Parent,Object,R_O
BuildingBlockEntries,Count,Count,Long,R_O
BuildingBlocks,Application,Application,Application,R_O
BuildingBlocks,Creator,Creator,Long,R_O
BuildingBlocks,Parent,Parent,Object,R_O
BuildingBlocks,Count,Count,Long,R_O
BuildingBlockType,Application,Application,Application,R_O
BuildingBlockType,Creator,Creator,Long,R_O
BuildingBlockType,Parent,Parent,Object,R_O
BuildingBlockType,Index,Index,Long,R_O
BuildingBlockType,Name,Name,String,R_O
BuildingBlockType,Categories,Categories,Categories,R_O
BuildingBlockTypes,Application,Application,Application,R_O
BuildingBlockTypes,Creator,Creator,Long,R_O
BuildingBlockTypes,Parent,Parent,Object,R_O
BuildingBlockTypes,Count,Count,Long,R_O
CalloutFormat,Application,Application,Application,R_O
CalloutFormat,Creator,Creator,Long,R_O
CalloutFormat,Parent,Parent,Object,R_O
CalloutFormat,Accent,Accent,MsoTriState,V
CalloutFormat,Angle,Angle,MsoCalloutAngleType,V
CalloutFormat,AutoLength,Auto Length,MsoTriState,R_O
CalloutFormat,Border,Border,MsoTriState,V
CalloutFormat,Drop,Drop,Single,R_O
CalloutFormat,DropType,Drop Type,MsoCalloutDropType,R_O
CalloutFormat,Gap,Gap,Single,V
CalloutFormat,Length,Length,Single,R_O
CalloutFormat,Type,Type,MsoCalloutType,V
CanvasShapes,Application,Application,Application,R_O
CanvasShapes,Creator,Creator,Long,R_O
CanvasShapes,Parent,Parent,Object,R_O
CanvasShapes,Count,Count,Long,R_O
CanvasShapes,_NewEnum,_New Enum,IUnknown,R_O
CaptionLabel,Application,Application,Application,R_O
CaptionLabel,Creator,Creator,Long,R_O
CaptionLabel,Parent,Parent,Object,R_O
CaptionLabel,Name,Name,String,R_O
CaptionLabel,BuiltIn,Built In,Boolean,R_O
CaptionLabel,ID,ID,WdCaptionLabelID,R_O
CaptionLabel,IncludeChapterNumber,Include Chapter Number,Boolean,V
CaptionLabel,NumberStyle,Number Style,WdCaptionNumberStyle,V
CaptionLabel,ChapterStyleLevel,Chapter Style Level,Long,V
CaptionLabel,Separator,Separator,WdSeparatorType,V
CaptionLabel,Position,Position,WdCaptionPosition,V
CaptionLabels,Application,Application,Application,R_O
CaptionLabels,Creator,Creator,Long,R_O
CaptionLabels,Parent,Parent,Object,R_O
CaptionLabels,_NewEnum,_New Enum,IUnknown,R_O
CaptionLabels,Count,Count,Long,R_O
Categories,Application,Application,Application,R_O
Categories,Creator,Creator,Long,R_O
Categories,Parent,Parent,Object,R_O
Categories,Count,Count,Long,R_O
Category,Application,Application,Application,R_O
Category,Creator,Creator,Long,R_O
Category,Parent,Parent,Object,R_O
Category,Index,Index,Long,R_O
Category,Name,Name,String,R_O
Category,BuildingBlocks,Building Blocks,BuildingBlocks,R_O
Category,Type,Type,BuildingBlockType,R_O
CategoryCollection,Parent,Parent,Object,R_O
CategoryCollection,Count,Count,Long,R_O
CategoryCollection,Application,Application,Object,R_O
CategoryCollection,Creator,Creator,Long,R_O
Cell,Range,Range,Range,R_O
Cell,Application,Application,Application,R_O
Cell,Creator,Creator,Long,R_O
Cell,Parent,Parent,Object,R_O
Cell,RowIndex,Row Index,Long,R_O
Cell,ColumnIndex,Column Index,Long,R_O
Cell,Width,Width,Single,V
Cell,Height,Height,Single,V
Cell,HeightRule,Height Rule,WdRowHeightRule,V
Cell,VerticalAlignment,Vertical Alignment,WdCellVerticalAlignment,V
Cell,Column,Column,Column,R_O
Cell,Row,Row,Row,R_O
Cell,Next,Next,Cell,R_O
Cell,Previous,Previous,Cell,R_O
Cell,Shading,Shading,Shading,R_O
Cell,Borders,Borders,Borders,V
Cell,Tables,Tables,Tables,R_O
Cell,NestingLevel,Nesting Level,Long,R_O
Cell,WordWrap,Word Wrap,Boolean,V
Cell,PreferredWidth,Preferred Width,Single,V
Cell,FitText,Fit Text,Boolean,V
Cell,TopPadding,Top Padding,Single,V
Cell,BottomPadding,Bottom Padding,Single,V
Cell,LeftPadding,Left Padding,Single,V
Cell,RightPadding,Right Padding,Single,V
Cell,ID,ID,String,V
Cell,PreferredWidthType,Preferred Width Type,WdPreferredWidthType,V
Cells,_NewEnum,_New Enum,IUnknown,R_O
Cells,Count,Count,Long,R_O
Cells,Application,Application,Application,R_O
Cells,Creator,Creator,Long,R_O
Cells,Parent,Parent,Object,R_O
Cells,Width,Width,Single,V
Cells,Height,Height,Single,V
Cells,HeightRule,Height Rule,WdRowHeightRule,V
Cells,VerticalAlignment,Vertical Alignment,WdCellVerticalAlignment,V
Cells,Borders,Borders,Borders,V
Cells,Shading,Shading,Shading,R_O
Cells,NestingLevel,Nesting Level,Long,R_O
Cells,PreferredWidth,Preferred Width,Single,V
Cells,PreferredWidthType,Preferred Width Type,WdPreferredWidthType,V
Characters,_NewEnum,_New Enum,IUnknown,R_O
Characters,Count,Count,Long,R_O
Characters,First,First,Range,R_O
Characters,Last,Last,Range,R_O
Characters,Application,Application,Application,R_O
Characters,Creator,Creator,Long,R_O
Characters,Parent,Parent,Object,R_O
Chart,Parent,Parent,Object,R_O
Chart,HasTitle,Has Title,Boolean,V
Chart,ChartTitle,Chart Title,ChartTitle,R_O
Chart,DepthPercent,Depth Percent,Long,V
Chart,Elevation,Elevation,Long,V
Chart,GapDepth,Gap Depth,Long,V
Chart,HeightPercent,Height Percent,Long,V
Chart,Perspective,Perspective,Long,V
Chart,RightAngleAxes,Right Angle Axes,Variant,V
Chart,Rotation,Rotation,Variant,V
Chart,DisplayBlanksAs,Display Blanks As,XlDisplayBlanksAs,V
Chart,ChartGroups,Chart Groups,Object,R_O
Chart,ChartType,Chart Type,XlChartType,V
Chart,HasDataTable,Has Data Table,Boolean,V
Chart,PlotBy,Plot By,XlRowCol,V
Chart,HasLegend,Has Legend,Boolean,V
Chart,Legend,Legend,Legend,R_O
Chart,HasAxis,Has Axis,Variant,V
Chart,Walls,Walls,Walls,R_O
Chart,Floor,Floor,Floor,R_O
Chart,PlotArea,Plot Area,PlotArea,R_O
Chart,PlotVisibleOnly,Plot Visible Only,Boolean,V
Chart,ChartArea,Chart Area,ChartArea,R_O
Chart,AutoScaling,Auto Scaling,Boolean,V
Chart,DataTable,Data Table,DataTable,R_O
Chart,BarShape,Bar Shape,XlBarShape,V
Chart,SideWall,Side Wall,Walls,R_O
Chart,BackWall,Back Wall,Walls,R_O
Chart,ChartStyle,Chart Style,Variant,V
Chart,PivotLayout,Pivot Layout,Object,R_O
Chart,ShowDataLabelsOverMaximum,Show Data Labels Over Maximum,Boolean,V
Chart,ChartData,Chart Data,ChartData,R_O
Chart,Shapes,Shapes,Object,R_O
Chart,Application,Application,Object,R_O
Chart,Creator,Creator,Long,R_O
Chart,ShowReportFilterFieldButtons,Show Report Filter Field Buttons,Boolean,V
Chart,ShowLegendFieldButtons,Show Legend Field Buttons,Boolean,V
Chart,ShowAxisFieldButtons,Show Axis Field Buttons,Boolean,V
Chart,ShowValueFieldButtons,Show Value Field Buttons,Boolean,V
Chart,ShowAllFieldButtons,Show All Field Buttons,Boolean,V
Chart,CategoryLabelLevel,Category Label Level,XlCategoryLabelLevel,V
Chart,SeriesNameLevel,Series Name Level,XlSeriesNameLevel,V
Chart,ChartColor,Chart Color,Variant,V
ChartArea,Name,Name,String,R_O
ChartArea,Parent,Parent,Object,R_O
ChartArea,Shadow,Shadow,Boolean,V
ChartArea,Height,Height,Double,V
ChartArea,Left,Left,Double,V
ChartArea,Top,Top,Double,V
ChartArea,Width,Width,Double,V
ChartArea,Format,Format,ChartFormat,R_O
ChartArea,Application,Application,Object,R_O
ChartArea,Creator,Creator,Long,R_O
ChartBorder,Color,Color,Variant,V
ChartBorder,ColorIndex,Color Index,Variant,V
ChartBorder,LineStyle,Line Style,Variant,V
ChartBorder,Weight,Weight,Variant,V
ChartBorder,Application,Application,Object,R_O
ChartBorder,Creator,Creator,Long,R_O
ChartBorder,Parent,Parent,Object,R_O
ChartCategory,Parent,Parent,Object,R_O
ChartCategory,Name,Name,String,R_O
ChartCategory,IsFiltered,Is Filtered,Boolean,V
ChartCharacters,Parent,Parent,Object,R_O
ChartCharacters,Caption,Caption,String,V
ChartCharacters,Count,Count,Long,R_O
ChartCharacters,Font,Font,ChartFont,R_O
ChartCharacters,Text,Text,String,V
ChartCharacters,PhoneticCharacters,Phonetic Characters,String,V
ChartCharacters,Application,Application,Object,R_O
ChartCharacters,Creator,Creator,Long,R_O
ChartColorFormat,Parent,Parent,Object,R_O
ChartColorFormat,SchemeColor,Scheme Color,Long,V
ChartColorFormat,RGB,RGB,Long,R_O
ChartColorFormat,_Default,_Default,Long,R_O
ChartColorFormat,Type,Type,Long,R_O
ChartColorFormat,Application,Application,Object,R_O
ChartColorFormat,Creator,Creator,Long,R_O
ChartData,Workbook,Workbook,Object,R_O
ChartData,IsLinked,Is Linked,Boolean,R_O
ChartFillFormat,BackColor,Back Color,ChartColorFormat,R_O
ChartFillFormat,ForeColor,Fore Color,ChartColorFormat,R_O
ChartFillFormat,GradientColorType,Gradient Color Type,MsoGradientColorType,R_O
ChartFillFormat,GradientDegree,Gradient Degree,Single,R_O
ChartFillFormat,GradientStyle,Gradient Style,MsoGradientStyle,R_O
ChartFillFormat,GradientVariant,Gradient Variant,Long,R_O
ChartFillFormat,Pattern,Pattern,MsoPatternType,R_O
ChartFillFormat,PresetGradientType,Preset Gradient Type,MsoPresetGradientType,R_O
ChartFillFormat,PresetTexture,Preset Texture,MsoPresetTexture,R_O
ChartFillFormat,TextureName,Texture Name,String,R_O
ChartFillFormat,TextureType,Texture Type,MsoTextureType,R_O
ChartFillFormat,Type,Type,MsoFillType,R_O
ChartFillFormat,Visible,Visible,MsoTriState,V
ChartFillFormat,Application,Application,Object,R_O
ChartFillFormat,Creator,Creator,Long,R_O
ChartFillFormat,Parent,Parent,Object,R_O
ChartFont,Background,Background,Variant,V
ChartFont,Bold,Bold,Variant,V
ChartFont,Color,Color,Variant,V
ChartFont,ColorIndex,Color Index,Variant,V
ChartFont,FontStyle,Font Style,Variant,V
ChartFont,Italic,Italic,Variant,V
ChartFont,Name,Name,Variant,V
ChartFont,Size,Size,Variant,V
ChartFont,StrikeThrough,Strike Through,Variant,V
ChartFont,Subscript,Subscript,Variant,V
ChartFont,Superscript,Superscript,Variant,V
ChartFont,Underline,Underline,Variant,V
ChartFont,Application,Application,Object,R_O
ChartFont,Creator,Creator,Long,R_O
ChartFont,Parent,Parent,Object,R_O
ChartFormat,Fill,Fill,FillFormat,R_O
ChartFormat,Glow,Glow,GlowFormat,R_O
ChartFormat,Line,Line,LineFormat,R_O
ChartFormat,Parent,Parent,Object,R_O
ChartFormat,PictureFormat,Picture Format,PictureFormat,R_O
ChartFormat,Shadow,Shadow,ShadowFormat,R_O
ChartFormat,SoftEdge,Soft Edge,SoftEdgeFormat,R_O
ChartFormat,TextFrame2,Text Frame2,TextFrame2,R_O
ChartFormat,ThreeD,Three D,ThreeDFormat,R_O
ChartFormat,Application,Application,Object,R_O
ChartFormat,Creator,Creator,Long,R_O
ChartFormat,Adjustments,Adjustments,Adjustments,R_O
ChartFormat,AutoShapeType,Auto Shape Type,MsoAutoShapeType,V
ChartGroup,AxisGroup,Axis Group,XlAxisGroup,V
ChartGroup,DoughnutHoleSize,Doughnut Hole Size,Long,V
ChartGroup,DownBars,Down Bars,DownBars,R_O
ChartGroup,DropLines,Drop Lines,DropLines,R_O
ChartGroup,FirstSliceAngle,First Slice Angle,Long,V
ChartGroup,GapWidth,Gap Width,Long,V
ChartGroup,HasDropLines,Has Drop Lines,Boolean,V
ChartGroup,HasHiLoLines,Has Hi Lo Lines,Boolean,V
ChartGroup,HasRadarAxisLabels,Has Radar Axis Labels,Boolean,V
ChartGroup,HasSeriesLines,Has Series Lines,Boolean,V
ChartGroup,HasUpDownBars,Has Up Down Bars,Boolean,V
ChartGroup,HiLoLines,Hi Lo Lines,HiLoLines,R_O
ChartGroup,Index,Index,Long,R_O
ChartGroup,Overlap,Overlap,Long,V
ChartGroup,RadarAxisLabels,Radar Axis Labels,TickLabels,R_O
ChartGroup,SeriesLines,Series Lines,SeriesLines,R_O
ChartGroup,UpBars,Up Bars,UpBars,R_O
ChartGroup,VaryByCategories,Vary By Categories,Boolean,V
ChartGroup,SizeRepresents,Size Represents,XlSizeRepresents,V
ChartGroup,BubbleScale,Bubble Scale,Long,V
ChartGroup,ShowNegativeBubbles,Show Negative Bubbles,Boolean,V
ChartGroup,SplitType,Split Type,XlChartSplitType,V
ChartGroup,SplitValue,Split Value,Variant,V
ChartGroup,SecondPlotSize,Second Plot Size,Long,V
ChartGroup,Has3DShading,Has3 D Shading,Boolean,V
ChartGroup,Application,Application,Object,R_O
ChartGroup,Creator,Creator,Long,R_O
ChartGroup,Parent,Parent,Object,R_O
ChartGroup,BinsType,Bins Type,XlBinsType,V
ChartGroup,BinWidthValue,Bin Width Value,Double,V
ChartGroup,BinsCountValue,Bins Count Value,Long,V
ChartGroup,BinsOverflowEnabled,Bins Overflow Enabled,Boolean,V
ChartGroup,BinsOverflowValue,Bins Overflow Value,Double,V
ChartGroup,BinsUnderflowEnabled,Bins Underflow Enabled,Boolean,V
ChartGroup,BinsUnderflowValue,Bins Underflow Value,Double,V
ChartGroups,Parent,Parent,Object,R_O
ChartGroups,Count,Count,Long,R_O
ChartGroups,Application,Application,Object,R_O
ChartGroups,Creator,Creator,Long,R_O
ChartTitle,Caption,Caption,String,V
ChartTitle,Characters,Characters,ChartCharacters,R_O
ChartTitle,HorizontalAlignment,Horizontal Alignment,Variant,V
ChartTitle,Left,Left,Double,V
ChartTitle,Orientation,Orientation,Variant,V
ChartTitle,Shadow,Shadow,Boolean,V
ChartTitle,Text,Text,String,V
ChartTitle,Top,Top,Double,V
ChartTitle,VerticalAlignment,Vertical Alignment,Variant,V
ChartTitle,ReadingOrder,Reading Order,Long,V
ChartTitle,Name,Name,String,R_O
ChartTitle,Parent,Parent,Object,R_O
ChartTitle,IncludeInLayout,Include In Layout,Boolean,V
ChartTitle,Position,Position,XlChartElementPosition,V
ChartTitle,Format,Format,ChartFormat,R_O
ChartTitle,Application,Application,Object,R_O
ChartTitle,Creator,Creator,Long,R_O
ChartTitle,Height,Height,Double,R_O
ChartTitle,Width,Width,Double,R_O
ChartTitle,Formula,Formula,String,V
ChartTitle,FormulaR1C1,Formula R1 C1,String,V
ChartTitle,FormulaLocal,Formula Local,String,V
ChartTitle,FormulaR1C1Local,Formula R1 C1 Local,String,V
CheckBox,Application,Application,Application,R_O
CheckBox,Creator,Creator,Long,R_O
CheckBox,Parent,Parent,Object,R_O
CheckBox,Valid,Valid,Boolean,R_O
CheckBox,AutoSize,Auto Size,Boolean,V
CheckBox,Size,Size,Single,V
CheckBox,Default,Default,Boolean,V
CheckBox,Value,Value,Boolean,V
CoAuthLock,Application,Application,Application,R_O
CoAuthLock,Creator,Creator,Long,R_O
CoAuthLock,Parent,Parent,Object,R_O
CoAuthLock,Type,Type,WdLockType,R_O
CoAuthLock,Owner,Owner,CoAuthor,R_O
CoAuthLock,Range,Range,Range,R_O
CoAuthLock,HeaderFooter,Header Footer,Boolean,R_O
CoAuthLocks,Application,Application,Application,R_O
CoAuthLocks,Creator,Creator,Long,R_O
CoAuthLocks,Parent,Parent,Object,R_O
CoAuthLocks,Count,Count,Long,R_O
CoAuthLocks,_NewEnum,_New Enum,IUnknown,R_O
CoAuthor,Application,Application,Application,R_O
CoAuthor,Creator,Creator,Long,R_O
CoAuthor,Parent,Parent,Object,R_O
CoAuthor,ID,ID,String,R_O
CoAuthor,Name,Name,String,R_O
CoAuthor,IsMe,Is Me,Boolean,R_O
CoAuthor,Locks,Locks,CoAuthLocks,R_O
CoAuthor,EmailAddress,Email Address,String,R_O
CoAuthoring,Application,Application,Application,R_O
CoAuthoring,Creator,Creator,Long,R_O
CoAuthoring,Parent,Parent,Object,R_O
CoAuthoring,Authors,Authors,CoAuthors,R_O
CoAuthoring,Me,Me,CoAuthor,R_O
CoAuthoring,PendingUpdates,Pending Updates,Boolean,R_O
CoAuthoring,Locks,Locks,CoAuthLocks,R_O
CoAuthoring,Updates,Updates,CoAuthUpdates,R_O
CoAuthoring,Conflicts,Conflicts,Conflicts,R_O
CoAuthoring,CanShare,Can Share,Boolean,R_O
CoAuthoring,CanMerge,Can Merge,Boolean,R_O
CoAuthors,Application,Application,Application,R_O
CoAuthors,Creator,Creator,Long,R_O
CoAuthors,Parent,Parent,Object,R_O
CoAuthors,Count,Count,Long,R_O
CoAuthors,_NewEnum,_New Enum,IUnknown,R_O
CoAuthUpdate,Application,Application,Application,R_O
CoAuthUpdate,Creator,Creator,Long,R_O
CoAuthUpdate,Parent,Parent,Object,R_O
CoAuthUpdate,Range,Range,Range,R_O
CoAuthUpdates,Application,Application,Application,R_O
CoAuthUpdates,Creator,Creator,Long,R_O
CoAuthUpdates,Parent,Parent,Object,R_O
CoAuthUpdates,Count,Count,Long,R_O
CoAuthUpdates,_NewEnum,_New Enum,IUnknown,R_O
ColorFormat,Application,Application,Application,R_O
ColorFormat,Creator,Creator,Long,R_O
ColorFormat,Parent,Parent,Object,R_O
ColorFormat,RGB,RGB,Long,V
ColorFormat,Type,Type,MsoColorType,R_O
ColorFormat,TintAndShade,Tint And Shade,Single,V
ColorFormat,ObjectThemeColor,Object Theme Color,WdThemeColorIndex,V
ColorFormat,Brightness,Brightness,Single,V
Column,Application,Application,Application,R_O
Column,Creator,Creator,Long,R_O
Column,Parent,Parent,Object,R_O
Column,Width,Width,Single,V
Column,IsFirst,Is First,Boolean,R_O
Column,IsLast,Is Last,Boolean,R_O
Column,Index,Index,Long,R_O
Column,Cells,Cells,Cells,R_O
Column,Borders,Borders,Borders,V
Column,Shading,Shading,Shading,R_O
Column,Next,Next,Column,R_O
Column,Previous,Previous,Column,R_O
Column,NestingLevel,Nesting Level,Long,R_O
Column,PreferredWidth,Preferred Width,Single,V
Column,PreferredWidthType,Preferred Width Type,WdPreferredWidthType,V
Columns,_NewEnum,_New Enum,IUnknown,R_O
Columns,Count,Count,Long,R_O
Columns,Application,Application,Application,R_O
Columns,Creator,Creator,Long,R_O
Columns,Parent,Parent,Object,R_O
Columns,First,First,Column,R_O
Columns,Last,Last,Column,R_O
Columns,Width,Width,Single,V
Columns,Borders,Borders,Borders,V
Columns,Shading,Shading,Shading,R_O
Columns,NestingLevel,Nesting Level,Long,R_O
Columns,PreferredWidth,Preferred Width,Single,V
Columns,PreferredWidthType,Preferred Width Type,WdPreferredWidthType,V
Comment,Application,Application,Application,R_O
Comment,Creator,Creator,Long,R_O
Comment,Parent,Parent,Object,R_O
Comment,Range,Range,Range,R_O
Comment,Reference,Reference,Range,R_O
Comment,Scope,Scope,Range,R_O
Comment,Index,Index,Long,R_O
Comment,Date,Date,Date,R_O
Comment,IsInk,Is Ink,Boolean,R_O
Comment,Done,Done,Boolean,V
Comment,Ancestor,Ancestor,Comment,R_O
Comment,Contact,Contact,CoAuthor,R_O
Comment,Replies,Replies,Comments,R_O
Comments,_NewEnum,_New Enum,IUnknown,R_O
Comments,Count,Count,Long,R_O
Comments,Application,Application,Application,R_O
Comments,Creator,Creator,Long,R_O
Comments,Parent,Parent,Object,R_O
Comments,ShowBy,Show By,String,V
ConditionalStyle,Application,Application,Application,R_O
ConditionalStyle,Creator,Creator,Long,R_O
ConditionalStyle,Parent,Parent,Object,R_O
ConditionalStyle,Shading,Shading,Shading,R_O
ConditionalStyle,Borders,Borders,Borders,V
ConditionalStyle,BottomPadding,Bottom Padding,Single,V
ConditionalStyle,TopPadding,Top Padding,Single,V
ConditionalStyle,LeftPadding,Left Padding,Single,V
ConditionalStyle,RightPadding,Right Padding,Single,V
ConditionalStyle,ParagraphFormat,Paragraph Format,ParagraphFormat,V
ConditionalStyle,Font,Font,Font,V
Conflict,Application,Application,Application,R_O
Conflict,Creator,Creator,Long,R_O
Conflict,Parent,Parent,Object,R_O
Conflict,Range,Range,Range,R_O
Conflict,Type,Type,WdRevisionType,R_O
Conflict,Index,Index,Long,R_O
Conflicts,Application,Application,Application,R_O
Conflicts,Creator,Creator,Long,R_O
Conflicts,Parent,Parent,Object,R_O
Conflicts,_NewEnum,_New Enum,IUnknown,R_O
Conflicts,Count,Count,Long,R_O
ConnectorFormat,Application,Application,Application,R_O
ConnectorFormat,Creator,Creator,Long,R_O
ConnectorFormat,BeginConnected,Begin Connected,MsoTriState,R_O
ConnectorFormat,BeginConnectedShape,Begin Connected Shape,Shape,R_O
ConnectorFormat,BeginConnectionSite,Begin Connection Site,Long,R_O
ConnectorFormat,EndConnected,End Connected,MsoTriState,R_O
ConnectorFormat,EndConnectedShape,End Connected Shape,Shape,R_O
ConnectorFormat,EndConnectionSite,End Connection Site,Long,R_O
ConnectorFormat,Parent,Parent,Object,R_O
ConnectorFormat,Type,Type,MsoConnectorType,V
ContentControl,Application,Application,Application,R_O
ContentControl,Creator,Creator,Long,R_O
ContentControl,Parent,Parent,Object,R_O
ContentControl,Range,Range,Range,R_O
ContentControl,LockContentControl,Lock Content Control,Boolean,V
ContentControl,LockContents,Lock Contents,Boolean,V
ContentControl,XMLMapping,XML Mapping,XMLMapping,R_O
ContentControl,Type,Type,WdContentControlType,V
ContentControl,DropdownListEntries,Dropdown List Entries,ContentControlListEntries,R_O
ContentControl,PlaceholderText,Placeholder Text,BuildingBlock,R_O
ContentControl,Title,Title,String,V
ContentControl,DateDisplayFormat,Date Display Format,String,V
ContentControl,MultiLine,Multi Line,Boolean,V
ContentControl,ParentContentControl,Parent Content Control,ContentControl,R_O
ContentControl,Temporary,Temporary,Boolean,V
ContentControl,ID,ID,String,R_O
ContentControl,ShowingPlaceholderText,Showing Placeholder Text,Boolean,R_O
ContentControl,DateStorageFormat,Date Storage Format,WdContentControlDateStorageFormat,V
ContentControl,BuildingBlockType,Building Block Type,WdBuildingBlockTypes,V
ContentControl,BuildingBlockCategory,Building Block Category,String,V
ContentControl,DateDisplayLocale,Date Display Locale,WdLanguageID,V
ContentControl,DefaultTextStyle,Default Text Style,Variant,V
ContentControl,DateCalendarType,Date Calendar Type,WdCalendarType,V
ContentControl,Tag,Tag,String,V
ContentControl,Checked,Checked,Boolean,V
ContentControl,Color,Color,WdColor,V
ContentControl,Appearance,Appearance,WdContentControlAppearance,V
ContentControl,Level,Level,WdContentControlLevel,R_O
ContentControl,RepeatingSectionItems,Repeating Section Items,RepeatingSectionItemColl,R_O
ContentControl,RepeatingSectionItemTitle,Repeating Section Item Title,String,V
ContentControl,AllowInsertDeleteSection,Allow Insert Delete Section,Boolean,V
ContentControlListEntries,_NewEnum,_New Enum,IUnknown,R_O
ContentControlListEntries,Application,Application,Application,R_O
ContentControlListEntries,Creator,Creator,Long,R_O
ContentControlListEntries,Parent,Parent,Object,R_O
ContentControlListEntries,Count,Count,Long,R_O
ContentControlListEntry,Application,Application,Application,R_O
ContentControlListEntry,Creator,Creator,Long,R_O
ContentControlListEntry,Parent,Parent,Object,R_O
ContentControlListEntry,Text,Text,String,V
ContentControlListEntry,Value,Value,String,V
ContentControlListEntry,Index,Index,Long,V
ContentControls,_NewEnum,_New Enum,IUnknown,R_O
ContentControls,Application,Application,Application,R_O
ContentControls,Creator,Creator,Long,R_O
ContentControls,Parent,Parent,Object,R_O
ContentControls,Count,Count,Long,R_O
Corners,Application,Application,Object,R_O
Corners,Creator,Creator,Long,R_O
CustomLabel,Application,Application,Application,R_O
CustomLabel,Creator,Creator,Long,R_O
CustomLabel,Parent,Parent,Object,R_O
CustomLabel,Index,Index,Long,R_O
CustomLabel,Name,Name,String,V
CustomLabel,TopMargin,Top Margin,Single,V
CustomLabel,SideMargin,Side Margin,Single,V
CustomLabel,Height,Height,Single,V
CustomLabel,Width,Width,Single,V
CustomLabel,VerticalPitch,Vertical Pitch,Single,V
CustomLabel,HorizontalPitch,Horizontal Pitch,Single,V
CustomLabel,NumberAcross,Number Across,Long,V
CustomLabel,NumberDown,Number Down,Long,V
CustomLabel,DotMatrix,Dot Matrix,Boolean,R_O
CustomLabel,PageSize,Page Size,WdCustomLabelPageSize,V
CustomLabel,Valid,Valid,Boolean,R_O
CustomLabels,Application,Application,Application,R_O
CustomLabels,Creator,Creator,Long,R_O
CustomLabels,Parent,Parent,Object,R_O
CustomLabels,_NewEnum,_New Enum,IUnknown,R_O
CustomLabels,Count,Count,Long,R_O
CustomProperties,_NewEnum,_New Enum,IUnknown,R_O
CustomProperties,Count,Count,Long,R_O
CustomProperties,Application,Application,Application,R_O
CustomProperties,Creator,Creator,Long,R_O
CustomProperties,Parent,Parent,Object,R_O
CustomProperty,Name,Name,String,R_O
CustomProperty,Value,Value,String,V
CustomProperty,Application,Application,Application,R_O
CustomProperty,Creator,Creator,Long,R_O
CustomProperty,Parent,Parent,Object,R_O
DataLabel,Parent,Parent,Object,R_O
DataLabel,Name,Name,String,R_O
DataLabel,Caption,Caption,String,V
DataLabel,Characters,Characters,ChartCharacters,R_O
DataLabel,HorizontalAlignment,Horizontal Alignment,Variant,V
DataLabel,Left,Left,Double,V
DataLabel,Orientation,Orientation,Variant,V
DataLabel,Shadow,Shadow,Boolean,V
DataLabel,Text,Text,String,V
DataLabel,Top,Top,Double,V
DataLabel,VerticalAlignment,Vertical Alignment,Variant,V
DataLabel,ReadingOrder,Reading Order,Long,V
DataLabel,AutoText,Auto Text,Boolean,V
DataLabel,NumberFormat,Number Format,String,V
DataLabel,NumberFormatLinked,Number Format Linked,Boolean,V
DataLabel,NumberFormatLocal,Number Format Local,Variant,V
DataLabel,ShowLegendKey,Show Legend Key,Boolean,V
DataLabel,Position,Position,XlDataLabelPosition,V
DataLabel,ShowSeriesName,Show Series Name,Boolean,V
DataLabel,ShowCategoryName,Show Category Name,Boolean,V
DataLabel,ShowValue,Show Value,Boolean,V
DataLabel,ShowPercentage,Show Percentage,Boolean,V
DataLabel,ShowBubbleSize,Show Bubble Size,Boolean,V
DataLabel,Separator,Separator,Variant,V
DataLabel,Format,Format,ChartFormat,R_O
DataLabel,Application,Application,Object,R_O
DataLabel,Creator,Creator,Long,R_O
DataLabel,Formula,Formula,String,V
DataLabel,FormulaR1C1,Formula R1 C1,String,V
DataLabel,FormulaLocal,Formula Local,String,V
DataLabel,FormulaR1C1Local,Formula R1 C1 Local,String,V
DataLabel,ShowRange,Show Range,Boolean,V
DataLabel,Height,Height,Double,V
DataLabel,Width,Width,Double,V
DataLabels,Parent,Parent,Object,R_O
DataLabels,Name,Name,String,R_O
DataLabels,HorizontalAlignment,Horizontal Alignment,Variant,V
DataLabels,Orientation,Orientation,Variant,V
DataLabels,Shadow,Shadow,Boolean,V
DataLabels,VerticalAlignment,Vertical Alignment,Variant,V
DataLabels,ReadingOrder,Reading Order,Long,V
DataLabels,AutoText,Auto Text,Boolean,V
DataLabels,NumberFormat,Number Format,String,V
DataLabels,NumberFormatLinked,Number Format Linked,Boolean,V
DataLabels,NumberFormatLocal,Number Format Local,Variant,V
DataLabels,ShowLegendKey,Show Legend Key,Boolean,V
DataLabels,Position,Position,XlDataLabelPosition,V
DataLabels,ShowSeriesName,Show Series Name,Boolean,V
DataLabels,ShowCategoryName,Show Category Name,Boolean,V
DataLabels,ShowValue,Show Value,Boolean,V
DataLabels,ShowPercentage,Show Percentage,Boolean,V
DataLabels,ShowBubbleSize,Show Bubble Size,Boolean,V
DataLabels,Separator,Separator,Variant,V
DataLabels,Count,Count,Long,R_O
DataLabels,Format,Format,ChartFormat,R_O
DataLabels,Application,Application,Object,R_O
DataLabels,Creator,Creator,Long,R_O
DataLabels,ShowRange,Show Range,Boolean,V
DataTable,ShowLegendKey,Show Legend Key,Boolean,V
DataTable,HasBorderHorizontal,Has Border Horizontal,Boolean,V
DataTable,HasBorderVertical,Has Border Vertical,Boolean,V
DataTable,HasBorderOutline,Has Border Outline,Boolean,V
DataTable,Border,Border,ChartBorder,R_O
DataTable,Font,Font,ChartFont,R_O
DataTable,Parent,Parent,Object,R_O
DataTable,Format,Format,ChartFormat,R_O
DataTable,Application,Application,Object,R_O
DataTable,Creator,Creator,Long,R_O
DefaultWebOptions,Application,Application,Application,R_O
DefaultWebOptions,Creator,Creator,Long,R_O
DefaultWebOptions,Parent,Parent,Object,R_O
DefaultWebOptions,OptimizeForBrowser,Optimize For Browser,Boolean,V
DefaultWebOptions,BrowserLevel,Browser Level,WdBrowserLevel,V
DefaultWebOptions,RelyOnCSS,Rely On CSS,Boolean,V
DefaultWebOptions,OrganizeInFolder,Organize In Folder,Boolean,V
DefaultWebOptions,UpdateLinksOnSave,Update Links On Save,Boolean,V
DefaultWebOptions,UseLongFileNames,Use Long File Names,Boolean,V
DefaultWebOptions,CheckIfOfficeIsHTMLEditor,Check If Office Is HTML Editor,Boolean,V
DefaultWebOptions,CheckIfWordIsDefaultHTMLEditor,Check If Word Is Default HTML Editor,Boolean,V
DefaultWebOptions,RelyOnVML,Rely On VML,Boolean,V
DefaultWebOptions,AllowPNG,Allow PNG,Boolean,V
DefaultWebOptions,ScreenSize,Screen Size,MsoScreenSize,V
DefaultWebOptions,PixelsPerInch,Pixels Per Inch,Long,V
DefaultWebOptions,Encoding,Encoding,MsoEncoding,V
DefaultWebOptions,AlwaysSaveInDefaultEncoding,Always Save In Default Encoding,Boolean,V
DefaultWebOptions,Fonts,Fonts,WebPageFonts,R_O
DefaultWebOptions,FolderSuffix,Folder Suffix,String,R_O
DefaultWebOptions,TargetBrowser,Target Browser,MsoTargetBrowser,V
DefaultWebOptions,SaveNewWebPagesAsWebArchives,Save New Web Pages As Web Archives,Boolean,V
Diagram,Application,Application,Application,R_O
Diagram,Creator,Creator,Long,R_O
Diagram,Parent,Parent,Object,R_O
Diagram,Nodes,Nodes,DiagramNodes,R_O
Diagram,Type,Type,MsoDiagramType,R_O
Diagram,AutoLayout,Auto Layout,MsoTriState,V
Diagram,Reverse,Reverse,MsoTriState,V
Diagram,AutoFormat,Auto Format,MsoTriState,V
DiagramNode,Application,Application,Application,R_O
DiagramNode,Creator,Creator,Long,R_O
DiagramNode,Parent,Parent,Object,R_O
DiagramNode,Children,Children,DiagramNodeChildren,R_O
DiagramNode,Shape,Shape,Shape,R_O
DiagramNode,Root,Root,DiagramNode,R_O
DiagramNode,Diagram,Diagram,Diagram,R_O
DiagramNode,Layout,Layout,MsoOrgChartLayoutType,V
DiagramNode,TextShape,Text Shape,Shape,R_O
DiagramNodeChildren,Application,Application,Application,R_O
DiagramNodeChildren,Creator,Creator,Long,R_O
DiagramNodeChildren,_NewEnum,_New Enum,IUnknown,R_O
DiagramNodeChildren,Parent,Parent,Object,R_O
DiagramNodeChildren,Count,Count,Long,R_O
DiagramNodeChildren,FirstChild,First Child,DiagramNode,R_O
DiagramNodeChildren,LastChild,Last Child,DiagramNode,R_O
DiagramNodes,Application,Application,Application,R_O
DiagramNodes,Creator,Creator,Long,R_O
DiagramNodes,_NewEnum,_New Enum,IUnknown,R_O
DiagramNodes,Parent,Parent,Object,R_O
DiagramNodes,Count,Count,Long,R_O
Dialog,Application,Application,Application,R_O
Dialog,Creator,Creator,Long,R_O
Dialog,Parent,Parent,Object,R_O
Dialog,DefaultTab,Default Tab,WdWordDialogTab,V
Dialog,Type,Type,WdWordDialog,R_O
Dialog,CommandName,Command Name,String,R_O
Dialog,CommandBarId,Command Bar Id,Long,R_O
Dialogs,Application,Application,Application,R_O
Dialogs,Creator,Creator,Long,R_O
Dialogs,Parent,Parent,Object,R_O
Dialogs,_NewEnum,_New Enum,IUnknown,R_O
Dialogs,Count,Count,Long,R_O
Dictionaries,Application,Application,Application,R_O
Dictionaries,Creator,Creator,Long,R_O
Dictionaries,Parent,Parent,Object,R_O
Dictionaries,_NewEnum,_New Enum,IUnknown,R_O
Dictionaries,Count,Count,Long,R_O
Dictionaries,Maximum,Maximum,Long,R_O
Dictionaries,ActiveCustomDictionary,Active Custom Dictionary,Dictionary,V
Dictionary,Application,Application,Application,R_O
Dictionary,Creator,Creator,Long,R_O
Dictionary,Parent,Parent,Object,R_O
Dictionary,Name,Name,String,R_O
Dictionary,Path,Path,String,R_O
Dictionary,LanguageID,Language ID,WdLanguageID,V
Dictionary,ReadOnly,Read Only,Boolean,R_O
Dictionary,Type,Type,WdDictionaryType,R_O
Dictionary,LanguageSpecific,Language Specific,Boolean,V
DisplayUnitLabel,Caption,Caption,String,V
DisplayUnitLabel,Characters,Characters,ChartCharacters,R_O
DisplayUnitLabel,HorizontalAlignment,Horizontal Alignment,Variant,V
DisplayUnitLabel,Left,Left,Double,V
DisplayUnitLabel,Orientation,Orientation,Variant,V
DisplayUnitLabel,Shadow,Shadow,Boolean,V
DisplayUnitLabel,Text,Text,String,V
DisplayUnitLabel,Top,Top,Double,V
DisplayUnitLabel,VerticalAlignment,Vertical Alignment,Variant,V
DisplayUnitLabel,ReadingOrder,Reading Order,Long,V
DisplayUnitLabel,Name,Name,String,R_O
DisplayUnitLabel,Parent,Parent,Object,R_O
DisplayUnitLabel,IncludeInLayout,Include In Layout,Boolean,V
DisplayUnitLabel,Position,Position,XlChartElementPosition,V
DisplayUnitLabel,Format,Format,ChartFormat,R_O
DisplayUnitLabel,Application,Application,Object,R_O
DisplayUnitLabel,Creator,Creator,Long,R_O
DisplayUnitLabel,Height,Height,Double,R_O
DisplayUnitLabel,Width,Width,Double,R_O
DisplayUnitLabel,Formula,Formula,String,V
DisplayUnitLabel,FormulaR1C1,Formula R1 C1,String,V
DisplayUnitLabel,FormulaLocal,Formula Local,String,V
DisplayUnitLabel,FormulaR1C1Local,Formula R1 C1 Local,String,V
Document,Name,Name,String,R_O
Document,Application,Application,Application,R_O
Document,Creator,Creator,Long,R_O
Document,Parent,Parent,Object,R_O
Document,BuiltInDocumentProperties,Built In Document Properties,Object,R_O
Document,CustomDocumentProperties,Custom Document Properties,Object,R_O
Document,Path,Path,String,R_O
Document,Bookmarks,Bookmarks,Bookmarks,R_O
Document,Tables,Tables,Tables,R_O
Document,Footnotes,Footnotes,Footnotes,R_O
Document,Endnotes,Endnotes,Endnotes,R_O
Document,Comments,Comments,Comments,R_O
Document,Type,Type,WdDocumentType,R_O
Document,AutoHyphenation,Auto Hyphenation,Boolean,V
Document,HyphenateCaps,Hyphenate Caps,Boolean,V
Document,HyphenationZone,Hyphenation Zone,Long,V
Document,ConsecutiveHyphensLimit,Consecutive Hyphens Limit,Long,V
Document,Sections,Sections,Sections,R_O
Document,Paragraphs,Paragraphs,Paragraphs,R_O
Document,Words,Words,Words,R_O
Document,Sentences,Sentences,Sentences,R_O
Document,Characters,Characters,Characters,R_O
Document,Fields,Fields,Fields,R_O
Document,FormFields,Form Fields,FormFields,R_O
Document,Styles,Styles,Styles,R_O
Document,Frames,Frames,Frames,R_O
Document,TablesOfFigures,Tables Of Figures,TablesOfFigures,R_O
Document,Variables,Variables,Variables,R_O
Document,MailMerge,Mail Merge,MailMerge,R_O
Document,Envelope,Envelope,Envelope,R_O
Document,FullName,Full Name,String,R_O
Document,Revisions,Revisions,Revisions,R_O
Document,TablesOfContents,Tables Of Contents,TablesOfContents,R_O
Document,TablesOfAuthorities,Tables Of Authorities,TablesOfAuthorities,R_O
Document,PageSetup,Page Setup,PageSetup,V
Document,Windows,Windows,Windows,R_O
Document,TablesOfAuthoritiesCategories,Tables Of Authorities Categories,TablesOfAuthoritiesCategories,R_O
Document,Indexes,Indexes,Indexes,R_O
Document,Saved,Saved,Boolean,V
Document,Content,Content,Range,R_O
Document,ActiveWindow,Active Window,Window,R_O
Document,Kind,Kind,WdDocumentKind,V
Document,ReadOnly,Read Only,Boolean,R_O
Document,Subdocuments,Subdocuments,Subdocuments,R_O
Document,IsMasterDocument,Is Master Document,Boolean,R_O
Document,DefaultTabStop,Default Tab Stop,Single,V
Document,EmbedTrueTypeFonts,Embed True Type Fonts,Boolean,V
Document,SaveFormsData,Save Forms Data,Boolean,V
Document,ReadOnlyRecommended,Read Only Recommended,Boolean,V
Document,SaveSubsetFonts,Save Subset Fonts,Boolean,V
Document,Compatibility,Compatibility,Boolean,V
Document,StoryRanges,Story Ranges,StoryRanges,R_O
Document,CommandBars,Command Bars,CommandBars,R_O
Document,IsSubdocument,Is Subdocument,Boolean,R_O
Document,SaveFormat,Save Format,Long,R_O
Document,ProtectionType,Protection Type,WdProtectionType,R_O
Document,Hyperlinks,Hyperlinks,Hyperlinks,R_O
Document,Shapes,Shapes,Shapes,R_O
Document,ListTemplates,List Templates,ListTemplates,R_O
Document,Lists,Lists,Lists,R_O
Document,UpdateStylesOnOpen,Update Styles On Open,Boolean,V
Document,AttachedTemplate,Attached Template,Variant,V
Document,InlineShapes,Inline Shapes,InlineShapes,R_O
Document,Background,Background,Shape,V
Document,GrammarChecked,Grammar Checked,Boolean,V
Document,SpellingChecked,Spelling Checked,Boolean,V
Document,ShowGrammaticalErrors,Show Grammatical Errors,Boolean,V
Document,ShowSpellingErrors,Show Spelling Errors,Boolean,V
Document,PrintPostScriptOverText,Print Post Script Over Text,Boolean,V
Document,Container,Container,Object,R_O
Document,PrintFormsData,Print Forms Data,Boolean,V
Document,ListParagraphs,List Paragraphs,ListParagraphs,R_O
Document,Password,Password,String,W_O
Document,WritePassword,Write Password,String,W_O
Document,HasPassword,Has Password,Boolean,R_O
Document,WriteReserved,Write Reserved,Boolean,R_O
Document,ActiveWritingStyle,Active Writing Style,String,V
Document,UserControl,User Control,Boolean,V
Document,ReadabilityStatistics,Readability Statistics,ReadabilityStatistics,R_O
Document,GrammaticalErrors,Grammatical Errors,ProofreadingErrors,R_O
Document,SpellingErrors,Spelling Errors,ProofreadingErrors,R_O
Document,VBProject,VB Project,VBProject,R_O
Document,FormsDesign,Forms Design,Boolean,R_O
Document,_CodeName,_Code Name,String,V
Document,CodeName,Code Name,String,R_O
Document,SnapToGrid,Snap To Grid,Boolean,V
Document,SnapToShapes,Snap To Shapes,Boolean,V
Document,GridDistanceHorizontal,Grid Distance Horizontal,Single,V
Document,GridDistanceVertical,Grid Distance Vertical,Single,V
Document,GridOriginHorizontal,Grid Origin Horizontal,Single,V
Document,GridOriginVertical,Grid Origin Vertical,Single,V
Document,GridSpaceBetweenHorizontalLines,Grid Space Between Horizontal Lines,Long,V
Document,GridSpaceBetweenVerticalLines,Grid Space Between Vertical Lines,Long,V
Document,GridOriginFromMargin,Grid Origin From Margin,Boolean,V
Document,KerningByAlgorithm,Kerning By Algorithm,Boolean,V
Document,JustificationMode,Justification Mode,WdJustificationMode,V
Document,FarEastLineBreakLevel,Far East Line Break Level,WdFarEastLineBreakLevel,V
Document,NoLineBreakBefore,No Line Break Before,String,V
Document,NoLineBreakAfter,No Line Break After,String,V
Document,TrackRevisions,Track Revisions,Boolean,V
Document,PrintRevisions,Print Revisions,Boolean,V
Document,ActiveTheme,Active Theme,String,R_O
Document,ActiveThemeDisplayName,Active Theme Display Name,String,R_O
Document,Email,Email,Email,R_O
Document,Scripts,Scripts,Scripts,R_O
Document,LanguageDetected,Language Detected,Boolean,V
Document,FarEastLineBreakLanguage,Far East Line Break Language,WdFarEastLineBreakLanguageID,V
Document,Frameset,Frameset,Frameset,R_O
Document,ClickAndTypeParagraphStyle,Click And Type Paragraph Style,Variant,V
Document,WebOptions,Web Options,WebOptions,R_O
Document,OpenEncoding,Open Encoding,MsoEncoding,R_O
Document,SaveEncoding,Save Encoding,MsoEncoding,V
Document,OptimizeForWord97,Optimize For Word97,Boolean,V
Document,VBASigned,VBA Signed,Boolean,R_O
Document,MailEnvelope,Mail Envelope,MsoEnvelope,R_O
Document,DisableFeatures,Disable Features,Boolean,V
Document,DoNotEmbedSystemFonts,Do Not Embed System Fonts,Boolean,V
Document,Signatures,Signatures,SignatureSet,R_O
Document,DefaultTargetFrame,Default Target Frame,String,V
Document,HTMLDivisions,HTML Divisions,HTMLDivisions,R_O
Document,DisableFeaturesIntroducedAfter,Disable Features Introduced After,WdDisableFeaturesIntroducedAfter,V
Document,RemovePersonalInformation,Remove Personal Information,Boolean,V
Document,TextEncoding,Text Encoding,MsoEncoding,V
Document,TextLineEnding,Text Line Ending,WdLineEndingType,V
Document,StyleSheets,Style Sheets,StyleSheets,R_O
Document,DefaultTableStyle,Default Table Style,Variant,R_O
Document,PasswordEncryptionProvider,Password Encryption Provider,String,R_O
Document,PasswordEncryptionAlgorithm,Password Encryption Algorithm,String,R_O
Document,PasswordEncryptionKeyLength,Password Encryption Key Length,Long,R_O
Document,PasswordEncryptionFileProperties,Password Encryption File Properties,Boolean,R_O
Document,EmbedLinguisticData,Embed Linguistic Data,Boolean,V
Document,FormattingShowFont,Formatting Show Font,Boolean,V
Document,FormattingShowClear,Formatting Show Clear,Boolean,V
Document,FormattingShowParagraph,Formatting Show Paragraph,Boolean,V
Document,FormattingShowNumbering,Formatting Show Numbering,Boolean,V
Document,FormattingShowFilter,Formatting Show Filter,WdShowFilter,V
Document,Permission,Permission,Permission,R_O
Document,XMLSchemaReferences,XML Schema References,XMLSchemaReferences,R_O
Document,SmartDocument,Smart Document,SmartDocument,R_O
Document,Sync,Sync,Sync,R_O
Document,EnforceStyle,Enforce Style,Boolean,V
Document,AutoFormatOverride,Auto Format Override,Boolean,V
Document,XMLShowAdvancedErrors,XML Show Advanced Errors,Boolean,V
Document,XMLUseXSLTWhenSaving,XML Use XSLT When Saving,Boolean,V
Document,XMLSaveThroughXSLT,XML Save Through XSLT,String,V
Document,DocumentLibraryVersions,Document Library Versions,DocumentLibraryVersions,R_O
Document,ReadingModeLayoutFrozen,Reading Mode Layout Frozen,Boolean,V
Document,RemoveDateAndTime,Remove Date And Time,Boolean,V
Document,ReadingLayoutSizeX,Reading Layout Size X,Long,V
Document,ReadingLayoutSizeY,Reading Layout Size Y,Long,V
Document,StyleSortMethod,Style Sort Method,WdStyleSort,V
Document,ContentTypeProperties,Content Type Properties,MetaProperties,R_O
Document,TrackMoves,Track Moves,Boolean,V
Document,TrackFormatting,Track Formatting,Boolean,V
Document,OMaths,O Maths,OMaths,R_O
Document,ServerPolicy,Server Policy,ServerPolicy,R_O
Document,ContentControls,Content Controls,ContentControls,R_O
Document,DocumentInspectors,Document Inspectors,DocumentInspectors,R_O
Document,Bibliography,Bibliography,Bibliography,R_O
Document,LockTheme,Lock Theme,Boolean,V
Document,LockQuickStyleSet,Lock Quick Style Set,Boolean,V
Document,OriginalDocumentTitle,Original Document Title,String,R_O
Document,RevisedDocumentTitle,Revised Document Title,String,R_O
Document,CustomXMLParts,Custom XML Parts,CustomXMLParts,R_O
Document,FormattingShowNextLevel,Formatting Show Next Level,Boolean,V
Document,FormattingShowUserStyleName,Formatting Show User Style Name,Boolean,V
Document,Research,Research,Research,R_O
Document,Final,Final,Boolean,V
Document,OMathBreakBin,O Math Break Bin,WdOMathBreakBin,V
Document,OMathBreakSub,O Math Break Sub,WdOMathBreakSub,V
Document,OMathJc,O Math Jc,WdOMathJc,V
Document,OMathLeftMargin,O Math Left Margin,Single,V
Document,OMathRightMargin,O Math Right Margin,Single,V
Document,OMathWrap,O Math Wrap,Single,V
Document,OMathIntSubSupLim,O Math Int Sub Sup Lim,Boolean,V
Document,OMathNarySupSubLim,O Math Nary Sup Sub Lim,Boolean,V
Document,OMathSmallFrac,O Math Small Frac,Boolean,V
Document,WordOpenXML,Word Open XML,String,R_O
Document,DocumentTheme,Document Theme,OfficeTheme,R_O
Document,HasVBProject,Has VB Project,Boolean,R_O
Document,OMathFontName,O Math Font Name,String,V
Document,EncryptionProvider,Encryption Provider,String,V
Document,UseMathDefaults,Use Math Defaults,Boolean,V
Document,CurrentRsid,Current Rsid,Long,R_O
Document,CompatibilityMode,Compatibility Mode,Long,R_O
Document,CoAuthoring,Co Authoring,CoAuthoring,R_O
Document,Broadcast,Broadcast,Broadcast,R_O
Document,ChartDataPointTrack,Chart Data Point Track,Boolean,V
Document,IsInAutosave,Is In Autosave,Boolean,R_O
Document,WorkIdentity,Work Identity,String,V
Document,AutoSaveOn,Auto Save On,Boolean,V
Document,SensitivityLabel,Sensitivity Label,ISensitivityLabel,R_O
Document,TrackJustMyRevisions,Track Just My Revisions,Boolean,V
Documents,_NewEnum,_New Enum,IUnknown,R_O
Documents,Count,Count,Long,R_O
Documents,Application,Application,Application,R_O
Documents,Creator,Creator,Long,R_O
Documents,Parent,Parent,Object,R_O
DownBars,Name,Name,String,R_O
DownBars,Parent,Parent,Object,R_O
DownBars,Format,Format,ChartFormat,R_O
DownBars,Application,Application,Object,R_O
DownBars,Creator,Creator,Long,R_O
DropCap,Application,Application,Application,R_O
DropCap,Creator,Creator,Long,R_O
DropCap,Parent,Parent,Object,R_O
DropCap,Position,Position,WdDropPosition,V
DropCap,FontName,Font Name,String,V
DropCap,LinesToDrop,Lines To Drop,Long,V
DropCap,DistanceFromText,Distance From Text,Single,V
DropDown,Application,Application,Application,R_O
DropDown,Creator,Creator,Long,R_O
DropDown,Parent,Parent,Object,R_O
DropDown,Valid,Valid,Boolean,R_O
DropDown,Default,Default,Long,V
DropDown,Value,Value,Long,V
DropDown,ListEntries,List Entries,ListEntries,R_O
DropLines,Name,Name,String,R_O
DropLines,Parent,Parent,Object,R_O
DropLines,Border,Border,ChartBorder,R_O
DropLines,Format,Format,ChartFormat,R_O
DropLines,Application,Application,Object,R_O
DropLines,Creator,Creator,Long,R_O
Editor,ID,ID,String,R_O
Editor,Name,Name,String,R_O
Editor,Range,Range,Range,R_O
Editor,NextRange,Next Range,Range,R_O
Editor,Application,Application,Application,R_O
Editor,Creator,Creator,Long,R_O
Editor,Parent,Parent,Object,R_O
Editors,Application,Application,Application,R_O
Editors,Creator,Creator,Long,R_O
Editors,Parent,Parent,Object,R_O
Editors,Count,Count,Long,R_O
Email,Application,Application,Application,R_O
Email,Creator,Creator,Long,R_O
Email,Parent,Parent,Object,R_O
Email,CurrentEmailAuthor,Current Email Author,EmailAuthor,R_O
EmailAuthor,Application,Application,Application,R_O
EmailAuthor,Creator,Creator,Long,R_O
EmailAuthor,Parent,Parent,Object,R_O
EmailAuthor,Style,Style,Style,R_O
EmailOptions,Application,Application,Application,R_O
EmailOptions,Creator,Creator,Long,R_O
EmailOptions,Parent,Parent,Object,R_O
EmailOptions,UseThemeStyle,Use Theme Style,Boolean,V
EmailOptions,MarkCommentsWith,Mark Comments With,String,V
EmailOptions,MarkComments,Mark Comments,Boolean,V
EmailOptions,EmailSignature,Email Signature,EmailSignature,R_O
EmailOptions,ComposeStyle,Compose Style,Style,R_O
EmailOptions,ReplyStyle,Reply Style,Style,R_O
EmailOptions,ThemeName,Theme Name,String,V
EmailOptions,NewColorOnReply,New Color On Reply,Boolean,V
EmailOptions,PlainTextStyle,Plain Text Style,Style,R_O
EmailOptions,UseThemeStyleOnReply,Use Theme Style On Reply,Boolean,V
EmailOptions,AutoFormatAsYouTypeApplyHeadings,Auto Format As You Type Apply Headings,Boolean,V
EmailOptions,AutoFormatAsYouTypeApplyBorders,Auto Format As You Type Apply Borders,Boolean,V
EmailOptions,AutoFormatAsYouTypeApplyBulletedLists,Auto Format As You Type Apply Bulleted Lists,Boolean,V
EmailOptions,AutoFormatAsYouTypeApplyNumberedLists,Auto Format As You Type Apply Numbered Lists,Boolean,V
EmailOptions,AutoFormatAsYouTypeReplaceQuotes,Auto Format As You Type Replace Quotes,Boolean,V
EmailOptions,AutoFormatAsYouTypeReplaceSymbols,Auto Format As You Type Replace Symbols,Boolean,V
EmailOptions,AutoFormatAsYouTypeReplaceOrdinals,Auto Format As You Type Replace Ordinals,Boolean,V
EmailOptions,AutoFormatAsYouTypeReplaceFractions,Auto Format As You Type Replace Fractions,Boolean,V
EmailOptions,AutoFormatAsYouTypeReplacePlainTextEmphasis,Auto Format As You Type Replace Plain Text Emphasis,Boolean,V
EmailOptions,AutoFormatAsYouTypeFormatListItemBeginning,Auto Format As You Type Format List Item Beginning,Boolean,V
EmailOptions,AutoFormatAsYouTypeDefineStyles,Auto Format As You Type Define Styles,Boolean,V
EmailOptions,AutoFormatAsYouTypeReplaceHyperlinks,Auto Format As You Type Replace Hyperlinks,Boolean,V
EmailOptions,AutoFormatAsYouTypeApplyTables,Auto Format As You Type Apply Tables,Boolean,V
EmailOptions,AutoFormatAsYouTypeApplyFirstIndents,Auto Format As You Type Apply First Indents,Boolean,V
EmailOptions,AutoFormatAsYouTypeApplyDates,Auto Format As You Type Apply Dates,Boolean,V
EmailOptions,AutoFormatAsYouTypeApplyClosings,Auto Format As You Type Apply Closings,Boolean,V
EmailOptions,AutoFormatAsYouTypeMatchParentheses,Auto Format As You Type Match Parentheses,Boolean,V
EmailOptions,AutoFormatAsYouTypeReplaceFarEastDashes,Auto Format As You Type Replace Far East Dashes,Boolean,V
EmailOptions,AutoFormatAsYouTypeDeleteAutoSpaces,Auto Format As You Type Delete Auto Spaces,Boolean,V
EmailOptions,AutoFormatAsYouTypeInsertClosings,Auto Format As You Type Insert Closings,Boolean,V
EmailOptions,AutoFormatAsYouTypeAutoLetterWizard,Auto Format As You Type Auto Letter Wizard,Boolean,V
EmailOptions,AutoFormatAsYouTypeInsertOvers,Auto Format As You Type Insert Overs,Boolean,V
EmailOptions,RelyOnCSS,Rely On CSS,Boolean,V
EmailOptions,HTMLFidelity,HTML Fidelity,WdEmailHTMLFidelity,V
EmailOptions,TabIndentKey,Tab Indent Key,Boolean,V
EmailSignature,Application,Application,Application,R_O
EmailSignature,Creator,Creator,Long,R_O
EmailSignature,Parent,Parent,Object,R_O
EmailSignature,NewMessageSignature,New Message Signature,String,V
EmailSignature,ReplyMessageSignature,Reply Message Signature,String,V
EmailSignature,EmailSignatureEntries,Email Signature Entries,EmailSignatureEntries,R_O
EmailSignatureEntries,Application,Application,Application,R_O
EmailSignatureEntries,Creator,Creator,Long,R_O
EmailSignatureEntries,Parent,Parent,Object,R_O
EmailSignatureEntries,_NewEnum,_New Enum,IUnknown,R_O
EmailSignatureEntries,Count,Count,Long,R_O
EmailSignatureEntry,Application,Application,Application,R_O
EmailSignatureEntry,Creator,Creator,Long,R_O
EmailSignatureEntry,Parent,Parent,Object,R_O
EmailSignatureEntry,Index,Index,Long,R_O
EmailSignatureEntry,Name,Name,String,V
Endnote,Application,Application,Application,R_O
Endnote,Creator,Creator,Long,R_O
Endnote,Parent,Parent,Object,R_O
Endnote,Range,Range,Range,R_O
Endnote,Reference,Reference,Range,R_O
Endnote,Index,Index,Long,R_O
EndnoteOptions,Application,Application,Application,R_O
EndnoteOptions,Creator,Creator,Long,R_O
EndnoteOptions,Parent,Parent,Object,R_O
EndnoteOptions,Location,Location,WdEndnoteLocation,V
EndnoteOptions,NumberStyle,Number Style,WdNoteNumberStyle,V
EndnoteOptions,StartingNumber,Starting Number,Long,V
EndnoteOptions,NumberingRule,Numbering Rule,WdNumberingRule,V
Endnotes,_NewEnum,_New Enum,IUnknown,R_O
Endnotes,Count,Count,Long,R_O
Endnotes,Application,Application,Application,R_O
Endnotes,Creator,Creator,Long,R_O
Endnotes,Parent,Parent,Object,R_O
Endnotes,Location,Location,WdEndnoteLocation,V
Endnotes,NumberStyle,Number Style,WdNoteNumberStyle,V
Endnotes,StartingNumber,Starting Number,Long,V
Endnotes,NumberingRule,Numbering Rule,WdNumberingRule,V
Endnotes,Separator,Separator,Range,R_O
Endnotes,ContinuationSeparator,Continuation Separator,Range,R_O
Endnotes,ContinuationNotice,Continuation Notice,Range,R_O
Envelope,Application,Application,Application,R_O
Envelope,Creator,Creator,Long,R_O
Envelope,Parent,Parent,Object,R_O
Envelope,Address,Address,Range,R_O
Envelope,ReturnAddress,Return Address,Range,R_O
Envelope,DefaultPrintFIMA,Default Print FIMA,Boolean,V
Envelope,DefaultHeight,Default Height,Single,V
Envelope,DefaultWidth,Default Width,Single,V
Envelope,DefaultSize,Default Size,String,V
Envelope,DefaultOmitReturnAddress,Default Omit Return Address,Boolean,V
Envelope,FeedSource,Feed Source,WdPaperTray,V
Envelope,AddressFromLeft,Address From Left,Single,V
Envelope,AddressFromTop,Address From Top,Single,V
Envelope,ReturnAddressFromLeft,Return Address From Left,Single,V
Envelope,ReturnAddressFromTop,Return Address From Top,Single,V
Envelope,AddressStyle,Address Style,Style,R_O
Envelope,ReturnAddressStyle,Return Address Style,Style,R_O
Envelope,DefaultOrientation,Default Orientation,WdEnvelopeOrientation,V
Envelope,DefaultFaceUp,Default Face Up,Boolean,V
Envelope,Vertical,Vertical,Boolean,V
Envelope,RecipientNamefromLeft,Recipient Namefrom Left,Single,V
Envelope,RecipientNamefromTop,Recipient Namefrom Top,Single,V
Envelope,RecipientPostalfromLeft,Recipient Postalfrom Left,Single,V
Envelope,RecipientPostalfromTop,Recipient Postalfrom Top,Single,V
Envelope,SenderNamefromLeft,Sender Namefrom Left,Single,V
Envelope,SenderNamefromTop,Sender Namefrom Top,Single,V
Envelope,SenderPostalfromLeft,Sender Postalfrom Left,Single,V
Envelope,SenderPostalfromTop,Sender Postalfrom Top,Single,V
ErrorBars,Parent,Parent,Object,R_O
ErrorBars,Name,Name,String,R_O
ErrorBars,Border,Border,ChartBorder,R_O
ErrorBars,EndStyle,End Style,XlEndStyleCap,V
ErrorBars,Format,Format,ChartFormat,R_O
ErrorBars,Application,Application,Object,R_O
ErrorBars,Creator,Creator,Long,R_O
Field,Application,Application,Application,R_O
Field,Creator,Creator,Long,R_O
Field,Parent,Parent,Object,R_O
Field,Code,Code,Range,V
Field,Type,Type,WdFieldType,R_O
Field,Locked,Locked,Boolean,V
Field,Kind,Kind,WdFieldKind,R_O
Field,Result,Result,Range,V
Field,Data,Data,String,V
Field,Next,Next,Field,R_O
Field,Previous,Previous,Field,R_O
Field,Index,Index,Long,R_O
Field,ShowCodes,Show Codes,Boolean,V
Field,LinkFormat,Link Format,LinkFormat,R_O
Field,OLEFormat,OLE Format,OLEFormat,R_O
Field,InlineShape,Inline Shape,InlineShape,R_O
Fields,Application,Application,Application,R_O
Fields,Creator,Creator,Long,R_O
Fields,Parent,Parent,Object,R_O
Fields,Count,Count,Long,R_O
Fields,Locked,Locked,Long,V
Fields,_NewEnum,_New Enum,IUnknown,R_O
FileConverter,Application,Application,Application,R_O
FileConverter,Creator,Creator,Long,R_O
FileConverter,Parent,Parent,Object,R_O
FileConverter,FormatName,Format Name,String,R_O
FileConverter,ClassName,Class Name,String,R_O
FileConverter,SaveFormat,Save Format,Long,R_O
FileConverter,OpenFormat,Open Format,Long,R_O
FileConverter,CanSave,Can Save,Boolean,R_O
FileConverter,CanOpen,Can Open,Boolean,R_O
FileConverter,Path,Path,String,R_O
FileConverter,Name,Name,String,R_O
FileConverter,Extensions,Extensions,String,R_O
FileConverters,Application,Application,Application,R_O
FileConverters,Creator,Creator,Long,R_O
FileConverters,Parent,Parent,Object,R_O
FileConverters,Count,Count,Long,R_O
FileConverters,_NewEnum,_New Enum,IUnknown,R_O
FileConverters,ConvertMacWordChevrons,Convert Mac Word Chevrons,WdChevronConvertRule,V
FillFormat,Application,Application,Application,R_O
FillFormat,Creator,Creator,Long,R_O
FillFormat,Parent,Parent,Object,R_O
FillFormat,BackColor,Back Color,ColorFormat,R_O
FillFormat,ForeColor,Fore Color,ColorFormat,R_O
FillFormat,GradientColorType,Gradient Color Type,MsoGradientColorType,R_O
FillFormat,GradientDegree,Gradient Degree,Single,R_O
FillFormat,GradientStyle,Gradient Style,MsoGradientStyle,R_O
FillFormat,GradientVariant,Gradient Variant,Long,R_O
FillFormat,Pattern,Pattern,MsoPatternType,R_O
FillFormat,PresetGradientType,Preset Gradient Type,MsoPresetGradientType,R_O
FillFormat,PresetTexture,Preset Texture,MsoPresetTexture,R_O
FillFormat,TextureName,Texture Name,String,R_O
FillFormat,TextureType,Texture Type,MsoTextureType,R_O
FillFormat,Transparency,Transparency,Single,V
FillFormat,Type,Type,MsoFillType,R_O
FillFormat,Visible,Visible,MsoTriState,V
FillFormat,GradientStops,Gradient Stops,GradientStops,R_O
FillFormat,TextureOffsetX,Texture Offset X,Single,V
FillFormat,TextureOffsetY,Texture Offset Y,Single,V
FillFormat,TextureAlignment,Texture Alignment,MsoTextureAlignment,V
FillFormat,TextureHorizontalScale,Texture Horizontal Scale,Single,V
FillFormat,TextureVerticalScale,Texture Vertical Scale,Single,V
FillFormat,TextureTile,Texture Tile,MsoTriState,V
FillFormat,RotateWithObject,Rotate With Object,MsoTriState,V
FillFormat,PictureEffects,Picture Effects,PictureEffects,R_O
FillFormat,GradientAngle,Gradient Angle,Single,V
Find,Application,Application,Application,R_O
Find,Creator,Creator,Long,R_O
Find,Parent,Parent,Object,R_O
Find,Forward,Forward,Boolean,V
Find,Font,Font,Font,V
Find,Found,Found,Boolean,R_O
Find,MatchAllWordForms,Match All Word Forms,Boolean,V
Find,MatchCase,Match Case,Boolean,V
Find,MatchWildcards,Match Wildcards,Boolean,V
Find,MatchSoundsLike,Match Sounds Like,Boolean,V
Find,MatchWholeWord,Match Whole Word,Boolean,V
Find,MatchFuzzy,Match Fuzzy,Boolean,V
Find,MatchByte,Match Byte,Boolean,V
Find,ParagraphFormat,Paragraph Format,ParagraphFormat,V
Find,Style,Style,Variant,V
Find,Text,Text,String,V
Find,LanguageID,Language ID,WdLanguageID,V
Find,Highlight,Highlight,Long,V
Find,Replacement,Replacement,Replacement,R_O
Find,Frame,Frame,Frame,R_O
Find,Wrap,Wrap,WdFindWrap,V
Find,Format,Format,Boolean,V
Find,LanguageIDFarEast,Language ID Far East,WdLanguageID,V
Find,LanguageIDOther,Language ID Other,WdLanguageID,V
Find,CorrectHangulEndings,Correct Hangul Endings,Boolean,V
Find,NoProofing,No Proofing,Long,V
Find,MatchKashida,Match Kashida,Boolean,V
Find,MatchDiacritics,Match Diacritics,Boolean,V
Find,MatchAlefHamza,Match Alef Hamza,Boolean,V
Find,MatchControl,Match Control,Boolean,V
Find,MatchPhrase,Match Phrase,Boolean,V
Find,MatchPrefix,Match Prefix,Boolean,V
Find,MatchSuffix,Match Suffix,Boolean,V
Find,IgnoreSpace,Ignore Space,Boolean,V
Find,IgnorePunct,Ignore Punct,Boolean,V
Find,HanjaPhoneticHangul,Hanja Phonetic Hangul,Boolean,V
FirstLetterException,Application,Application,Application,R_O
FirstLetterException,Creator,Creator,Long,R_O
FirstLetterException,Parent,Parent,Object,R_O
FirstLetterException,Index,Index,Long,R_O
FirstLetterException,Name,Name,String,R_O
FirstLetterExceptions,Application,Application,Application,R_O
FirstLetterExceptions,Creator,Creator,Long,R_O
FirstLetterExceptions,Parent,Parent,Object,R_O
FirstLetterExceptions,_NewEnum,_New Enum,IUnknown,R_O
FirstLetterExceptions,Count,Count,Long,R_O
Floor,Name,Name,String,R_O
Floor,Parent,Parent,Object,R_O
Floor,PictureType,Picture Type,Variant,V
Floor,Thickness,Thickness,Long,V
Floor,Format,Format,ChartFormat,R_O
Floor,Application,Application,Object,R_O
Floor,Creator,Creator,Long,R_O
Font,Application,Application,Application,R_O
Font,Creator,Creator,Long,R_O
Font,Parent,Parent,Object,R_O
Font,Duplicate,Duplicate,Font,R_O
Font,Bold,Bold,Long,V
Font,Italic,Italic,Long,V
Font,Hidden,Hidden,Long,V
Font,SmallCaps,Small Caps,Long,V
Font,AllCaps,All Caps,Long,V
Font,StrikeThrough,Strike Through,Long,V
Font,DoubleStrikeThrough,Double Strike Through,Long,V
Font,ColorIndex,Color Index,WdColorIndex,V
Font,Subscript,Subscript,Long,V
Font,Superscript,Superscript,Long,V
Font,Underline,Underline,WdUnderline,V
Font,Size,Size,Single,V
Font,Name,Name,String,V
Font,Position,Position,Long,V
Font,Spacing,Spacing,Single,V
Font,Scaling,Scaling,Long,V
Font,Shadow,Shadow,Long,V
Font,Outline,Outline,Long,V
Font,Emboss,Emboss,Long,V
Font,Kerning,Kerning,Single,V
Font,Engrave,Engrave,Long,V
Font,Borders,Borders,Borders,V
Font,Shading,Shading,Shading,R_O
Font,EmphasisMark,Emphasis Mark,WdEmphasisMark,V
Font,DisableCharacterSpaceGrid,Disable Character Space Grid,Boolean,V
Font,NameFarEast,Name Far East,String,V
Font,NameAscii,Name Ascii,String,V
Font,NameOther,Name Other,String,V
Font,BoldBi,Bold Bi,Long,V
Font,ItalicBi,Italic Bi,Long,V
Font,SizeBi,Size Bi,Single,V
Font,NameBi,Name Bi,String,V
Font,ColorIndexBi,Color Index Bi,WdColorIndex,V
Font,DiacriticColor,Diacritic Color,WdColor,V
Font,UnderlineColor,Underline Color,WdColor,V
Font,Glow,Glow,GlowFormat,V
Font,Reflection,Reflection,ReflectionFormat,V
Font,TextShadow,Text Shadow,ShadowFormat,V
Font,Fill,Fill,FillFormat,V
Font,Line,Line,LineFormat,V
Font,ThreeD,Three D,ThreeDFormat,V
Font,TextColor,Text Color,ColorFormat,R_O
Font,Ligatures,Ligatures,WdLigatures,V
Font,NumberForm,Number Form,WdNumberForm,V
Font,NumberSpacing,Number Spacing,WdNumberSpacing,V
Font,ContextualAlternates,Contextual Alternates,Long,V
Font,StylisticSet,Stylistic Set,WdStylisticSet,V
FontNames,_NewEnum,_New Enum,IUnknown,R_O
FontNames,Count,Count,Long,R_O
FontNames,Application,Application,Application,R_O
FontNames,Creator,Creator,Long,R_O
FontNames,Parent,Parent,Object,R_O
Footnote,Application,Application,Application,R_O
Footnote,Creator,Creator,Long,R_O
Footnote,Parent,Parent,Object,R_O
Footnote,Range,Range,Range,R_O
Footnote,Reference,Reference,Range,R_O
Footnote,Index,Index,Long,R_O
FootnoteOptions,Application,Application,Application,R_O
FootnoteOptions,Creator,Creator,Long,R_O
FootnoteOptions,Parent,Parent,Object,R_O
FootnoteOptions,Location,Location,WdFootnoteLocation,V
FootnoteOptions,NumberStyle,Number Style,WdNoteNumberStyle,V
FootnoteOptions,StartingNumber,Starting Number,Long,V
FootnoteOptions,NumberingRule,Numbering Rule,WdNumberingRule,V
FootnoteOptions,LayoutColumns,Layout Columns,Long,V
Footnotes,_NewEnum,_New Enum,IUnknown,R_O
Footnotes,Count,Count,Long,R_O
Footnotes,Application,Application,Application,R_O
Footnotes,Creator,Creator,Long,R_O
Footnotes,Parent,Parent,Object,R_O
Footnotes,Location,Location,WdFootnoteLocation,V
Footnotes,NumberStyle,Number Style,WdNoteNumberStyle,V
Footnotes,StartingNumber,Starting Number,Long,V
Footnotes,NumberingRule,Numbering Rule,WdNumberingRule,V
Footnotes,Separator,Separator,Range,R_O
Footnotes,ContinuationSeparator,Continuation Separator,Range,R_O
Footnotes,ContinuationNotice,Continuation Notice,Range,R_O
FormField,Application,Application,Application,R_O
FormField,Creator,Creator,Long,R_O
FormField,Parent,Parent,Object,R_O
FormField,Type,Type,WdFieldType,R_O
FormField,Name,Name,String,V
FormField,EntryMacro,Entry Macro,String,V
FormField,ExitMacro,Exit Macro,String,V
FormField,OwnHelp,Own Help,Boolean,V
FormField,OwnStatus,Own Status,Boolean,V
FormField,HelpText,Help Text,String,V
FormField,StatusText,Status Text,String,V
FormField,Enabled,Enabled,Boolean,V
FormField,Result,Result,String,V
FormField,TextInput,Text Input,TextInput,R_O
FormField,CheckBox,Check Box,CheckBox,R_O
FormField,DropDown,Drop Down,DropDown,R_O
FormField,Next,Next,FormField,R_O
FormField,Previous,Previous,FormField,R_O
FormField,CalculateOnExit,Calculate On Exit,Boolean,V
FormField,Range,Range,Range,R_O
FormFields,Application,Application,Application,R_O
FormFields,Creator,Creator,Long,R_O
FormFields,Parent,Parent,Object,R_O
FormFields,Count,Count,Long,R_O
FormFields,Shaded,Shaded,Boolean,V
FormFields,_NewEnum,_New Enum,IUnknown,R_O
Frame,Application,Application,Application,R_O
Frame,Creator,Creator,Long,R_O
Frame,Parent,Parent,Object,R_O
Frame,HeightRule,Height Rule,WdFrameSizeRule,V
Frame,WidthRule,Width Rule,WdFrameSizeRule,V
Frame,HorizontalDistanceFromText,Horizontal Distance From Text,Single,V
Frame,Height,Height,Single,V
Frame,HorizontalPosition,Horizontal Position,Single,V
Frame,LockAnchor,Lock Anchor,Boolean,V
Frame,RelativeHorizontalPosition,Relative Horizontal Position,WdRelativeHorizontalPosition,V
Frame,RelativeVerticalPosition,Relative Vertical Position,WdRelativeVerticalPosition,V
Frame,VerticalDistanceFromText,Vertical Distance From Text,Single,V
Frame,VerticalPosition,Vertical Position,Single,V
Frame,Width,Width,Single,V
Frame,TextWrap,Text Wrap,Boolean,V
Frame,Shading,Shading,Shading,R_O
Frame,Borders,Borders,Borders,V
Frame,Range,Range,Range,R_O
Frames,Application,Application,Application,R_O
Frames,Creator,Creator,Long,R_O
Frames,Parent,Parent,Object,R_O
Frames,_NewEnum,_New Enum,IUnknown,R_O
Frames,Count,Count,Long,R_O
Frameset,Application,Application,Application,R_O
Frameset,Creator,Creator,Long,R_O
Frameset,Parent,Parent,Object,R_O
Frameset,_NewEnum,_New Enum,IUnknown,R_O
Frameset,ParentFrameset,Parent Frameset,Frameset,R_O
Frameset,Type,Type,WdFramesetType,R_O
Frameset,WidthType,Width Type,WdFramesetSizeType,V
Frameset,HeightType,Height Type,WdFramesetSizeType,V
Frameset,Width,Width,Long,V
Frameset,Height,Height,Long,V
Frameset,ChildFramesetCount,Child Frameset Count,Long,R_O
Frameset,ChildFramesetItem,Child Frameset Item,Frameset,R_O
Frameset,FramesetBorderWidth,Frameset Border Width,Single,V
Frameset,FramesetBorderColor,Frameset Border Color,WdColor,V
Frameset,FrameScrollbarType,Frame Scrollbar Type,WdScrollbarType,V
Frameset,FrameResizable,Frame Resizable,Boolean,V
Frameset,FrameName,Frame Name,String,V
Frameset,FrameDisplayBorders,Frame Display Borders,Boolean,V
Frameset,FrameDefaultURL,Frame Default URL,String,V
Frameset,FrameLinkToFile,Frame Link To File,Boolean,V
FreeformBuilder,Application,Application,Application,R_O
FreeformBuilder,Creator,Creator,Long,R_O
FreeformBuilder,Parent,Parent,Object,R_O
FullSeriesCollection,Parent,Parent,Object,R_O
FullSeriesCollection,Count,Count,Long,R_O
FullSeriesCollection,Application,Application,Object,R_O
FullSeriesCollection,Creator,Creator,Long,R_O
Global,Application,Application,Application,R_O
Global,Creator,Creator,Long,R_O
Global,Parent,Parent,Object,R_O
Global,Name,Name,String,R_O
Global,Documents,Documents,Documents,R_O
Global,Windows,Windows,Windows,R_O
Global,ActiveDocument,Active Document,Document,R_O
Global,ActiveWindow,Active Window,Window,R_O
Global,Selection,Selection,Selection,R_O
Global,WordBasic,Word Basic,Object,R_O
Global,PrintPreview,Print Preview,Boolean,V
Global,RecentFiles,Recent Files,RecentFiles,R_O
Global,NormalTemplate,Normal Template,Template,R_O
Global,System,System,System,R_O
Global,AutoCorrect,Auto Correct,AutoCorrect,R_O
Global,FontNames,Font Names,FontNames,R_O
Global,LandscapeFontNames,Landscape Font Names,FontNames,R_O
Global,PortraitFontNames,Portrait Font Names,FontNames,R_O
Global,Languages,Languages,Languages,R_O
Global,FileConverters,File Converters,FileConverters,R_O
Global,Dialogs,Dialogs,Dialogs,R_O
Global,CaptionLabels,Caption Labels,CaptionLabels,R_O
Global,AutoCaptions,Auto Captions,AutoCaptions,R_O
Global,AddIns,Add Ins,AddIns,R_O
Global,Tasks,Tasks,Tasks,R_O
Global,MacroContainer,Macro Container,Object,R_O
Global,CommandBars,Command Bars,CommandBars,R_O
Global,SynonymInfo,Synonym Info,SynonymInfo,R_O
Global,VBE,VBE,VBE,R_O
Global,ListGalleries,List Galleries,ListGalleries,R_O
Global,ActivePrinter,Active Printer,String,V
Global,Templates,Templates,Templates,R_O
Global,CustomizationContext,Customization Context,Object,V
Global,KeyBindings,Key Bindings,KeyBindings,R_O
Global,KeysBoundTo,Keys Bound To,KeysBoundTo,R_O
Global,FindKey,Find Key,KeyBinding,R_O
Global,Options,Options,Options,R_O
Global,CustomDictionaries,Custom Dictionaries,Dictionaries,R_O
Global,StatusBar,Status Bar,String,W_O
Global,ShowVisualBasicEditor,Show Visual Basic Editor,Boolean,V
Global,IsObjectValid,Is Object Valid,Boolean,R_O
Global,HangulHanjaDictionaries,Hangul Hanja Dictionaries,HangulHanjaConversionDictionaries,R_O
Global,LanguageSettings,Language Settings,LanguageSettings,R_O
Global,AutoCorrectEmail,Auto Correct Email,AutoCorrect,R_O
Global,ProtectedViewWindows,Protected View Windows,ProtectedViewWindows,R_O
Global,ActiveProtectedViewWindow,Active Protected View Window,ProtectedViewWindow,R_O
Global,IsSandboxed,Is Sandboxed,Boolean,R_O
GlowFormat,Radius,Radius,Single,V
GlowFormat,Color,Color,ColorFormat,R_O
GlowFormat,Application,Application,Application,R_O
GlowFormat,Creator,Creator,Long,R_O
GlowFormat,Parent,Parent,Object,R_O
GlowFormat,Transparency,Transparency,Single,V
Gridlines,Name,Name,String,R_O
Gridlines,Parent,Parent,Object,R_O
Gridlines,Border,Border,ChartBorder,R_O
Gridlines,Format,Format,ChartFormat,R_O
Gridlines,Application,Application,Object,R_O
Gridlines,Creator,Creator,Long,R_O
GroupShapes,Application,Application,Application,R_O
GroupShapes,Creator,Creator,Long,R_O
GroupShapes,Parent,Parent,Object,R_O
GroupShapes,Count,Count,Long,R_O
GroupShapes,_NewEnum,_New Enum,IUnknown,R_O
HangulAndAlphabetException,Application,Application,Application,R_O
HangulAndAlphabetException,Creator,Creator,Long,R_O
HangulAndAlphabetException,Parent,Parent,Object,R_O
HangulAndAlphabetException,Index,Index,Long,R_O
HangulAndAlphabetException,Name,Name,String,R_O
HangulAndAlphabetExceptions,Application,Application,Application,R_O
HangulAndAlphabetExceptions,Creator,Creator,Long,R_O
HangulAndAlphabetExceptions,Parent,Parent,Object,R_O
HangulAndAlphabetExceptions,_NewEnum,_New Enum,IUnknown,R_O
HangulAndAlphabetExceptions,Count,Count,Long,R_O
HangulHanjaConversionDictionaries,Application,Application,Application,R_O
HangulHanjaConversionDictionaries,Creator,Creator,Long,R_O
HangulHanjaConversionDictionaries,Parent,Parent,Object,R_O
HangulHanjaConversionDictionaries,_NewEnum,_New Enum,IUnknown,R_O
HangulHanjaConversionDictionaries,Count,Count,Long,R_O
HangulHanjaConversionDictionaries,Maximum,Maximum,Long,R_O
HangulHanjaConversionDictionaries,ActiveCustomDictionary,Active Custom Dictionary,Dictionary,V
HeaderFooter,Application,Application,Application,R_O
HeaderFooter,Creator,Creator,Long,R_O
HeaderFooter,Parent,Parent,Object,R_O
HeaderFooter,Range,Range,Range,R_O
HeaderFooter,Index,Index,WdHeaderFooterIndex,R_O
HeaderFooter,IsHeader,Is Header,Boolean,R_O
HeaderFooter,Exists,Exists,Boolean,V
HeaderFooter,PageNumbers,Page Numbers,PageNumbers,R_O
HeaderFooter,LinkToPrevious,Link To Previous,Boolean,V
HeaderFooter,Shapes,Shapes,Shapes,R_O
HeaderFooter,IsEmpty,Is Empty,Boolean,R_O
HeadersFooters,Application,Application,Application,R_O
HeadersFooters,Creator,Creator,Long,R_O
HeadersFooters,Parent,Parent,Object,R_O
HeadersFooters,_NewEnum,_New Enum,IUnknown,R_O
HeadersFooters,Count,Count,Long,R_O
HeadingStyle,Application,Application,Application,R_O
HeadingStyle,Creator,Creator,Long,R_O
HeadingStyle,Parent,Parent,Object,R_O
HeadingStyle,Style,Style,Variant,V
HeadingStyle,Level,Level,Integer,V
HeadingStyles,Application,Application,Application,R_O
HeadingStyles,Creator,Creator,Long,R_O
HeadingStyles,Parent,Parent,Object,R_O
HeadingStyles,_NewEnum,_New Enum,IUnknown,R_O
HeadingStyles,Count,Count,Long,R_O
HiLoLines,Parent,Parent,Object,R_O
HiLoLines,Name,Name,String,R_O
HiLoLines,Border,Border,ChartBorder,R_O
HiLoLines,Format,Format,ChartFormat,R_O
HiLoLines,Application,Application,Object,R_O
HiLoLines,Creator,Creator,Long,R_O
HorizontalLineFormat,Application,Application,Application,R_O
HorizontalLineFormat,Creator,Creator,Long,R_O
HorizontalLineFormat,Parent,Parent,Object,R_O
HorizontalLineFormat,PercentWidth,Percent Width,Single,V
HorizontalLineFormat,NoShade,No Shade,Boolean,V
HorizontalLineFormat,Alignment,Alignment,WdHorizontalLineAlignment,V
HorizontalLineFormat,WidthType,Width Type,WdHorizontalLineWidthType,V
HTMLDivision,Application,Application,Application,R_O
HTMLDivision,Creator,Creator,Long,R_O
HTMLDivision,Parent,Parent,Object,R_O
HTMLDivision,Range,Range,Range,R_O
HTMLDivision,Borders,Borders,Borders,R_O
HTMLDivision,LeftIndent,Left Indent,Single,V
HTMLDivision,RightIndent,Right Indent,Single,V
HTMLDivision,SpaceBefore,Space Before,Single,V
HTMLDivision,SpaceAfter,Space After,Single,V
HTMLDivision,HTMLDivisions,HTML Divisions,HTMLDivisions,R_O
HTMLDivisions,Application,Application,Application,R_O
HTMLDivisions,Creator,Creator,Long,R_O
HTMLDivisions,Parent,Parent,Object,R_O
HTMLDivisions,_NewEnum,_New Enum,IUnknown,R_O
HTMLDivisions,Count,Count,Long,R_O
HTMLDivisions,NestingLevel,Nesting Level,Long,R_O
Hyperlink,Application,Application,Application,R_O
Hyperlink,Creator,Creator,Long,R_O
Hyperlink,Parent,Parent,Object,R_O
Hyperlink,Name,Name,String,R_O
Hyperlink,Type,Type,MsoHyperlinkType,R_O
Hyperlink,Range,Range,Range,R_O
Hyperlink,Shape,Shape,Shape,R_O
Hyperlink,ExtraInfoRequired,Extra Info Required,Boolean,R_O
Hyperlink,Address,Address,String,V
Hyperlink,SubAddress,Sub Address,String,V
Hyperlink,EmailSubject,Email Subject,String,V
Hyperlink,ScreenTip,Screen Tip,String,V
Hyperlink,TextToDisplay,Text To Display,String,V
Hyperlink,Target,Target,String,V
Hyperlinks,Application,Application,Application,R_O
Hyperlinks,Creator,Creator,Long,R_O
Hyperlinks,Parent,Parent,Object,R_O
Hyperlinks,Count,Count,Long,R_O
Hyperlinks,_NewEnum,_New Enum,IUnknown,R_O
Index,Application,Application,Application,R_O
Index,Creator,Creator,Long,R_O
Index,Parent,Parent,Object,R_O
Index,HeadingSeparator,Heading Separator,WdHeadingSeparator,V
Index,RightAlignPageNumbers,Right Align Page Numbers,Boolean,V
Index,Type,Type,WdIndexType,V
Index,NumberOfColumns,Number Of Columns,Long,V
Index,Range,Range,Range,R_O
Index,TabLeader,Tab Leader,WdTabLeader,V
Index,AccentedLetters,Accented Letters,Boolean,V
Index,SortBy,Sort By,WdIndexSortBy,V
Index,Filter,Filter,WdIndexFilter,V
Index,IndexLanguage,Index Language,WdLanguageID,V
Indexes,Application,Application,Application,R_O
Indexes,Creator,Creator,Long,R_O
Indexes,Parent,Parent,Object,R_O
Indexes,_NewEnum,_New Enum,IUnknown,R_O
Indexes,Count,Count,Long,R_O
Indexes,Format,Format,WdIndexFormat,V
InlineShape,Application,Application,Application,R_O
InlineShape,Creator,Creator,Long,R_O
InlineShape,Parent,Parent,Object,R_O
InlineShape,Borders,Borders,Borders,V
InlineShape,Range,Range,Range,R_O
InlineShape,LinkFormat,Link Format,LinkFormat,R_O
InlineShape,Field,Field,Field,R_O
InlineShape,OLEFormat,OLE Format,OLEFormat,R_O
InlineShape,Type,Type,WdInlineShapeType,R_O
InlineShape,Hyperlink,Hyperlink,Hyperlink,R_O
InlineShape,Height,Height,Single,V
InlineShape,Width,Width,Single,V
InlineShape,ScaleHeight,Scale Height,Single,V
InlineShape,ScaleWidth,Scale Width,Single,V
InlineShape,LockAspectRatio,Lock Aspect Ratio,MsoTriState,V
InlineShape,Line,Line,LineFormat,R_O
InlineShape,Fill,Fill,FillFormat,R_O
InlineShape,PictureFormat,Picture Format,PictureFormat,V
InlineShape,HorizontalLineFormat,Horizontal Line Format,HorizontalLineFormat,R_O
InlineShape,Script,Script,Script,R_O
InlineShape,TextEffect,Text Effect,TextEffectFormat,V
InlineShape,AlternativeText,Alternative Text,String,V
InlineShape,IsPictureBullet,Is Picture Bullet,Boolean,R_O
InlineShape,GroupItems,Group Items,GroupShapes,R_O
InlineShape,HasChart,Has Chart,MsoTriState,R_O
InlineShape,Chart,Chart,Chart,R_O
InlineShape,SoftEdge,Soft Edge,SoftEdgeFormat,R_O
InlineShape,Glow,Glow,GlowFormat,R_O
InlineShape,Reflection,Reflection,ReflectionFormat,R_O
InlineShape,Shadow,Shadow,ShadowFormat,R_O
InlineShape,HasSmartArt,Has Smart Art,MsoTriState,R_O
InlineShape,SmartArt,Smart Art,SmartArt,R_O
InlineShape,Title,Title,String,V
InlineShape,GraphicStyle,Graphic Style,MsoGraphicStyleIndex,V
InlineShape,Model3D,Model3 D,Model3DFormat,R_O
InlineShape,Decorative,Decorative,MsoTriState,V
InlineShapes,Application,Application,Application,R_O
InlineShapes,Creator,Creator,Long,R_O
InlineShapes,Parent,Parent,Object,R_O
InlineShapes,Count,Count,Long,R_O
InlineShapes,_NewEnum,_New Enum,IUnknown,R_O
Interior,Color,Color,Variant,V
Interior,ColorIndex,Color Index,Variant,V
Interior,InvertIfNegative,Invert If Negative,Variant,V
Interior,Pattern,Pattern,Variant,V
Interior,PatternColor,Pattern Color,Variant,V
Interior,PatternColorIndex,Pattern Color Index,Variant,V
Interior,Application,Application,Object,R_O
Interior,Creator,Creator,Long,R_O
Interior,Parent,Parent,Object,R_O
KeyBinding,Application,Application,Application,R_O
KeyBinding,Creator,Creator,Long,R_O
KeyBinding,Parent,Parent,Object,R_O
KeyBinding,Command,Command,String,R_O
KeyBinding,KeyString,Key String,String,R_O
KeyBinding,Protected,Protected,Boolean,R_O
KeyBinding,KeyCategory,Key Category,WdKeyCategory,R_O
KeyBinding,KeyCode,Key Code,Long,R_O
KeyBinding,KeyCode2,Key Code2,Long,R_O
KeyBinding,CommandParameter,Command Parameter,String,R_O
KeyBinding,Context,Context,Object,R_O
KeyBindings,Application,Application,Application,R_O
KeyBindings,Creator,Creator,Long,R_O
KeyBindings,Parent,Parent,Object,R_O
KeyBindings,_NewEnum,_New Enum,IUnknown,R_O
KeyBindings,Count,Count,Long,R_O
KeyBindings,Context,Context,Object,R_O
KeysBoundTo,Application,Application,Application,R_O
KeysBoundTo,Creator,Creator,Long,R_O
KeysBoundTo,Parent,Parent,Object,R_O
KeysBoundTo,_NewEnum,_New Enum,IUnknown,R_O
KeysBoundTo,Count,Count,Long,R_O
KeysBoundTo,KeyCategory,Key Category,WdKeyCategory,R_O
KeysBoundTo,Command,Command,String,R_O
KeysBoundTo,CommandParameter,Command Parameter,String,R_O
KeysBoundTo,Context,Context,Object,R_O
Language,Application,Application,Application,R_O
Language,Creator,Creator,Long,R_O
Language,Parent,Parent,Object,R_O
Language,ID,ID,WdLanguageID,R_O
Language,NameLocal,Name Local,String,R_O
Language,Name,Name,String,R_O
Language,ActiveGrammarDictionary,Active Grammar Dictionary,Dictionary,R_O
Language,ActiveHyphenationDictionary,Active Hyphenation Dictionary,Dictionary,R_O
Language,ActiveSpellingDictionary,Active Spelling Dictionary,Dictionary,R_O
Language,ActiveThesaurusDictionary,Active Thesaurus Dictionary,Dictionary,R_O
Language,DefaultWritingStyle,Default Writing Style,String,V
Language,WritingStyleList,Writing Style List,Variant,R_O
Language,SpellingDictionaryType,Spelling Dictionary Type,WdDictionaryType,V
Languages,_NewEnum,_New Enum,IUnknown,R_O
Languages,Count,Count,Long,R_O
Languages,Application,Application,Application,R_O
Languages,Creator,Creator,Long,R_O
Languages,Parent,Parent,Object,R_O
LeaderLines,Border,Border,ChartBorder,R_O
LeaderLines,Format,Format,ChartFormat,R_O
LeaderLines,Application,Application,Object,R_O
LeaderLines,Creator,Creator,Long,R_O
LeaderLines,Parent,Parent,Object,R_O
Legend,Parent,Parent,Object,R_O
Legend,Name,Name,String,R_O
Legend,Position,Position,XlLegendPosition,V
Legend,Shadow,Shadow,Boolean,V
Legend,Height,Height,Double,V
Legend,Left,Left,Double,V
Legend,Top,Top,Double,V
Legend,Width,Width,Double,V
Legend,IncludeInLayout,Include In Layout,Boolean,V
Legend,Format,Format,ChartFormat,R_O
Legend,Application,Application,Object,R_O
Legend,Creator,Creator,Long,R_O
LegendEntries,Parent,Parent,Object,R_O
LegendEntries,Count,Count,Long,R_O
LegendEntries,Application,Application,Object,R_O
LegendEntries,Creator,Creator,Long,R_O
LegendEntry,Parent,Parent,Object,R_O
LegendEntry,Font,Font,ChartFont,R_O
LegendEntry,Index,Index,Long,R_O
LegendEntry,LegendKey,Legend Key,LegendKey,R_O
LegendEntry,Left,Left,Double,R_O
LegendEntry,Top,Top,Double,R_O
LegendEntry,Width,Width,Double,R_O
LegendEntry,Height,Height,Double,R_O
LegendEntry,Format,Format,ChartFormat,R_O
LegendEntry,Application,Application,Object,R_O
LegendEntry,Creator,Creator,Long,R_O
LegendKey,Parent,Parent,Object,R_O
LegendKey,InvertIfNegative,Invert If Negative,Boolean,V
LegendKey,MarkerBackgroundColor,Marker Background Color,Long,V
LegendKey,MarkerBackgroundColorIndex,Marker Background Color Index,XlColorIndex,V
LegendKey,MarkerForegroundColor,Marker Foreground Color,Long,V
LegendKey,MarkerForegroundColorIndex,Marker Foreground Color Index,XlColorIndex,V
LegendKey,MarkerSize,Marker Size,Long,V
LegendKey,MarkerStyle,Marker Style,XlMarkerStyle,V
LegendKey,PictureType,Picture Type,Long,V
LegendKey,Smooth,Smooth,Boolean,V
LegendKey,Left,Left,Double,R_O
LegendKey,Top,Top,Double,R_O
LegendKey,Width,Width,Double,R_O
LegendKey,Height,Height,Double,R_O
LegendKey,Shadow,Shadow,Boolean,V
LegendKey,Format,Format,ChartFormat,R_O
LegendKey,Application,Application,Object,R_O
LegendKey,Creator,Creator,Long,R_O
LegendKey,PictureUnit2,Picture Unit2,Double,V
LetterContent,Application,Application,Application,R_O
LetterContent,Creator,Creator,Long,R_O
LetterContent,Parent,Parent,Object,R_O
LetterContent,Duplicate,Duplicate,LetterContent,R_O
LetterContent,DateFormat,Date Format,String,V
LetterContent,IncludeHeaderFooter,Include Header Footer,Boolean,V
LetterContent,PageDesign,Page Design,String,V
LetterContent,LetterStyle,Letter Style,WdLetterStyle,V
LetterContent,Letterhead,Letterhead,Boolean,V
LetterContent,LetterheadLocation,Letterhead Location,WdLetterheadLocation,V
LetterContent,LetterheadSize,Letterhead Size,Single,V
LetterContent,RecipientName,Recipient Name,String,V
LetterContent,RecipientAddress,Recipient Address,String,V
LetterContent,Salutation,Salutation,String,V
LetterContent,SalutationType,Salutation Type,WdSalutationType,V
LetterContent,RecipientReference,Recipient Reference,String,V
LetterContent,MailingInstructions,Mailing Instructions,String,V
LetterContent,AttentionLine,Attention Line,String,V
LetterContent,Subject,Subject,String,V
LetterContent,EnclosureNumber,Enclosure Number,Long,V
LetterContent,CCList,CC List,String,V
LetterContent,ReturnAddress,Return Address,String,V
LetterContent,SenderName,Sender Name,String,V
LetterContent,Closing,Closing,String,V
LetterContent,SenderCompany,Sender Company,String,V
LetterContent,SenderJobTitle,Sender Job Title,String,V
LetterContent,SenderInitials,Sender Initials,String,V
LetterContent,InfoBlock,Info Block,Boolean,V
LetterContent,RecipientCode,Recipient Code,String,V
LetterContent,RecipientGender,Recipient Gender,WdSalutationGender,V
LetterContent,ReturnAddressShortForm,Return Address Short Form,String,V
LetterContent,SenderCity,Sender City,String,V
LetterContent,SenderCode,Sender Code,String,V
LetterContent,SenderGender,Sender Gender,WdSalutationGender,V
LetterContent,SenderReference,Sender Reference,String,V
Line,Application,Application,Application,R_O
Line,Creator,Creator,Long,R_O
Line,Parent,Parent,Object,R_O
Line,LineType,Line Type,WdLineType,R_O
Line,Left,Left,Long,R_O
Line,Top,Top,Long,R_O
Line,Width,Width,Long,R_O
Line,Height,Height,Long,R_O
Line,Range,Range,Range,R_O
Line,Rectangles,Rectangles,Rectangles,R_O
LineFormat,Application,Application,Application,R_O
LineFormat,Creator,Creator,Long,R_O
LineFormat,Parent,Parent,Object,R_O
LineFormat,BackColor,Back Color,ColorFormat,R_O
LineFormat,BeginArrowheadLength,Begin Arrowhead Length,MsoArrowheadLength,V
LineFormat,BeginArrowheadStyle,Begin Arrowhead Style,MsoArrowheadStyle,V
LineFormat,BeginArrowheadWidth,Begin Arrowhead Width,MsoArrowheadWidth,V
LineFormat,DashStyle,Dash Style,MsoLineDashStyle,V
LineFormat,EndArrowheadLength,End Arrowhead Length,MsoArrowheadLength,V
LineFormat,EndArrowheadStyle,End Arrowhead Style,MsoArrowheadStyle,V
LineFormat,EndArrowheadWidth,End Arrowhead Width,MsoArrowheadWidth,V
LineFormat,ForeColor,Fore Color,ColorFormat,R_O
LineFormat,Pattern,Pattern,MsoPatternType,V
LineFormat,Style,Style,MsoLineStyle,V
LineFormat,Transparency,Transparency,Single,V
LineFormat,Visible,Visible,MsoTriState,V
LineFormat,Weight,Weight,Single,V
LineFormat,InsetPen,Inset Pen,MsoTriState,V
LineNumbering,Application,Application,Application,R_O
LineNumbering,Creator,Creator,Long,R_O
LineNumbering,Parent,Parent,Object,R_O
LineNumbering,RestartMode,Restart Mode,WdNumberingRule,V
LineNumbering,StartingNumber,Starting Number,Long,V
LineNumbering,DistanceFromText,Distance From Text,Single,V
LineNumbering,CountBy,Count By,Long,V
LineNumbering,Active,Active,Long,V
Lines,_NewEnum,_New Enum,IUnknown,R_O
Lines,Count,Count,Long,R_O
Lines,Application,Application,Application,R_O
Lines,Creator,Creator,Long,R_O
Lines,Parent,Parent,Object,R_O
LinkFormat,Application,Application,Application,R_O
LinkFormat,Creator,Creator,Long,R_O
LinkFormat,Parent,Parent,Object,R_O
LinkFormat,AutoUpdate,Auto Update,Boolean,V
LinkFormat,SourceName,Source Name,String,R_O
LinkFormat,SourcePath,Source Path,String,R_O
LinkFormat,Locked,Locked,Boolean,V
LinkFormat,Type,Type,WdLinkType,R_O
LinkFormat,SourceFullName,Source Full Name,String,V
LinkFormat,SavePictureWithDocument,Save Picture With Document,Boolean,V
List,Range,Range,Range,R_O
List,ListParagraphs,List Paragraphs,ListParagraphs,R_O
List,SingleListTemplate,Single List Template,Boolean,R_O
List,Application,Application,Application,R_O
List,Creator,Creator,Long,R_O
List,Parent,Parent,Object,R_O
List,StyleName,Style Name,String,R_O
ListEntries,Application,Application,Application,R_O
ListEntries,Creator,Creator,Long,R_O
ListEntries,Parent,Parent,Object,R_O
ListEntries,_NewEnum,_New Enum,IUnknown,R_O
ListEntries,Count,Count,Long,R_O
ListEntry,Application,Application,Application,R_O
ListEntry,Creator,Creator,Long,R_O
ListEntry,Parent,Parent,Object,R_O
ListEntry,Index,Index,Long,R_O
ListEntry,Name,Name,String,V
ListFormat,ListLevelNumber,List Level Number,Long,V
ListFormat,List,List,List,R_O
ListFormat,ListTemplate,List Template,ListTemplate,R_O
ListFormat,ListValue,List Value,Long,R_O
ListFormat,SingleList,Single List,Boolean,R_O
ListFormat,SingleListTemplate,Single List Template,Boolean,R_O
ListFormat,ListType,List Type,WdListType,R_O
ListFormat,ListString,List String,String,R_O
ListFormat,Application,Application,Application,R_O
ListFormat,Creator,Creator,Long,R_O
ListFormat,Parent,Parent,Object,R_O
ListFormat,ListPictureBullet,List Picture Bullet,InlineShape,R_O
ListGalleries,_NewEnum,_New Enum,IUnknown,R_O
ListGalleries,Count,Count,Long,R_O
ListGalleries,Application,Application,Application,R_O
ListGalleries,Creator,Creator,Long,R_O
ListGalleries,Parent,Parent,Object,R_O
ListGallery,ListTemplates,List Templates,ListTemplates,R_O
ListGallery,Application,Application,Application,R_O
ListGallery,Creator,Creator,Long,R_O
ListGallery,Parent,Parent,Object,R_O
ListGallery,Modified,Modified,Boolean,R_O
ListLevel,Index,Index,Long,R_O
ListLevel,NumberFormat,Number Format,String,V
ListLevel,TrailingCharacter,Trailing Character,WdTrailingCharacter,V
ListLevel,NumberStyle,Number Style,WdListNumberStyle,V
ListLevel,NumberPosition,Number Position,Single,V
ListLevel,Alignment,Alignment,WdListLevelAlignment,V
ListLevel,TextPosition,Text Position,Single,V
ListLevel,TabPosition,Tab Position,Single,V
ListLevel,StartAt,Start At,Long,V
ListLevel,LinkedStyle,Linked Style,String,V
ListLevel,Font,Font,Font,V
ListLevel,Application,Application,Application,R_O
ListLevel,Creator,Creator,Long,R_O
ListLevel,Parent,Parent,Object,R_O
ListLevel,ResetOnHigher,Reset On Higher,Long,V
ListLevel,PictureBullet,Picture Bullet,InlineShape,R_O
ListLevels,_NewEnum,_New Enum,IUnknown,R_O
ListLevels,Count,Count,Long,R_O
ListLevels,Application,Application,Application,R_O
ListLevels,Creator,Creator,Long,R_O
ListLevels,Parent,Parent,Object,R_O
ListParagraphs,_NewEnum,_New Enum,IUnknown,R_O
ListParagraphs,Count,Count,Long,R_O
ListParagraphs,Application,Application,Application,R_O
ListParagraphs,Creator,Creator,Long,R_O
ListParagraphs,Parent,Parent,Object,R_O
Lists,_NewEnum,_New Enum,IUnknown,R_O
Lists,Count,Count,Long,R_O
Lists,Application,Application,Application,R_O
Lists,Creator,Creator,Long,R_O
Lists,Parent,Parent,Object,R_O
ListTemplate,Application,Application,Application,R_O
ListTemplate,Creator,Creator,Long,R_O
ListTemplate,Parent,Parent,Object,R_O
ListTemplate,OutlineNumbered,Outline Numbered,Boolean,V
ListTemplate,Name,Name,String,V
ListTemplate,ListLevels,List Levels,ListLevels,R_O
ListTemplates,_NewEnum,_New Enum,IUnknown,R_O
ListTemplates,Count,Count,Long,R_O
ListTemplates,Application,Application,Application,R_O
ListTemplates,Creator,Creator,Long,R_O
ListTemplates,Parent,Parent,Object,R_O
MailingLabel,Application,Application,Application,R_O
MailingLabel,Creator,Creator,Long,R_O
MailingLabel,Parent,Parent,Object,R_O
MailingLabel,DefaultLaserTray,Default Laser Tray,WdPaperTray,V
MailingLabel,CustomLabels,Custom Labels,CustomLabels,R_O
MailingLabel,DefaultLabelName,Default Label Name,String,V
MailingLabel,Vertical,Vertical,Boolean,V
MailMerge,Application,Application,Application,R_O
MailMerge,Creator,Creator,Long,R_O
MailMerge,Parent,Parent,Object,R_O
MailMerge,MainDocumentType,Main Document Type,WdMailMergeMainDocType,V
MailMerge,State,State,WdMailMergeState,R_O
MailMerge,Destination,Destination,WdMailMergeDestination,V
MailMerge,DataSource,Data Source,MailMergeDataSource,R_O
MailMerge,Fields,Fields,MailMergeFields,R_O
MailMerge,ViewMailMergeFieldCodes,View Mail Merge Field Codes,Long,V
MailMerge,SuppressBlankLines,Suppress Blank Lines,Boolean,V
MailMerge,MailAsAttachment,Mail As Attachment,Boolean,V
MailMerge,MailAddressFieldName,Mail Address Field Name,String,V
MailMerge,MailSubject,Mail Subject,String,V
MailMerge,HighlightMergeFields,Highlight Merge Fields,Boolean,V
MailMerge,MailFormat,Mail Format,WdMailMergeMailFormat,V
MailMerge,ShowSendToCustom,Show Send To Custom,String,V
MailMerge,WizardState,Wizard State,Long,V
MailMergeDataField,Application,Application,Application,R_O
MailMergeDataField,Creator,Creator,Long,R_O
MailMergeDataField,Parent,Parent,Object,R_O
MailMergeDataField,Value,Value,String,R_O
MailMergeDataField,Name,Name,String,R_O
MailMergeDataField,Index,Index,Long,R_O
MailMergeDataFields,Application,Application,Application,R_O
MailMergeDataFields,Creator,Creator,Long,R_O
MailMergeDataFields,Parent,Parent,Object,R_O
MailMergeDataFields,_NewEnum,_New Enum,IUnknown,R_O
MailMergeDataFields,Count,Count,Long,R_O
MailMergeDataSource,Application,Application,Application,R_O
MailMergeDataSource,Creator,Creator,Long,R_O
MailMergeDataSource,Parent,Parent,Object,R_O
MailMergeDataSource,Name,Name,String,R_O
MailMergeDataSource,HeaderSourceName,Header Source Name,String,R_O
MailMergeDataSource,Type,Type,WdMailMergeDataSource,R_O
MailMergeDataSource,HeaderSourceType,Header Source Type,WdMailMergeDataSource,R_O
MailMergeDataSource,ConnectString,Connect String,String,R_O
MailMergeDataSource,QueryString,Query String,String,V
MailMergeDataSource,ActiveRecord,Active Record,WdMailMergeActiveRecord,V
MailMergeDataSource,FirstRecord,First Record,Long,V
MailMergeDataSource,LastRecord,Last Record,Long,V
MailMergeDataSource,FieldNames,Field Names,MailMergeFieldNames,R_O
MailMergeDataSource,DataFields,Data Fields,MailMergeDataFields,R_O
MailMergeDataSource,RecordCount,Record Count,Long,R_O
MailMergeDataSource,Included,Included,Boolean,V
MailMergeDataSource,InvalidAddress,Invalid Address,Boolean,V
MailMergeDataSource,InvalidComments,Invalid Comments,String,V
MailMergeDataSource,MappedDataFields,Mapped Data Fields,MappedDataFields,R_O
MailMergeDataSource,TableName,Table Name,String,R_O
MailMergeField,Application,Application,Application,R_O
MailMergeField,Creator,Creator,Long,R_O
MailMergeField,Parent,Parent,Object,R_O
MailMergeField,Type,Type,WdFieldType,R_O
MailMergeField,Locked,Locked,Boolean,V
MailMergeField,Code,Code,Range,V
MailMergeField,Next,Next,MailMergeField,R_O
MailMergeField,Previous,Previous,MailMergeField,R_O
MailMergeFieldName,Application,Application,Application,R_O
MailMergeFieldName,Creator,Creator,Long,R_O
MailMergeFieldName,Parent,Parent,Object,R_O
MailMergeFieldName,Name,Name,String,R_O
MailMergeFieldName,Index,Index,Long,R_O
MailMergeFieldNames,Application,Application,Application,R_O
MailMergeFieldNames,Creator,Creator,Long,R_O
MailMergeFieldNames,Parent,Parent,Object,R_O
MailMergeFieldNames,_NewEnum,_New Enum,IUnknown,R_O
MailMergeFieldNames,Count,Count,Long,R_O
MailMergeFields,Application,Application,Application,R_O
MailMergeFields,Creator,Creator,Long,R_O
MailMergeFields,Parent,Parent,Object,R_O
MailMergeFields,_NewEnum,_New Enum,IUnknown,R_O
MailMergeFields,Count,Count,Long,R_O
MailMessage,Application,Application,Application,R_O
MailMessage,Creator,Creator,Long,R_O
MailMessage,Parent,Parent,Object,R_O
MappedDataField,Application,Application,Application,R_O
MappedDataField,Creator,Creator,Long,R_O
MappedDataField,Parent,Parent,Object,R_O
MappedDataField,Index,Index,Long,R_O
MappedDataField,DataFieldName,Data Field Name,String,R_O
MappedDataField,Name,Name,String,R_O
MappedDataField,Value,Value,String,R_O
MappedDataField,DataFieldIndex,Data Field Index,Long,V
MappedDataFields,Application,Application,Application,R_O
MappedDataFields,Creator,Creator,Long,R_O
MappedDataFields,Parent,Parent,Object,R_O
MappedDataFields,Count,Count,Long,R_O
MappedDataFields,_NewEnum,_New Enum,IUnknown,R_O
Model3DFormat,Application,Application,Application,R_O
Model3DFormat,Creator,Creator,Long,R_O
Model3DFormat,Parent,Parent,Object,R_O
Model3DFormat,AutoFit,Auto Fit,MsoTriState,V
Model3DFormat,RotationX,Rotation X,Single,V
Model3DFormat,RotationY,Rotation Y,Single,V
Model3DFormat,RotationZ,Rotation Z,Single,V
Model3DFormat,FieldOfView,Field Of View,Single,V
Model3DFormat,CameraPositionX,Camera Position X,Single,V
Model3DFormat,CameraPositionY,Camera Position Y,Single,V
Model3DFormat,CameraPositionZ,Camera Position Z,Single,V
Model3DFormat,LookAtPointX,Look At Point X,Single,V
Model3DFormat,LookAtPointY,Look At Point Y,Single,V
Model3DFormat,LookAtPointZ,Look At Point Z,Single,V
OLEControl,Left,Left,Single,V
OLEControl,Top,Top,Single,V
OLEControl,Height,Height,Single,V
OLEControl,Width,Width,Single,V
OLEControl,Name,Name,String,V
OLEControl,Automation,Automation,Object,R_O
OLEFormat,Application,Application,Application,R_O
OLEFormat,Creator,Creator,Long,R_O
OLEFormat,Parent,Parent,Object,R_O
OLEFormat,ClassType,Class Type,String,V
OLEFormat,DisplayAsIcon,Display As Icon,Boolean,V
OLEFormat,IconName,Icon Name,String,V
OLEFormat,IconPath,Icon Path,String,R_O
OLEFormat,IconIndex,Icon Index,Long,V
OLEFormat,IconLabel,Icon Label,String,V
OLEFormat,Label,Label,String,R_O
OLEFormat,Object,Object,Object,R_O
OLEFormat,ProgID,Prog ID,String,R_O
OLEFormat,PreserveFormattingOnUpdate,Preserve Formatting On Update,Boolean,V
OMath,Application,Application,Application,R_O
OMath,Creator,Creator,Long,R_O
OMath,Parent,Parent,Object,R_O
OMath,Range,Range,Range,R_O
OMath,Functions,Functions,OMathFunctions,R_O
OMath,Type,Type,WdOMathType,V
OMath,ParentOMath,Parent O Math,OMath,R_O
OMath,ParentFunction,Parent Function,OMathFunction,R_O
OMath,ParentRow,Parent Row,OMathMatRow,R_O
OMath,ParentCol,Parent Col,OMathMatCol,R_O
OMath,ParentArg,Parent Arg,OMath,R_O
OMath,ArgIndex,Arg Index,Long,R_O
OMath,NestingLevel,Nesting Level,Long,R_O
OMath,ArgSize,Arg Size,Long,V
OMath,Breaks,Breaks,OMathBreaks,R_O
OMath,Justification,Justification,WdOMathJc,V
OMath,AlignPoint,Align Point,Long,V
OMathAcc,Application,Application,Application,R_O
OMathAcc,Creator,Creator,Long,R_O
OMathAcc,Parent,Parent,Object,R_O
OMathAcc,E,E,OMath,R_O
OMathAcc,Char,Char,Integer,V
OMathArgs,Application,Application,Application,R_O
OMathArgs,Creator,Creator,Long,R_O
OMathArgs,Parent,Parent,Object,R_O
OMathArgs,Count,Count,Long,R_O
OMathAutoCorrect,Application,Application,Application,R_O
OMathAutoCorrect,Creator,Creator,Long,R_O
OMathAutoCorrect,Parent,Parent,Object,R_O
OMathAutoCorrect,ReplaceText,Replace Text,Boolean,V
OMathAutoCorrect,UseOutsideOMath,Use Outside O Math,Boolean,V
OMathAutoCorrect,Entries,Entries,OMathAutoCorrectEntries,R_O
OMathAutoCorrect,Functions,Functions,OMathRecognizedFunctions,R_O
OMathAutoCorrectEntries,Application,Application,Application,R_O
OMathAutoCorrectEntries,Creator,Creator,Long,R_O
OMathAutoCorrectEntries,Parent,Parent,Object,R_O
OMathAutoCorrectEntries,_NewEnum,_New Enum,IUnknown,R_O
OMathAutoCorrectEntries,Count,Count,Long,R_O
OMathAutoCorrectEntry,Application,Application,Application,R_O
OMathAutoCorrectEntry,Creator,Creator,Long,R_O
OMathAutoCorrectEntry,Parent,Parent,Object,R_O
OMathAutoCorrectEntry,Index,Index,Long,R_O
OMathAutoCorrectEntry,Name,Name,String,V
OMathAutoCorrectEntry,Value,Value,String,V
OMathBar,Application,Application,Application,R_O
OMathBar,Creator,Creator,Long,R_O
OMathBar,Parent,Parent,Object,R_O
OMathBar,E,E,OMath,R_O
OMathBar,BarTop,Bar Top,Boolean,V
OMathBorderBox,Application,Application,Application,R_O
OMathBorderBox,Creator,Creator,Long,R_O
OMathBorderBox,Parent,Parent,Object,R_O
OMathBorderBox,E,E,OMath,R_O
OMathBorderBox,HideTop,Hide Top,Boolean,V
OMathBorderBox,HideBot,Hide Bot,Boolean,V
OMathBorderBox,HideLeft,Hide Left,Boolean,V
OMathBorderBox,HideRight,Hide Right,Boolean,V
OMathBorderBox,StrikeH,Strike H,Boolean,V
OMathBorderBox,StrikeV,Strike V,Boolean,V
OMathBorderBox,StrikeBLTR,Strike BLTR,Boolean,V
OMathBorderBox,StrikeTLBR,Strike TLBR,Boolean,V
OMathBox,Application,Application,Application,R_O
OMathBox,Creator,Creator,Long,R_O
OMathBox,Parent,Parent,Object,R_O
OMathBox,E,E,OMath,R_O
OMathBox,OpEmu,Op Emu,Boolean,V
OMathBox,NoBreak,No Break,Boolean,V
OMathBox,Diff,Diff,Boolean,V
OMathBreak,Application,Application,Application,R_O
OMathBreak,Creator,Creator,Long,R_O
OMathBreak,Parent,Parent,Object,R_O
OMathBreak,Range,Range,Range,R_O
OMathBreak,AlignAt,Align At,Long,V
OMathBreaks,Application,Application,Application,R_O
OMathBreaks,Creator,Creator,Long,R_O
OMathBreaks,Parent,Parent,Object,R_O
OMathBreaks,Count,Count,Long,R_O
OMathDelim,Application,Application,Application,R_O
OMathDelim,Creator,Creator,Long,R_O
OMathDelim,Parent,Parent,Object,R_O
OMathDelim,E,E,OMathArgs,R_O
OMathDelim,BegChar,Beg Char,Integer,V
OMathDelim,SepChar,Sep Char,Integer,V
OMathDelim,EndChar,End Char,Integer,V
OMathDelim,Grow,Grow,Boolean,V
OMathDelim,Shape,Shape,WdOMathShapeType,V
OMathDelim,NoLeftChar,No Left Char,Boolean,V
OMathDelim,NoRightChar,No Right Char,Boolean,V
OMathEqArray,Application,Application,Application,R_O
OMathEqArray,Creator,Creator,Long,R_O
OMathEqArray,Parent,Parent,Object,R_O
OMathEqArray,E,E,OMathArgs,R_O
OMathEqArray,MaxDist,Max Dist,Boolean,V
OMathEqArray,ObjDist,Obj Dist,Boolean,V
OMathEqArray,Align,Align,WdOMathVertAlignType,V
OMathEqArray,RowSpacingRule,Row Spacing Rule,WdOMathSpacingRule,V
OMathEqArray,RowSpacing,Row Spacing,Long,V
OMathFrac,Application,Application,Application,R_O
OMathFrac,Creator,Creator,Long,R_O
OMathFrac,Parent,Parent,Object,R_O
OMathFrac,Num,Num,OMath,R_O
OMathFrac,Den,Den,OMath,R_O
OMathFrac,Type,Type,WdOMathFracType,V
OMathFunc,Application,Application,Application,R_O
OMathFunc,Creator,Creator,Long,R_O
OMathFunc,Parent,Parent,Object,R_O
OMathFunc,FName,F Name,OMath,R_O
OMathFunc,E,E,OMath,R_O
OMathFunction,Type,Type,WdOMathFunctionType,R_O
OMathFunction,Application,Application,Application,R_O
OMathFunction,Creator,Creator,Long,R_O
OMathFunction,Parent,Parent,Object,R_O
OMathFunction,Range,Range,Range,R_O
OMathFunction,Args,Args,OMathArgs,R_O
OMathFunction,Acc,Acc,OMathAcc,R_O
OMathFunction,Bar,Bar,OMathBar,R_O
OMathFunction,Box,Box,OMathBox,R_O
OMathFunction,BorderBox,Border Box,OMathBorderBox,R_O
OMathFunction,Delim,Delim,OMathDelim,R_O
OMathFunction,EqArray,Eq Array,OMathEqArray,R_O
OMathFunction,Frac,Frac,OMathFrac,R_O
OMathFunction,Func,Func,OMathFunc,R_O
OMathFunction,GroupChar,Group Char,OMathGroupChar,R_O
OMathFunction,LimLow,Lim Low,OMathLimLow,R_O
OMathFunction,LimUpp,Lim Upp,OMathLimUpp,R_O
OMathFunction,Mat,Mat,OMathMat,R_O
OMathFunction,Nary,Nary,OMathNary,R_O
OMathFunction,Phantom,Phantom,OMathPhantom,R_O
OMathFunction,ScrPre,Scr Pre,OMathScrPre,R_O
OMathFunction,Rad,Rad,OMathRad,R_O
OMathFunction,ScrSub,Scr Sub,OMathScrSub,R_O
OMathFunction,ScrSubSup,Scr Sub Sup,OMathScrSubSup,R_O
OMathFunction,ScrSup,Scr Sup,OMathScrSup,R_O
OMathFunction,OMath,O Math,OMath,R_O
OMathFunctions,_NewEnum,_New Enum,IUnknown,R_O
OMathFunctions,Application,Application,Application,R_O
OMathFunctions,Creator,Creator,Long,R_O
OMathFunctions,Parent,Parent,Object,R_O
OMathFunctions,Count,Count,Long,R_O
OMathGroupChar,Application,Application,Application,R_O
OMathGroupChar,Creator,Creator,Long,R_O
OMathGroupChar,Parent,Parent,Object,R_O
OMathGroupChar,E,E,OMath,R_O
OMathGroupChar,Char,Char,Integer,V
OMathGroupChar,CharTop,Char Top,Boolean,V
OMathGroupChar,AlignTop,Align Top,Boolean,V
OMathLimLow,Application,Application,Application,R_O
OMathLimLow,Creator,Creator,Long,R_O
OMathLimLow,Parent,Parent,Object,R_O
OMathLimLow,E,E,OMath,R_O
OMathLimLow,Lim,Lim,OMath,R_O
OMathLimUpp,Application,Application,Application,R_O
OMathLimUpp,Creator,Creator,Long,R_O
OMathLimUpp,Parent,Parent,Object,R_O
OMathLimUpp,E,E,OMath,R_O
OMathLimUpp,Lim,Lim,OMath,R_O
OMathMat,Application,Application,Application,R_O
OMathMat,Creator,Creator,Long,R_O
OMathMat,Parent,Parent,Object,R_O
OMathMat,Rows,Rows,OMathMatRows,R_O
OMathMat,Cols,Cols,OMathMatCols,R_O
OMathMat,Cell,Cell,OMath,R_O
OMathMat,Align,Align,WdOMathVertAlignType,V
OMathMat,PlcHoldHidden,Plc Hold Hidden,Boolean,V
OMathMat,RowSpacingRule,Row Spacing Rule,WdOMathSpacingRule,V
OMathMat,RowSpacing,Row Spacing,Long,V
OMathMat,ColSpacing,Col Spacing,Long,V
OMathMat,ColGapRule,Col Gap Rule,WdOMathSpacingRule,V
OMathMat,ColGap,Col Gap,Long,V
OMathMatCol,Application,Application,Application,R_O
OMathMatCol,Creator,Creator,Long,R_O
OMathMatCol,Parent,Parent,Object,R_O
OMathMatCol,Args,Args,OMathArgs,R_O
OMathMatCol,ColIndex,Col Index,Long,R_O
OMathMatCol,Align,Align,WdOMathHorizAlignType,V
OMathMatCols,_NewEnum,_New Enum,IUnknown,R_O
OMathMatCols,Application,Application,Application,R_O
OMathMatCols,Creator,Creator,Long,R_O
OMathMatCols,Parent,Parent,Object,R_O
OMathMatCols,Count,Count,Long,R_O
OMathMatRow,Application,Application,Application,R_O
OMathMatRow,Creator,Creator,Long,R_O
OMathMatRow,Parent,Parent,Object,R_O
OMathMatRow,Args,Args,OMathArgs,R_O
OMathMatRow,RowIndex,Row Index,Long,R_O
OMathMatRows,_NewEnum,_New Enum,IUnknown,R_O
OMathMatRows,Application,Application,Application,R_O
OMathMatRows,Creator,Creator,Long,R_O
OMathMatRows,Parent,Parent,Object,R_O
OMathMatRows,Count,Count,Long,R_O
OMathNary,Application,Application,Application,R_O
OMathNary,Creator,Creator,Long,R_O
OMathNary,Parent,Parent,Object,R_O
OMathNary,Sub,Sub,OMath,R_O
OMathNary,Sup,Sup,OMath,R_O
OMathNary,E,E,OMath,R_O
OMathNary,Char,Char,Integer,V
OMathNary,Grow,Grow,Boolean,V
OMathNary,SubSupLim,Sub Sup Lim,Boolean,V
OMathNary,HideSub,Hide Sub,Boolean,V
OMathNary,HideSup,Hide Sup,Boolean,V
OMathPhantom,Application,Application,Application,R_O
OMathPhantom,Creator,Creator,Long,R_O
OMathPhantom,Parent,Parent,Object,R_O
OMathPhantom,E,E,OMath,R_O
OMathPhantom,Show,Show,Boolean,V
OMathPhantom,ZeroWid,Zero Wid,Boolean,V
OMathPhantom,ZeroAsc,Zero Asc,Boolean,V
OMathPhantom,ZeroDesc,Zero Desc,Boolean,V
OMathPhantom,Transp,Transp,Boolean,V
OMathPhantom,Smash,Smash,Boolean,V
OMathRad,Application,Application,Application,R_O
OMathRad,Creator,Creator,Long,R_O
OMathRad,Parent,Parent,Object,R_O
OMathRad,Deg,Deg,OMath,R_O
OMathRad,E,E,OMath,R_O
OMathRad,HideDeg,Hide Deg,Boolean,V
OMathRecognizedFunction,Application,Application,Application,R_O
OMathRecognizedFunction,Creator,Creator,Long,R_O
OMathRecognizedFunction,Parent,Parent,Object,R_O
OMathRecognizedFunction,Index,Index,Long,R_O
OMathRecognizedFunction,Name,Name,String,R_O
OMathRecognizedFunctions,Application,Application,Application,R_O
OMathRecognizedFunctions,Creator,Creator,Long,R_O
OMathRecognizedFunctions,Parent,Parent,Object,R_O
OMathRecognizedFunctions,_NewEnum,_New Enum,IUnknown,R_O
OMathRecognizedFunctions,Count,Count,Long,R_O
OMaths,_NewEnum,_New Enum,IUnknown,R_O
OMaths,Application,Application,Application,R_O
OMaths,Creator,Creator,Long,R_O
OMaths,Parent,Parent,Object,R_O
OMaths,Count,Count,Long,R_O
OMathScrPre,Application,Application,Application,R_O
OMathScrPre,Creator,Creator,Long,R_O
OMathScrPre,Parent,Parent,Object,R_O
OMathScrPre,Sub,Sub,OMath,R_O
OMathScrPre,Sup,Sup,OMath,R_O
OMathScrPre,E,E,OMath,R_O
OMathScrSub,Application,Application,Application,R_O
OMathScrSub,Creator,Creator,Long,R_O
OMathScrSub,Parent,Parent,Object,R_O
OMathScrSub,E,E,OMath,R_O
OMathScrSub,Sub,Sub,OMath,R_O
OMathScrSubSup,Application,Application,Application,R_O
OMathScrSubSup,Creator,Creator,Long,R_O
OMathScrSubSup,Parent,Parent,Object,R_O
OMathScrSubSup,E,E,OMath,R_O
OMathScrSubSup,Sub,Sub,OMath,R_O
OMathScrSubSup,Sup,Sup,OMath,R_O
OMathScrSubSup,AlignScripts,Align Scripts,Boolean,V
OMathScrSup,Application,Application,Application,R_O
OMathScrSup,Creator,Creator,Long,R_O
OMathScrSup,Parent,Parent,Object,R_O
OMathScrSup,E,E,OMath,R_O
OMathScrSup,Sup,Sup,OMath,R_O
Options,Application,Application,Application,R_O
Options,Creator,Creator,Long,R_O
Options,Parent,Parent,Object,R_O
Options,AllowAccentedUppercase,Allow Accented Uppercase,Boolean,V
Options,Pagination,Pagination,Boolean,V
Options,EnableSound,Enable Sound,Boolean,V
Options,ConfirmConversions,Confirm Conversions,Boolean,V
Options,UpdateLinksAtOpen,Update Links At Open,Boolean,V
Options,SendMailAttach,Send Mail Attach,Boolean,V
Options,MeasurementUnit,Measurement Unit,WdMeasurementUnits,V
Options,ButtonFieldClicks,Button Field Clicks,Long,V
Options,ShortMenuNames,Short Menu Names,Boolean,V
Options,RTFInClipboard,RTF In Clipboard,Boolean,V
Options,UpdateFieldsAtPrint,Update Fields At Print,Boolean,V
Options,PrintProperties,Print Properties,Boolean,V
Options,PrintFieldCodes,Print Field Codes,Boolean,V
Options,PrintComments,Print Comments,Boolean,V
Options,PrintHiddenText,Print Hidden Text,Boolean,V
Options,EnvelopeFeederInstalled,Envelope Feeder Installed,Boolean,R_O
Options,UpdateLinksAtPrint,Update Links At Print,Boolean,V
Options,PrintBackground,Print Background,Boolean,V
Options,PrintDrawingObjects,Print Drawing Objects,Boolean,V
Options,DefaultTray,Default Tray,String,V
Options,DefaultTrayID,Default Tray ID,Long,V
Options,CreateBackup,Create Backup,Boolean,V
Options,SavePropertiesPrompt,Save Properties Prompt,Boolean,V
Options,SaveNormalPrompt,Save Normal Prompt,Boolean,V
Options,SaveInterval,Save Interval,Long,V
Options,BackgroundSave,Background Save,Boolean,V
Options,InsertedTextMark,Inserted Text Mark,WdInsertedTextMark,V
Options,DeletedTextMark,Deleted Text Mark,WdDeletedTextMark,V
Options,RevisedLinesMark,Revised Lines Mark,WdRevisedLinesMark,V
Options,InsertedTextColor,Inserted Text Color,WdColorIndex,V
Options,DeletedTextColor,Deleted Text Color,WdColorIndex,V
Options,RevisedLinesColor,Revised Lines Color,WdColorIndex,V
Options,DefaultFilePath,Default File Path,String,V
Options,Overtype,Overtype,Boolean,V
Options,ReplaceSelection,Replace Selection,Boolean,V
Options,AllowDragAndDrop,Allow Drag And Drop,Boolean,V
Options,AutoWordSelection,Auto Word Selection,Boolean,V
Options,INSKeyForPaste,INS Key For Paste,Boolean,V
Options,SmartCutPaste,Smart Cut Paste,Boolean,V
Options,TabIndentKey,Tab Indent Key,Boolean,V
Options,PictureEditor,Picture Editor,String,V
Options,AnimateScreenMovements,Animate Screen Movements,Boolean,V
Options,RevisedPropertiesMark,Revised Properties Mark,WdRevisedPropertiesMark,V
Options,RevisedPropertiesColor,Revised Properties Color,WdColorIndex,V
Options,SnapToGrid,Snap To Grid,Boolean,V
Options,SnapToShapes,Snap To Shapes,Boolean,V
Options,GridDistanceHorizontal,Grid Distance Horizontal,Single,V
Options,GridDistanceVertical,Grid Distance Vertical,Single,V
Options,GridOriginHorizontal,Grid Origin Horizontal,Single,V
Options,GridOriginVertical,Grid Origin Vertical,Single,V
Options,InlineConversion,Inline Conversion,Boolean,V
Options,IMEAutomaticControl,IME Automatic Control,Boolean,V
Options,AutoFormatApplyHeadings,Auto Format Apply Headings,Boolean,V
Options,AutoFormatApplyLists,Auto Format Apply Lists,Boolean,V
Options,AutoFormatApplyBulletedLists,Auto Format Apply Bulleted Lists,Boolean,V
Options,AutoFormatApplyOtherParas,Auto Format Apply Other Paras,Boolean,V
Options,AutoFormatReplaceQuotes,Auto Format Replace Quotes,Boolean,V
Options,AutoFormatReplaceSymbols,Auto Format Replace Symbols,Boolean,V
Options,AutoFormatReplaceOrdinals,Auto Format Replace Ordinals,Boolean,V
Options,AutoFormatReplaceFractions,Auto Format Replace Fractions,Boolean,V
Options,AutoFormatReplacePlainTextEmphasis,Auto Format Replace Plain Text Emphasis,Boolean,V
Options,AutoFormatPreserveStyles,Auto Format Preserve Styles,Boolean,V
Options,AutoFormatAsYouTypeApplyHeadings,Auto Format As You Type Apply Headings,Boolean,V
Options,AutoFormatAsYouTypeApplyBorders,Auto Format As You Type Apply Borders,Boolean,V
Options,AutoFormatAsYouTypeApplyBulletedLists,Auto Format As You Type Apply Bulleted Lists,Boolean,V
Options,AutoFormatAsYouTypeApplyNumberedLists,Auto Format As You Type Apply Numbered Lists,Boolean,V
Options,AutoFormatAsYouTypeReplaceQuotes,Auto Format As You Type Replace Quotes,Boolean,V
Options,AutoFormatAsYouTypeReplaceSymbols,Auto Format As You Type Replace Symbols,Boolean,V
Options,AutoFormatAsYouTypeReplaceOrdinals,Auto Format As You Type Replace Ordinals,Boolean,V
Options,AutoFormatAsYouTypeReplaceFractions,Auto Format As You Type Replace Fractions,Boolean,V
Options,AutoFormatAsYouTypeReplacePlainTextEmphasis,Auto Format As You Type Replace Plain Text Emphasis,Boolean,V
Options,AutoFormatAsYouTypeFormatListItemBeginning,Auto Format As You Type Format List Item Beginning,Boolean,V
Options,AutoFormatAsYouTypeDefineStyles,Auto Format As You Type Define Styles,Boolean,V
Options,AutoFormatPlainTextWordMail,Auto Format Plain Text Word Mail,Boolean,V
Options,AutoFormatAsYouTypeReplaceHyperlinks,Auto Format As You Type Replace Hyperlinks,Boolean,V
Options,AutoFormatReplaceHyperlinks,Auto Format Replace Hyperlinks,Boolean,V
Options,DefaultHighlightColorIndex,Default Highlight Color Index,WdColorIndex,V
Options,DefaultBorderLineStyle,Default Border Line Style,WdLineStyle,V
Options,CheckSpellingAsYouType,Check Spelling As You Type,Boolean,V
Options,CheckGrammarAsYouType,Check Grammar As You Type,Boolean,V
Options,IgnoreInternetAndFileAddresses,Ignore Internet And File Addresses,Boolean,V
Options,ShowReadabilityStatistics,Show Readability Statistics,Boolean,V
Options,IgnoreUppercase,Ignore Uppercase,Boolean,V
Options,IgnoreMixedDigits,Ignore Mixed Digits,Boolean,V
Options,SuggestFromMainDictionaryOnly,Suggest From Main Dictionary Only,Boolean,V
Options,SuggestSpellingCorrections,Suggest Spelling Corrections,Boolean,V
Options,DefaultBorderLineWidth,Default Border Line Width,WdLineWidth,V
Options,CheckGrammarWithSpelling,Check Grammar With Spelling,Boolean,V
Options,DefaultOpenFormat,Default Open Format,WdOpenFormat,V
Options,PrintDraft,Print Draft,Boolean,V
Options,PrintReverse,Print Reverse,Boolean,V
Options,MapPaperSize,Map Paper Size,Boolean,V
Options,AutoFormatAsYouTypeApplyTables,Auto Format As You Type Apply Tables,Boolean,V
Options,AutoFormatApplyFirstIndents,Auto Format Apply First Indents,Boolean,V
Options,AutoFormatMatchParentheses,Auto Format Match Parentheses,Boolean,V
Options,AutoFormatReplaceFarEastDashes,Auto Format Replace Far East Dashes,Boolean,V
Options,AutoFormatDeleteAutoSpaces,Auto Format Delete Auto Spaces,Boolean,V
Options,AutoFormatAsYouTypeApplyFirstIndents,Auto Format As You Type Apply First Indents,Boolean,V
Options,AutoFormatAsYouTypeApplyDates,Auto Format As You Type Apply Dates,Boolean,V
Options,AutoFormatAsYouTypeApplyClosings,Auto Format As You Type Apply Closings,Boolean,V
Options,AutoFormatAsYouTypeMatchParentheses,Auto Format As You Type Match Parentheses,Boolean,V
Options,AutoFormatAsYouTypeReplaceFarEastDashes,Auto Format As You Type Replace Far East Dashes,Boolean,V
Options,AutoFormatAsYouTypeDeleteAutoSpaces,Auto Format As You Type Delete Auto Spaces,Boolean,V
Options,AutoFormatAsYouTypeInsertClosings,Auto Format As You Type Insert Closings,Boolean,V
Options,AutoFormatAsYouTypeAutoLetterWizard,Auto Format As You Type Auto Letter Wizard,Boolean,V
Options,AutoFormatAsYouTypeInsertOvers,Auto Format As You Type Insert Overs,Boolean,V
Options,DisplayGridLines,Display Grid Lines,Boolean,V
Options,MatchFuzzyCase,Match Fuzzy Case,Boolean,V
Options,MatchFuzzyByte,Match Fuzzy Byte,Boolean,V
Options,MatchFuzzyHiragana,Match Fuzzy Hiragana,Boolean,V
Options,MatchFuzzySmallKana,Match Fuzzy Small Kana,Boolean,V
Options,MatchFuzzyDash,Match Fuzzy Dash,Boolean,V
Options,MatchFuzzyIterationMark,Match Fuzzy Iteration Mark,Boolean,V
Options,MatchFuzzyKanji,Match Fuzzy Kanji,Boolean,V
Options,MatchFuzzyOldKana,Match Fuzzy Old Kana,Boolean,V
Options,MatchFuzzyProlongedSoundMark,Match Fuzzy Prolonged Sound Mark,Boolean,V
Options,MatchFuzzyDZ,Match Fuzzy DZ,Boolean,V
Options,MatchFuzzyBV,Match Fuzzy BV,Boolean,V
Options,MatchFuzzyTC,Match Fuzzy TC,Boolean,V
Options,MatchFuzzyHF,Match Fuzzy HF,Boolean,V
Options,MatchFuzzyZJ,Match Fuzzy ZJ,Boolean,V
Options,MatchFuzzyAY,Match Fuzzy AY,Boolean,V
Options,MatchFuzzyKiKu,Match Fuzzy Ki Ku,Boolean,V
Options,MatchFuzzyPunctuation,Match Fuzzy Punctuation,Boolean,V
Options,MatchFuzzySpace,Match Fuzzy Space,Boolean,V
Options,ApplyFarEastFontsToAscii,Apply Far East Fonts To Ascii,Boolean,V
Options,ConvertHighAnsiToFarEast,Convert High Ansi To Far East,Boolean,V
Options,PrintOddPagesInAscendingOrder,Print Odd Pages In Ascending Order,Boolean,V
Options,PrintEvenPagesInAscendingOrder,Print Even Pages In Ascending Order,Boolean,V
Options,DefaultBorderColorIndex,Default Border Color Index,WdColorIndex,V
Options,EnableMisusedWordsDictionary,Enable Misused Words Dictionary,Boolean,V
Options,AllowCombinedAuxiliaryForms,Allow Combined Auxiliary Forms,Boolean,V
Options,HangulHanjaFastConversion,Hangul Hanja Fast Conversion,Boolean,V
Options,CheckHangulEndings,Check Hangul Endings,Boolean,V
Options,EnableHangulHanjaRecentOrdering,Enable Hangul Hanja Recent Ordering,Boolean,V
Options,MultipleWordConversionsMode,Multiple Word Conversions Mode,WdMultipleWordConversionsMode,V
Options,DefaultBorderColor,Default Border Color,WdColor,V
Options,AllowPixelUnits,Allow Pixel Units,Boolean,V
Options,UseCharacterUnit,Use Character Unit,Boolean,V
Options,AllowCompoundNounProcessing,Allow Compound Noun Processing,Boolean,V
Options,AutoKeyboardSwitching,Auto Keyboard Switching,Boolean,V
Options,DocumentViewDirection,Document View Direction,WdDocumentViewDirection,V
Options,ArabicNumeral,Arabic Numeral,WdArabicNumeral,V
Options,MonthNames,Month Names,WdMonthNames,V
Options,CursorMovement,Cursor Movement,WdCursorMovement,V
Options,VisualSelection,Visual Selection,WdVisualSelection,V
Options,ShowDiacritics,Show Diacritics,Boolean,V
Options,ShowControlCharacters,Show Control Characters,Boolean,V
Options,AddControlCharacters,Add Control Characters,Boolean,V
Options,AddBiDirectionalMarksWhenSavingTextFile,Add Bi Directional Marks When Saving Text File,Boolean,V
Options,StrictInitialAlefHamza,Strict Initial Alef Hamza,Boolean,V
Options,StrictFinalYaa,Strict Final Yaa,Boolean,V
Options,HebrewMode,Hebrew Mode,WdHebSpellStart,V
Options,ArabicMode,Arabic Mode,WdAraSpeller,V
Options,AllowClickAndTypeMouse,Allow Click And Type Mouse,Boolean,V
Options,UseGermanSpellingReform,Use German Spelling Reform,Boolean,V
Options,InterpretHighAnsi,Interpret High Ansi,WdHighAnsiText,V
Options,AddHebDoubleQuote,Add Heb Double Quote,Boolean,V
Options,UseDiffDiacColor,Use Diff Diac Color,Boolean,V
Options,DiacriticColorVal,Diacritic Color Val,WdColor,V
Options,OptimizeForWord97byDefault,Optimize For Word97by Default,Boolean,V
Options,LocalNetworkFile,Local Network File,Boolean,V
Options,TypeNReplace,Type N Replace,Boolean,V
Options,SequenceCheck,Sequence Check,Boolean,V
Options,DisableFeaturesbyDefault,Disable Featuresby Default,Boolean,V
Options,PasteAdjustWordSpacing,Paste Adjust Word Spacing,Boolean,V
Options,PasteAdjustParagraphSpacing,Paste Adjust Paragraph Spacing,Boolean,V
Options,PasteAdjustTableFormatting,Paste Adjust Table Formatting,Boolean,V
Options,PasteSmartStyleBehavior,Paste Smart Style Behavior,Boolean,V
Options,PasteMergeFromPPT,Paste Merge From PPT,Boolean,V
Options,PasteMergeFromXL,Paste Merge From XL,Boolean,V
Options,CtrlClickHyperlinkToOpen,Ctrl Click Hyperlink To Open,Boolean,V
Options,PictureWrapType,Picture Wrap Type,WdWrapTypeMerged,V
Options,DisableFeaturesIntroducedAfterbyDefault,Disable Features Introduced Afterby Default,WdDisableFeaturesIntroducedAfter,V
Options,PasteSmartCutPaste,Paste Smart Cut Paste,Boolean,V
Options,DisplayPasteOptions,Display Paste Options,Boolean,V
Options,PromptUpdateStyle,Prompt Update Style,Boolean,V
Options,DefaultEPostageApp,Default E Postage App,String,V
Options,DefaultTextEncoding,Default Text Encoding,MsoEncoding,V
Options,WarnBeforeSavingPrintingSendingMarkup,Warn Before Saving Printing Sending Markup,Boolean,V
Options,StoreRSIDOnSave,Store RSID On Save,Boolean,V
Options,ShowFormatError,Show Format Error,Boolean,V
Options,FormatScanning,Format Scanning,Boolean,V
Options,PasteMergeLists,Paste Merge Lists,Boolean,V
Options,AutoCreateNewDrawings,Auto Create New Drawings,Boolean,V
Options,SmartParaSelection,Smart Para Selection,Boolean,V
Options,RevisionsBalloonPrintOrientation,Revisions Balloon Print Orientation,WdRevisionsBalloonPrintOrientation,V
Options,CommentsColor,Comments Color,WdColorIndex,V
Options,PrintXMLTag,Print XML Tag,Boolean,V
Options,PrintBackgrounds,Print Backgrounds,Boolean,V
Options,AllowReadingMode,Allow Reading Mode,Boolean,V
Options,ShowMarkupOpenSave,Show Markup Open Save,Boolean,V
Options,SmartCursoring,Smart Cursoring,Boolean,V
Options,MoveToTextMark,Move To Text Mark,WdMoveToTextMark,V
Options,MoveFromTextMark,Move From Text Mark,WdMoveFromTextMark,V
Options,BibliographyStyle,Bibliography Style,String,V
Options,BibliographySort,Bibliography Sort,String,V
Options,InsertedCellColor,Inserted Cell Color,WdCellColor,V
Options,DeletedCellColor,Deleted Cell Color,WdCellColor,V
Options,MergedCellColor,Merged Cell Color,WdCellColor,V
Options,SplitCellColor,Split Cell Color,WdCellColor,V
Options,ShowSelectionFloaties,Show Selection Floaties,Boolean,V
Options,ShowMenuFloaties,Show Menu Floaties,Boolean,V
Options,ShowDevTools,Show Dev Tools,Boolean,V
Options,EnableLivePreview,Enable Live Preview,Boolean,V
Options,OMathAutoBuildUp,O Math Auto Build Up,Boolean,V
Options,PasteFormatWithinDocument,Paste Format Within Document,WdPasteOptions,V
Options,PasteFormatBetweenDocuments,Paste Format Between Documents,WdPasteOptions,V
Options,PasteFormatBetweenStyledDocuments,Paste Format Between Styled Documents,WdPasteOptions,V
Options,PasteFormatFromExternalSource,Paste Format From External Source,WdPasteOptions,V
Options,PasteOptionKeepBulletsAndNumbers,Paste Option Keep Bullets And Numbers,Boolean,V
Options,INSKeyForOvertype,INS Key For Overtype,Boolean,V
Options,RepeatWord,Repeat Word,Boolean,V
Options,FrenchReform,French Reform,WdFrenchSpeller,V
Options,ContextualSpeller,Contextual Speller,Boolean,V
Options,MoveToTextColor,Move To Text Color,WdColorIndex,V
Options,MoveFromTextColor,Move From Text Color,WdColorIndex,V
Options,OMathCopyLF,O Math Copy LF,Boolean,V
Options,UseNormalStyleForList,Use Normal Style For List,Boolean,V
Options,AllowOpenInDraftView,Allow Open In Draft View,Boolean,V
Options,EnableLegacyIMEMode,Enable Legacy IME Mode,Boolean,V
Options,DoNotPromptForConvert,Do Not Prompt For Convert,Boolean,V
Options,PrecisePositioning,Precise Positioning,Boolean,V
Options,UpdateStyleListBehavior,Update Style List Behavior,WdUpdateStyleListBehavior,V
Options,StrictTaaMarboota,Strict Taa Marboota,Boolean,V
Options,StrictRussianE,Strict Russian E,Boolean,V
Options,SpanishMode,Spanish Mode,WdSpanishSpeller,V
Options,PortugalReform,Portugal Reform,WdPortugueseReform,V
Options,BrazilReform,Brazil Reform,WdPortugueseReform,V
Options,UpdateFieldsWithTrackedChangesAtPrint,Update Fields With Tracked Changes At Print,Boolean,V
Options,DisplayAlignmentGuides,Display Alignment Guides,Boolean,V
Options,PageAlignmentGuides,Page Alignment Guides,Boolean,V
Options,MarginAlignmentGuides,Margin Alignment Guides,Boolean,V
Options,ParagraphAlignmentGuides,Paragraph Alignment Guides,Boolean,V
Options,EnableLiveDrag,Enable Live Drag,Boolean,V
Options,UseSubPixelPositioning,Use Sub Pixel Positioning,Boolean,V
Options,AlertIfNotDefault,Alert If Not Default,Boolean,V
Options,EnableProofingToolsAdvertisement,Enable Proofing Tools Advertisement,Boolean,V
Options,PreferCloudSaveLocations,Prefer Cloud Save Locations,Boolean,V
Options,ExpandHeadingsOnOpen,Expand Headings On Open,Boolean,V
Options,UseLocalUserInfo,Use Local User Info,Boolean,V
Options,CloudSignInOption,Cloud Sign In Option,Boolean,V
Options,ShowPopupAddRowColToTable,Show Popup Add Row Col To Table,Boolean,V
Options,LiveWordCount,Live Word Count,Boolean,V
Options,AllowCoAuthoringOnFilesWithMacros,Allow Co Authoring On Files With Macros,Boolean,V
OtherCorrectionsException,Application,Application,Application,R_O
OtherCorrectionsException,Creator,Creator,Long,R_O
OtherCorrectionsException,Parent,Parent,Object,R_O
OtherCorrectionsException,Index,Index,Long,R_O
OtherCorrectionsException,Name,Name,String,R_O
OtherCorrectionsExceptions,Application,Application,Application,R_O
OtherCorrectionsExceptions,Creator,Creator,Long,R_O
OtherCorrectionsExceptions,Parent,Parent,Object,R_O
OtherCorrectionsExceptions,_NewEnum,_New Enum,IUnknown,R_O
OtherCorrectionsExceptions,Count,Count,Long,R_O
Page,Application,Application,Application,R_O
Page,Creator,Creator,Long,R_O
Page,Parent,Parent,Object,R_O
Page,Left,Left,Long,R_O
Page,Top,Top,Long,R_O
Page,Width,Width,Long,R_O
Page,Height,Height,Long,R_O
Page,Rectangles,Rectangles,Rectangles,R_O
Page,Breaks,Breaks,Breaks,R_O
Page,EnhMetaFileBits,Enh Meta File Bits,Variant,R_O
PageNumber,Application,Application,Application,R_O
PageNumber,Creator,Creator,Long,R_O
PageNumber,Parent,Parent,Object,R_O
PageNumber,Index,Index,Long,R_O
PageNumber,Alignment,Alignment,WdPageNumberAlignment,V
PageNumbers,Application,Application,Application,R_O
PageNumbers,Creator,Creator,Long,R_O
PageNumbers,Parent,Parent,Object,R_O
PageNumbers,_NewEnum,_New Enum,IUnknown,R_O
PageNumbers,Count,Count,Long,R_O
PageNumbers,NumberStyle,Number Style,WdPageNumberStyle,V
PageNumbers,IncludeChapterNumber,Include Chapter Number,Boolean,V
PageNumbers,HeadingLevelForChapter,Heading Level For Chapter,Long,V
PageNumbers,ChapterPageSeparator,Chapter Page Separator,WdSeparatorType,V
PageNumbers,RestartNumberingAtSection,Restart Numbering At Section,Boolean,V
PageNumbers,StartingNumber,Starting Number,Long,V
PageNumbers,ShowFirstPageNumber,Show First Page Number,Boolean,V
PageNumbers,DoubleQuote,Double Quote,Boolean,V
Pages,_NewEnum,_New Enum,IUnknown,R_O
Pages,Count,Count,Long,R_O
Pages,Application,Application,Application,R_O
Pages,Creator,Creator,Long,R_O
Pages,Parent,Parent,Object,R_O
PageSetup,Application,Application,Application,R_O
PageSetup,Creator,Creator,Long,R_O
PageSetup,Parent,Parent,Object,R_O
PageSetup,TopMargin,Top Margin,Single,V
PageSetup,BottomMargin,Bottom Margin,Single,V
PageSetup,LeftMargin,Left Margin,Single,V
PageSetup,RightMargin,Right Margin,Single,V
PageSetup,Gutter,Gutter,Single,V
PageSetup,PageWidth,Page Width,Single,V
PageSetup,PageHeight,Page Height,Single,V
PageSetup,Orientation,Orientation,WdOrientation,V
PageSetup,FirstPageTray,First Page Tray,WdPaperTray,V
PageSetup,OtherPagesTray,Other Pages Tray,WdPaperTray,V
PageSetup,VerticalAlignment,Vertical Alignment,WdVerticalAlignment,V
PageSetup,MirrorMargins,Mirror Margins,Long,V
PageSetup,HeaderDistance,Header Distance,Single,V
PageSetup,FooterDistance,Footer Distance,Single,V
PageSetup,SectionStart,Section Start,WdSectionStart,V
PageSetup,OddAndEvenPagesHeaderFooter,Odd And Even Pages Header Footer,Long,V
PageSetup,DifferentFirstPageHeaderFooter,Different First Page Header Footer,Long,V
PageSetup,SuppressEndnotes,Suppress Endnotes,Long,V
PageSetup,LineNumbering,Line Numbering,LineNumbering,V
PageSetup,TextColumns,Text Columns,TextColumns,V
PageSetup,PaperSize,Paper Size,WdPaperSize,V
PageSetup,TwoPagesOnOne,Two Pages On One,Boolean,V
PageSetup,CharsLine,Chars Line,Single,V
PageSetup,LinesPage,Lines Page,Single,V
PageSetup,ShowGrid,Show Grid,Boolean,V
PageSetup,GutterStyle,Gutter Style,WdGutterStyleOld,V
PageSetup,SectionDirection,Section Direction,WdSectionDirection,V
PageSetup,LayoutMode,Layout Mode,WdLayoutMode,V
PageSetup,GutterPos,Gutter Pos,WdGutterStyle,V
PageSetup,BookFoldPrinting,Book Fold Printing,Boolean,V
PageSetup,BookFoldRevPrinting,Book Fold Rev Printing,Boolean,V
PageSetup,BookFoldPrintingSheets,Book Fold Printing Sheets,Long,V
Pane,Application,Application,Application,R_O
Pane,Creator,Creator,Long,R_O
Pane,Parent,Parent,Object,R_O
Pane,Document,Document,Document,R_O
Pane,Selection,Selection,Selection,R_O
Pane,DisplayRulers,Display Rulers,Boolean,V
Pane,DisplayVerticalRuler,Display Vertical Ruler,Boolean,V
Pane,Zooms,Zooms,Zooms,R_O
Pane,Index,Index,Long,R_O
Pane,View,View,View,R_O
Pane,Next,Next,Pane,R_O
Pane,Previous,Previous,Pane,R_O
Pane,HorizontalPercentScrolled,Horizontal Percent Scrolled,Long,V
Pane,VerticalPercentScrolled,Vertical Percent Scrolled,Long,V
Pane,MinimumFontSize,Minimum Font Size,Long,V
Pane,BrowseWidth,Browse Width,Long,R_O
Pane,Frameset,Frameset,Frameset,R_O
Pane,Pages,Pages,Pages,R_O
Panes,_NewEnum,_New Enum,IUnknown,R_O
Panes,Count,Count,Long,R_O
Panes,Application,Application,Application,R_O
Panes,Creator,Creator,Long,R_O
Panes,Parent,Parent,Object,R_O
Paragraph,Range,Range,Range,R_O
Paragraph,Application,Application,Application,R_O
Paragraph,Creator,Creator,Long,R_O
Paragraph,Parent,Parent,Object,R_O
Paragraph,Format,Format,ParagraphFormat,V
Paragraph,TabStops,Tab Stops,TabStops,V
Paragraph,Borders,Borders,Borders,V
Paragraph,DropCap,Drop Cap,DropCap,R_O
Paragraph,Style,Style,Variant,V
Paragraph,Alignment,Alignment,WdParagraphAlignment,V
Paragraph,KeepTogether,Keep Together,Long,V
Paragraph,KeepWithNext,Keep With Next,Long,V
Paragraph,PageBreakBefore,Page Break Before,Long,V
Paragraph,NoLineNumber,No Line Number,Long,V
Paragraph,RightIndent,Right Indent,Single,V
Paragraph,LeftIndent,Left Indent,Single,V
Paragraph,FirstLineIndent,First Line Indent,Single,V
Paragraph,LineSpacing,Line Spacing,Single,V
Paragraph,LineSpacingRule,Line Spacing Rule,WdLineSpacing,V
Paragraph,SpaceBefore,Space Before,Single,V
Paragraph,SpaceAfter,Space After,Single,V
Paragraph,Hyphenation,Hyphenation,Long,V
Paragraph,WidowControl,Widow Control,Long,V
Paragraph,Shading,Shading,Shading,R_O
Paragraph,FarEastLineBreakControl,Far East Line Break Control,Long,V
Paragraph,WordWrap,Word Wrap,Long,V
Paragraph,HangingPunctuation,Hanging Punctuation,Long,V
Paragraph,HalfWidthPunctuationOnTopOfLine,Half Width Punctuation On Top Of Line,Long,V
Paragraph,AddSpaceBetweenFarEastAndAlpha,Add Space Between Far East And Alpha,Long,V
Paragraph,AddSpaceBetweenFarEastAndDigit,Add Space Between Far East And Digit,Long,V
Paragraph,BaseLineAlignment,Base Line Alignment,WdBaselineAlignment,V
Paragraph,AutoAdjustRightIndent,Auto Adjust Right Indent,Long,V
Paragraph,DisableLineHeightGrid,Disable Line Height Grid,Long,V
Paragraph,OutlineLevel,Outline Level,WdOutlineLevel,V
Paragraph,CharacterUnitRightIndent,Character Unit Right Indent,Single,V
Paragraph,CharacterUnitLeftIndent,Character Unit Left Indent,Single,V
Paragraph,CharacterUnitFirstLineIndent,Character Unit First Line Indent,Single,V
Paragraph,LineUnitBefore,Line Unit Before,Single,V
Paragraph,LineUnitAfter,Line Unit After,Single,V
Paragraph,ReadingOrder,Reading Order,WdReadingOrder,V
Paragraph,ID,ID,String,V
Paragraph,SpaceBeforeAuto,Space Before Auto,Long,V
Paragraph,SpaceAfterAuto,Space After Auto,Long,V
Paragraph,IsStyleSeparator,Is Style Separator,Boolean,R_O
Paragraph,MirrorIndents,Mirror Indents,Long,V
Paragraph,TextboxTightWrap,Textbox Tight Wrap,WdTextboxTightWrap,V
Paragraph,ListNumberOriginal,List Number Original,Integer,R_O
Paragraph,CollapsedState,Collapsed State,Boolean,V
Paragraph,CollapseHeadingByDefault,Collapse Heading By Default,Boolean,V
ParagraphFormat,Application,Application,Application,R_O
ParagraphFormat,Creator,Creator,Long,R_O
ParagraphFormat,Parent,Parent,Object,R_O
ParagraphFormat,Duplicate,Duplicate,ParagraphFormat,R_O
ParagraphFormat,Style,Style,Variant,V
ParagraphFormat,Alignment,Alignment,WdParagraphAlignment,V
ParagraphFormat,KeepTogether,Keep Together,Long,V
ParagraphFormat,KeepWithNext,Keep With Next,Long,V
ParagraphFormat,PageBreakBefore,Page Break Before,Long,V
ParagraphFormat,NoLineNumber,No Line Number,Long,V
ParagraphFormat,RightIndent,Right Indent,Single,V
ParagraphFormat,LeftIndent,Left Indent,Single,V
ParagraphFormat,FirstLineIndent,First Line Indent,Single,V
ParagraphFormat,LineSpacing,Line Spacing,Single,V
ParagraphFormat,LineSpacingRule,Line Spacing Rule,WdLineSpacing,V
ParagraphFormat,SpaceBefore,Space Before,Single,V
ParagraphFormat,SpaceAfter,Space After,Single,V
ParagraphFormat,Hyphenation,Hyphenation,Long,V
ParagraphFormat,WidowControl,Widow Control,Long,V
ParagraphFormat,FarEastLineBreakControl,Far East Line Break Control,Long,V
ParagraphFormat,WordWrap,Word Wrap,Long,V
ParagraphFormat,HangingPunctuation,Hanging Punctuation,Long,V
ParagraphFormat,HalfWidthPunctuationOnTopOfLine,Half Width Punctuation On Top Of Line,Long,V
ParagraphFormat,AddSpaceBetweenFarEastAndAlpha,Add Space Between Far East And Alpha,Long,V
ParagraphFormat,AddSpaceBetweenFarEastAndDigit,Add Space Between Far East And Digit,Long,V
ParagraphFormat,BaseLineAlignment,Base Line Alignment,WdBaselineAlignment,V
ParagraphFormat,AutoAdjustRightIndent,Auto Adjust Right Indent,Long,V
ParagraphFormat,DisableLineHeightGrid,Disable Line Height Grid,Long,V
ParagraphFormat,TabStops,Tab Stops,TabStops,V
ParagraphFormat,Borders,Borders,Borders,V
ParagraphFormat,Shading,Shading,Shading,R_O
ParagraphFormat,OutlineLevel,Outline Level,WdOutlineLevel,V
ParagraphFormat,CharacterUnitRightIndent,Character Unit Right Indent,Single,V
ParagraphFormat,CharacterUnitLeftIndent,Character Unit Left Indent,Single,V
ParagraphFormat,CharacterUnitFirstLineIndent,Character Unit First Line Indent,Single,V
ParagraphFormat,LineUnitBefore,Line Unit Before,Single,V
ParagraphFormat,LineUnitAfter,Line Unit After,Single,V
ParagraphFormat,ReadingOrder,Reading Order,WdReadingOrder,V
ParagraphFormat,SpaceBeforeAuto,Space Before Auto,Long,V
ParagraphFormat,SpaceAfterAuto,Space After Auto,Long,V
ParagraphFormat,MirrorIndents,Mirror Indents,Long,V
ParagraphFormat,TextboxTightWrap,Textbox Tight Wrap,WdTextboxTightWrap,V
ParagraphFormat,CollapsedByDefault,Collapsed By Default,Long,V
Paragraphs,_NewEnum,_New Enum,IUnknown,R_O
Paragraphs,Count,Count,Long,R_O
Paragraphs,First,First,Paragraph,R_O
Paragraphs,Last,Last,Paragraph,R_O
Paragraphs,Application,Application,Application,R_O
Paragraphs,Creator,Creator,Long,R_O
Paragraphs,Parent,Parent,Object,R_O
Paragraphs,Format,Format,ParagraphFormat,V
Paragraphs,TabStops,Tab Stops,TabStops,V
Paragraphs,Borders,Borders,Borders,V
Paragraphs,Style,Style,Variant,V
Paragraphs,Alignment,Alignment,WdParagraphAlignment,V
Paragraphs,KeepTogether,Keep Together,Long,V
Paragraphs,KeepWithNext,Keep With Next,Long,V
Paragraphs,PageBreakBefore,Page Break Before,Long,V
Paragraphs,NoLineNumber,No Line Number,Long,V
Paragraphs,RightIndent,Right Indent,Single,V
Paragraphs,LeftIndent,Left Indent,Single,V
Paragraphs,FirstLineIndent,First Line Indent,Single,V
Paragraphs,LineSpacing,Line Spacing,Single,V
Paragraphs,LineSpacingRule,Line Spacing Rule,WdLineSpacing,V
Paragraphs,SpaceBefore,Space Before,Single,V
Paragraphs,SpaceAfter,Space After,Single,V
Paragraphs,Hyphenation,Hyphenation,Long,V
Paragraphs,WidowControl,Widow Control,Long,V
Paragraphs,Shading,Shading,Shading,R_O
Paragraphs,FarEastLineBreakControl,Far East Line Break Control,Long,V
Paragraphs,WordWrap,Word Wrap,Long,V
Paragraphs,HangingPunctuation,Hanging Punctuation,Long,V
Paragraphs,HalfWidthPunctuationOnTopOfLine,Half Width Punctuation On Top Of Line,Long,V
Paragraphs,AddSpaceBetweenFarEastAndAlpha,Add Space Between Far East And Alpha,Long,V
Paragraphs,AddSpaceBetweenFarEastAndDigit,Add Space Between Far East And Digit,Long,V
Paragraphs,BaseLineAlignment,Base Line Alignment,WdBaselineAlignment,V
Paragraphs,AutoAdjustRightIndent,Auto Adjust Right Indent,Long,V
Paragraphs,DisableLineHeightGrid,Disable Line Height Grid,Long,V
Paragraphs,OutlineLevel,Outline Level,WdOutlineLevel,V
Paragraphs,CharacterUnitRightIndent,Character Unit Right Indent,Single,V
Paragraphs,CharacterUnitLeftIndent,Character Unit Left Indent,Single,V
Paragraphs,CharacterUnitFirstLineIndent,Character Unit First Line Indent,Single,V
Paragraphs,LineUnitBefore,Line Unit Before,Single,V
Paragraphs,LineUnitAfter,Line Unit After,Single,V
Paragraphs,ReadingOrder,Reading Order,WdReadingOrder,V
Paragraphs,SpaceBeforeAuto,Space Before Auto,Long,V
Paragraphs,SpaceAfterAuto,Space After Auto,Long,V
PictureFormat,Application,Application,Application,R_O
PictureFormat,Creator,Creator,Long,R_O
PictureFormat,Parent,Parent,Object,R_O
PictureFormat,Brightness,Brightness,Single,V
PictureFormat,ColorType,Color Type,MsoPictureColorType,V
PictureFormat,Contrast,Contrast,Single,V
PictureFormat,CropBottom,Crop Bottom,Single,V
PictureFormat,CropLeft,Crop Left,Single,V
PictureFormat,CropRight,Crop Right,Single,V
PictureFormat,CropTop,Crop Top,Single,V
PictureFormat,TransparencyColor,Transparency Color,Long,V
PictureFormat,TransparentBackground,Transparent Background,MsoTriState,V
PictureFormat,Crop,Crop,Crop,V
PlotArea,Name,Name,String,R_O
PlotArea,Parent,Parent,Object,R_O
PlotArea,Height,Height,Double,V
PlotArea,Left,Left,Double,V
PlotArea,Top,Top,Double,V
PlotArea,Width,Width,Double,V
PlotArea,InsideLeft,Inside Left,Double,V
PlotArea,InsideTop,Inside Top,Double,V
PlotArea,InsideWidth,Inside Width,Double,V
PlotArea,InsideHeight,Inside Height,Double,V
PlotArea,Position,Position,XlChartElementPosition,V
PlotArea,Format,Format,ChartFormat,R_O
PlotArea,Application,Application,Object,R_O
PlotArea,Creator,Creator,Long,R_O
Point,Parent,Parent,Object,R_O
Point,DataLabel,Data Label,DataLabel,R_O
Point,Explosion,Explosion,Long,V
Point,HasDataLabel,Has Data Label,Boolean,V
Point,InvertIfNegative,Invert If Negative,Boolean,V
Point,MarkerBackgroundColor,Marker Background Color,Long,V
Point,MarkerBackgroundColorIndex,Marker Background Color Index,XlColorIndex,V
Point,MarkerForegroundColor,Marker Foreground Color,Long,V
Point,MarkerForegroundColorIndex,Marker Foreground Color Index,XlColorIndex,V
Point,MarkerSize,Marker Size,Long,V
Point,MarkerStyle,Marker Style,XlMarkerStyle,V
Point,PictureType,Picture Type,XlChartPictureType,V
Point,ApplyPictToSides,Apply Pict To Sides,Boolean,V
Point,ApplyPictToFront,Apply Pict To Front,Boolean,V
Point,ApplyPictToEnd,Apply Pict To End,Boolean,V
Point,Shadow,Shadow,Boolean,V
Point,SecondaryPlot,Secondary Plot,Boolean,V
Point,Has3DEffect,Has3 D Effect,Boolean,V
Point,Format,Format,ChartFormat,R_O
Point,Application,Application,Object,R_O
Point,Creator,Creator,Long,R_O
Point,PictureUnit2,Picture Unit2,Double,V
Point,Height,Height,Double,R_O
Point,Width,Width,Double,R_O
Point,Top,Top,Double,R_O
Point,Left,Left,Double,R_O
Point,Name,Name,String,R_O
Point,IsTotal,Is Total,Boolean,V
Points,Parent,Parent,Object,R_O
Points,Count,Count,Long,R_O
Points,Application,Application,Object,R_O
Points,Creator,Creator,Long,R_O
ProofreadingErrors,Application,Application,Application,R_O
ProofreadingErrors,Creator,Creator,Long,R_O
ProofreadingErrors,Parent,Parent,Object,R_O
ProofreadingErrors,_NewEnum,_New Enum,IUnknown,R_O
ProofreadingErrors,Count,Count,Long,R_O
ProofreadingErrors,Type,Type,WdProofreadingErrorType,R_O
ProtectedViewWindow,Application,Application,Application,R_O
ProtectedViewWindow,Creator,Creator,Long,R_O
ProtectedViewWindow,Parent,Parent,Object,R_O
ProtectedViewWindow,Caption,Caption,String,V
ProtectedViewWindow,Document,Document,Document,R_O
ProtectedViewWindow,Left,Left,Long,V
ProtectedViewWindow,Top,Top,Long,V
ProtectedViewWindow,Width,Width,Long,V
ProtectedViewWindow,Height,Height,Long,V
ProtectedViewWindow,WindowState,Window State,WdWindowState,V
ProtectedViewWindow,Active,Active,Boolean,R_O
ProtectedViewWindow,Index,Index,Long,R_O
ProtectedViewWindow,Visible,Visible,Boolean,V
ProtectedViewWindow,SourceName,Source Name,String,R_O
ProtectedViewWindow,SourcePath,Source Path,String,R_O
ProtectedViewWindows,Application,Application,Application,R_O
ProtectedViewWindows,Creator,Creator,Long,R_O
ProtectedViewWindows,Parent,Parent,Object,R_O
ProtectedViewWindows,_NewEnum,_New Enum,IUnknown,R_O
ProtectedViewWindows,Count,Count,Long,R_O
Range,Text,Text,String,V
Range,FormattedText,Formatted Text,Range,V
Range,Start,Start,Long,V
Range,End,End,Long,V
Range,Font,Font,Font,V
Range,Duplicate,Duplicate,Range,R_O
Range,StoryType,Story Type,WdStoryType,R_O
Range,Tables,Tables,Tables,R_O
Range,Words,Words,Words,R_O
Range,Sentences,Sentences,Sentences,R_O
Range,Characters,Characters,Characters,R_O
Range,Footnotes,Footnotes,Footnotes,R_O
Range,Endnotes,Endnotes,Endnotes,R_O
Range,Comments,Comments,Comments,R_O
Range,Cells,Cells,Cells,R_O
Range,Sections,Sections,Sections,R_O
Range,Paragraphs,Paragraphs,Paragraphs,R_O
Range,Borders,Borders,Borders,V
Range,Shading,Shading,Shading,R_O
Range,TextRetrievalMode,Text Retrieval Mode,TextRetrievalMode,V
Range,Fields,Fields,Fields,R_O
Range,FormFields,Form Fields,FormFields,R_O
Range,Frames,Frames,Frames,R_O
Range,ParagraphFormat,Paragraph Format,ParagraphFormat,V
Range,ListFormat,List Format,ListFormat,R_O
Range,Bookmarks,Bookmarks,Bookmarks,R_O
Range,Application,Application,Application,R_O
Range,Creator,Creator,Long,R_O
Range,Parent,Parent,Object,R_O
Range,Bold,Bold,Long,V
Range,Italic,Italic,Long,V
Range,Underline,Underline,WdUnderline,V
Range,EmphasisMark,Emphasis Mark,WdEmphasisMark,V
Range,DisableCharacterSpaceGrid,Disable Character Space Grid,Boolean,V
Range,Revisions,Revisions,Revisions,R_O
Range,Style,Style,Variant,V
Range,StoryLength,Story Length,Long,R_O
Range,LanguageID,Language ID,WdLanguageID,V
Range,SynonymInfo,Synonym Info,SynonymInfo,R_O
Range,Hyperlinks,Hyperlinks,Hyperlinks,R_O
Range,ListParagraphs,List Paragraphs,ListParagraphs,R_O
Range,Subdocuments,Subdocuments,Subdocuments,R_O
Range,GrammarChecked,Grammar Checked,Boolean,V
Range,SpellingChecked,Spelling Checked,Boolean,V
Range,HighlightColorIndex,Highlight Color Index,WdColorIndex,V
Range,Columns,Columns,Columns,R_O
Range,Rows,Rows,Rows,R_O
Range,IsEndOfRowMark,Is End Of Row Mark,Boolean,R_O
Range,BookmarkID,Bookmark ID,Long,R_O
Range,PreviousBookmarkID,Previous Bookmark ID,Long,R_O
Range,Find,Find,Find,R_O
Range,PageSetup,Page Setup,PageSetup,V
Range,ShapeRange,Shape Range,ShapeRange,R_O
Range,Case,Case,WdCharacterCase,V
Range,Information,Information,Variant,R_O
Range,ReadabilityStatistics,Readability Statistics,ReadabilityStatistics,R_O
Range,GrammaticalErrors,Grammatical Errors,ProofreadingErrors,R_O
Range,SpellingErrors,Spelling Errors,ProofreadingErrors,R_O
Range,Orientation,Orientation,WdTextOrientation,V
Range,InlineShapes,Inline Shapes,InlineShapes,R_O
Range,NextStoryRange,Next Story Range,Range,R_O
Range,LanguageIDFarEast,Language ID Far East,WdLanguageID,V
Range,LanguageIDOther,Language ID Other,WdLanguageID,V
Range,LanguageDetected,Language Detected,Boolean,V
Range,FitTextWidth,Fit Text Width,Single,V
Range,HorizontalInVertical,Horizontal In Vertical,WdHorizontalInVerticalType,V
Range,TwoLinesInOne,Two Lines In One,WdTwoLinesInOneType,V
Range,CombineCharacters,Combine Characters,Boolean,V
Range,NoProofing,No Proofing,Long,V
Range,TopLevelTables,Top Level Tables,Tables,R_O
Range,Scripts,Scripts,Scripts,R_O
Range,CharacterWidth,Character Width,WdCharacterWidth,V
Range,Kana,Kana,WdKana,V
Range,BoldBi,Bold Bi,Long,V
Range,ItalicBi,Italic Bi,Long,V
Range,ID,ID,String,V
Range,HTMLDivisions,HTML Divisions,HTMLDivisions,R_O
Range,ShowAll,Show All,Boolean,V
Range,Document,Document,Document,R_O
Range,FootnoteOptions,Footnote Options,FootnoteOptions,R_O
Range,EndnoteOptions,Endnote Options,EndnoteOptions,R_O
Range,Editors,Editors,Editors,R_O
Range,XML,XML,String,R_O
Range,EnhMetaFileBits,Enh Meta File Bits,Variant,R_O
Range,OMaths,O Maths,OMaths,R_O
Range,CharacterStyle,Character Style,Variant,R_O
Range,ParagraphStyle,Paragraph Style,Variant,R_O
Range,ListStyle,List Style,Variant,R_O
Range,TableStyle,Table Style,Variant,R_O
Range,ContentControls,Content Controls,ContentControls,R_O
Range,WordOpenXML,Word Open XML,String,R_O
Range,ParentContentControl,Parent Content Control,ContentControl,R_O
Range,Locks,Locks,CoAuthLocks,R_O
Range,Updates,Updates,CoAuthUpdates,R_O
Range,Conflicts,Conflicts,Conflicts,R_O
Range,TextVisibleOnScreen,Text Visible On Screen,Long,R_O
ReadabilityStatistic,Application,Application,Application,R_O
ReadabilityStatistic,Creator,Creator,Long,R_O
ReadabilityStatistic,Parent,Parent,Object,R_O
ReadabilityStatistic,Name,Name,String,R_O
ReadabilityStatistic,Value,Value,Single,R_O
ReadabilityStatistics,Application,Application,Application,R_O
ReadabilityStatistics,Creator,Creator,Long,R_O
ReadabilityStatistics,Parent,Parent,Object,R_O
ReadabilityStatistics,_NewEnum,_New Enum,IUnknown,R_O
ReadabilityStatistics,Count,Count,Long,R_O
RecentFile,Application,Application,Application,R_O
RecentFile,Creator,Creator,Long,R_O
RecentFile,Parent,Parent,Object,R_O
RecentFile,Name,Name,String,R_O
RecentFile,Index,Index,Long,R_O
RecentFile,ReadOnly,Read Only,Boolean,V
RecentFile,Path,Path,String,R_O
RecentFiles,Application,Application,Application,R_O
RecentFiles,Creator,Creator,Long,R_O
RecentFiles,Parent,Parent,Object,R_O
RecentFiles,_NewEnum,_New Enum,IUnknown,R_O
RecentFiles,Count,Count,Long,R_O
RecentFiles,Maximum,Maximum,Long,V
Rectangle,Application,Application,Application,R_O
Rectangle,Creator,Creator,Long,R_O
Rectangle,Parent,Parent,Object,R_O
Rectangle,RectangleType,Rectangle Type,WdRectangleType,R_O
Rectangle,Left,Left,Long,R_O
Rectangle,Top,Top,Long,R_O
Rectangle,Width,Width,Long,R_O
Rectangle,Height,Height,Long,R_O
Rectangle,Range,Range,Range,R_O
Rectangle,Lines,Lines,Lines,R_O
Rectangles,_NewEnum,_New Enum,IUnknown,R_O
Rectangles,Count,Count,Long,R_O
Rectangles,Application,Application,Application,R_O
Rectangles,Creator,Creator,Long,R_O
Rectangles,Parent,Parent,Object,R_O
ReflectionFormat,Type,Type,MsoReflectionType,V
ReflectionFormat,Application,Application,Application,R_O
ReflectionFormat,Creator,Creator,Long,R_O
ReflectionFormat,Parent,Parent,Object,R_O
ReflectionFormat,Transparency,Transparency,Single,V
ReflectionFormat,Size,Size,Single,V
ReflectionFormat,Offset,Offset,Single,V
ReflectionFormat,Blur,Blur,Single,V
RepeatingSectionItem,Application,Application,Application,R_O
RepeatingSectionItem,Creator,Creator,Long,R_O
RepeatingSectionItem,Parent,Parent,Object,R_O
RepeatingSectionItem,Range,Range,Range,R_O
RepeatingSectionItemColl,Application,Application,Application,R_O
RepeatingSectionItemColl,Creator,Creator,Long,R_O
RepeatingSectionItemColl,Parent,Parent,Object,R_O
RepeatingSectionItemColl,_NewEnum,_New Enum,IUnknown,R_O
RepeatingSectionItemColl,Count,Count,Long,R_O
Replacement,Application,Application,Application,R_O
Replacement,Creator,Creator,Long,R_O
Replacement,Parent,Parent,Object,R_O
Replacement,Font,Font,Font,V
Replacement,ParagraphFormat,Paragraph Format,ParagraphFormat,V
Replacement,Style,Style,Variant,V
Replacement,Text,Text,String,V
Replacement,LanguageID,Language ID,WdLanguageID,V
Replacement,Highlight,Highlight,Long,V
Replacement,Frame,Frame,Frame,R_O
Replacement,LanguageIDFarEast,Language ID Far East,WdLanguageID,V
Replacement,NoProofing,No Proofing,Long,V
Research,Application,Application,Application,R_O
Research,Creator,Creator,Long,R_O
Research,Parent,Parent,Object,R_O
Research,FavoriteService,Favorite Service,String,V
Reviewer,Application,Application,Application,R_O
Reviewer,Creator,Creator,Long,R_O
Reviewer,Parent,Parent,Object,R_O
Reviewer,Visible,Visible,Boolean,V
Reviewers,_NewEnum,_New Enum,IUnknown,R_O
Reviewers,Application,Application,Application,R_O
Reviewers,Creator,Creator,Long,R_O
Reviewers,Parent,Parent,Object,R_O
Reviewers,Count,Count,Long,R_O
Revision,Application,Application,Application,R_O
Revision,Creator,Creator,Long,R_O
Revision,Parent,Parent,Object,R_O
Revision,Author,Author,String,R_O
Revision,Date,Date,Date,R_O
Revision,Range,Range,Range,R_O
Revision,Type,Type,WdRevisionType,R_O
Revision,Index,Index,Long,R_O
Revision,Style,Style,Style,R_O
Revision,FormatDescription,Format Description,String,R_O
Revision,MovedRange,Moved Range,Range,R_O
Revision,Cells,Cells,Cells,R_O
Revisions,Application,Application,Application,R_O
Revisions,Creator,Creator,Long,R_O
Revisions,Parent,Parent,Object,R_O
Revisions,_NewEnum,_New Enum,IUnknown,R_O
Revisions,Count,Count,Long,R_O
RevisionsFilter,View,View,WdRevisionsView,V
RevisionsFilter,Markup,Markup,WdRevisionsMarkup,V
RevisionsFilter,Reviewers,Reviewers,Reviewers,R_O
RoutingSlip,Application,Application,Application,R_O
RoutingSlip,Creator,Creator,Long,R_O
RoutingSlip,Parent,Parent,Object,R_O
RoutingSlip,Subject,Subject,String,V
RoutingSlip,Message,Message,String,V
RoutingSlip,Delivery,Delivery,WdRoutingSlipDelivery,V
RoutingSlip,TrackStatus,Track Status,Boolean,V
RoutingSlip,Protect,Protect,WdProtectionType,V
RoutingSlip,ReturnWhenDone,Return When Done,Boolean,V
RoutingSlip,Status,Status,WdRoutingSlipStatus,R_O
RoutingSlip,Recipients,Recipients,Variant,R_O
Row,Range,Range,Range,R_O
Row,Application,Application,Application,R_O
Row,Creator,Creator,Long,R_O
Row,Parent,Parent,Object,R_O
Row,AllowBreakAcrossPages,Allow Break Across Pages,Long,V
Row,Alignment,Alignment,WdRowAlignment,V
Row,HeadingFormat,Heading Format,Long,V
Row,SpaceBetweenColumns,Space Between Columns,Single,V
Row,Height,Height,Single,V
Row,HeightRule,Height Rule,WdRowHeightRule,V
Row,LeftIndent,Left Indent,Single,V
Row,IsLast,Is Last,Boolean,R_O
Row,IsFirst,Is First,Boolean,R_O
Row,Index,Index,Long,R_O
Row,Cells,Cells,Cells,R_O
Row,Borders,Borders,Borders,V
Row,Shading,Shading,Shading,R_O
Row,Next,Next,Row,R_O
Row,Previous,Previous,Row,R_O
Row,NestingLevel,Nesting Level,Long,R_O
Row,ID,ID,String,V
Rows,_NewEnum,_New Enum,IUnknown,R_O
Rows,Count,Count,Long,R_O
Rows,AllowBreakAcrossPages,Allow Break Across Pages,Long,V
Rows,Alignment,Alignment,WdRowAlignment,V
Rows,HeadingFormat,Heading Format,Long,V
Rows,SpaceBetweenColumns,Space Between Columns,Single,V
Rows,Height,Height,Single,V
Rows,HeightRule,Height Rule,WdRowHeightRule,V
Rows,LeftIndent,Left Indent,Single,V
Rows,First,First,Row,R_O
Rows,Last,Last,Row,R_O
Rows,Application,Application,Application,R_O
Rows,Creator,Creator,Long,R_O
Rows,Parent,Parent,Object,R_O
Rows,Borders,Borders,Borders,V
Rows,Shading,Shading,Shading,R_O
Rows,WrapAroundText,Wrap Around Text,Long,V
Rows,DistanceTop,Distance Top,Single,V
Rows,DistanceBottom,Distance Bottom,Single,V
Rows,DistanceLeft,Distance Left,Single,V
Rows,DistanceRight,Distance Right,Single,V
Rows,HorizontalPosition,Horizontal Position,Single,V
Rows,VerticalPosition,Vertical Position,Single,V
Rows,RelativeHorizontalPosition,Relative Horizontal Position,WdRelativeHorizontalPosition,V
Rows,RelativeVerticalPosition,Relative Vertical Position,WdRelativeVerticalPosition,V
Rows,AllowOverlap,Allow Overlap,Long,V
Rows,NestingLevel,Nesting Level,Long,R_O
Rows,TableDirection,Table Direction,WdTableDirection,V
Section,Range,Range,Range,R_O
Section,Application,Application,Application,R_O
Section,Creator,Creator,Long,R_O
Section,Parent,Parent,Object,R_O
Section,PageSetup,Page Setup,PageSetup,V
Section,Headers,Headers,HeadersFooters,R_O
Section,Footers,Footers,HeadersFooters,R_O
Section,ProtectedForForms,Protected For Forms,Boolean,V
Section,Index,Index,Long,R_O
Section,Borders,Borders,Borders,V
Sections,_NewEnum,_New Enum,IUnknown,R_O
Sections,Count,Count,Long,R_O
Sections,First,First,Section,R_O
Sections,Last,Last,Section,R_O
Sections,Application,Application,Application,R_O
Sections,Creator,Creator,Long,R_O
Sections,Parent,Parent,Object,R_O
Sections,PageSetup,Page Setup,PageSetup,V
Selection,Text,Text,String,V
Selection,FormattedText,Formatted Text,Range,V
Selection,Start,Start,Long,V
Selection,End,End,Long,V
Selection,Font,Font,Font,V
Selection,Type,Type,WdSelectionType,R_O
Selection,StoryType,Story Type,WdStoryType,R_O
Selection,Style,Style,Variant,V
Selection,Tables,Tables,Tables,R_O
Selection,Words,Words,Words,R_O
Selection,Sentences,Sentences,Sentences,R_O
Selection,Characters,Characters,Characters,R_O
Selection,Footnotes,Footnotes,Footnotes,R_O
Selection,Endnotes,Endnotes,Endnotes,R_O
Selection,Comments,Comments,Comments,R_O
Selection,Cells,Cells,Cells,R_O
Selection,Sections,Sections,Sections,R_O
Selection,Paragraphs,Paragraphs,Paragraphs,R_O
Selection,Borders,Borders,Borders,V
Selection,Shading,Shading,Shading,R_O
Selection,Fields,Fields,Fields,R_O
Selection,FormFields,Form Fields,FormFields,R_O
Selection,Frames,Frames,Frames,R_O
Selection,ParagraphFormat,Paragraph Format,ParagraphFormat,V
Selection,PageSetup,Page Setup,PageSetup,V
Selection,Bookmarks,Bookmarks,Bookmarks,R_O
Selection,StoryLength,Story Length,Long,R_O
Selection,LanguageID,Language ID,WdLanguageID,V
Selection,LanguageIDFarEast,Language ID Far East,WdLanguageID,V
Selection,LanguageIDOther,Language ID Other,WdLanguageID,V
Selection,Hyperlinks,Hyperlinks,Hyperlinks,R_O
Selection,Columns,Columns,Columns,R_O
Selection,Rows,Rows,Rows,R_O
Selection,HeaderFooter,Header Footer,HeaderFooter,R_O
Selection,IsEndOfRowMark,Is End Of Row Mark,Boolean,R_O
Selection,BookmarkID,Bookmark ID,Long,R_O
Selection,PreviousBookmarkID,Previous Bookmark ID,Long,R_O
Selection,Find,Find,Find,R_O
Selection,Range,Range,Range,R_O
Selection,Information,Information,Variant,R_O
Selection,Flags,Flags,WdSelectionFlags,V
Selection,Active,Active,Boolean,R_O
Selection,StartIsActive,Start Is Active,Boolean,V
Selection,IPAtEndOfLine,IP At End Of Line,Boolean,R_O
Selection,ExtendMode,Extend Mode,Boolean,V
Selection,ColumnSelectMode,Column Select Mode,Boolean,V
Selection,Orientation,Orientation,WdTextOrientation,V
Selection,InlineShapes,Inline Shapes,InlineShapes,R_O
Selection,Application,Application,Application,R_O
Selection,Creator,Creator,Long,R_O
Selection,Parent,Parent,Object,R_O
Selection,Document,Document,Document,R_O
Selection,ShapeRange,Shape Range,ShapeRange,R_O
Selection,NoProofing,No Proofing,Long,V
Selection,TopLevelTables,Top Level Tables,Tables,R_O
Selection,LanguageDetected,Language Detected,Boolean,V
Selection,FitTextWidth,Fit Text Width,Single,V
Selection,HTMLDivisions,HTML Divisions,HTMLDivisions,R_O
Selection,ChildShapeRange,Child Shape Range,ShapeRange,R_O
Selection,HasChildShapeRange,Has Child Shape Range,Boolean,R_O
Selection,FootnoteOptions,Footnote Options,FootnoteOptions,R_O
Selection,EndnoteOptions,Endnote Options,EndnoteOptions,R_O
Selection,Editors,Editors,Editors,R_O
Selection,XML,XML,String,R_O
Selection,EnhMetaFileBits,Enh Meta File Bits,Variant,R_O
Selection,OMaths,O Maths,OMaths,R_O
Selection,WordOpenXML,Word Open XML,String,R_O
Sentences,_NewEnum,_New Enum,IUnknown,R_O
Sentences,Count,Count,Long,R_O
Sentences,First,First,Range,R_O
Sentences,Last,Last,Range,R_O
Sentences,Application,Application,Application,R_O
Sentences,Creator,Creator,Long,R_O
Sentences,Parent,Parent,Object,R_O
Series,Parent,Parent,Object,R_O
Series,AxisGroup,Axis Group,XlAxisGroup,V
Series,Border,Border,ChartBorder,R_O
Series,ErrorBars,Error Bars,ErrorBars,R_O
Series,Explosion,Explosion,Long,V
Series,Formula,Formula,String,V
Series,FormulaLocal,Formula Local,String,V
Series,FormulaR1C1,Formula R1 C1,String,V
Series,FormulaR1C1Local,Formula R1 C1 Local,String,V
Series,HasDataLabels,Has Data Labels,Boolean,V
Series,HasErrorBars,Has Error Bars,Boolean,V
Series,InvertIfNegative,Invert If Negative,Boolean,V
Series,MarkerBackgroundColor,Marker Background Color,Long,V
Series,MarkerBackgroundColorIndex,Marker Background Color Index,XlColorIndex,V
Series,MarkerForegroundColor,Marker Foreground Color,Long,V
Series,MarkerForegroundColorIndex,Marker Foreground Color Index,XlColorIndex,V
Series,MarkerSize,Marker Size,Long,V
Series,MarkerStyle,Marker Style,XlMarkerStyle,V
Series,Name,Name,String,V
Series,PictureType,Picture Type,XlChartPictureType,V
Series,PlotOrder,Plot Order,Long,V
Series,Smooth,Smooth,Boolean,V
Series,Type,Type,Long,V
Series,ChartType,Chart Type,XlChartType,V
Series,Values,Values,Variant,V
Series,XValues,X Values,Variant,V
Series,BubbleSizes,Bubble Sizes,Variant,V
Series,BarShape,Bar Shape,XlBarShape,V
Series,ApplyPictToSides,Apply Pict To Sides,Boolean,V
Series,ApplyPictToFront,Apply Pict To Front,Boolean,V
Series,ApplyPictToEnd,Apply Pict To End,Boolean,V
Series,Has3DEffect,Has3 D Effect,Boolean,V
Series,Shadow,Shadow,Boolean,V
Series,HasLeaderLines,Has Leader Lines,Boolean,V
Series,LeaderLines,Leader Lines,LeaderLines,R_O
Series,Format,Format,ChartFormat,R_O
Series,Application,Application,Object,R_O
Series,Creator,Creator,Long,R_O
Series,PictureUnit2,Picture Unit2,Double,V
Series,PlotColorIndex,Plot Color Index,Long,R_O
Series,InvertColor,Invert Color,Long,V
Series,InvertColorIndex,Invert Color Index,XlColorIndex,V
Series,IsFiltered,Is Filtered,Boolean,V
Series,ParentDataLabelOption,Parent Data Label Option,XlParentDataLabelOptions,V
Series,QuartileCalculationInclusiveMedian,Quartile Calculation Inclusive Median,Boolean,V
Series,ValueSortOrder,Value Sort Order,XlValueSortOrder,V
Series,GeoProjectionType,Geo Projection Type,XlGeoProjectionType,V
Series,GeoMappingLevel,Geo Mapping Level,XlGeoMappingLevel,V
Series,RegionLabelOption,Region Label Option,XlRegionLabelOptions,V
Series,SeriesColorGradientStyle,Series Color Gradient Style,XlSeriesColorGradientStyle,V
SeriesCollection,Parent,Parent,Object,R_O
SeriesCollection,Count,Count,Long,R_O
SeriesCollection,Application,Application,Object,R_O
SeriesCollection,Creator,Creator,Long,R_O
SeriesLines,Name,Name,String,R_O
SeriesLines,Parent,Parent,Object,R_O
SeriesLines,Border,Border,ChartBorder,R_O
SeriesLines,Format,Format,ChartFormat,R_O
SeriesLines,Application,Application,Object,R_O
SeriesLines,Creator,Creator,Long,R_O
Shading,Application,Application,Application,R_O
Shading,Creator,Creator,Long,R_O
Shading,Parent,Parent,Object,R_O
Shading,ForegroundPatternColorIndex,Foreground Pattern Color Index,WdColorIndex,V
Shading,BackgroundPatternColorIndex,Background Pattern Color Index,WdColorIndex,V
Shading,Texture,Texture,WdTextureIndex,V
Shading,ForegroundPatternColor,Foreground Pattern Color,WdColor,V
Shading,BackgroundPatternColor,Background Pattern Color,WdColor,V
ShadowFormat,Application,Application,Application,R_O
ShadowFormat,Creator,Creator,Long,R_O
ShadowFormat,Parent,Parent,Object,R_O
ShadowFormat,ForeColor,Fore Color,ColorFormat,R_O
ShadowFormat,Obscured,Obscured,MsoTriState,V
ShadowFormat,OffsetX,Offset X,Single,V
ShadowFormat,OffsetY,Offset Y,Single,V
ShadowFormat,Transparency,Transparency,Single,V
ShadowFormat,Type,Type,MsoShadowType,V
ShadowFormat,Visible,Visible,MsoTriState,V
ShadowFormat,Style,Style,MsoShadowStyle,V
ShadowFormat,Blur,Blur,Single,V
ShadowFormat,Size,Size,Single,V
ShadowFormat,RotateWithShape,Rotate With Shape,MsoTriState,V
Shape,Application,Application,Application,R_O
Shape,Creator,Creator,Long,R_O
Shape,Parent,Parent,Object,R_O
Shape,Adjustments,Adjustments,Adjustments,R_O
Shape,AutoShapeType,Auto Shape Type,MsoAutoShapeType,V
Shape,Callout,Callout,CalloutFormat,R_O
Shape,Fill,Fill,FillFormat,R_O
Shape,GroupItems,Group Items,GroupShapes,R_O
Shape,Height,Height,Single,V
Shape,HorizontalFlip,Horizontal Flip,MsoTriState,R_O
Shape,Left,Left,Single,V
Shape,Line,Line,LineFormat,R_O
Shape,LockAspectRatio,Lock Aspect Ratio,MsoTriState,V
Shape,Name,Name,String,V
Shape,Nodes,Nodes,ShapeNodes,R_O
Shape,Rotation,Rotation,Single,V
Shape,PictureFormat,Picture Format,PictureFormat,R_O
Shape,Shadow,Shadow,ShadowFormat,R_O
Shape,TextEffect,Text Effect,TextEffectFormat,R_O
Shape,TextFrame,Text Frame,TextFrame,R_O
Shape,ThreeD,Three D,ThreeDFormat,R_O
Shape,Top,Top,Single,V
Shape,Type,Type,MsoShapeType,R_O
Shape,VerticalFlip,Vertical Flip,MsoTriState,R_O
Shape,Vertices,Vertices,Variant,R_O
Shape,Visible,Visible,MsoTriState,V
Shape,Width,Width,Single,V
Shape,ZOrderPosition,Z Order Position,Long,R_O
Shape,Hyperlink,Hyperlink,Hyperlink,R_O
Shape,RelativeHorizontalPosition,Relative Horizontal Position,WdRelativeHorizontalPosition,V
Shape,RelativeVerticalPosition,Relative Vertical Position,WdRelativeVerticalPosition,V
Shape,LockAnchor,Lock Anchor,Long,V
Shape,WrapFormat,Wrap Format,WrapFormat,R_O
Shape,OLEFormat,OLE Format,OLEFormat,R_O
Shape,Anchor,Anchor,Range,R_O
Shape,LinkFormat,Link Format,LinkFormat,R_O
Shape,AlternativeText,Alternative Text,String,V
Shape,Script,Script,Script,R_O
Shape,Child,Child,MsoTriState,R_O
Shape,ParentGroup,Parent Group,Shape,R_O
Shape,CanvasItems,Canvas Items,CanvasShapes,R_O
Shape,ID,ID,Long,R_O
Shape,LayoutInCell,Layout In Cell,Long,V
Shape,HasChart,Has Chart,MsoTriState,R_O
Shape,Chart,Chart,Chart,R_O
Shape,LeftRelative,Left Relative,Single,V
Shape,TopRelative,Top Relative,Single,V
Shape,WidthRelative,Width Relative,Single,V
Shape,HeightRelative,Height Relative,Single,V
Shape,RelativeHorizontalSize,Relative Horizontal Size,WdRelativeHorizontalSize,V
Shape,RelativeVerticalSize,Relative Vertical Size,WdRelativeVerticalSize,V
Shape,SoftEdge,Soft Edge,SoftEdgeFormat,R_O
Shape,Glow,Glow,GlowFormat,R_O
Shape,Reflection,Reflection,ReflectionFormat,R_O
Shape,TextFrame2,Text Frame2,TextFrame2,R_O
Shape,HasSmartArt,Has Smart Art,MsoTriState,R_O
Shape,SmartArt,Smart Art,SmartArt,R_O
Shape,ShapeStyle,Shape Style,MsoShapeStyleIndex,V
Shape,BackgroundStyle,Background Style,MsoBackgroundStyleIndex,V
Shape,Title,Title,String,V
Shape,GraphicStyle,Graphic Style,MsoGraphicStyleIndex,V
Shape,Model3D,Model3 D,Model3DFormat,R_O
Shape,Decorative,Decorative,MsoTriState,V
ShapeNode,Application,Application,Application,R_O
ShapeNode,Creator,Creator,Long,R_O
ShapeNode,Parent,Parent,Object,R_O
ShapeNode,EditingType,Editing Type,MsoEditingType,R_O
ShapeNode,Points,Points,Variant,R_O
ShapeNode,SegmentType,Segment Type,MsoSegmentType,R_O
ShapeNodes,Application,Application,Application,R_O
ShapeNodes,Creator,Creator,Long,R_O
ShapeNodes,Parent,Parent,Object,R_O
ShapeNodes,Count,Count,Long,R_O
ShapeNodes,_NewEnum,_New Enum,IUnknown,R_O
ShapeRange,Application,Application,Application,R_O
ShapeRange,Creator,Creator,Long,R_O
ShapeRange,Parent,Parent,Object,R_O
ShapeRange,Count,Count,Long,R_O
ShapeRange,_NewEnum,_New Enum,IUnknown,R_O
ShapeRange,Adjustments,Adjustments,Adjustments,R_O
ShapeRange,AutoShapeType,Auto Shape Type,MsoAutoShapeType,V
ShapeRange,Callout,Callout,CalloutFormat,R_O
ShapeRange,Fill,Fill,FillFormat,R_O
ShapeRange,GroupItems,Group Items,GroupShapes,R_O
ShapeRange,Height,Height,Single,V
ShapeRange,HorizontalFlip,Horizontal Flip,MsoTriState,R_O
ShapeRange,Left,Left,Single,V
ShapeRange,Line,Line,LineFormat,R_O
ShapeRange,LockAspectRatio,Lock Aspect Ratio,MsoTriState,V
ShapeRange,Name,Name,String,V
ShapeRange,Nodes,Nodes,ShapeNodes,R_O
ShapeRange,Rotation,Rotation,Single,V
ShapeRange,PictureFormat,Picture Format,PictureFormat,R_O
ShapeRange,Shadow,Shadow,ShadowFormat,R_O
ShapeRange,TextEffect,Text Effect,TextEffectFormat,R_O
ShapeRange,TextFrame,Text Frame,TextFrame,R_O
ShapeRange,ThreeD,Three D,ThreeDFormat,R_O
ShapeRange,Top,Top,Single,V
ShapeRange,Type,Type,MsoShapeType,R_O
ShapeRange,VerticalFlip,Vertical Flip,MsoTriState,R_O
ShapeRange,Vertices,Vertices,Variant,R_O
ShapeRange,Visible,Visible,MsoTriState,V
ShapeRange,Width,Width,Single,V
ShapeRange,ZOrderPosition,Z Order Position,Long,R_O
ShapeRange,Hyperlink,Hyperlink,Hyperlink,R_O
ShapeRange,RelativeHorizontalPosition,Relative Horizontal Position,WdRelativeHorizontalPosition,V
ShapeRange,RelativeVerticalPosition,Relative Vertical Position,WdRelativeVerticalPosition,V
ShapeRange,LockAnchor,Lock Anchor,Long,V
ShapeRange,WrapFormat,Wrap Format,WrapFormat,R_O
ShapeRange,Anchor,Anchor,Range,R_O
ShapeRange,AlternativeText,Alternative Text,String,V
ShapeRange,Child,Child,MsoTriState,R_O
ShapeRange,ParentGroup,Parent Group,Shape,R_O
ShapeRange,CanvasItems,Canvas Items,CanvasShapes,R_O
ShapeRange,ID,ID,Long,R_O
ShapeRange,LayoutInCell,Layout In Cell,Long,V
ShapeRange,LeftRelative,Left Relative,Single,V
ShapeRange,TopRelative,Top Relative,Single,V
ShapeRange,WidthRelative,Width Relative,Single,V
ShapeRange,HeightRelative,Height Relative,Single,V
ShapeRange,RelativeHorizontalSize,Relative Horizontal Size,WdRelativeHorizontalSize,V
ShapeRange,RelativeVerticalSize,Relative Vertical Size,WdRelativeVerticalSize,V
ShapeRange,SoftEdge,Soft Edge,SoftEdgeFormat,R_O
ShapeRange,Glow,Glow,GlowFormat,R_O
ShapeRange,Reflection,Reflection,ReflectionFormat,R_O
ShapeRange,TextFrame2,Text Frame2,TextFrame2,R_O
ShapeRange,ShapeStyle,Shape Style,MsoShapeStyleIndex,V
ShapeRange,BackgroundStyle,Background Style,MsoBackgroundStyleIndex,V
ShapeRange,Title,Title,String,V
ShapeRange,GraphicStyle,Graphic Style,MsoGraphicStyleIndex,V
ShapeRange,Model3D,Model3 D,Model3DFormat,R_O
ShapeRange,Decorative,Decorative,MsoTriState,V
Shapes,Application,Application,Application,R_O
Shapes,Creator,Creator,Long,R_O
Shapes,Parent,Parent,Object,R_O
Shapes,Count,Count,Long,R_O
Shapes,_NewEnum,_New Enum,IUnknown,R_O
SmartTagActions,_NewEnum,_New Enum,IUnknown,R_O
SoftEdgeFormat,Type,Type,MsoSoftEdgeType,V
SoftEdgeFormat,Radius,Radius,Single,V
SoftEdgeFormat,Application,Application,Application,R_O
SoftEdgeFormat,Creator,Creator,Long,R_O
SoftEdgeFormat,Parent,Parent,Object,R_O
Source,Application,Application,Application,R_O
Source,Creator,Creator,Long,R_O
Source,Parent,Parent,Object,R_O
Source,Tag,Tag,String,R_O
Source,Field,Field,String,V
Source,XML,XML,String,R_O
Source,Cited,Cited,Boolean,R_O
Sources,_NewEnum,_New Enum,IUnknown,R_O
Sources,Count,Count,Long,R_O
Sources,Application,Application,Application,R_O
Sources,Creator,Creator,Long,R_O
Sources,Parent,Parent,Object,R_O
SpellingSuggestion,Application,Application,Application,R_O
SpellingSuggestion,Creator,Creator,Long,R_O
SpellingSuggestion,Parent,Parent,Object,R_O
SpellingSuggestion,Name,Name,String,R_O
SpellingSuggestions,Application,Application,Application,R_O
SpellingSuggestions,Creator,Creator,Long,R_O
SpellingSuggestions,Parent,Parent,Object,R_O
SpellingSuggestions,_NewEnum,_New Enum,IUnknown,R_O
SpellingSuggestions,Count,Count,Long,R_O
SpellingSuggestions,SpellingErrorType,Spelling Error Type,WdSpellingErrorType,R_O
StoryRanges,_NewEnum,_New Enum,IUnknown,R_O
StoryRanges,Count,Count,Long,R_O
StoryRanges,Application,Application,Application,R_O
StoryRanges,Creator,Creator,Long,R_O
StoryRanges,Parent,Parent,Object,R_O
Style,Application,Application,Application,R_O
Style,Creator,Creator,Long,R_O
Style,Parent,Parent,Object,R_O
Style,NameLocal,Name Local,String,V
Style,BaseStyle,Base Style,Variant,V
Style,Description,Description,String,R_O
Style,Type,Type,WdStyleType,R_O
Style,BuiltIn,Built In,Boolean,R_O
Style,NextParagraphStyle,Next Paragraph Style,Variant,V
Style,InUse,In Use,Boolean,R_O
Style,Shading,Shading,Shading,R_O
Style,Borders,Borders,Borders,V
Style,ParagraphFormat,Paragraph Format,ParagraphFormat,V
Style,Font,Font,Font,V
Style,Frame,Frame,Frame,R_O
Style,LanguageID,Language ID,WdLanguageID,V
Style,AutomaticallyUpdate,Automatically Update,Boolean,V
Style,ListTemplate,List Template,ListTemplate,R_O
Style,ListLevelNumber,List Level Number,Long,R_O
Style,LanguageIDFarEast,Language ID Far East,WdLanguageID,V
Style,NoProofing,No Proofing,Long,V
Style,LinkStyle,Link Style,Variant,V
Style,Visibility,Visibility,Boolean,V
Style,NoSpaceBetweenParagraphsOfSameStyle,No Space Between Paragraphs Of Same Style,Boolean,V
Style,Table,Table,TableStyle,R_O
Style,Locked,Locked,Boolean,V
Style,Priority,Priority,Long,V
Style,UnhideWhenUsed,Unhide When Used,Boolean,V
Style,QuickStyle,Quick Style,Boolean,V
Style,Linked,Linked,Boolean,R_O
Styles,Application,Application,Application,R_O
Styles,Creator,Creator,Long,R_O
Styles,Parent,Parent,Object,R_O
Styles,_NewEnum,_New Enum,IUnknown,R_O
Styles,Count,Count,Long,R_O
StyleSheet,Application,Application,Application,R_O
StyleSheet,Creator,Creator,Long,R_O
StyleSheet,Parent,Parent,Object,R_O
StyleSheet,FullName,Full Name,String,R_O
StyleSheet,Index,Index,Long,R_O
StyleSheet,Name,Name,String,R_O
StyleSheet,Path,Path,String,R_O
StyleSheet,Type,Type,WdStyleSheetLinkType,V
StyleSheet,Title,Title,String,V
StyleSheets,Application,Application,Application,R_O
StyleSheets,Creator,Creator,Long,R_O
StyleSheets,Parent,Parent,Object,R_O
StyleSheets,_NewEnum,_New Enum,IUnknown,R_O
StyleSheets,Count,Count,Long,R_O
Subdocument,Application,Application,Application,R_O
Subdocument,Creator,Creator,Long,R_O
Subdocument,Parent,Parent,Object,R_O
Subdocument,Locked,Locked,Boolean,V
Subdocument,Range,Range,Range,R_O
Subdocument,Name,Name,String,R_O
Subdocument,Path,Path,String,R_O
Subdocument,HasFile,Has File,Boolean,R_O
Subdocument,Level,Level,Long,R_O
Subdocuments,Application,Application,Application,R_O
Subdocuments,Creator,Creator,Long,R_O
Subdocuments,Parent,Parent,Object,R_O
Subdocuments,Count,Count,Long,R_O
Subdocuments,_NewEnum,_New Enum,IUnknown,R_O
Subdocuments,Expanded,Expanded,Boolean,V
SynonymInfo,Application,Application,Application,R_O
SynonymInfo,Creator,Creator,Long,R_O
SynonymInfo,Parent,Parent,Object,R_O
SynonymInfo,Word,Word,String,R_O
SynonymInfo,Found,Found,Boolean,R_O
SynonymInfo,MeaningCount,Meaning Count,Long,R_O
SynonymInfo,MeaningList,Meaning List,Variant,R_O
SynonymInfo,PartOfSpeechList,Part Of Speech List,Variant,R_O
SynonymInfo,SynonymList,Synonym List,Variant,R_O
SynonymInfo,AntonymList,Antonym List,Variant,R_O
SynonymInfo,RelatedExpressionList,Related Expression List,Variant,R_O
SynonymInfo,RelatedWordList,Related Word List,Variant,R_O
System,Application,Application,Application,R_O
System,Creator,Creator,Long,R_O
System,Parent,Parent,Object,R_O
System,OperatingSystem,Operating System,String,R_O
System,Version,Version,String,R_O
System,FreeDiskSpace,Free Disk Space,Long,R_O
System,LanguageDesignation,Language Designation,String,R_O
System,HorizontalResolution,Horizontal Resolution,Long,R_O
System,VerticalResolution,Vertical Resolution,Long,R_O
System,ProfileString,Profile String,String,V
System,PrivateProfileString,Private Profile String,String,V
System,MathCoprocessorInstalled,Math Coprocessor Installed,Boolean,R_O
System,ComputerType,Computer Type,String,R_O
System,MacintoshName,Macintosh Name,String,R_O
System,QuickDrawInstalled,Quick Draw Installed,Boolean,R_O
System,Cursor,Cursor,WdCursorType,V
System,CountryRegion,Country Region,WdCountry,R_O
Table,Range,Range,Range,R_O
Table,Application,Application,Application,R_O
Table,Creator,Creator,Long,R_O
Table,Parent,Parent,Object,R_O
Table,Columns,Columns,Columns,R_O
Table,Rows,Rows,Rows,R_O
Table,Borders,Borders,Borders,V
Table,Shading,Shading,Shading,R_O
Table,Uniform,Uniform,Boolean,R_O
Table,AutoFormatType,Auto Format Type,Long,R_O
Table,Tables,Tables,Tables,R_O
Table,NestingLevel,Nesting Level,Long,R_O
Table,AllowAutoFit,Allow Auto Fit,Boolean,V
Table,PreferredWidth,Preferred Width,Single,V
Table,PreferredWidthType,Preferred Width Type,WdPreferredWidthType,V
Table,TopPadding,Top Padding,Single,V
Table,BottomPadding,Bottom Padding,Single,V
Table,LeftPadding,Left Padding,Single,V
Table,RightPadding,Right Padding,Single,V
Table,Spacing,Spacing,Single,V
Table,TableDirection,Table Direction,WdTableDirection,V
Table,ID,ID,String,V
Table,Style,Style,Variant,V
Table,ApplyStyleHeadingRows,Apply Style Heading Rows,Boolean,V
Table,ApplyStyleLastRow,Apply Style Last Row,Boolean,V
Table,ApplyStyleFirstColumn,Apply Style First Column,Boolean,V
Table,ApplyStyleLastColumn,Apply Style Last Column,Boolean,V
Table,ApplyStyleRowBands,Apply Style Row Bands,Boolean,V
Table,ApplyStyleColumnBands,Apply Style Column Bands,Boolean,V
Table,Title,Title,String,V
Table,Descr,Descr,String,V
TableOfAuthorities,Application,Application,Application,R_O
TableOfAuthorities,Creator,Creator,Long,R_O
TableOfAuthorities,Parent,Parent,Object,R_O
TableOfAuthorities,Passim,Passim,Boolean,V
TableOfAuthorities,KeepEntryFormatting,Keep Entry Formatting,Boolean,V
TableOfAuthorities,Category,Category,Long,V
TableOfAuthorities,Bookmark,Bookmark,String,V
TableOfAuthorities,Separator,Separator,String,V
TableOfAuthorities,IncludeSequenceName,Include Sequence Name,String,V
TableOfAuthorities,EntrySeparator,Entry Separator,String,V
TableOfAuthorities,PageRangeSeparator,Page Range Separator,String,V
TableOfAuthorities,IncludeCategoryHeader,Include Category Header,Boolean,V
TableOfAuthorities,PageNumberSeparator,Page Number Separator,String,V
TableOfAuthorities,Range,Range,Range,R_O
TableOfAuthorities,TabLeader,Tab Leader,WdTabLeader,V
TableOfAuthoritiesCategory,Application,Application,Application,R_O
TableOfAuthoritiesCategory,Creator,Creator,Long,R_O
TableOfAuthoritiesCategory,Parent,Parent,Object,R_O
TableOfAuthoritiesCategory,Name,Name,String,V
TableOfAuthoritiesCategory,Index,Index,Long,R_O
TableOfContents,Application,Application,Application,R_O
TableOfContents,Creator,Creator,Long,R_O
TableOfContents,Parent,Parent,Object,R_O
TableOfContents,UseHeadingStyles,Use Heading Styles,Boolean,V
TableOfContents,UseFields,Use Fields,Boolean,V
TableOfContents,UpperHeadingLevel,Upper Heading Level,Long,V
TableOfContents,LowerHeadingLevel,Lower Heading Level,Long,V
TableOfContents,TableID,Table ID,String,V
TableOfContents,HeadingStyles,Heading Styles,HeadingStyles,R_O
TableOfContents,RightAlignPageNumbers,Right Align Page Numbers,Boolean,V
TableOfContents,IncludePageNumbers,Include Page Numbers,Boolean,V
TableOfContents,Range,Range,Range,R_O
TableOfContents,TabLeader,Tab Leader,WdTabLeader,V
TableOfContents,UseHyperlinks,Use Hyperlinks,Boolean,V
TableOfContents,HidePageNumbersInWeb,Hide Page Numbers In Web,Boolean,V
TableOfFigures,Application,Application,Application,R_O
TableOfFigures,Creator,Creator,Long,R_O
TableOfFigures,Parent,Parent,Object,R_O
TableOfFigures,Caption,Caption,String,V
TableOfFigures,IncludeLabel,Include Label,Boolean,V
TableOfFigures,RightAlignPageNumbers,Right Align Page Numbers,Boolean,V
TableOfFigures,UseHeadingStyles,Use Heading Styles,Boolean,V
TableOfFigures,LowerHeadingLevel,Lower Heading Level,Long,V
TableOfFigures,UpperHeadingLevel,Upper Heading Level,Long,V
TableOfFigures,IncludePageNumbers,Include Page Numbers,Boolean,V
TableOfFigures,Range,Range,Range,R_O
TableOfFigures,UseFields,Use Fields,Boolean,V
TableOfFigures,TableID,Table ID,String,V
TableOfFigures,HeadingStyles,Heading Styles,HeadingStyles,R_O
TableOfFigures,TabLeader,Tab Leader,WdTabLeader,V
TableOfFigures,UseHyperlinks,Use Hyperlinks,Boolean,V
TableOfFigures,HidePageNumbersInWeb,Hide Page Numbers In Web,Boolean,V
Tables,_NewEnum,_New Enum,IUnknown,R_O
Tables,Count,Count,Long,R_O
Tables,Application,Application,Application,R_O
Tables,Creator,Creator,Long,R_O
Tables,Parent,Parent,Object,R_O
Tables,NestingLevel,Nesting Level,Long,R_O
TablesOfAuthorities,Application,Application,Application,R_O
TablesOfAuthorities,Creator,Creator,Long,R_O
TablesOfAuthorities,Parent,Parent,Object,R_O
TablesOfAuthorities,_NewEnum,_New Enum,IUnknown,R_O
TablesOfAuthorities,Count,Count,Long,R_O
TablesOfAuthorities,Format,Format,WdToaFormat,V
TablesOfAuthoritiesCategories,Application,Application,Application,R_O
TablesOfAuthoritiesCategories,Creator,Creator,Long,R_O
TablesOfAuthoritiesCategories,Parent,Parent,Object,R_O
TablesOfAuthoritiesCategories,_NewEnum,_New Enum,IUnknown,R_O
TablesOfAuthoritiesCategories,Count,Count,Long,R_O
TablesOfContents,Application,Application,Application,R_O
TablesOfContents,Creator,Creator,Long,R_O
TablesOfContents,Parent,Parent,Object,R_O
TablesOfContents,_NewEnum,_New Enum,IUnknown,R_O
TablesOfContents,Count,Count,Long,R_O
TablesOfContents,Format,Format,WdTocFormat,V
TablesOfFigures,Application,Application,Application,R_O
TablesOfFigures,Creator,Creator,Long,R_O
TablesOfFigures,Parent,Parent,Object,R_O
TablesOfFigures,_NewEnum,_New Enum,IUnknown,R_O
TablesOfFigures,Count,Count,Long,R_O
TablesOfFigures,Format,Format,WdTofFormat,V
TableStyle,Application,Application,Application,R_O
TableStyle,Creator,Creator,Long,R_O
TableStyle,Parent,Parent,Object,R_O
TableStyle,AllowPageBreaks,Allow Page Breaks,Boolean,V
TableStyle,Borders,Borders,Borders,V
TableStyle,BottomPadding,Bottom Padding,Single,V
TableStyle,LeftPadding,Left Padding,Single,V
TableStyle,TopPadding,Top Padding,Single,V
TableStyle,RightPadding,Right Padding,Single,V
TableStyle,Alignment,Alignment,WdRowAlignment,V
TableStyle,Spacing,Spacing,Single,V
TableStyle,TableDirection,Table Direction,WdTableDirection,V
TableStyle,AllowBreakAcrossPage,Allow Break Across Page,Long,V
TableStyle,LeftIndent,Left Indent,Single,V
TableStyle,Shading,Shading,Shading,R_O
TableStyle,RowStripe,Row Stripe,Long,V
TableStyle,ColumnStripe,Column Stripe,Long,V
TabStop,Application,Application,Application,R_O
TabStop,Creator,Creator,Long,R_O
TabStop,Parent,Parent,Object,R_O
TabStop,Alignment,Alignment,WdTabAlignment,V
TabStop,Leader,Leader,WdTabLeader,V
TabStop,Position,Position,Single,V
TabStop,CustomTab,Custom Tab,Boolean,R_O
TabStop,Next,Next,TabStop,R_O
TabStop,Previous,Previous,TabStop,R_O
TabStops,_NewEnum,_New Enum,IUnknown,R_O
TabStops,Count,Count,Long,R_O
TabStops,Application,Application,Application,R_O
TabStops,Creator,Creator,Long,R_O
TabStops,Parent,Parent,Object,R_O
Task,Application,Application,Application,R_O
Task,Creator,Creator,Long,R_O
Task,Parent,Parent,Object,R_O
Task,Name,Name,String,R_O
Task,Left,Left,Long,V
Task,Top,Top,Long,V
Task,Width,Width,Long,V
Task,Height,Height,Long,V
Task,WindowState,Window State,WdWindowState,V
Task,Visible,Visible,Boolean,V
TaskPane,Application,Application,Application,R_O
TaskPane,Creator,Creator,Long,R_O
TaskPane,Parent,Parent,Object,R_O
TaskPane,Visible,Visible,Boolean,V
TaskPanes,_NewEnum,_New Enum,IUnknown,R_O
TaskPanes,Count,Count,Long,R_O
TaskPanes,Application,Application,Application,R_O
TaskPanes,Creator,Creator,Long,R_O
TaskPanes,Parent,Parent,Object,R_O
Tasks,Application,Application,Application,R_O
Tasks,Creator,Creator,Long,R_O
Tasks,Parent,Parent,Object,R_O
Tasks,_NewEnum,_New Enum,IUnknown,R_O
Tasks,Count,Count,Long,R_O
Template,Name,Name,String,R_O
Template,Application,Application,Application,R_O
Template,Creator,Creator,Long,R_O
Template,Parent,Parent,Object,R_O
Template,Path,Path,String,R_O
Template,LanguageID,Language ID,WdLanguageID,V
Template,Saved,Saved,Boolean,V
Template,Type,Type,WdTemplateType,R_O
Template,FullName,Full Name,String,R_O
Template,BuiltInDocumentProperties,Built In Document Properties,Object,R_O
Template,CustomDocumentProperties,Custom Document Properties,Object,R_O
Template,ListTemplates,List Templates,ListTemplates,R_O
Template,LanguageIDFarEast,Language ID Far East,WdLanguageID,V
Template,VBProject,VB Project,VBProject,R_O
Template,KerningByAlgorithm,Kerning By Algorithm,Boolean,V
Template,JustificationMode,Justification Mode,WdJustificationMode,V
Template,FarEastLineBreakLevel,Far East Line Break Level,WdFarEastLineBreakLevel,V
Template,NoLineBreakBefore,No Line Break Before,String,V
Template,NoLineBreakAfter,No Line Break After,String,V
Template,NoProofing,No Proofing,Long,V
Template,FarEastLineBreakLanguage,Far East Line Break Language,WdFarEastLineBreakLanguageID,V
Template,BuildingBlockEntries,Building Block Entries,BuildingBlockEntries,R_O
Template,BuildingBlockTypes,Building Block Types,BuildingBlockTypes,R_O
Template,AutoSaveOn,Auto Save On,Boolean,V
Templates,Application,Application,Application,R_O
Templates,Creator,Creator,Long,R_O
Templates,Parent,Parent,Object,R_O
Templates,Count,Count,Long,R_O
Templates,_NewEnum,_New Enum,IUnknown,R_O
TextColumn,Application,Application,Application,R_O
TextColumn,Creator,Creator,Long,R_O
TextColumn,Parent,Parent,Object,R_O
TextColumn,Width,Width,Single,V
TextColumn,SpaceAfter,Space After,Single,V
TextColumns,_NewEnum,_New Enum,IUnknown,R_O
TextColumns,Count,Count,Long,R_O
TextColumns,Application,Application,Application,R_O
TextColumns,Creator,Creator,Long,R_O
TextColumns,Parent,Parent,Object,R_O
TextColumns,EvenlySpaced,Evenly Spaced,Long,V
TextColumns,LineBetween,Line Between,Long,V
TextColumns,Width,Width,Single,V
TextColumns,Spacing,Spacing,Single,V
TextColumns,FlowDirection,Flow Direction,WdFlowDirection,V
TextEffectFormat,Application,Application,Application,R_O
TextEffectFormat,Creator,Creator,Long,R_O
TextEffectFormat,Parent,Parent,Object,R_O
TextEffectFormat,Alignment,Alignment,MsoTextEffectAlignment,V
TextEffectFormat,FontBold,Font Bold,MsoTriState,V
TextEffectFormat,FontItalic,Font Italic,MsoTriState,V
TextEffectFormat,FontName,Font Name,String,V
TextEffectFormat,FontSize,Font Size,Single,V
TextEffectFormat,KernedPairs,Kerned Pairs,MsoTriState,V
TextEffectFormat,NormalizedHeight,Normalized Height,MsoTriState,V
TextEffectFormat,PresetShape,Preset Shape,MsoPresetTextEffectShape,V
TextEffectFormat,PresetTextEffect,Preset Text Effect,MsoPresetTextEffect,V
TextEffectFormat,RotatedChars,Rotated Chars,MsoTriState,V
TextEffectFormat,Text,Text,String,V
TextEffectFormat,Tracking,Tracking,Single,V
TextFrame,Application,Application,Application,R_O
TextFrame,Creator,Creator,Long,R_O
TextFrame,Parent,Parent,Shape,R_O
TextFrame,MarginBottom,Margin Bottom,Single,V
TextFrame,MarginLeft,Margin Left,Single,V
TextFrame,MarginRight,Margin Right,Single,V
TextFrame,MarginTop,Margin Top,Single,V
TextFrame,Orientation,Orientation,MsoTextOrientation,V
TextFrame,TextRange,Text Range,Range,R_O
TextFrame,ContainingRange,Containing Range,Range,R_O
TextFrame,Next,Next,TextFrame,V
TextFrame,Previous,Previous,TextFrame,V
TextFrame,Overflowing,Overflowing,Boolean,R_O
TextFrame,HasText,Has Text,Long,R_O
TextFrame,AutoSize,Auto Size,Long,V
TextFrame,WordWrap,Word Wrap,Long,V
TextFrame,VerticalAnchor,Vertical Anchor,MsoVerticalAnchor,V
TextFrame,HorizontalAnchor,Horizontal Anchor,MsoHorizontalAnchor,V
TextFrame,PathFormat,Path Format,MsoPathFormat,V
TextFrame,WarpFormat,Warp Format,MsoWarpFormat,V
TextFrame,Column,Column,TextColumn2,R_O
TextFrame,ThreeD,Three D,ThreeDFormat,R_O
TextFrame,NoTextRotation,No Text Rotation,MsoTriState,V
TextInput,Application,Application,Application,R_O
TextInput,Creator,Creator,Long,R_O
TextInput,Parent,Parent,Object,R_O
TextInput,Valid,Valid,Boolean,R_O
TextInput,Default,Default,String,V
TextInput,Type,Type,WdTextFormFieldType,R_O
TextInput,Format,Format,String,R_O
TextInput,Width,Width,Long,V
TextRetrievalMode,Application,Application,Application,R_O
TextRetrievalMode,Creator,Creator,Long,R_O
TextRetrievalMode,Parent,Parent,Object,R_O
TextRetrievalMode,ViewType,View Type,WdViewType,V
TextRetrievalMode,Duplicate,Duplicate,TextRetrievalMode,R_O
TextRetrievalMode,IncludeHiddenText,Include Hidden Text,Boolean,V
TextRetrievalMode,IncludeFieldCodes,Include Field Codes,Boolean,V
ThreeDFormat,Application,Application,Application,R_O
ThreeDFormat,Creator,Creator,Long,R_O
ThreeDFormat,Parent,Parent,Object,R_O
ThreeDFormat,Depth,Depth,Single,V
ThreeDFormat,ExtrusionColor,Extrusion Color,ColorFormat,R_O
ThreeDFormat,ExtrusionColorType,Extrusion Color Type,MsoExtrusionColorType,V
ThreeDFormat,Perspective,Perspective,MsoTriState,V
ThreeDFormat,PresetExtrusionDirection,Preset Extrusion Direction,MsoPresetExtrusionDirection,R_O
ThreeDFormat,PresetLightingDirection,Preset Lighting Direction,MsoPresetLightingDirection,V
ThreeDFormat,PresetLightingSoftness,Preset Lighting Softness,MsoPresetLightingSoftness,V
ThreeDFormat,PresetMaterial,Preset Material,MsoPresetMaterial,V
ThreeDFormat,PresetThreeDFormat,Preset Three D Format,MsoPresetThreeDFormat,R_O
ThreeDFormat,RotationX,Rotation X,Single,V
ThreeDFormat,RotationY,Rotation Y,Single,V
ThreeDFormat,Visible,Visible,MsoTriState,V
ThreeDFormat,PresetLighting,Preset Lighting,MsoLightRigType,V
ThreeDFormat,Z,Z,Single,V
ThreeDFormat,BevelTopType,Bevel Top Type,MsoBevelType,V
ThreeDFormat,BevelTopInset,Bevel Top Inset,Single,V
ThreeDFormat,BevelTopDepth,Bevel Top Depth,Single,V
ThreeDFormat,BevelBottomType,Bevel Bottom Type,MsoBevelType,V
ThreeDFormat,BevelBottomInset,Bevel Bottom Inset,Single,V
ThreeDFormat,BevelBottomDepth,Bevel Bottom Depth,Single,V
ThreeDFormat,PresetCamera,Preset Camera,MsoPresetCamera,R_O
ThreeDFormat,RotationZ,Rotation Z,Single,V
ThreeDFormat,ContourWidth,Contour Width,Single,V
ThreeDFormat,ContourColor,Contour Color,ColorFormat,R_O
ThreeDFormat,FieldOfView,Field Of View,Single,V
ThreeDFormat,ProjectText,Project Text,MsoTriState,V
ThreeDFormat,LightAngle,Light Angle,Single,V
TickLabels,Parent,Parent,Object,R_O
TickLabels,Font,Font,ChartFont,R_O
TickLabels,Name,Name,String,R_O
TickLabels,NumberFormat,Number Format,String,V
TickLabels,NumberFormatLinked,Number Format Linked,Boolean,V
TickLabels,NumberFormatLocal,Number Format Local,Variant,V
TickLabels,Orientation,Orientation,XlTickLabelOrientation,V
TickLabels,ReadingOrder,Reading Order,Long,V
TickLabels,Depth,Depth,Long,R_O
TickLabels,Offset,Offset,Long,V
TickLabels,Alignment,Alignment,Long,V
TickLabels,MultiLevel,Multi Level,Boolean,V
TickLabels,Format,Format,ChartFormat,R_O
TickLabels,Application,Application,Object,R_O
TickLabels,Creator,Creator,Long,R_O
Trendline,Parent,Parent,Object,R_O
Trendline,Border,Border,ChartBorder,R_O
Trendline,DataLabel,Data Label,DataLabel,R_O
Trendline,DisplayEquation,Display Equation,Boolean,V
Trendline,DisplayRSquared,Display R Squared,Boolean,V
Trendline,Index,Index,Long,R_O
Trendline,Intercept,Intercept,Double,V
Trendline,InterceptIsAuto,Intercept Is Auto,Boolean,V
Trendline,Name,Name,String,V
Trendline,NameIsAuto,Name Is Auto,Boolean,V
Trendline,Order,Order,Long,V
Trendline,Period,Period,Long,V
Trendline,Type,Type,XlTrendlineType,V
Trendline,Format,Format,ChartFormat,R_O
Trendline,Application,Application,Object,R_O
Trendline,Creator,Creator,Long,R_O
Trendline,Backward2,Backward2,Double,V
Trendline,Forward2,Forward2,Double,V
Trendlines,Parent,Parent,Object,R_O
Trendlines,Count,Count,Long,R_O
Trendlines,Application,Application,Object,R_O
Trendlines,Creator,Creator,Long,R_O
TwoInitialCapsException,Application,Application,Application,R_O
TwoInitialCapsException,Creator,Creator,Long,R_O
TwoInitialCapsException,Parent,Parent,Object,R_O
TwoInitialCapsException,Index,Index,Long,R_O
TwoInitialCapsException,Name,Name,String,R_O
TwoInitialCapsExceptions,Application,Application,Application,R_O
TwoInitialCapsExceptions,Creator,Creator,Long,R_O
TwoInitialCapsExceptions,Parent,Parent,Object,R_O
TwoInitialCapsExceptions,_NewEnum,_New Enum,IUnknown,R_O
TwoInitialCapsExceptions,Count,Count,Long,R_O
UndoRecord,Application,Application,Application,R_O
UndoRecord,Creator,Creator,Long,R_O
UndoRecord,Parent,Parent,Object,R_O
UndoRecord,IsRecordingCustomRecord,Is Recording Custom Record,Boolean,R_O
UndoRecord,CustomRecordName,Custom Record Name,String,R_O
UndoRecord,CustomRecordLevel,Custom Record Level,Long,R_O
UpBars,Name,Name,String,R_O
UpBars,Parent,Parent,Object,R_O
UpBars,Border,Border,ChartBorder,R_O
UpBars,Interior,Interior,Interior,R_O
UpBars,Fill,Fill,ChartFillFormat,R_O
UpBars,Format,Format,ChartFormat,R_O
UpBars,Application,Application,Object,R_O
UpBars,Creator,Creator,Long,R_O
Variable,Application,Application,Application,R_O
Variable,Creator,Creator,Long,R_O
Variable,Parent,Parent,Object,R_O
Variable,Name,Name,String,R_O
Variable,Value,Value,String,V
Variable,Index,Index,Long,R_O
Variables,_NewEnum,_New Enum,IUnknown,R_O
Variables,Count,Count,Long,R_O
Variables,Application,Application,Application,R_O
Variables,Creator,Creator,Long,R_O
Variables,Parent,Parent,Object,R_O
Version,Application,Application,Application,R_O
Version,Creator,Creator,Long,R_O
Version,Parent,Parent,Object,R_O
Version,SavedBy,Saved By,String,R_O
Version,Comment,Comment,String,R_O
Version,Date,Date,Date,R_O
Version,Index,Index,Long,R_O
Versions,Application,Application,Application,R_O
Versions,Creator,Creator,Long,R_O
Versions,Parent,Parent,Object,R_O
Versions,_NewEnum,_New Enum,IUnknown,R_O
Versions,Count,Count,Long,R_O
Versions,AutoVersion,Auto Version,WdAutoVersions,V
View,Application,Application,Application,R_O
View,Creator,Creator,Long,R_O
View,Parent,Parent,Object,R_O
View,Type,Type,WdViewType,V
View,FullScreen,Full Screen,Boolean,V
View,Draft,Draft,Boolean,V
View,ShowAll,Show All,Boolean,V
View,ShowFieldCodes,Show Field Codes,Boolean,V
View,MailMergeDataView,Mail Merge Data View,Boolean,V
View,Magnifier,Magnifier,Boolean,V
View,ShowFirstLineOnly,Show First Line Only,Boolean,V
View,ShowFormat,Show Format,Boolean,V
View,Zoom,Zoom,Zoom,R_O
View,ShowObjectAnchors,Show Object Anchors,Boolean,V
View,ShowTextBoundaries,Show Text Boundaries,Boolean,V
View,ShowHighlight,Show Highlight,Boolean,V
View,ShowDrawings,Show Drawings,Boolean,V
View,ShowTabs,Show Tabs,Boolean,V
View,ShowSpaces,Show Spaces,Boolean,V
View,ShowParagraphs,Show Paragraphs,Boolean,V
View,ShowHyphens,Show Hyphens,Boolean,V
View,ShowHiddenText,Show Hidden Text,Boolean,V
View,WrapToWindow,Wrap To Window,Boolean,V
View,ShowPicturePlaceHolders,Show Picture Place Holders,Boolean,V
View,ShowBookmarks,Show Bookmarks,Boolean,V
View,FieldShading,Field Shading,WdFieldShading,V
View,TableGridlines,Table Gridlines,Boolean,V
View,ShowMainTextLayer,Show Main Text Layer,Boolean,V
View,SeekView,Seek View,WdSeekView,V
View,SplitSpecial,Split Special,WdSpecialPane,V
View,ShowOptionalBreaks,Show Optional Breaks,Boolean,V
View,DisplayPageBoundaries,Display Page Boundaries,Boolean,V
View,ShowRevisionsAndComments,Show Revisions And Comments,Boolean,V
View,ShowComments,Show Comments,Boolean,V
View,ShowInsertionsAndDeletions,Show Insertions And Deletions,Boolean,V
View,ShowFormatChanges,Show Format Changes,Boolean,V
View,RevisionsBalloonWidth,Revisions Balloon Width,Single,V
View,RevisionsBalloonWidthType,Revisions Balloon Width Type,WdRevisionsBalloonWidthType,V
View,RevisionsBalloonSide,Revisions Balloon Side,WdRevisionsBalloonMargin,V
View,RevisionsBalloonShowConnectingLines,Revisions Balloon Show Connecting Lines,Boolean,V
View,ReadingLayout,Reading Layout,Boolean,V
View,ShowXMLMarkup,Show XML Markup,Long,V
View,ShadeEditableRanges,Shade Editable Ranges,Long,V
View,ShowInkAnnotations,Show Ink Annotations,Boolean,V
View,DisplayBackgrounds,Display Backgrounds,Boolean,V
View,ReadingLayoutActualView,Reading Layout Actual View,Boolean,V
View,ReadingLayoutTruncateMargins,Reading Layout Truncate Margins,WdReadingLayoutMargin,V
View,Panning,Panning,Boolean,V
View,ShowCropMarks,Show Crop Marks,Boolean,V
View,MarkupMode,Markup Mode,WdRevisionsMode,V
View,ConflictMode,Conflict Mode,Boolean,V
View,ShowOtherAuthors,Show Other Authors,Boolean,V
View,RevisionsFilter,Revisions Filter,RevisionsFilter,R_O
View,PageColor,Page Color,WdPageColor,V
View,ColumnWidth,Column Width,WdColumnWidth,V
View,PageMovementType,Page Movement Type,WdPageMovementType,V
Walls,Name,Name,String,R_O
Walls,Parent,Parent,Object,R_O
Walls,PictureType,Picture Type,Variant,V
Walls,PictureUnit,Picture Unit,Variant,V
Walls,Thickness,Thickness,Long,V
Walls,Format,Format,ChartFormat,R_O
Walls,Application,Application,Object,R_O
Walls,Creator,Creator,Long,R_O
WebOptions,Application,Application,Application,R_O
WebOptions,Creator,Creator,Long,R_O
WebOptions,Parent,Parent,Object,R_O
WebOptions,OptimizeForBrowser,Optimize For Browser,Boolean,V
WebOptions,BrowserLevel,Browser Level,WdBrowserLevel,V
WebOptions,RelyOnCSS,Rely On CSS,Boolean,V
WebOptions,OrganizeInFolder,Organize In Folder,Boolean,V
WebOptions,UseLongFileNames,Use Long File Names,Boolean,V
WebOptions,RelyOnVML,Rely On VML,Boolean,V
WebOptions,AllowPNG,Allow PNG,Boolean,V
WebOptions,ScreenSize,Screen Size,MsoScreenSize,V
WebOptions,PixelsPerInch,Pixels Per Inch,Long,V
WebOptions,Encoding,Encoding,MsoEncoding,V
WebOptions,FolderSuffix,Folder Suffix,String,R_O
WebOptions,TargetBrowser,Target Browser,MsoTargetBrowser,V
Window,Application,Application,Application,R_O
Window,Creator,Creator,Long,R_O
Window,Parent,Parent,Object,R_O
Window,ActivePane,Active Pane,Pane,R_O
Window,Document,Document,Document,R_O
Window,Panes,Panes,Panes,R_O
Window,Selection,Selection,Selection,R_O
Window,Left,Left,Long,V
Window,Top,Top,Long,V
Window,Width,Width,Long,V
Window,Height,Height,Long,V
Window,Split,Split,Boolean,V
Window,SplitVertical,Split Vertical,Long,V
Window,Caption,Caption,String,V
Window,WindowState,Window State,WdWindowState,V
Window,DisplayRulers,Display Rulers,Boolean,V
Window,DisplayVerticalRuler,Display Vertical Ruler,Boolean,V
Window,View,View,View,R_O
Window,Type,Type,WdWindowType,R_O
Window,Next,Next,Window,R_O
Window,Previous,Previous,Window,R_O
Window,WindowNumber,Window Number,Long,R_O
Window,DisplayVerticalScrollBar,Display Vertical Scroll Bar,Boolean,V
Window,DisplayHorizontalScrollBar,Display Horizontal Scroll Bar,Boolean,V
Window,StyleAreaWidth,Style Area Width,Single,V
Window,DisplayScreenTips,Display Screen Tips,Boolean,V
Window,HorizontalPercentScrolled,Horizontal Percent Scrolled,Long,V
Window,VerticalPercentScrolled,Vertical Percent Scrolled,Long,V
Window,DocumentMap,Document Map,Boolean,V
Window,Active,Active,Boolean,R_O
Window,Index,Index,Long,R_O
Window,IMEMode,IME Mode,WdIMEMode,V
Window,UsableWidth,Usable Width,Long,R_O
Window,UsableHeight,Usable Height,Long,R_O
Window,EnvelopeVisible,Envelope Visible,Boolean,V
Window,DisplayRightRuler,Display Right Ruler,Boolean,V
Window,DisplayLeftScrollBar,Display Left Scroll Bar,Boolean,V
Window,Visible,Visible,Boolean,V
Window,Thumbnails,Thumbnails,Boolean,V
Window,ShowSourceDocuments,Show Source Documents,WdShowSourceDocuments,V
Window,Hwnd,Hwnd,Long,R_O
Windows,_NewEnum,_New Enum,IUnknown,R_O
Windows,Count,Count,Long,R_O
Windows,Application,Application,Application,R_O
Windows,Creator,Creator,Long,R_O
Windows,Parent,Parent,Object,R_O
Windows,SyncScrollingSideBySide,Sync Scrolling Side By Side,Boolean,V
Words,_NewEnum,_New Enum,IUnknown,R_O
Words,Count,Count,Long,R_O
Words,First,First,Range,R_O
Words,Last,Last,Range,R_O
Words,Application,Application,Application,R_O
Words,Creator,Creator,Long,R_O
Words,Parent,Parent,Object,R_O
WrapFormat,Application,Application,Application,R_O
WrapFormat,Creator,Creator,Long,R_O
WrapFormat,Parent,Parent,Object,R_O
WrapFormat,Type,Type,WdWrapType,V
WrapFormat,Side,Side,WdWrapSideType,V
WrapFormat,DistanceTop,Distance Top,Single,V
WrapFormat,DistanceBottom,Distance Bottom,Single,V
WrapFormat,DistanceLeft,Distance Left,Single,V
WrapFormat,DistanceRight,Distance Right,Single,V
WrapFormat,AllowOverlap,Allow Overlap,Long,V
XMLMapping,Application,Application,Application,R_O
XMLMapping,Creator,Creator,Long,R_O
XMLMapping,Parent,Parent,Object,R_O
XMLMapping,IsMapped,Is Mapped,Boolean,R_O
XMLMapping,CustomXMLPart,Custom XML Part,CustomXMLPart,R_O
XMLMapping,CustomXMLNode,Custom XML Node,CustomXMLNode,R_O
XMLMapping,XPath,X Path,String,R_O
XMLMapping,PrefixMappings,Prefix Mappings,String,R_O
XMLNamespace,Application,Application,Application,R_O
XMLNamespace,Creator,Creator,Long,R_O
XMLNamespace,Parent,Parent,Object,R_O
XMLNamespace,URI,URI,String,R_O
XMLNamespace,Location,Location,String,V
XMLNamespace,Alias,Alias,String,V
XMLNamespace,XSLTransforms,XSL Transforms,XSLTransforms,R_O
XMLNamespace,DefaultTransform,Default Transform,XSLTransform,V
XMLNamespaces,_NewEnum,_New Enum,IUnknown,R_O
XMLNamespaces,Count,Count,Long,R_O
XMLNamespaces,Application,Application,Application,R_O
XMLNamespaces,Creator,Creator,Long,R_O
XMLNamespaces,Parent,Parent,Object,R_O
XMLNode,BaseName,Base Name,String,R_O
XMLNode,Application,Application,Application,R_O
XMLNode,Creator,Creator,Long,R_O
XMLNode,Parent,Parent,Object,R_O
XMLNode,Range,Range,Range,R_O
XMLNode,Text,Text,String,V
XMLNode,NamespaceURI,Namespace URI,String,R_O
XMLNode,XML,XML,String,R_O
XMLNode,NextSibling,Next Sibling,XMLNode,R_O
XMLNode,PreviousSibling,Previous Sibling,XMLNode,R_O
XMLNode,ParentNode,Parent Node,XMLNode,R_O
XMLNode,FirstChild,First Child,XMLNode,R_O
XMLNode,LastChild,Last Child,XMLNode,R_O
XMLNode,OwnerDocument,Owner Document,Document,R_O
XMLNode,NodeType,Node Type,WdXMLNodeType,R_O
XMLNode,ChildNodes,Child Nodes,XMLNodes,R_O
XMLNode,Attributes,Attributes,XMLNodes,R_O
XMLNode,NodeValue,Node Value,String,V
XMLNode,HasChildNodes,Has Child Nodes,Boolean,R_O
XMLNode,Level,Level,WdXMLNodeLevel,R_O
XMLNode,ValidationStatus,Validation Status,WdXMLValidationStatus,R_O
XMLNode,ValidationErrorText,Validation Error Text,String,R_O
XMLNode,PlaceholderText,Placeholder Text,String,V
XMLNode,WordOpenXML,Word Open XML,String,R_O
XMLNodes,_NewEnum,_New Enum,IUnknown,R_O
XMLNodes,Count,Count,Long,R_O
XMLNodes,Application,Application,Application,R_O
XMLNodes,Creator,Creator,Long,R_O
XMLNodes,Parent,Parent,Object,R_O
XMLSchemaReference,Application,Application,Application,R_O
XMLSchemaReference,Creator,Creator,Long,R_O
XMLSchemaReference,Parent,Parent,Object,R_O
XMLSchemaReference,NamespaceURI,Namespace URI,String,R_O
XMLSchemaReference,Location,Location,String,R_O
XMLSchemaReferences,_NewEnum,_New Enum,IUnknown,R_O
XMLSchemaReferences,Count,Count,Long,R_O
XMLSchemaReferences,Application,Application,Application,R_O
XMLSchemaReferences,Creator,Creator,Long,R_O
XMLSchemaReferences,Parent,Parent,Object,R_O
XMLSchemaReferences,HideValidationErrors,Hide Validation Errors,Boolean,V
XMLSchemaReferences,IgnoreMixedContent,Ignore Mixed Content,Boolean,V
XMLSchemaReferences,ShowPlaceholderText,Show Placeholder Text,Boolean,V
XSLTransform,Application,Application,Application,R_O
XSLTransform,Creator,Creator,Long,R_O
XSLTransform,Parent,Parent,Object,R_O
XSLTransform,Alias,Alias,String,V
XSLTransform,Location,Location,String,V
XSLTransform,ID,ID,String,R_O
XSLTransforms,_NewEnum,_New Enum,IUnknown,R_O
XSLTransforms,Count,Count,Long,R_O
XSLTransforms,Application,Application,Application,R_O
XSLTransforms,Creator,Creator,Long,R_O
XSLTransforms,Parent,Parent,Object,R_O
Zoom,Application,Application,Application,R_O
Zoom,Creator,Creator,Long,R_O
Zoom,Parent,Parent,Object,R_O
Zoom,Percentage,Percentage,Long,V
Zoom,PageFit,Page Fit,WdPageFit,V
Zoom,PageRows,Page Rows,Long,V
Zoom,PageColumns,Page Columns,Long,V
Zooms,Application,Application,Application,R_O
Zooms,Creator,Creator,Long,R_O
Zooms,Parent,Parent,Object,R_O
