Owner,Kind,Constant,Value,Description
WdAlertLevel,Enumeration,wdAlertsNone,0,"No alerts or message boxes are displayed. If a macro encounters a message box, the default value is chosen and the macro continues."
WdAlertLevel,Enumeration,wdAlertsMessageBox,-2,Only message boxes are displayed; errors are trapped and returned to the macro.
WdAlertLevel,Enumeration,wdAlertsAll,-1,All message boxes and alerts are displayed; errors are returned to the macro.
WdAlignmentTabAlignment,Enumeration,wdLeft,0,Left-aligned tab.
WdAlignmentTabAlignment,Enumeration,wdCenter,1,Centered tab.
WdAlignmentTabAlignment,Enumeration,wdRight,2,Right-aligned tab.
WdAlignmentTabRelative,Enumeration,wdMargin,0,Word calculates tab alignment relative to the margins
WdAlignmentTabRelative,Enumeration,wdIndent,1,Word calculates tab alignment relative to the paragraph indents.
WdAnimation,Enumeration,wdAnimationNone,0,
WdAnimation,Enumeration,wdAnimationLasVegasLights,1,
WdAnimation,Enumeration,wdAnimationBlinkingBackground,2,
WdAnimation,Enumeration,wdAnimationSparkleText,3,
WdAnimation,Enumeration,wdAnimationMarchingBlackAnts,4,
WdAnimation,Enumeration,wdAnimationMarchingRedAnts,5,
WdAnimation,Enumeration,wdAnimationShimmer,6,
WdApplyQuickStyleSets,Enumeration,wdSessionStartSet,1,Resets the Quick Style to the style set in use when the document was opened.
WdApplyQuickStyleSets,Enumeration,wdTemplateSet,2,"Resets the Quick Style to the style set from the template, if any."
WdArabicNumeral,Enumeration,wdNumeralArabic,0,Arabic shape is used for numerals.
WdArabicNumeral,Enumeration,wdNumeralHindi,1,Hindi shape is used for numerals.
WdArabicNumeral,Enumeration,wdNumeralContext,2,Numeral shape depends on text surrounding it.
WdArabicNumeral,Enumeration,wdNumeralSystem,3,Numeral shape is determined by system settings.
WdAraSpeller,Enumeration,wdNone,0,The spelling checker ignores spelling rules regarding either Arabic words ending with the letter yaa or Arabic words beginning with an alef hamza.
WdAraSpeller,Enumeration,wdInitialAlef,1,The spelling checker uses spelling rules regarding Arabic words beginning with an alef hamza.
WdAraSpeller,Enumeration,wdFinalYaa,2,The spelling checker uses spelling rules regarding Arabic words ending with the letter yaa.
WdAraSpeller,Enumeration,wdBoth,3,The spelling checker uses spelling rules regarding both Arabic words ending with the letter yaa and Arabic words beginning with an alef hamza.
WdArrangeStyle,Enumeration,wdTiled,0,Windows are tiled into a single window.
WdArrangeStyle,Enumeration,wdIcons,1,Windows are displayed as icons in a single window.
WdAutoFitBehavior,Enumeration,wdAutoFitFixed,0,"The table is set to a fixed size, regardless of the content, and is not automatically sized."
WdAutoFitBehavior,Enumeration,wdAutoFitContent,1,The table is automatically sized to fit the content contained in the table.
WdAutoFitBehavior,Enumeration,wdAutoFitWindow,2,The table is automatically sized to the width of the active window.
WdAutoMacros,Enumeration,wdAutoExec,0,AutoExec macro.
WdAutoMacros,Enumeration,wdAutoNew,1,AutoNew macro.
WdAutoMacros,Enumeration,wdAutoOpen,2,AutoOpen macro.
WdAutoMacros,Enumeration,wdAutoClose,3,AutoClose macro.
WdAutoMacros,Enumeration,wdAutoExit,4,AutoExit macro.
WdAutoMacros,Enumeration,wdAutoSync,5,AutoSync macro.
WdAutoVersions,Enumeration,wdAutoVersionOff,0,No document version is saved.
WdAutoVersions,Enumeration,wdAutoVersionOnClose,1,A document version is saved automatically when the document is closed.
WdBaselineAlignment,Enumeration,wdBaselineAlignTop,0,Align along top of each font.
WdBaselineAlignment,Enumeration,wdBaselineAlignCenter,1,Align center points of each font.
WdBaselineAlignment,Enumeration,wdBaselineAlignBaseline,2,Align to a baseline for the paragraph.
WdBaselineAlignment,Enumeration,wdBaselineAlignFarEast50,3,Align using the baseline for Asian language font standards.
WdBaselineAlignment,Enumeration,wdBaselineAlignAuto,4,Microsoft Word automatically adjusts the baseline font alignment.
WdBookmarkSortBy,Enumeration,wdSortByName,0,Sorted by bookmark name.
WdBookmarkSortBy,Enumeration,wdSortByLocation,1,Sorted by location in document.
WdBorderDistanceFrom,Enumeration,wdBorderDistanceFromText,0,From the text it surrounds.
WdBorderDistanceFrom,Enumeration,wdBorderDistanceFromPageEdge,1,From the edge of the page.
WdBorderType,Enumeration,wdBorderTop,-1,A top border.
WdBorderType,Enumeration,wdBorderLeft,-2,A left border.
WdBorderType,Enumeration,wdBorderBottom,-3,A bottom border.
WdBorderType,Enumeration,wdBorderRight,-4,A right border.
WdBorderType,Enumeration,wdBorderHorizontal,-5,Horizontal borders.
WdBorderType,Enumeration,wdBorderVertical,-6,Vertical borders.
WdBorderType,Enumeration,wdBorderDiagonalDown,-7,A diagonal border starting in the upper-left corner.
WdBorderType,Enumeration,wdBorderDiagonalUp,-8,A diagonal border starting in the lower-left corner.
WdBorderTypeHID,Enumeration,emptyenum,0,
WdBreakType,Enumeration,wdSectionBreakNextPage,2,Section break on next page.
WdBreakType,Enumeration,wdSectionBreakContinuous,3,New section without a corresponding page break.
WdBreakType,Enumeration,wdSectionBreakEvenPage,4,"Section break with the next section beginning on the next even-numbered page. If the section break falls on an even-numbered page, Word leaves the next odd-numbered page blank."
WdBreakType,Enumeration,wdSectionBreakOddPage,5,"Section break with the next section beginning on the next odd-numbered page. If the section break falls on an odd-numbered page, Word leaves the next even-numbered page blank."
WdBreakType,Enumeration,wdLineBreak,6,Line break.
WdBreakType,Enumeration,wdPageBreak,7,Page break at the insertion point.
WdBreakType,Enumeration,wdColumnBreak,8,Column break at the insertion point.
WdBreakType,Enumeration,wdLineBreakClearLeft,9,Line break.
WdBreakType,Enumeration,wdLineBreakClearRight,10,Line break.
WdBreakType,Enumeration,wdTextWrappingBreak,11,"Ends the current line and forces the text to continue below a picture, table, or other item. The text continues on the next blank line that does not contain a table aligned with the left or right margin."
WdBrowserLevel,Enumeration,wdBrowserLevelV4,0,Microsoft Internet Explorer 4.
WdBrowserLevel,Enumeration,wdBrowserLevelMicrosoftInternetExplorer5,1,Microsoft Internet Explorer 5.
WdBrowserLevel,Enumeration,wdBrowserLevelMicrosoftInternetExplorer6,2,Microsoft Internet Explorer 6.
WdBrowseTarget,Enumeration,wdBrowsePage,1,Places insertion point before next or previous page.
WdBrowseTarget,Enumeration,wdBrowseSection,2,Places insertion point before next or previous section.
WdBrowseTarget,Enumeration,wdBrowseComment,3,Places insertion point before next or previous comment.
WdBrowseTarget,Enumeration,wdBrowseFootnote,4,Places insertion point before next or previous footnote.
WdBrowseTarget,Enumeration,wdBrowseEndnote,5,Places insertion point before next or previous endnote.
WdBrowseTarget,Enumeration,wdBrowseField,6,Places insertion point before next or previous browsefield.
WdBrowseTarget,Enumeration,wdBrowseTable,7,Places insertion point before next or previous table.
WdBrowseTarget,Enumeration,wdBrowseGraphic,8,Places insertion point before next or previous graphic.
WdBrowseTarget,Enumeration,wdBrowseHeading,9,Places insertion point before next or previous heading.
WdBrowseTarget,Enumeration,wdBrowseEdit,10,Places insertion point before next or previous edit.
WdBrowseTarget,Enumeration,wdBrowseFind,11,Places insertion point before next or previous browsefind.
WdBrowseTarget,Enumeration,wdBrowseGoTo,12,Places insertion point before next or previous GoTo item.
WdBuildingBlockTypes,Enumeration,wdTypeQuickParts,1,Quick parts building block.
WdBuildingBlockTypes,Enumeration,wdTypeCoverPage,2,Cover page building block.
WdBuildingBlockTypes,Enumeration,wdTypeEquations,3,Equation building block.
WdBuildingBlockTypes,Enumeration,wdTypeFooters,4,Footer building block.
WdBuildingBlockTypes,Enumeration,wdTypeHeaders,5,Header building block.
WdBuildingBlockTypes,Enumeration,wdTypePageNumber,6,Page numbering building block.
WdBuildingBlockTypes,Enumeration,wdTypeTables,7,Table building block.
WdBuildingBlockTypes,Enumeration,wdTypeWatermarks,8,Watermark building block.
WdBuildingBlockTypes,Enumeration,wdTypeAutoText,9,Autotext building block.
WdBuildingBlockTypes,Enumeration,wdTypeTextBox,10,Text box building block.
WdBuildingBlockTypes,Enumeration,wdTypePageNumberTop,11,Building block for page numbering on the top of the page.
WdBuildingBlockTypes,Enumeration,wdTypePageNumberBottom,12,Building block for page numbering on the bottom of the page.
WdBuildingBlockTypes,Enumeration,wdTypePageNumberPage,13,Page numbering building block.
WdBuildingBlockTypes,Enumeration,wdTypeTableOfContents,14,Table of contents building block.
WdBuildingBlockTypes,Enumeration,wdTypeCustomQuickParts,15,Custom quick parts building block.
WdBuildingBlockTypes,Enumeration,wdTypeCustomCoverPage,16,Custom cover page building block.
WdBuildingBlockTypes,Enumeration,wdTypeCustomEquations,17,Custom equations building block.
WdBuildingBlockTypes,Enumeration,wdTypeCustomFooters,18,Custom footers building block.
WdBuildingBlockTypes,Enumeration,wdTypeCustomHeaders,19,Custom headers building block.
WdBuildingBlockTypes,Enumeration,wdTypeCustomPageNumber,20,Custom page numbering building block.
WdBuildingBlockTypes,Enumeration,wdTypeCustomTables,21,Custom table building block.
WdBuildingBlockTypes,Enumeration,wdTypeCustomWatermarks,22,Custom watermark building block.
WdBuildingBlockTypes,Enumeration,wdTypeCustomAutoText,23,Custom autotext building block.
WdBuildingBlockTypes,Enumeration,wdTypeCustomTextBox,24,Custom text box building block.
WdBuildingBlockTypes,Enumeration,wdTypeCustomPageNumberTop,25,Building block for custom page numbering on the top of the page.
WdBuildingBlockTypes,Enumeration,wdTypeCustomPageNumberBottom,26,Building block for custom page numbering on the bottom of the page.
WdBuildingBlockTypes,Enumeration,wdTypeCustomPageNumberPage,27,Custom page numbering building block.
WdBuildingBlockTypes,Enumeration,wdTypeCustomTableOfContents,28,Custom table of contents building block.
WdBuildingBlockTypes,Enumeration,wdTypeCustom1,29,Custom building block.
WdBuildingBlockTypes,Enumeration,wdTypeCustom2,30,Custom building block.
WdBuildingBlockTypes,Enumeration,wdTypeCustom3,31,Custom building block.
WdBuildingBlockTypes,Enumeration,wdTypeCustom4,32,Custom building block.
WdBuildingBlockTypes,Enumeration,wdTypeCustom5,33,Custom building block.
WdBuildingBlockTypes,Enumeration,wdTypeBibliography,34,Bibliography building block.
WdBuildingBlockTypes,Enumeration,wdTypeCustomBibliography,35,Custom bibliography building block.
WdBuiltInProperty,Enumeration,wdPropertyTitle,1,Title.
WdBuiltInProperty,Enumeration,wdPropertySubject,2,Subject.
WdBuiltInProperty,Enumeration,wdPropertyAuthor,3,Author.
WdBuiltInProperty,Enumeration,wdPropertyKeywords,4,Keywords.
WdBuiltInProperty,Enumeration,wdPropertyComments,5,Comments.
WdBuiltInProperty,Enumeration,wdPropertyTemplate,6,Template name.
WdBuiltInProperty,Enumeration,wdPropertyLastAuthor,7,Last author.
WdBuiltInProperty,Enumeration,wdPropertyRevision,8,Revision number.
WdBuiltInProperty,Enumeration,wdPropertyAppName,9,Name of application.
WdBuiltInProperty,Enumeration,wdPropertyTimeLastPrinted,10,Time last printed.
WdBuiltInProperty,Enumeration,wdPropertyTimeCreated,11,Time created.
WdBuiltInProperty,Enumeration,wdPropertyTimeLastSaved,12,Time last saved.
WdBuiltInProperty,Enumeration,wdPropertyVBATotalEdit,13,Number of edits to VBA project.
WdBuiltInProperty,Enumeration,wdPropertyPages,14,Page count.
WdBuiltInProperty,Enumeration,wdPropertyWords,15,Word count.
WdBuiltInProperty,Enumeration,wdPropertyCharacters,16,Character count.
WdBuiltInProperty,Enumeration,wdPropertySecurity,17,Security setting.
WdBuiltInProperty,Enumeration,wdPropertyCategory,18,Category.
WdBuiltInProperty,Enumeration,wdPropertyFormat,19,Not supported.
WdBuiltInProperty,Enumeration,wdPropertyManager,20,Manager.
WdBuiltInProperty,Enumeration,wdPropertyCompany,21,Company.
WdBuiltInProperty,Enumeration,wdPropertyBytes,22,Byte count.
WdBuiltInProperty,Enumeration,wdPropertyLines,23,Line count.
WdBuiltInProperty,Enumeration,wdPropertyParas,24,Paragraph count.
WdBuiltInProperty,Enumeration,wdPropertySlides,25,Not supported.
WdBuiltInProperty,Enumeration,wdPropertyNotes,26,Notes.
WdBuiltInProperty,Enumeration,wdPropertyHiddenSlides,27,Not supported.
WdBuiltInProperty,Enumeration,wdPropertyMMClips,28,Not supported.
WdBuiltInProperty,Enumeration,wdPropertyHyperlinkBase,29,Not supported.
WdBuiltInProperty,Enumeration,wdPropertyCharsWSpaces,30,Character count with spaces.
WdBuiltinStyle,Enumeration,wdStyleNormal,-1,Normal.
WdBuiltinStyle,Enumeration,wdStyleEnvelopeAddress,-37,Envelope Address.
WdBuiltinStyle,Enumeration,wdStyleEnvelopeReturn,-38,Envelope Return.
WdBuiltinStyle,Enumeration,wdStyleBodyText,-67,Body Text.
WdBuiltinStyle,Enumeration,wdStyleHeading1,-2,Heading 1.
WdBuiltinStyle,Enumeration,wdStyleHeading2,-3,Heading 2.
WdBuiltinStyle,Enumeration,wdStyleHeading3,-4,Heading 3.
WdBuiltinStyle,Enumeration,wdStyleHeading4,-5,Heading 4.
WdBuiltinStyle,Enumeration,wdStyleHeading5,-6,Heading 5.
WdBuiltinStyle,Enumeration,wdStyleHeading6,-7,Heading 6.
WdBuiltinStyle,Enumeration,wdStyleHeading7,-8,Heading 7.
WdBuiltinStyle,Enumeration,wdStyleHeading8,-9,Heading 8.
WdBuiltinStyle,Enumeration,wdStyleHeading9,-10,Heading 9.
WdBuiltinStyle,Enumeration,wdStyleIndex1,-11,Index 1.
WdBuiltinStyle,Enumeration,wdStyleIndex2,-12,Index 2.
WdBuiltinStyle,Enumeration,wdStyleIndex3,-13,Index 3.
WdBuiltinStyle,Enumeration,wdStyleIndex4,-14,Index 4.
WdBuiltinStyle,Enumeration,wdStyleIndex5,-15,Index 5.
WdBuiltinStyle,Enumeration,wdStyleIndex6,-16,Index 6.
WdBuiltinStyle,Enumeration,wdStyleIndex7,-17,Index 7.
WdBuiltinStyle,Enumeration,wdStyleIndex8,-18,Index 8.
WdBuiltinStyle,Enumeration,wdStyleIndex9,-19,Index 9.
WdBuiltinStyle,Enumeration,wdStyleTOC1,-20,TOC 1.
WdBuiltinStyle,Enumeration,wdStyleTOC2,-21,TOC 2.
WdBuiltinStyle,Enumeration,wdStyleTOC3,-22,TOC 3.
WdBuiltinStyle,Enumeration,wdStyleTOC4,-23,TOC 4.
WdBuiltinStyle,Enumeration,wdStyleTOC5,-24,TOC 5.
WdBuiltinStyle,Enumeration,wdStyleTOC6,-25,TOC 6.
WdBuiltinStyle,Enumeration,wdStyleTOC7,-26,TOC 7.
WdBuiltinStyle,Enumeration,wdStyleTOC8,-27,TOC 8.
WdBuiltinStyle,Enumeration,wdStyleTOC9,-28,TOC 9.
WdBuiltinStyle,Enumeration,wdStyleNormalIndent,-29,Normal Indent.
WdBuiltinStyle,Enumeration,wdStyleFootnoteText,-30,Footnote Text.
WdBuiltinStyle,Enumeration,wdStyleCommentText,-31,Comment Text.
WdBuiltinStyle,Enumeration,wdStyleHeader,-32,Header.
WdBuiltinStyle,Enumeration,wdStyleFooter,-33,Footer.
WdBuiltinStyle,Enumeration,wdStyleIndexHeading,-34,Index Heading.
WdBuiltinStyle,Enumeration,wdStyleCaption,-35,Caption.
WdBuiltinStyle,Enumeration,wdStyleTableOfFigures,-36,Table of Figures.
WdBuiltinStyle,Enumeration,wdStyleFootnoteReference,-39,Footnote Reference.
WdBuiltinStyle,Enumeration,wdStyleCommentReference,-40,Comment Reference.
WdBuiltinStyle,Enumeration,wdStyleLineNumber,-41,Line Number.
WdBuiltinStyle,Enumeration,wdStylePageNumber,-42,Page Number.
WdBuiltinStyle,Enumeration,wdStyleEndnoteReference,-43,Endnote Reference.
WdBuiltinStyle,Enumeration,wdStyleEndnoteText,-44,Endnote Text.
WdBuiltinStyle,Enumeration,wdStyleTableOfAuthorities,-45,Table of Authorities.
WdBuiltinStyle,Enumeration,wdStyleMacroText,-46,Macro Text.
WdBuiltinStyle,Enumeration,wdStyleTOAHeading,-47,TOA Heading.
WdBuiltinStyle,Enumeration,wdStyleList,-48,List.
WdBuiltinStyle,Enumeration,wdStyleListBullet,-49,List Bullet.
WdBuiltinStyle,Enumeration,wdStyleListNumber,-50,List Number.
WdBuiltinStyle,Enumeration,wdStyleList2,-51,List 2.
WdBuiltinStyle,Enumeration,wdStyleList3,-52,List 3.
WdBuiltinStyle,Enumeration,wdStyleList4,-53,List 4.
WdBuiltinStyle,Enumeration,wdStyleList5,-54,List 5.
WdBuiltinStyle,Enumeration,wdStyleListBullet2,-55,List Bullet 2.
WdBuiltinStyle,Enumeration,wdStyleListBullet3,-56,List Bullet 3.
WdBuiltinStyle,Enumeration,wdStyleListBullet4,-57,List Bullet 4.
WdBuiltinStyle,Enumeration,wdStyleListBullet5,-58,List Bullet 5.
WdBuiltinStyle,Enumeration,wdStyleListNumber2,-59,List Number 2.
WdBuiltinStyle,Enumeration,wdStyleListNumber3,-60,List Number 3.
WdBuiltinStyle,Enumeration,wdStyleListNumber4,-61,List Number 4.
WdBuiltinStyle,Enumeration,wdStyleListNumber5,-62,List Number 5.
WdBuiltinStyle,Enumeration,wdStyleTitle,-63,Title.
WdBuiltinStyle,Enumeration,wdStyleClosing,-64,Closing.
WdBuiltinStyle,Enumeration,wdStyleSignature,-65,Signature.
WdBuiltinStyle,Enumeration,wdStyleDefaultParagraphFont,-66,Default Paragraph Font.
WdBuiltinStyle,Enumeration,wdStyleBodyTextIndent,-68,Body Text Indent.
WdBuiltinStyle,Enumeration,wdStyleListContinue,-69,List Continue.
WdBuiltinStyle,Enumeration,wdStyleListContinue2,-70,List Continue 2.
WdBuiltinStyle,Enumeration,wdStyleListContinue3,-71,List Continue 3.
WdBuiltinStyle,Enumeration,wdStyleListContinue4,-72,List Continue 4.
WdBuiltinStyle,Enumeration,wdStyleListContinue5,-73,List Continue 5.
WdBuiltinStyle,Enumeration,wdStyleMessageHeader,-74,Message Header.
WdBuiltinStyle,Enumeration,wdStyleSubtitle,-75,Subtitle.
WdBuiltinStyle,Enumeration,wdStyleSalutation,-76,Salutation.
WdBuiltinStyle,Enumeration,wdStyleDate,-77,Date.
WdBuiltinStyle,Enumeration,wdStyleBodyTextFirstIndent,-78,Body Text First Indent.
WdBuiltinStyle,Enumeration,wdStyleBodyTextFirstIndent2,-79,Body Text First Indent 2.
WdBuiltinStyle,Enumeration,wdStyleNoteHeading,-80,Note Heading.
WdBuiltinStyle,Enumeration,wdStyleBodyText2,-81,Body Text 2.
WdBuiltinStyle,Enumeration,wdStyleBodyText3,-82,Body Text 3.
WdBuiltinStyle,Enumeration,wdStyleBodyTextIndent2,-83,Body Text Indent 2.
WdBuiltinStyle,Enumeration,wdStyleBodyTextIndent3,-84,Body Text Indent 3.
WdBuiltinStyle,Enumeration,wdStyleBlockQuotation,-85,Block Text.
WdBuiltinStyle,Enumeration,wdStyleHyperlink,-86,Hyperlink.
WdBuiltinStyle,Enumeration,wdStyleHyperlinkFollowed,-87,Followed Hyperlink.
WdBuiltinStyle,Enumeration,wdStyleStrong,-88,Strong.
WdBuiltinStyle,Enumeration,wdStyleEmphasis,-89,Emphasis.
WdBuiltinStyle,Enumeration,wdStyleNavPane,-90,Document Map.
WdBuiltinStyle,Enumeration,wdStylePlainText,-91,Plain Text.
WdBuiltinStyle,Enumeration,wdStyleHtmlNormal,-95,Normal (Web).
WdBuiltinStyle,Enumeration,wdStyleHtmlAcronym,-96,HTML Acronym.
WdBuiltinStyle,Enumeration,wdStyleHtmlAddress,-97,HTML Address.
WdBuiltinStyle,Enumeration,wdStyleHtmlCite,-98,HTML Cite.
WdBuiltinStyle,Enumeration,wdStyleHtmlCode,-99,HTML Code.
WdBuiltinStyle,Enumeration,wdStyleHtmlDfn,-100,HTML Definition.
WdBuiltinStyle,Enumeration,wdStyleHtmlKbd,-101,HTML Keyboard.
WdBuiltinStyle,Enumeration,wdStyleHtmlPre,-102,HTML Preformatted.
WdBuiltinStyle,Enumeration,wdStyleHtmlSamp,-103,HTML Sample.
WdBuiltinStyle,Enumeration,wdStyleHtmlTt,-104,HTML Typewriter.
WdBuiltinStyle,Enumeration,wdStyleHtmlVar,-105,HTML Variable.
WdBuiltinStyle,Enumeration,wdStyleNormalTable,-106,Normal (applied within a table).
WdBuiltinStyle,Enumeration,wdStyleNormalObject,-158,Normal (applied to an object).
WdBuiltinStyle,Enumeration,wdStyleTableLightShading,-159,Light Shading.
WdBuiltinStyle,Enumeration,wdStyleTableLightList,-160,Light List.
WdBuiltinStyle,Enumeration,wdStyleTableLightGrid,-161,Light Grid.
WdBuiltinStyle,Enumeration,wdStyleTableMediumShading1,-162,Medium Shading 1.
WdBuiltinStyle,Enumeration,wdStyleTableMediumShading2,-163,Medium Shading 2.
WdBuiltinStyle,Enumeration,wdStyleTableMediumList1,-164,Medium List 1.
WdBuiltinStyle,Enumeration,wdStyleTableMediumList2,-165,Medium List 2.
WdBuiltinStyle,Enumeration,wdStyleTableMediumGrid1,-166,Medium Grid 1.
WdBuiltinStyle,Enumeration,wdStyleTableMediumGrid2,-167,Medium Grid 2.
WdBuiltinStyle,Enumeration,wdStyleTableMediumGrid3,-168,Medium Grid 3.
WdBuiltinStyle,Enumeration,wdStyleTableDarkList,-169,Dark List.
WdBuiltinStyle,Enumeration,wdStyleTableColorfulShading,-170,Colorful Shading.
WdBuiltinStyle,Enumeration,wdStyleTableColorfulList,-171,Colorful List.
WdBuiltinStyle,Enumeration,wdStyleTableColorfulGrid,-172,Colorful Grid.
WdBuiltinStyle,Enumeration,wdStyleTableLightShadingAccent1,-173,Light Shading Accent 1.
WdBuiltinStyle,Enumeration,wdStyleTableLightListAccent1,-174,Light List Accent 1.
WdBuiltinStyle,Enumeration,wdStyleTableLightGridAccent1,-175,Light Grid Accent 1.
WdBuiltinStyle,Enumeration,wdStyleTableMediumShading1Accent1,-176,Medium Shading 1 Accent 1.
WdBuiltinStyle,Enumeration,wdStyleTableMediumShading2Accent1,-177,Medium Shading 2 Accent 1.
WdBuiltinStyle,Enumeration,wdStyleTableMediumList1Accent1,-178,Medium List 1 Accent 1.
WdBuiltinStyle,Enumeration,wdStyleListParagraph,-180,List Paragraph.
WdBuiltinStyle,Enumeration,wdStyleQuote,-181,Quote.
WdBuiltinStyle,Enumeration,wdStyleIntenseQuote,-182,Intense Quote.
WdBuiltinStyle,Enumeration,wdStyleSubtleEmphasis,-261,Subtle Emphasis.
WdBuiltinStyle,Enumeration,wdStyleIntenseEmphasis,-262,Intense Emphasis.
WdBuiltinStyle,Enumeration,wdStyleSubtleReference,-263,Subtle Reference.
WdBuiltinStyle,Enumeration,wdStyleIntenseReference,-264,Intense Reference.
WdBuiltinStyle,Enumeration,wdStyleBookTitle,-265,Book Title.
WdBuiltinStyle,Enumeration,wdStyleBibliography,-266,
WdBuiltinStyle,Enumeration,wdStyleTocHeading,-267,
WdCalendarType,Enumeration,wdCalendarWestern,0,Western. Corresponds to the Gregorian calendar.
WdCalendarType,Enumeration,wdCalendarArabic,1,Arabic Hijri calendar.
WdCalendarType,Enumeration,wdCalendarHebrew,2,Hebrew Lunar calendar.
WdCalendarType,Enumeration,wdCalendarTaiwan,3,Taiwan calendar.
WdCalendarType,Enumeration,wdCalendarJapan,4,Japanese Emperor Era calendar.
WdCalendarType,Enumeration,wdCalendarThai,5,Thai calendar.
WdCalendarType,Enumeration,wdCalendarKorean,6,Korean Danki calendar.
WdCalendarType,Enumeration,wdCalendarSakaEra,7,Saka Era calendar.
WdCalendarType,Enumeration,wdCalendarTranslitEnglish,8,English transliterated. Gregorian calendar with English month and day names transliterated to the Arabic script. Unsupported.
WdCalendarType,Enumeration,wdCalendarTranslitFrench,9,French transliterated. Gregorian calendar with French month and day names transliterated to the Arabic script. Unsupported.
WdCalendarType,Enumeration,wdCalendarUmalqura,13,Um-al-Qura calendar.
WdCalendarTypeBi,Enumeration,wdCalendarTypeBidi,99,Bi-directional calendar.
WdCalendarTypeBi,Enumeration,wdCalendarTypeGregorian,100,Gregorian calendar.
WdCaptionLabelID,Enumeration,wdCaptionFigure,-1,Figure.
WdCaptionLabelID,Enumeration,wdCaptionTable,-2,Table.
WdCaptionLabelID,Enumeration,wdCaptionEquation,-3,Equation.
WdCaptionNumberStyle,Enumeration,wdCaptionNumberStyleArabic,0,Arabic style.
WdCaptionNumberStyle,Enumeration,wdCaptionNumberStyleUppercaseRoman,1,Uppercase roman style.
WdCaptionNumberStyle,Enumeration,wdCaptionNumberStyleLowercaseRoman,2,Lowercase roman style.
WdCaptionNumberStyle,Enumeration,wdCaptionNumberStyleUppercaseLetter,3,Uppercase letter style.
WdCaptionNumberStyle,Enumeration,wdCaptionNumberStyleLowercaseLetter,4,Lowercase letter style.
WdCaptionNumberStyle,Enumeration,wdCaptionNumberStyleArabicFullWidth,14,Full-width Arabic style.
WdCaptionNumberStyle,Enumeration,wdCaptionNumberStyleKanji,10,Kanji style.
WdCaptionNumberStyle,Enumeration,wdCaptionNumberStyleKanjiDigit,11,Kanji digit style.
WdCaptionNumberStyle,Enumeration,wdCaptionNumberStyleKanjiTraditional,16,Kanji traditional style.
WdCaptionNumberStyle,Enumeration,wdCaptionNumberStyleNumberInCircle,18,Number in circle style.
WdCaptionNumberStyle,Enumeration,wdCaptionNumberStyleGanada,24,Ganada style.
WdCaptionNumberStyle,Enumeration,wdCaptionNumberStyleChosung,25,Chosung style.
WdCaptionNumberStyle,Enumeration,wdCaptionNumberStyleZodiac1,30,Zodiac style 1.
WdCaptionNumberStyle,Enumeration,wdCaptionNumberStyleZodiac2,31,Zodiac style 2.
WdCaptionNumberStyle,Enumeration,wdCaptionNumberStyleHanjaRead,41,Hanja read style.
WdCaptionNumberStyle,Enumeration,wdCaptionNumberStyleHanjaReadDigit,42,Hanja read digit style.
WdCaptionNumberStyle,Enumeration,wdCaptionNumberStyleTradChinNum2,34,Traditional Chinese number style 2.
WdCaptionNumberStyle,Enumeration,wdCaptionNumberStyleTradChinNum3,35,Traditional Chinese number style 3.
WdCaptionNumberStyle,Enumeration,wdCaptionNumberStyleSimpChinNum2,38,Simplified Chinese number style 2.
WdCaptionNumberStyle,Enumeration,wdCaptionNumberStyleSimpChinNum3,39,Simplified Chinese number style 3.
WdCaptionNumberStyle,Enumeration,wdCaptionNumberStyleHebrewLetter1,45,Hebrew letter style 1.
WdCaptionNumberStyle,Enumeration,wdCaptionNumberStyleArabicLetter1,46,Arabic letter style 1.
WdCaptionNumberStyle,Enumeration,wdCaptionNumberStyleHebrewLetter2,47,Hebrew letter style 2.
WdCaptionNumberStyle,Enumeration,wdCaptionNumberStyleArabicLetter2,48,Arabic letter style 2.
WdCaptionNumberStyle,Enumeration,wdCaptionNumberStyleHindiLetter1,49,Hindi letter style 1.
WdCaptionNumberStyle,Enumeration,wdCaptionNumberStyleHindiLetter2,50,Hindi letter style 2.
WdCaptionNumberStyle,Enumeration,wdCaptionNumberStyleHindiArabic,51,Hindi Arabic style.
WdCaptionNumberStyle,Enumeration,wdCaptionNumberStyleHindiCardinalText,52,Hindi cardinal style.
WdCaptionNumberStyle,Enumeration,wdCaptionNumberStyleThaiLetter,53,Thai letter style.
WdCaptionNumberStyle,Enumeration,wdCaptionNumberStyleThaiArabic,54,Thai Arabic style.
WdCaptionNumberStyle,Enumeration,wdCaptionNumberStyleThaiCardinalText,55,Thai cardinal text style.
WdCaptionNumberStyle,Enumeration,wdCaptionNumberStyleVietCardinalText,56,Vietnamese cardinal text style.
WdCaptionNumberStyleHID,Enumeration,emptyenum,0,
WdCaptionPosition,Enumeration,wdCaptionPositionAbove,0,The caption label is added above.
WdCaptionPosition,Enumeration,wdCaptionPositionBelow,1,The caption label is added below.
WdCellColor,Enumeration,wdCellColorByAuthor,-1,Highlighting color determined by reviewer.
WdCellColor,Enumeration,wdCellColorNoHighlight,0,No highlighting.
WdCellColor,Enumeration,wdCellColorPink,1,Pink.
WdCellColor,Enumeration,wdCellColorLightBlue,2,Light blue.
WdCellColor,Enumeration,wdCellColorLightYellow,3,Light yellow.
WdCellColor,Enumeration,wdCellColorLightPurple,4,Light purple.
WdCellColor,Enumeration,wdCellColorLightOrange,5,Light orange.
WdCellColor,Enumeration,wdCellColorLightGreen,6,Light green.
WdCellColor,Enumeration,wdCellColorLightGray,7,Light gray.
WdCellVerticalAlignment,Enumeration,wdCellAlignVerticalTop,0,Text is aligned to the top border of the cell.
WdCellVerticalAlignment,Enumeration,wdCellAlignVerticalCenter,1,Text is aligned to the center of the cell.
WdCellVerticalAlignment,Enumeration,wdCellAlignVerticalBottom,3,Text is aligned to the bottom border of the cell.
WdCharacterCase,Enumeration,wdNextCase,-1,"Toggles between uppercase, lowercase, and sentence case."
WdCharacterCase,Enumeration,wdLowerCase,0,Lowercase.
WdCharacterCase,Enumeration,wdUpperCase,1,Uppercase.
WdCharacterCase,Enumeration,wdTitleWord,2,Title word case.
WdCharacterCase,Enumeration,wdTitleSentence,4,Sentence case.
WdCharacterCase,Enumeration,wdToggleCase,5,"Switches uppercase characters to lowercase, and lowercase characters to uppercase."
WdCharacterCase,Enumeration,wdHalfWidth,6,Half-width. Used for Japanese characters.
WdCharacterCase,Enumeration,wdFullWidth,7,Full-width. Used for Japanese characters.
WdCharacterCase,Enumeration,wdKatakana,8,Katakana characters. Used with Japanese text.
WdCharacterCase,Enumeration,wdHiragana,9,Hiragana characters. Used with Japanese text.
WdCharacterCaseHID,Enumeration,emptyenum,0,
WdCharacterWidth,Enumeration,wdWidthHalfWidth,6,Characters are displayed in half the character width.
WdCharacterWidth,Enumeration,wdWidthFullWidth,7,Characters are displayed in full character width.
WdCheckInVersionType,Enumeration,wdCheckInMinorVersion,0,Minor version.
WdCheckInVersionType,Enumeration,wdCheckInMajorVersion,1,Major version.
WdCheckInVersionType,Enumeration,wdCheckInOverwriteVersion,2,Overwrite current version on the server.
WdChevronConvertRule,Enumeration,wdNeverConvert,0,The converter passes the text through without attempting any interpretation.
WdChevronConvertRule,Enumeration,wdAlwaysConvert,1,The converter attempts to convert text enclosed in chevrons (< >) to mail merge fields.
WdChevronConvertRule,Enumeration,wdAskToNotConvert,2,The converter prompts the user to convert or not convert chevrons when a Word for the Macintosh document is opened.
WdChevronConvertRule,Enumeration,wdAskToConvert,3,The converter prompts the user to convert or not convert chevrons when a Word for the Macintosh document is opened.
WdCollapseDirection,Enumeration,wdCollapseStart,1,Collapse the range to the starting point.
WdCollapseDirection,Enumeration,wdCollapseEnd,0,Collapse the range to the ending point.
WdColor,Enumeration,wdColorAutomatic,-16777216,
WdColor,Enumeration,wdColorBlack,0,
WdColor,Enumeration,wdColorBlue,16711680,
WdColor,Enumeration,wdColorTurquoise,16776960,
WdColor,Enumeration,wdColorBrightGreen,65280,
WdColor,Enumeration,wdColorPink,16711935,
WdColor,Enumeration,wdColorRed,255,
WdColor,Enumeration,wdColorYellow,65535,
WdColor,Enumeration,wdColorWhite,16777215,
WdColor,Enumeration,wdColorDarkBlue,8388608,
WdColor,Enumeration,wdColorTeal,8421376,
WdColor,Enumeration,wdColorGreen,32768,
WdColor,Enumeration,wdColorViolet,8388736,
WdColor,Enumeration,wdColorDarkRed,128,
WdColor,Enumeration,wdColorDarkYellow,32896,
WdColor,Enumeration,wdColorBrown,13209,
WdColor,Enumeration,wdColorOliveGreen,13107,
WdColor,Enumeration,wdColorDarkGreen,13056,
WdColor,Enumeration,wdColorDarkTeal,6697728,
WdColor,Enumeration,wdColorIndigo,10040115,
WdColor,Enumeration,wdColorOrange,26367,
WdColor,Enumeration,wdColorBlueGray,10053222,
WdColor,Enumeration,wdColorLightOrange,39423,
WdColor,Enumeration,wdColorLime,52377,
WdColor,Enumeration,wdColorSeaGreen,6723891,
WdColor,Enumeration,wdColorAqua,13421619,
WdColor,Enumeration,wdColorLightBlue,16737843,
WdColor,Enumeration,wdColorGold,52479,
WdColor,Enumeration,wdColorSkyBlue,16763904,
WdColor,Enumeration,wdColorPlum,6697881,
WdColor,Enumeration,wdColorRose,13408767,
WdColor,Enumeration,wdColorTan,10079487,
WdColor,Enumeration,wdColorLightYellow,10092543,
WdColor,Enumeration,wdColorLightGreen,13434828,
WdColor,Enumeration,wdColorLightTurquoise,16777164,
WdColor,Enumeration,wdColorPaleBlue,16764057,
WdColor,Enumeration,wdColorLavender,16751052,
WdColor,Enumeration,wdColorGray05,15987699,
WdColor,Enumeration,wdColorGray10,15132390,
WdColor,Enumeration,wdColorGray125,14737632,
WdColor,Enumeration,wdColorGray15,14277081,
WdColor,Enumeration,wdColorGray20,13421772,
WdColor,Enumeration,wdColorGray25,12632256,
WdColor,Enumeration,wdColorGray30,11776947,
WdColor,Enumeration,wdColorGray35,10921638,
WdColor,Enumeration,wdColorGray375,10526880,
WdColor,Enumeration,wdColorGray40,10066329,
WdColor,Enumeration,wdColorGray45,9211020,
WdColor,Enumeration,wdColorGray50,8421504,
WdColor,Enumeration,wdColorGray55,7566195,
WdColor,Enumeration,wdColorGray60,6710886,
WdColor,Enumeration,wdColorGray625,6316128,
WdColor,Enumeration,wdColorGray65,5855577,
WdColor,Enumeration,wdColorGray70,5000268,
WdColor,Enumeration,wdColorGray75,4210752,
WdColor,Enumeration,wdColorGray80,3355443,
WdColor,Enumeration,wdColorGray85,2500134,
WdColor,Enumeration,wdColorGray875,2105376,
WdColor,Enumeration,wdColorGray90,1644825,
WdColor,Enumeration,wdColorGray95,789516,
WdColorIndex,Enumeration,wdAuto,0,Automatic color. Default; usually black.
WdColorIndex,Enumeration,wdBlack,1,Black color.
WdColorIndex,Enumeration,wdBlue,2,Blue color.
WdColorIndex,Enumeration,wdTurquoise,3,Turquoise color.
WdColorIndex,Enumeration,wdBrightGreen,4,Bright green color.
WdColorIndex,Enumeration,wdPink,5,Pink color.
WdColorIndex,Enumeration,wdRed,6,Red color.
WdColorIndex,Enumeration,wdYellow,7,Yellow color.
WdColorIndex,Enumeration,wdWhite,8,White color.
WdColorIndex,Enumeration,wdDarkBlue,9,Dark blue color.
WdColorIndex,Enumeration,wdTeal,10,Teal color.
WdColorIndex,Enumeration,wdGreen,11,Green color.
WdColorIndex,Enumeration,wdViolet,12,Violet color.
WdColorIndex,Enumeration,wdDarkRed,13,Dark red color.
WdColorIndex,Enumeration,wdDarkYellow,14,Dark yellow color.
WdColorIndex,Enumeration,wdGray50,15,Shade 50 of gray color.
WdColorIndex,Enumeration,wdGray25,16,Shade 25 of gray color.
WdColorIndex,Enumeration,wdClassicRed,17,
WdColorIndex,Enumeration,wdClassicBlue,18,
WdColorIndex,Enumeration,wdByAuthor,-1,Color defined by document author.
WdColorIndex,Enumeration,wdNoHighlight,0,Removes highlighting that has been applied.
WdColumnWidth,Enumeration,wdColumnWidthNarrow,1,Narrow column width.
WdColumnWidth,Enumeration,wdColumnWidthDefault,2,Default column width.
WdColumnWidth,Enumeration,wdColumnWidthWide,3,Wide column width.
WdCompareDestination,Enumeration,wdCompareDestinationOriginal,0,Tracks the differences between the two files using tracked changes in the original document.
WdCompareDestination,Enumeration,wdCompareDestinationRevised,1,Tracks the differences between the two files using tracked changes in the revised document.
WdCompareDestination,Enumeration,wdCompareDestinationNew,2,Creates a new file and tracks the differences between the original document and the revised document using tracked changes.
WdCompareTarget,Enumeration,wdCompareTargetSelected,0,Places comparison differences in the target document.
WdCompareTarget,Enumeration,wdCompareTargetCurrent,1,Places comparison differences in the current document. Default.
WdCompareTarget,Enumeration,wdCompareTargetNew,2,Places comparison differences in a new document.
WdCompatibility,Enumeration,wdNoTabHangIndent,1,Do not add automatic tab stop for hanging indent.
WdCompatibility,Enumeration,wdNoSpaceRaiseLower,2,Do not add extra space for raised/lowered characters.
WdCompatibility,Enumeration,wdPrintColBlack,3,Print colors as black on noncolor printers.
WdCompatibility,Enumeration,wdWrapTrailSpaces,4,Wrap trailing spaces to next line.
WdCompatibility,Enumeration,wdNoColumnBalance,5,Do not balance columns for continuous section starts.
WdCompatibility,Enumeration,wdConvMailMergeEsc,6,"Treat \"" as """" in mail merge data sources."
WdCompatibility,Enumeration,wdSuppressSpBfAfterPgBrk,7,Suppress Space Before after a hard page or column break.
WdCompatibility,Enumeration,wdSuppressTopSpacing,8,Suppress extra line spacing at top of page.
WdCompatibility,Enumeration,wdOrigWordTableRules,9,Combine table borders like Word 5.x for the Macintosh.
WdCompatibility,Enumeration,wdTransparentMetafiles,10,Do not blank the area behind metafile pictures.
WdCompatibility,Enumeration,wdShowBreaksInFrames,11,Show hard page or column breaks in frames.
WdCompatibility,Enumeration,wdSwapBordersFacingPages,12,Swap left and right borders on odd facing pages.
WdCompatibility,Enumeration,wdLeaveBackslashAlone,13,Convert backslash characters into yen signs.
WdCompatibility,Enumeration,wdExpandShiftReturn,14,Do not expand character spaces on the line ending Shift+Return.
WdCompatibility,Enumeration,wdDontULTrailSpace,15,Draw underline on trailing spaces.
WdCompatibility,Enumeration,wdDontBalanceSingleByteDoubleByteWidth,16,Balance SBCS characters and DBCS characters.
WdCompatibility,Enumeration,wdSuppressTopSpacingMac5,17,Suppress extra line spacing at top of page like Word 5.x for the Macintosh.
WdCompatibility,Enumeration,wdSpacingInWholePoints,18,Expand/condense by whole number of points.
WdCompatibility,Enumeration,wdPrintBodyTextBeforeHeader,19,Print body text before header/footer.
WdCompatibility,Enumeration,wdNoLeading,20,Do not add leading (extra space) between rows of text.
WdCompatibility,Enumeration,wdNoSpaceForUL,21,Add space for underline.
WdCompatibility,Enumeration,wdMWSmallCaps,22,Use larger small caps like Word 5.x for the Macintosh.
WdCompatibility,Enumeration,wdNoExtraLineSpacing,23,Suppress extra line spacing like WordPerfect 5.x.
WdCompatibility,Enumeration,wdTruncateFontHeight,24,Truncate font height.
WdCompatibility,Enumeration,wdSubFontBySize,25,Substitute fonts based on font size.
WdCompatibility,Enumeration,wdUsePrinterMetrics,26,Use printer metrics to lay out document.
WdCompatibility,Enumeration,wdWW6BorderRules,27,Use Word 6.x/95 border rules.
WdCompatibility,Enumeration,wdExactOnTop,28,"Do not center ""exact line height"" lines."
WdCompatibility,Enumeration,wdSuppressBottomSpacing,29,Suppress extra line spacing at bottom of page.
WdCompatibility,Enumeration,wdWPSpaceWidth,30,Set the width of a space like WordPerfect 5.x.
WdCompatibility,Enumeration,wdWPJustification,31,Do full justification like WordPerfect 6.x for Windows.
WdCompatibility,Enumeration,wdLineWrapLikeWord6,32,Line wrap like Word 6.0.
WdCompatibility,Enumeration,wdShapeLayoutLikeWW8,33,Lay out autoshapes like Word 97.
WdCompatibility,Enumeration,wdFootnoteLayoutLikeWW8,34,Lay out footnotes like Word 6.x/95/97.
WdCompatibility,Enumeration,wdDontUseHTMLParagraphAutoSpacing,35,Do not use HTML paragraph auto spacing.
WdCompatibility,Enumeration,wdDontAdjustLineHeightInTable,36,Adjust line height to grid height in the table.
WdCompatibility,Enumeration,wdForgetLastTabAlignment,37,Forget last tab alignment.
WdCompatibility,Enumeration,wdAutospaceLikeWW7,38,Autospace like Microsoft Word 95.
WdCompatibility,Enumeration,wdAlignTablesRowByRow,39,Align table rows independently.
WdCompatibility,Enumeration,wdLayoutRawTableWidth,40,Lay out tables with raw width.
WdCompatibility,Enumeration,wdLayoutTableRowsApart,41,Allow table rows to lay out apart.
WdCompatibility,Enumeration,wdUseWord97LineBreakingRules,42,Use Microsoft Word 97 line breaking rules for Asian text.
WdCompatibility,Enumeration,wdDontBreakWrappedTables,43,Do not break wrapped tables across pages.
WdCompatibility,Enumeration,wdDontSnapTextToGridInTableWithObjects,44,Do not snap text to grid inside table with inline objects.
WdCompatibility,Enumeration,wdSelectFieldWithFirstOrLastCharacter,45,Select entire field with first or last character.
WdCompatibility,Enumeration,wdApplyBreakingRules,46,Use line-breaking rules.
WdCompatibility,Enumeration,wdDontWrapTextWithPunctuation,47,Do not allow hanging punctuation with character grid.
WdCompatibility,Enumeration,wdDontUseAsianBreakRulesInGrid,48,Do not use Asian rules for line breaks with character grid.
WdCompatibility,Enumeration,wdUseWord2002TableStyleRules,49,Use Microsoft Word 2002 table style rules.
WdCompatibility,Enumeration,wdGrowAutofit,50,Allow tables to extend into margins.
WdCompatibility,Enumeration,wdUseNormalStyleForList,51,Use the Normal style instead of the List Paragraph style for bulleted or numbered lists.
WdCompatibility,Enumeration,wdDontUseIndentAsNumberingTabStop,52,Do not use hanging indent as tab stop for bullets and numbering.
WdCompatibility,Enumeration,wdFELineBreak11,53,Use Word 2003 hanging-punctuation rules in Asian languages.
WdCompatibility,Enumeration,wdAllowSpaceOfSameStyleInTable,54,Allow space between paragraphs of the same style in a table.
WdCompatibility,Enumeration,wdWW11IndentRules,55,Use Word 2003 indent rules for text next to wrapped objects.
WdCompatibility,Enumeration,wdDontAutofitConstrainedTables,56,Do not autofit tables next to wrapped objects.
WdCompatibility,Enumeration,wdAutofitLikeWW11,57,Use Microsoft Word 2003 table autofit rules.
WdCompatibility,Enumeration,wdUnderlineTabInNumList,58,Underline the tab character between the number and the text in numbered lists.
WdCompatibility,Enumeration,wdHangulWidthLikeWW11,59,Do not use proportional width for Korean characters.
WdCompatibility,Enumeration,wdSplitPgBreakAndParaMark,60,Split apart page break and paragraph mark.
WdCompatibility,Enumeration,wdDontVertAlignCellWithShape,61,
WdCompatibility,Enumeration,wdDontBreakConstrainedForcedTables,62,
WdCompatibility,Enumeration,wdDontVertAlignInTextbox,63,
WdCompatibility,Enumeration,wdWord11KerningPairs,64,
WdCompatibility,Enumeration,wdCachedColBalance,65,
WdCompatibility,Enumeration,wdDisableOTKerning,66,
WdCompatibility,Enumeration,wdFlipMirrorIndents,67,
WdCompatibility,Enumeration,wdDontOverrideTableStyleFontSzAndJustification,68,
WdCompatibility,Enumeration,wdUseWord2010TableStyleRules,69,Use Microsoft Word 2010 table style rules.
WdCompatibility,Enumeration,wdDelayableFloatingTable,70,
WdCompatibility,Enumeration,wdAllowHyphenationAtTrackBottom,71,
WdCompatibility,Enumeration,wdUseWord2013TrackBottomHyphenation,72,
WdCompatibility,Enumeration,wdUsePre2018iOSMacLayout,73,
WdCompatibilityMode,Enumeration,wdWord2003,11,Word is put into a mode that is most compatible with Word 2003. Features new to Word are disabled in this mode.
WdCompatibilityMode,Enumeration,wdWord2007,12,Word is put into a mode that is most compatible with Word 2007. Features new to Word are disabled in this mode.
WdCompatibilityMode,Enumeration,wdWord2010,14,Word is put into a mode that is most compatible with Word 2010. Features new to Word are disabled in this mode.
WdCompatibilityMode,Enumeration,wdWord2013,15,Default. All Word features are enabled.
WdCompatibilityMode,Enumeration,wdCurrent,65535,Compatibility mode equivalent to the latest version of Word.
WdConditionCode,Enumeration,wdFirstRow,0,Applies formatting to the first row in a table.
WdConditionCode,Enumeration,wdLastRow,1,Applies formatting to the last row in a table.
WdConditionCode,Enumeration,wdOddRowBanding,2,Applies formatting to odd-numbered rows.
WdConditionCode,Enumeration,wdEvenRowBanding,3,Applies formatting to even-numbered rows.
WdConditionCode,Enumeration,wdFirstColumn,4,Applies formatting to the first column in a table.
WdConditionCode,Enumeration,wdLastColumn,5,Applies formatting to the last column in a table.
WdConditionCode,Enumeration,wdOddColumnBanding,6,Applies formatting to odd-numbered columns.
WdConditionCode,Enumeration,wdEvenColumnBanding,7,Applies formatting to even-numbered columns.
WdConditionCode,Enumeration,wdNECell,8,Applies formatting to the last cell in the first row.
WdConditionCode,Enumeration,wdNWCell,9,Applies formatting to the first cell in the first row.
WdConditionCode,Enumeration,wdSECell,10,Applies formatting to the last cell in the table.
WdConditionCode,Enumeration,wdSWCell,11,Applies formatting to first cell in the last row of the table.
WdConstants,Enumeration,wdUndefined,9999999,Represents an undefined value.
WdConstants,Enumeration,wdToggle,9999998,Toggles a property's value.
WdConstants,Enumeration,wdForward,1073741823,Indicates that selection will be extended forward using the MoveStartUntil or MoveStartWhile method of the Range or Selection object.
WdConstants,Enumeration,wdBackward,-1073741823,Indicates that selection will be extended backward using the MoveStartUntil or MoveStartWhile method of the Range or Selection object.
WdConstants,Enumeration,wdAutoPosition,0,Represents the Auto value for the specified setting.
WdConstants,Enumeration,wdFirst,1,Represents the first item in a collection.
WdConstants,Enumeration,wdCreatorCode,1297307460,Represents the creator code for objects created by Microsoft Word.
WdContentControlAppearance,Enumeration,wdContentControlBoundingBox,0,Represents a content control shown as a shaded rectangle or bounding box (with optional title).
WdContentControlAppearance,Enumeration,wdContentControlTags,1,Represents a content control shown as start and end markers.
WdContentControlAppearance,Enumeration,wdContentControlHidden,2,Represents a content control that is not shown.
WdContentControlDateStorageFormat,Enumeration,wdContentControlDateStorageText,0,Specifies to store or retrieve the date value for a date content control as text.
WdContentControlDateStorageFormat,Enumeration,wdContentControlDateStorageDate,1,Specifies to store or retrieve the date value for a date content control as a date in the standard XML Schema DateTime format.
WdContentControlDateStorageFormat,Enumeration,wdContentControlDateStorageDateTime,2,Specifies to store or retrieve the date value for a date content control as a time in the standard XML Schema DateTime format.
WdContentControlLevel,Enumeration,wdContentControlLevelInline,0,Represents a content control that surrounds content within a single paragraph.
WdContentControlLevel,Enumeration,wdContentControlLevelParagraph,1,Represents a content control that surrounds one or more complete paragraphs.
WdContentControlLevel,Enumeration,wdContentControlLevelRow,2,Represents a content control that surrounds a table row.
WdContentControlLevel,Enumeration,wdContentControlLevelCell,3,Represents a content control that surrounds a table cell.
WdContentControlType,Enumeration,wdContentControlRichText,0,Specifies a rich-text content control.
WdContentControlType,Enumeration,wdContentControlText,1,Specifies a text content control
WdContentControlType,Enumeration,wdContentControlPicture,2,Specifies a picture content control.
WdContentControlType,Enumeration,wdContentControlComboBox,3,Specifies a combo box content control.
WdContentControlType,Enumeration,wdContentControlDropdownList,4,Specifies a drop-down list content control.
WdContentControlType,Enumeration,wdContentControlBuildingBlockGallery,5,Specifies a building block gallery content control.
WdContentControlType,Enumeration,wdContentControlDate,6,Specifies a date content control.
WdContentControlType,Enumeration,wdContentControlGroup,7,Specifies a group content control.
WdContentControlType,Enumeration,wdContentControlCheckBox,8,Specifies a checkbox content control.
WdContentControlType,Enumeration,wdContentControlRepeatingSection,9,Specifies a repeating section content control.
WdContinue,Enumeration,wdContinueDisabled,0,Formatting cannot continue from the previous list.
WdContinue,Enumeration,wdResetList,1,Numbering can be restarted.
WdContinue,Enumeration,wdContinueList,2,Formatting can continue from the previous list.
WdCountry,Enumeration,wdUS,1,United States
WdCountry,Enumeration,wdCanada,2,Canada
WdCountry,Enumeration,wdLatinAmerica,3,Latin America
WdCountry,Enumeration,wdNetherlands,31,Netherlands
WdCountry,Enumeration,wdFrance,33,France
WdCountry,Enumeration,wdSpain,34,Spain
WdCountry,Enumeration,wdItaly,39,Italy
WdCountry,Enumeration,wdUK,44,United Kingdom
WdCountry,Enumeration,wdDenmark,45,Denmark
WdCountry,Enumeration,wdSweden,46,Sweden
WdCountry,Enumeration,wdNorway,47,Norway
WdCountry,Enumeration,wdGermany,49,Germany
WdCountry,Enumeration,wdPeru,51,Peru
WdCountry,Enumeration,wdMexico,52,Mexico
WdCountry,Enumeration,wdArgentina,54,Argentina
WdCountry,Enumeration,wdBrazil,55,Brazil
WdCountry,Enumeration,wdChile,56,Chile
WdCountry,Enumeration,wdVenezuela,58,Venezuela
WdCountry,Enumeration,wdJapan,81,Japan
WdCountry,Enumeration,wdTaiwan,886,Taiwan
WdCountry,Enumeration,wdChina,86,China
WdCountry,Enumeration,wdKorea,82,Korea
WdCountry,Enumeration,wdFinland,358,Finland
WdCountry,Enumeration,wdIceland,354,Iceland
WdCursorMovement,Enumeration,wdCursorMovementLogical,0,Insertion point progresses according to the direction of the language Microsoft Word detects.
WdCursorMovement,Enumeration,wdCursorMovementVisual,1,Insertion point progresses to the next visually adjacent character.
WdCursorType,Enumeration,wdCursorWait,0,Hourglass cursor shape.
WdCursorType,Enumeration,wdCursorIBeam,1,I-beam cursor shape.
WdCursorType,Enumeration,wdCursorNormal,2,Normal cursor shape. Default; cursor takes shape designated by Windows or the application.
WdCursorType,Enumeration,wdCursorNorthwestArrow,3,Diagonal cursor shape starting at upper-left corner.
WdCustomLabelPageSize,Enumeration,wdCustomLabelLetter,0,Standard letter portrait label dimensions.
WdCustomLabelPageSize,Enumeration,wdCustomLabelLetterLS,1,Standard letter landscape label dimensions.
WdCustomLabelPageSize,Enumeration,wdCustomLabelA4,2,A4 portrait label dimensions.
WdCustomLabelPageSize,Enumeration,wdCustomLabelA4LS,3,A4 landscape label dimensions.
WdCustomLabelPageSize,Enumeration,wdCustomLabelA5,4,A5 portrait label dimensions.
WdCustomLabelPageSize,Enumeration,wdCustomLabelA5LS,5,A5 landscape label dimensions.
WdCustomLabelPageSize,Enumeration,wdCustomLabelB5,6,B5 label dimensions.
WdCustomLabelPageSize,Enumeration,wdCustomLabelMini,7,Mini label dimensions.
WdCustomLabelPageSize,Enumeration,wdCustomLabelFanfold,8,Fanfold label dimensions.
WdCustomLabelPageSize,Enumeration,wdCustomLabelVertHalfSheet,9,Half-sheet portrait label dimensions.
WdCustomLabelPageSize,Enumeration,wdCustomLabelVertHalfSheetLS,10,Half-sheet landscape label dimensions.
WdCustomLabelPageSize,Enumeration,wdCustomLabelHigaki,11,Higaki portrait label dimensions.
WdCustomLabelPageSize,Enumeration,wdCustomLabelHigakiLS,12,Higaki landscape label dimensions.
WdCustomLabelPageSize,Enumeration,wdCustomLabelB4JIS,13,B4 JIS label dimensions.
WdDateLanguage,Enumeration,wdDateLanguageBidi,10,Bidirectional date/time format.
WdDateLanguage,Enumeration,wdDateLanguageLatin,1033,Latin date/time format.
WdDefaultFilePath,Enumeration,wdDocumentsPath,0,Documents path.
WdDefaultFilePath,Enumeration,wdPicturesPath,1,Pictures path.
WdDefaultFilePath,Enumeration,wdUserTemplatesPath,2,User templates path.
WdDefaultFilePath,Enumeration,wdWorkgroupTemplatesPath,3,Workgroup templates path.
WdDefaultFilePath,Enumeration,wdUserOptionsPath,4,User Options path.
WdDefaultFilePath,Enumeration,wdAutoRecoverPath,5,Path for Auto Recover files.
WdDefaultFilePath,Enumeration,wdToolsPath,6,Tools path.
WdDefaultFilePath,Enumeration,wdTutorialPath,7,Tutorial path.
WdDefaultFilePath,Enumeration,wdStartupPath,8,Startup path.
WdDefaultFilePath,Enumeration,wdProgramPath,9,Program path.
WdDefaultFilePath,Enumeration,wdGraphicsFiltersPath,10,Graphics filters path.
WdDefaultFilePath,Enumeration,wdTextConvertersPath,11,Text converters path.
WdDefaultFilePath,Enumeration,wdProofingToolsPath,12,Proofing tools path.
WdDefaultFilePath,Enumeration,wdTempFilePath,13,Temp file path.
WdDefaultFilePath,Enumeration,wdCurrentFolderPath,14,Current folder path.
WdDefaultFilePath,Enumeration,wdStyleGalleryPath,15,Style Gallery path.
WdDefaultFilePath,Enumeration,wdBorderArtPath,19,Border art path.
WdDefaultListBehavior,Enumeration,wdWord8ListBehavior,0,Use formatting compatible with Microsoft Word 97.
WdDefaultListBehavior,Enumeration,wdWord9ListBehavior,1,Use Web-oriented formatting as introduced in Microsoft Word 2000.
WdDefaultListBehavior,Enumeration,wdWord10ListBehavior,2,Use formatting compatible with Microsoft Word 2002.
WdDefaultTableBehavior,Enumeration,wdWord8TableBehavior,0,Disables AutoFit. Default.
WdDefaultTableBehavior,Enumeration,wdWord9TableBehavior,1,Enables AutoFit.
WdDeleteCells,Enumeration,wdDeleteCellsShiftLeft,0,Shift remaining cells left in the row where the deletion occurred after a cell or range of cells has been deleted.
WdDeleteCells,Enumeration,wdDeleteCellsShiftUp,1,Shift remaining cells up in the column where the deletion occurred after a cell or range of cells has been deleted.
WdDeleteCells,Enumeration,wdDeleteCellsEntireRow,2,Delete the entire row of cells from the table.
WdDeleteCells,Enumeration,wdDeleteCellsEntireColumn,3,Delete the entire column of cells from the table.
WdDeletedTextMark,Enumeration,wdDeletedTextMarkHidden,0,Deleted text is hidden.
WdDeletedTextMark,Enumeration,wdDeletedTextMarkStrikeThrough,1,Deleted text is marked up by using strikethrough characters.
WdDeletedTextMark,Enumeration,wdDeletedTextMarkCaret,2,Deleted text is marked up by using caret characters.
WdDeletedTextMark,Enumeration,wdDeletedTextMarkPound,3,Deleted text is marked up by using pound characters.
WdDeletedTextMark,Enumeration,wdDeletedTextMarkNone,4,Deleted text is not marked up.
WdDeletedTextMark,Enumeration,wdDeletedTextMarkBold,5,Deleted text is displayed in bold.
WdDeletedTextMark,Enumeration,wdDeletedTextMarkItalic,6,Deleted text is displayed in italic.
WdDeletedTextMark,Enumeration,wdDeletedTextMarkUnderline,7,Deleted text is underlined.
WdDeletedTextMark,Enumeration,wdDeletedTextMarkDoubleUnderline,8,Deleted text is marked up by using double-underline characters.
WdDeletedTextMark,Enumeration,wdDeletedTextMarkColorOnly,9,Deleted text is displayed in a specified color (default is red).
WdDeletedTextMark,Enumeration,wdDeletedTextMarkDoubleStrikeThrough,10,Deleted text is marked up by using double-strikethrough characters.
WdDiacriticColor,Enumeration,wdDiacriticColorBidi,0,"Bi-directional language (Arabic, Hebrew, and so forth)."
WdDiacriticColor,Enumeration,wdDiacriticColorLatin,1,Latin style languages.
WdDictionaryType,Enumeration,wdSpelling,0,Spelling.
WdDictionaryType,Enumeration,wdGrammar,1,Grammar.
WdDictionaryType,Enumeration,wdThesaurus,2,Thesaurus.
WdDictionaryType,Enumeration,wdHyphenation,3,Hyphenation.
WdDictionaryType,Enumeration,wdSpellingComplete,4,Not supported.
WdDictionaryType,Enumeration,wdSpellingCustom,5,Custom spelling dictionary.
WdDictionaryType,Enumeration,wdSpellingLegal,6,Legal dictionary.
WdDictionaryType,Enumeration,wdSpellingMedical,7,Medical dictionary.
WdDictionaryType,Enumeration,wdHangulHanjaConversion,8,Dictionary for converting between Hangul and Hanja. Available only if you have enabled support for Korean through Microsoft Office Language Settings.
WdDictionaryType,Enumeration,wdHangulHanjaConversionCustom,9,Custom dictionary for converting between Hangul and Hanja.
WdDictionaryTypeHID,Enumeration,emptyenum,0,
WdDisableFeaturesIntroducedAfter,Enumeration,wd70,0,"Specifies Word for Windows 95, versions 7.0 and 7.0a."
WdDisableFeaturesIntroducedAfter,Enumeration,wd70FE,1,"Specifies Word for Windows 95, versions 7.0 and 7.0a, Asian edition."
WdDisableFeaturesIntroducedAfter,Enumeration,wd80,2,Specifies Word 97 for Windows. Default.
WdDocPartInsertOptions,Enumeration,wdInsertContent,0,Inline building block.
WdDocPartInsertOptions,Enumeration,wdInsertParagraph,1,Paragraph-level building block.
WdDocPartInsertOptions,Enumeration,wdInsertPage,2,Page-level building block.
WdDocumentDirection,Enumeration,wdLeftToRight,0,Left to right.
WdDocumentDirection,Enumeration,wdRightToLeft,1,Right to left.
WdDocumentKind,Enumeration,wdDocumentNotSpecified,0,No format specified.
WdDocumentKind,Enumeration,wdDocumentLetter,1,Letter format.
WdDocumentKind,Enumeration,wdDocumentEmail,2,Email format.
WdDocumentMedium,Enumeration,wdEmailMessage,0,Email message.
WdDocumentMedium,Enumeration,wdDocument,1,Document.
WdDocumentMedium,Enumeration,wdWebPage,2,Web page.
WdDocumentType,Enumeration,wdTypeDocument,0,Document.
WdDocumentType,Enumeration,wdTypeTemplate,1,Template.
WdDocumentType,Enumeration,wdTypeFrameset,2,Frameset.
WdDocumentViewDirection,Enumeration,wdDocumentViewRtl,0,Displays the document with right alignment and right-to-left reading order.
WdDocumentViewDirection,Enumeration,wdDocumentViewLtr,1,Displays the document with left alignment and left-to-right reading order.
WdDropPosition,Enumeration,wdDropNone,0,No dropped capital letter.
WdDropPosition,Enumeration,wdDropNormal,1,Dropped capital letter begins at the left margin.
WdDropPosition,Enumeration,wdDropMargin,2,Dropped capital letter ends at the left margin.
WdEditionOption,Enumeration,wdCancelPublisher,0,Not supported.
WdEditionOption,Enumeration,wdSendPublisher,1,Not supported.
WdEditionOption,Enumeration,wdSelectPublisher,2,Not supported.
WdEditionOption,Enumeration,wdAutomaticUpdate,3,Not supported.
WdEditionOption,Enumeration,wdManualUpdate,4,Not supported.
WdEditionOption,Enumeration,wdChangeAttributes,5,Not supported.
WdEditionOption,Enumeration,wdUpdateSubscriber,6,Not supported.
WdEditionOption,Enumeration,wdOpenSource,7,Not supported.
WdEditionType,Enumeration,wdPublisher,0,Not supported.
WdEditionType,Enumeration,wdSubscriber,1,Not supported.
WdEditorType,Enumeration,wdEditorEveryone,-1,Represents all users who open a document.
WdEditorType,Enumeration,wdEditorOwners,-4,Represents the Owners group for documents that use Information Rights Management.
WdEditorType,Enumeration,wdEditorEditors,-5,Represents the Editors group for documents that use Information Rights Management.
WdEditorType,Enumeration,wdEditorCurrent,-6,Represents the current user of the document.
WdEmailHTMLFidelity,Enumeration,wdEmailHTMLFidelityLow,1,Removes all HTML tags that don't affect how a message displays.
WdEmailHTMLFidelity,Enumeration,wdEmailHTMLFidelityMedium,2,Not supported.
WdEmailHTMLFidelity,Enumeration,wdEmailHTMLFidelityHigh,3,Leaves HTML intact.
WdEmphasisMark,Enumeration,wdEmphasisMarkNone,0,No emphasis mark.
WdEmphasisMark,Enumeration,wdEmphasisMarkOverSolidCircle,1,A solid black circle.
WdEmphasisMark,Enumeration,wdEmphasisMarkOverComma,2,A comma.
WdEmphasisMark,Enumeration,wdEmphasisMarkOverWhiteCircle,3,An empty white circle.
WdEmphasisMark,Enumeration,wdEmphasisMarkUnderSolidCircle,4,A solid black circle.
WdEnableCancelKey,Enumeration,wdCancelDisabled,0,Prevents CTRL+BREAK from interrupting a macro.
WdEnableCancelKey,Enumeration,wdCancelInterrupt,1,Allows a macro to be interrupted by CTRL+BREAK.
WdEncloseStyle,Enumeration,wdEncloseStyleNone,0,The enclosure assumes the default size.
WdEncloseStyle,Enumeration,wdEncloseStyleSmall,1,The enclosure is smaller.
WdEncloseStyle,Enumeration,wdEncloseStyleLarge,2,The enclosure is larger.
WdEnclosureType,Enumeration,wdEnclosureCircle,0,A circle.
WdEnclosureType,Enumeration,wdEnclosureSquare,1,A square.
WdEnclosureType,Enumeration,wdEnclosureTriangle,2,A triangle.
WdEnclosureType,Enumeration,wdEnclosureDiamond,3,A diamond.
WdEndnoteLocation,Enumeration,wdEndOfSection,0,At end of current section.
WdEndnoteLocation,Enumeration,wdEndOfDocument,1,At end of active document.
WdEnvelopeOrientation,Enumeration,wdLeftPortrait,0,Left portrait orientation.
WdEnvelopeOrientation,Enumeration,wdCenterPortrait,1,Center portrait orientation.
WdEnvelopeOrientation,Enumeration,wdRightPortrait,2,Right portrait orientation.
WdEnvelopeOrientation,Enumeration,wdLeftLandscape,3,Left landscape orientation.
WdEnvelopeOrientation,Enumeration,wdCenterLandscape,4,Center landscape orientation.
WdEnvelopeOrientation,Enumeration,wdRightLandscape,5,Right landscape orientation.
WdEnvelopeOrientation,Enumeration,wdLeftClockwise,6,Left clockwise orientation.
WdEnvelopeOrientation,Enumeration,wdCenterClockwise,7,Center clockwise orientation.
WdEnvelopeOrientation,Enumeration,wdRightClockwise,8,Right clockwise orientation.
WdExportCreateBookmarks,Enumeration,wdExportCreateNoBookmarks,0,Do not create bookmarks in the exported document.
WdExportCreateBookmarks,Enumeration,wdExportCreateHeadingBookmarks,1,"Create a bookmark in the exported document for each Microsoft Word heading, which includes only headings within the main document and text boxes not within headers, footers, endnotes, footnotes, or comments."
WdExportCreateBookmarks,Enumeration,wdExportCreateWordBookmarks,2,"Create a bookmark in the exported document for each Word bookmark, which includes all bookmarks except those contained within headers and footers."
WdExportFormat,Enumeration,wdExportFormatPDF,17,Export document into PDF format.
WdExportFormat,Enumeration,wdExportFormatXPS,18,Export document into XML Paper Specification (XPS) format.
WdExportItem,Enumeration,wdExportDocumentContent,0,Exports the document without markup.
WdExportItem,Enumeration,wdExportDocumentWithMarkup,7,Exports the document with markup.
WdExportOptimizeFor,Enumeration,wdExportOptimizeForPrint,0,"Export for print, which is higher quality and results in a larger file size."
WdExportOptimizeFor,Enumeration,wdExportOptimizeForOnScreen,1,"Export for screen, which is a lower quality and results in a smaller file size."
WdExportRange,Enumeration,wdExportAllDocument,0,Exports the entire document.
WdExportRange,Enumeration,wdExportSelection,1,Exports the contents of the current selection.
WdExportRange,Enumeration,wdExportCurrentPage,2,Exports the current page.
WdExportRange,Enumeration,wdExportFromTo,3,Exports the contents of a range using the starting and ending positions.
WdFarEastLineBreakLanguageID,Enumeration,wdLineBreakJapanese,1041,Japanese.
WdFarEastLineBreakLanguageID,Enumeration,wdLineBreakKorean,1042,Korean.
WdFarEastLineBreakLanguageID,Enumeration,wdLineBreakSimplifiedChinese,2052,Simplified Chinese.
WdFarEastLineBreakLanguageID,Enumeration,wdLineBreakTraditionalChinese,1028,Traditional Chinese.
WdFarEastLineBreakLevel,Enumeration,wdFarEastLineBreakLevelNormal,0,Normal line break control.
WdFarEastLineBreakLevel,Enumeration,wdFarEastLineBreakLevelStrict,1,Strict line break control.
WdFarEastLineBreakLevel,Enumeration,wdFarEastLineBreakLevelCustom,2,Custom line break control.
WdFieldKind,Enumeration,wdFieldKindNone,0,"An invalid field (for example, a pair of field characters with nothing inside)."
WdFieldKind,Enumeration,wdFieldKindHot,1,"A field that's automatically updated each time it is displayed or each time the page is reformatted, but which can also be manually updated (for example, INCLUDEPICTURE or FORMDROPDOWN)."
WdFieldKind,Enumeration,wdFieldKindWarm,2,"A field that can be updated and has a result. This type includes fields that are automatically updated when the source changes and fields that can be manually updated (for example, DATE or INCLUDETEXT)."
WdFieldKind,Enumeration,wdFieldKindCold,3,"A field that does not have a result, for example, an Index Entry (XE), Table of Contents Entry (TC), or Private field."
WdFieldShading,Enumeration,wdFieldShadingNever,0,Never apply.
WdFieldShading,Enumeration,wdFieldShadingAlways,1,Always apply.
WdFieldShading,Enumeration,wdFieldShadingWhenSelected,2,Apply only when form field is selected.
WdFieldType,Enumeration,wdFieldEmpty,-1,Empty field. Acts as a placeholder for field content that has not yet been added. A field added by pressing Ctrl+F9 in the user interface is an Empty field.
WdFieldType,Enumeration,wdFieldRef,3,Ref field.
WdFieldType,Enumeration,wdFieldIndexEntry,4,XE (Index Entry) field.
WdFieldType,Enumeration,wdFieldFootnoteRef,5,FootnoteRef field. Not available through the Field dialog box. Inserted programmatically or interactively.
WdFieldType,Enumeration,wdFieldSet,6,Set field.
WdFieldType,Enumeration,wdFieldIf,7,If field.
WdFieldType,Enumeration,wdFieldIndex,8,Index field.
WdFieldType,Enumeration,wdFieldTOCEntry,9,TOC (Table of Contents Entry) field.
WdFieldType,Enumeration,wdFieldStyleRef,10,StyleRef field.
WdFieldType,Enumeration,wdFieldRefDoc,11,RD (Reference Document) field.
WdFieldType,Enumeration,wdFieldSequence,12,Seq (Sequence) field.
WdFieldType,Enumeration,wdFieldTOC,13,TOC (Table of Contents) field.
WdFieldType,Enumeration,wdFieldInfo,14,Info field.
WdFieldType,Enumeration,wdFieldTitle,15,Title field.
WdFieldType,Enumeration,wdFieldSubject,16,Subject field.
WdFieldType,Enumeration,wdFieldAuthor,17,Author field.
WdFieldType,Enumeration,wdFieldKeyWord,18,Keywords field.
WdFieldType,Enumeration,wdFieldComments,19,Comments field.
WdFieldType,Enumeration,wdFieldLastSavedBy,20,LastSavedBy field.
WdFieldType,Enumeration,wdFieldCreateDate,21,CreateDate field.
WdFieldType,Enumeration,wdFieldSaveDate,22,SaveDate field.
WdFieldType,Enumeration,wdFieldPrintDate,23,PrintDate field.
WdFieldType,Enumeration,wdFieldRevisionNum,24,RevNum field.
WdFieldType,Enumeration,wdFieldEditTime,25,EditTime field.
WdFieldType,Enumeration,wdFieldNumPages,26,NumPages field.
WdFieldType,Enumeration,wdFieldNumWords,27,NumWords field.
WdFieldType,Enumeration,wdFieldNumChars,28,NumChars field.
WdFieldType,Enumeration,wdFieldFileName,29,FileName field.
WdFieldType,Enumeration,wdFieldTemplate,30,Template field.
WdFieldType,Enumeration,wdFieldDate,31,Date field.
WdFieldType,Enumeration,wdFieldTime,32,Time field.
WdFieldType,Enumeration,wdFieldPage,33,Page field.
WdFieldType,Enumeration,wdFieldExpression,34, = (Formula) field.
WdFieldType,Enumeration,wdFieldQuote,35,Quote field.
WdFieldType,Enumeration,wdFieldInclude,36,"Include field. Cannot be added through the Field dialog box, but can be added interactively or through code."
WdFieldType,Enumeration,wdFieldPageRef,37,PageRef field.
WdFieldType,Enumeration,wdFieldAsk,38,Ask field.
WdFieldType,Enumeration,wdFieldFillIn,39,Fill-In field.
WdFieldType,Enumeration,wdFieldData,40,Data field.
WdFieldType,Enumeration,wdFieldNext,41,Next field.
WdFieldType,Enumeration,wdFieldNextIf,42,NextIf field.
WdFieldType,Enumeration,wdFieldSkipIf,43,SkipIf field.
WdFieldType,Enumeration,wdFieldMergeRec,44,MergeRec field.
WdFieldType,Enumeration,wdFieldDDE,45,"DDE field. No longer available through the Field dialog box, but supported for documents created in earlier versions of Word."
WdFieldType,Enumeration,wdFieldDDEAuto,46,"DDEAuto field. No longer available through the Field dialog box, but supported for documents created in earlier versions of Word."
WdFieldType,Enumeration,wdFieldGlossary,47,Glossary field. No longer supported in Word.
WdFieldType,Enumeration,wdFieldPrint,48,Print field.
WdFieldType,Enumeration,wdFieldFormula,49,EQ (Equation) field.
WdFieldType,Enumeration,wdFieldGoToButton,50,GoToButton field.
WdFieldType,Enumeration,wdFieldMacroButton,51,MacroButton field.
WdFieldType,Enumeration,wdFieldAutoNumOutline,52,AutoNumOut field.
WdFieldType,Enumeration,wdFieldAutoNumLegal,53,AutoNumLgl field.
WdFieldType,Enumeration,wdFieldAutoNum,54,AutoNum field.
WdFieldType,Enumeration,wdFieldImport,55,"Import field. Cannot be added through the Field dialog box, but can be added interactively or through code."
WdFieldType,Enumeration,wdFieldLink,56,Link field.
WdFieldType,Enumeration,wdFieldSymbol,57,Symbol field.
WdFieldType,Enumeration,wdFieldEmbed,58,Embedded field.
WdFieldType,Enumeration,wdFieldMergeField,59,MergeField field.
WdFieldType,Enumeration,wdFieldUserName,60,UserName field.
WdFieldType,Enumeration,wdFieldUserInitials,61,UserInitials field.
WdFieldType,Enumeration,wdFieldUserAddress,62,UserAddress field.
WdFieldType,Enumeration,wdFieldBarCode,63,BarCode field.
WdFieldType,Enumeration,wdFieldDocVariable,64,DocVariable field.
WdFieldType,Enumeration,wdFieldSection,65,Section field.
WdFieldType,Enumeration,wdFieldSectionPages,66,SectionPages field.
WdFieldType,Enumeration,wdFieldIncludePicture,67,IncludePicture field.
WdFieldType,Enumeration,wdFieldIncludeText,68,IncludeText field.
WdFieldType,Enumeration,wdFieldFileSize,69,FileSize field.
WdFieldType,Enumeration,wdFieldFormTextInput,70,FormText field.
WdFieldType,Enumeration,wdFieldFormCheckBox,71,FormCheckBox field.
WdFieldType,Enumeration,wdFieldNoteRef,72,NoteRef field.
WdFieldType,Enumeration,wdFieldTOA,73,TOA (Table of Authorities) field.
WdFieldType,Enumeration,wdFieldTOAEntry,74,TOA (Table of Authorities Entry) field.
WdFieldType,Enumeration,wdFieldMergeSeq,75,MergeSeq field.
WdFieldType,Enumeration,wdFieldPrivate,77,Private field.
WdFieldType,Enumeration,wdFieldDatabase,78,Database field.
WdFieldType,Enumeration,wdFieldAutoText,79,AutoText field.
WdFieldType,Enumeration,wdFieldCompare,80,Compare field.
WdFieldType,Enumeration,wdFieldAddin,81,Add-in field. Not available through the Field dialog box. Used to store data that is hidden from the user interface.
WdFieldType,Enumeration,wdFieldSubscriber,82,"Macintosh only. For information about this constant, consult the language reference Help included with Microsoft Office Macintosh Edition."
WdFieldType,Enumeration,wdFieldFormDropDown,83,FormDropDown field.
WdFieldType,Enumeration,wdFieldAdvance,84,Advance field.
WdFieldType,Enumeration,wdFieldDocProperty,85,DocProperty field.
WdFieldType,Enumeration,wdFieldOCX,87,"OCX field. Cannot be added through the Field dialog box, but can be added through code by using the AddOLEControl method of the Shapes collection or of the InlineShapes collection."
WdFieldType,Enumeration,wdFieldHyperlink,88,Hyperlink field.
WdFieldType,Enumeration,wdFieldAutoTextList,89,AutoTextList field.
WdFieldType,Enumeration,wdFieldListNum,90,ListNum field.
WdFieldType,Enumeration,wdFieldHTMLActiveX,91,HTMLActiveX field. Not currently supported.
WdFieldType,Enumeration,wdFieldBidiOutline,92,BidiOutline field.
WdFieldType,Enumeration,wdFieldAddressBlock,93,AddressBlock field.
WdFieldType,Enumeration,wdFieldGreetingLine,94,GreetingLine field.
WdFieldType,Enumeration,wdFieldShape,95,Shape field. Automatically created for any drawn picture.
WdFieldType,Enumeration,wdFieldCitation,96,Citation field.
WdFieldType,Enumeration,wdFieldBibliography,97,Bibliography field.
WdFieldType,Enumeration,wdFieldMergeBarcode,98,MergeBarcode field.
WdFieldType,Enumeration,wdFieldDisplayBarcode,99,DisplayBarcode field.
WdFieldType,Enumeration,wdFieldCopilot,100,
WdFindMatch,Enumeration,wdMatchParagraphMark,65551,Not supported.
WdFindMatch,Enumeration,wdMatchTabCharacter,9,Not supported.
WdFindMatch,Enumeration,wdMatchCommentMark,5,Not supported.
WdFindMatch,Enumeration,wdMatchAnyCharacter,65599,Not supported.
WdFindMatch,Enumeration,wdMatchAnyDigit,65567,Not supported.
WdFindMatch,Enumeration,wdMatchAnyLetter,65583,Not supported.
WdFindMatch,Enumeration,wdMatchCaretCharacter,11,Not supported.
WdFindMatch,Enumeration,wdMatchColumnBreak,14,Not supported.
WdFindMatch,Enumeration,wdMatchEmDash,8212,Not supported.
WdFindMatch,Enumeration,wdMatchEnDash,8211,Not supported.
WdFindMatch,Enumeration,wdMatchEndnoteMark,65555,Not supported.
WdFindMatch,Enumeration,wdMatchField,19,Not supported.
WdFindMatch,Enumeration,wdMatchFootnoteMark,65554,Not supported.
WdFindMatch,Enumeration,wdMatchGraphic,1,Not supported.
WdFindMatch,Enumeration,wdMatchManualLineBreak,65551,Not supported.
WdFindMatch,Enumeration,wdMatchManualPageBreak,65564,Not supported.
WdFindMatch,Enumeration,wdMatchNonbreakingHyphen,30,Not supported.
WdFindMatch,Enumeration,wdMatchNonbreakingSpace,160,Not supported.
WdFindMatch,Enumeration,wdMatchOptionalHyphen,31,Not supported.
WdFindMatch,Enumeration,wdMatchSectionBreak,65580,Not supported.
WdFindMatch,Enumeration,wdMatchWhiteSpace,65655,Not supported.
WdFindWrap,Enumeration,wdFindStop,0,The find operation ends if the beginning or end of the search range is reached.
WdFindWrap,Enumeration,wdFindContinue,1,The find operation continues if the beginning or end of the search range is reached.
WdFindWrap,Enumeration,wdFindAsk,2,"After searching the selection or range, Microsoft Word displays a message asking whether to search the remainder of the document."
WdFlowDirection,Enumeration,wdFlowLtr,0,Text in columns flows from left to right.
WdFlowDirection,Enumeration,wdFlowRtl,1,Text in columns flows from right to left.
WdFontBias,Enumeration,wdFontBiasDontCare,255,No font bias specified.
WdFontBias,Enumeration,wdFontBiasDefault,0,Default font bias.
WdFontBias,Enumeration,wdFontBiasFareast,1,Font bias for Asian languages.
WdFootnoteLocation,Enumeration,wdBottomOfPage,0,At bottom of current page.
WdFootnoteLocation,Enumeration,wdBeneathText,1,Beneath current text.
WdFramePosition,Enumeration,wdFrameTop,-999999,Top margin.
WdFramePosition,Enumeration,wdFrameLeft,-999998,Left margin.
WdFramePosition,Enumeration,wdFrameBottom,-999997,Bottom margin.
WdFramePosition,Enumeration,wdFrameRight,-999996,Right margin.
WdFramePosition,Enumeration,wdFrameCenter,-999995,Center of document.
WdFramePosition,Enumeration,wdFrameInside,-999994,Content inside frame.
WdFramePosition,Enumeration,wdFrameOutside,-999993,Content outside frame.
WdFramesetNewFrameLocation,Enumeration,wdFramesetNewFrameAbove,0,Above existing frame.
WdFramesetNewFrameLocation,Enumeration,wdFramesetNewFrameBelow,1,Below existing frame.
WdFramesetNewFrameLocation,Enumeration,wdFramesetNewFrameRight,2,To the right of existing frame.
WdFramesetNewFrameLocation,Enumeration,wdFramesetNewFrameLeft,3,To the left of existing frame.
WdFramesetSizeType,Enumeration,wdFramesetSizeTypePercent,0,Word interprets the height or width of the specified frame as a percentage of the screen height or width.
WdFramesetSizeType,Enumeration,wdFramesetSizeTypeFixed,1,Microsoft Word interprets the height or width of the specified frame as a fixed value (in points).
WdFramesetSizeType,Enumeration,wdFramesetSizeTypeRelative,2,Word interprets the height or width of the specified frame as relative to the height or width of other frames on the frames page.
WdFramesetType,Enumeration,wdFramesetTypeFrameset,0,A frameset.
WdFramesetType,Enumeration,wdFramesetTypeFrame,1,A single frame.
WdFrameSizeRule,Enumeration,wdFrameAuto,0,Sets the height or width according to the height or width of the item in the frame.
WdFrameSizeRule,Enumeration,wdFrameAtLeast,1,Sets the height or width to a value equal to or greater than the value specified by the Height property or Width property.
WdFrameSizeRule,Enumeration,wdFrameExact,2,Sets the height or width to an exact value specified by the Height property or Width property.
WdFrenchSpeller,Enumeration,wdFrenchBoth,0,Use both Post Reform and Pre-Reform French dictionaries when checking French language spelling.
WdFrenchSpeller,Enumeration,wdFrenchPreReform,1,Use only the Pre-Reform French dictionary when checking French language spelling.
WdFrenchSpeller,Enumeration,wdFrenchPostReform,2,Use only the Post Reform French dictionary when checking French language spelling.
WdGoToDirection,Enumeration,wdGoToFirst,1,The first instance of the specified object.
WdGoToDirection,Enumeration,wdGoToLast,-1,The last instance of the specified object.
WdGoToDirection,Enumeration,wdGoToNext,2,The next instance of the specified object.
WdGoToDirection,Enumeration,wdGoToRelative,2,A position relative to the current position.
WdGoToDirection,Enumeration,wdGoToPrevious,3,The previous instance of the specified object.
WdGoToDirection,Enumeration,wdGoToAbsolute,1,An absolute position.
WdGoToItem,Enumeration,wdGoToBookmark,-1,A bookmark.
WdGoToItem,Enumeration,wdGoToSection,0,A section.
WdGoToItem,Enumeration,wdGoToPage,1,A page.
WdGoToItem,Enumeration,wdGoToTable,2,A table.
WdGoToItem,Enumeration,wdGoToLine,3,A line.
WdGoToItem,Enumeration,wdGoToFootnote,4,A footnote.
WdGoToItem,Enumeration,wdGoToEndnote,5,An endnote.
WdGoToItem,Enumeration,wdGoToComment,6,A comment.
WdGoToItem,Enumeration,wdGoToField,7,A field.
WdGoToItem,Enumeration,wdGoToGraphic,8,A graphic.
WdGoToItem,Enumeration,wdGoToObject,9,An object.
WdGoToItem,Enumeration,wdGoToEquation,10,An equation.
WdGoToItem,Enumeration,wdGoToHeading,11,A heading.
WdGoToItem,Enumeration,wdGoToPercent,12,A percent.
WdGoToItem,Enumeration,wdGoToSpellingError,13,A spelling error.
WdGoToItem,Enumeration,wdGoToGrammaticalError,14,A grammatical error.
WdGoToItem,Enumeration,wdGoToProofreadingError,15,A proofreading error.
WdGranularity,Enumeration,wdGranularityCharLevel,0,Tracks character-level changes.
WdGranularity,Enumeration,wdGranularityWordLevel,1,Tracks word-level changes.
WdGutterStyle,Enumeration,wdGutterPosLeft,0,On the left side.
WdGutterStyle,Enumeration,wdGutterPosTop,1,At the top.
WdGutterStyle,Enumeration,wdGutterPosRight,2,On the right side.
WdGutterStyleOld,Enumeration,wdGutterStyleLatin,-10,Latin gutter should be used to conform to left-to-right text flow.
WdGutterStyleOld,Enumeration,wdGutterStyleBidi,2,Bidirectional gutter should be used to conform to right-to-left text flow.
WdHeaderFooterIndex,Enumeration,wdHeaderFooterPrimary,1,Returns the header or footer on all pages other than the first page of a document or section.
WdHeaderFooterIndex,Enumeration,wdHeaderFooterFirstPage,2,Returns the first header or footer in a document or section.
WdHeaderFooterIndex,Enumeration,wdHeaderFooterEvenPages,3,Returns all headers or footers on even-numbered pages.
WdHeadingSeparator,Enumeration,wdHeadingSeparatorNone,0,No separator.
WdHeadingSeparator,Enumeration,wdHeadingSeparatorBlankLine,1,A blank line.
WdHeadingSeparator,Enumeration,wdHeadingSeparatorLetter,2,A designated letter.
WdHeadingSeparator,Enumeration,wdHeadingSeparatorLetterLow,3,A designated lowercase letter.
WdHeadingSeparator,Enumeration,wdHeadingSeparatorLetterFull,4,A designated uppercase letter.
WdHebSpellStart,Enumeration,wdFullScript,0,The spelling checker follows rules for the conventional script required by the Hebrew Language Academy for writing text without diacritics.
WdHebSpellStart,Enumeration,wdPartialScript,1,The spelling checker follows rules for the traditional script used only for text with diacritics.
WdHebSpellStart,Enumeration,wdMixedScript,2,The spelling checker follows rules for full and partial script and allows non-conventional spelling variations. Only completely unrecognized words are highlighted as potential mistakes.
WdHebSpellStart,Enumeration,wdMixedAuthorizedScript,3,"The spelling checker follows rules for full and partial script, but highlights as potential mistakes any spelling variations not permitted within either system and any completely unrecognized words."
WdHelpType,Enumeration,wdHelp,0,Displays the Help Topics dialog box.
WdHelpType,Enumeration,wdHelpAbout,1,Displays the About Microsoft Word dialog box.
WdHelpType,Enumeration,wdHelpActiveWindow,2,Displays Help describing the command associated with the active view or pane.
WdHelpType,Enumeration,wdHelpContents,3,Displays the Help Topics dialog box.
WdHelpType,Enumeration,wdHelpExamplesAndDemos,4,Displays examples and demos.
WdHelpType,Enumeration,wdHelpIndex,5,Displays the Help Topics dialog box.
WdHelpType,Enumeration,wdHelpKeyboard,6,Displays keyboard shortcuts associated with help.
WdHelpType,Enumeration,wdHelpPSSHelp,7,Displays product support information
WdHelpType,Enumeration,wdHelpQuickPreview,8,Displays quick previews.
WdHelpType,Enumeration,wdHelpSearch,9,Displays the Help Topics dialog box.
WdHelpType,Enumeration,wdHelpUsingHelp,10,Displays a list of Help topics that describe how to use Help.
WdHelpType,Enumeration,wdHelpIchitaro,11,Displays Help topics for Ichitaro users.
WdHelpType,Enumeration,wdHelpPE2,12,Displays Help topics for IBM Personal Editor 2 users.
WdHelpType,Enumeration,wdHelpHWP,13,Displays Help topics for AreA Hangul users.
WdHelpTypeHID,Enumeration,emptyenum,0,
WdHighAnsiText,Enumeration,wdHighAnsiIsFarEast,0,Word doesn't interpret any high-ANSI text as East Asian characters.
WdHighAnsiText,Enumeration,wdHighAnsiIsHighAnsi,1,Word interprets all high-ANSI text as East Asian characters.
WdHighAnsiText,Enumeration,wdAutoDetectHighAnsiFarEast,2,Microsoft Word interprets high-ANSI text as East Asian characters only if Word automatically detects East Asian language text.
WdHorizontalInVerticalType,Enumeration,wdHorizontalInVerticalNone,0,No formatting is applied to the horizontal text.
WdHorizontalInVerticalType,Enumeration,wdHorizontalInVerticalFitInLine,1,The horizontal text is sized to fit in the line of vertical text.
WdHorizontalInVerticalType,Enumeration,wdHorizontalInVerticalResizeLine,2,The line of vertical text is sized to accommodate the horizontal text.
WdHorizontalLineAlignment,Enumeration,wdHorizontalLineAlignLeft,0,Aligned to the left.
WdHorizontalLineAlignment,Enumeration,wdHorizontalLineAlignCenter,1,Centered.
WdHorizontalLineAlignment,Enumeration,wdHorizontalLineAlignRight,2,Aligned to the right.
WdHorizontalLineWidthType,Enumeration,wdHorizontalLinePercentWidth,-1,Word interprets the width (length) of the specified horizontal line as a percentage of the screen width. This is the default value for horizontal lines added with the AddHorizontalLineStandard method. Setting the PercentWidth property on a horizontal line sets the WidthType property to this value.
WdHorizontalLineWidthType,Enumeration,wdHorizontalLineFixedWidth,-2,Microsoft Word interprets the width (length) of the specified horizontal line as a fixed value (in points). This is the default value for horizontal lines added with the AddHorizontalLine method. Setting the Width property for the InlineShape object associated with a horizontal line sets the WidthType property to this value.
WdIMEMode,Enumeration,wdIMEModeNoControl,0,Does not change the IME mode.
WdIMEMode,Enumeration,wdIMEModeOn,1,Activates the IME.
WdIMEMode,Enumeration,wdIMEModeOff,2,Disables the IME and activates Latin text entry.
WdIMEMode,Enumeration,wdIMEModeHiragana,4,Activates the IME in full-width hiragana mode.
WdIMEMode,Enumeration,wdIMEModeKatakana,5,Activates the IME in full-width katakana mode.
WdIMEMode,Enumeration,wdIMEModeKatakanaHalf,6,Activates the IME in half-width katakana mode.
WdIMEMode,Enumeration,wdIMEModeAlphaFull,7,Activates the IME in full-width Latin mode.
WdIMEMode,Enumeration,wdIMEModeAlpha,8,Activates the IME in half-width Latin mode.
WdIMEMode,Enumeration,wdIMEModeHangulFull,9,Activates the IME in full-width Hangul mode.
WdIMEMode,Enumeration,wdIMEModeHangul,10,Activates the IME in half-width Hangul mode.
WdIndexFilter,Enumeration,wdIndexFilterNone,0,No special filtering.
WdIndexFilter,Enumeration,wdIndexFilterAiueo,1,Japanese words use the AIUEO method of alphabetizing.
WdIndexFilter,Enumeration,wdIndexFilterAkasatana,2,Japanese words use Akasatana.
WdIndexFilter,Enumeration,wdIndexFilterChosung,3,Korean words use Chosung.
WdIndexFilter,Enumeration,wdIndexFilterLow,4,Japanese words use Akasatana.
WdIndexFilter,Enumeration,wdIndexFilterMedium,5,Japanese words use the AIUEO method of alphabetizing.
WdIndexFilter,Enumeration,wdIndexFilterFull,6,Korean words use Chosung.
WdIndexFormat,Enumeration,wdIndexTemplate,0,From template.
WdIndexFormat,Enumeration,wdIndexClassic,1,Classic.
WdIndexFormat,Enumeration,wdIndexFancy,2,Fancy.
WdIndexFormat,Enumeration,wdIndexModern,3,Modern.
WdIndexFormat,Enumeration,wdIndexBulleted,4,Bulleted.
WdIndexFormat,Enumeration,wdIndexFormal,5,Formal.
WdIndexFormat,Enumeration,wdIndexSimple,6,Simple.
WdIndexSortBy,Enumeration,wdIndexSortByStroke,0,Sort by the number of strokes in a character.
WdIndexSortBy,Enumeration,wdIndexSortBySyllable,1,Sort phonetically.
WdIndexType,Enumeration,wdIndexIndent,0,An indented index.
WdIndexType,Enumeration,wdIndexRunin,1,A run-in index.
WdInformation,Enumeration,wdActiveEndAdjustedPageNumber,1,"Returns the number of the page that contains the active end of the specified selection or range. If you set a starting page number or make other manual adjustments, returns the adjusted page number (unlike wdActiveEndPageNumber)."
WdInformation,Enumeration,wdActiveEndSectionNumber,2,Returns the number of the section that contains the active end of the specified selection or range.
WdInformation,Enumeration,wdActiveEndPageNumber,3,"Returns the number of the page that contains the active end of the specified selection or range, counting from the beginning of the document. Any manual adjustments to page numbering are disregarded (unlike wdActiveEndAdjustedPageNumber)."
WdInformation,Enumeration,wdNumberOfPagesInDocument,4,Returns the number of pages in the document associated with the selection or range.
WdInformation,Enumeration,wdHorizontalPositionRelativeToPage,5,"Returns the horizontal position of the specified selection or range; this is the distance from the left edge of the selection or range to the left edge of the page measured in points (1 point = 20 twips, 72 points = 1 inch). If the selection or range isn't within the screen area, returns -1."
WdInformation,Enumeration,wdVerticalPositionRelativeToPage,6,"Returns the vertical position of the selection or range; this is the distance from the top edge of the selection to the top edge of the page measured in points (1 point = 20 twips, 72 points = 1 inch). If the selection isn't visible in the document window, returns -1."
WdInformation,Enumeration,wdHorizontalPositionRelativeToTextBoundary,7,"Returns the horizontal position of the specified selection or range relative to the left edge of the nearest text boundary enclosing it, in points (1 point = 20 twips, 72 points = 1 inch). If the selection or range isn't within the screen area, returns -1."
WdInformation,Enumeration,wdVerticalPositionRelativeToTextBoundary,8,"Returns the vertical position of the selection or range relative to the top edge of the nearest text boundary enclosing it, in points (1 point = 20 twips, 72 points = 1 inch). This is useful for determining the position of the insertion point within a frame or table cell. If the selection isn't visible, returns -1."
WdInformation,Enumeration,wdFirstCharacterColumnNumber,9,"Returns the character position of the first character in the specified selection or range. If the selection or range is collapsed, the character number immediately to the right of the range or selection is returned (this is the same as the character column number displayed in the status bar after ""Col"")."
WdInformation,Enumeration,wdFirstCharacterLineNumber,10,"Returns the character position of the first character in the specified selection or range. If the selection or range is collapsed, the character number immediately to the right of the range or selection is returned (this is the same as the character line number displayed in the status bar after ""Ln"")."
WdInformation,Enumeration,wdFrameIsSelected,11,Returns True if the selection or range is an entire frame or text box.
WdInformation,Enumeration,wdWithInTable,12,Returns True if the selection is in a table.
WdInformation,Enumeration,wdStartOfRangeRowNumber,13,Returns the table row number that contains the beginning of the selection or range.
WdInformation,Enumeration,wdEndOfRangeRowNumber,14,Returns the table row number that contains the end of the specified selection or range.
WdInformation,Enumeration,wdMaximumNumberOfRows,15,Returns the greatest number of table rows within the table in the specified selection or range.
WdInformation,Enumeration,wdStartOfRangeColumnNumber,16,Returns the table column number that contains the beginning of the selection or range.
WdInformation,Enumeration,wdEndOfRangeColumnNumber,17,Returns the table column number that contains the end of the specified selection or range.
WdInformation,Enumeration,wdMaximumNumberOfColumns,18,Returns the greatest number of table columns within any row in the selection or range.
WdInformation,Enumeration,wdZoomPercentage,19,Returns the current percentage of magnification as set by the Percentage property.
WdInformation,Enumeration,wdSelectionMode,20,"Returns a value that indicates the current selection mode, as shown in the following table."
WdInformation,Enumeration,wdCapsLock,21,Returns True if Caps Lock is in effect.
WdInformation,Enumeration,wdNumLock,22,Returns True if Num Lock is in effect.
WdInformation,Enumeration,wdOverType,23,Returns True if Overtype mode is in effect. The Overtype property can be used to change the state of the Overtype mode.
WdInformation,Enumeration,wdRevisionMarking,24,Returns True if change tracking is in effect.
WdInformation,Enumeration,wdInFootnoteEndnotePane,25,"Returns True if the specified selection or range is in the footnote or endnote pane in normal view or in a footnote or endnote area in print layout view. For more information, see the descriptions of wdInFootnote and wdInEndnote in the preceding paragraphs."
WdInformation,Enumeration,wdInCommentPane,26,Returns True if the specified selection or range is in a comment pane.
WdInformation,Enumeration,wdInHeaderFooter,28,Returns True if the selection or range is in the header or footer pane or in a header or footer in print layout view.
WdInformation,Enumeration,wdAtEndOfRowMarker,31,Returns True if the specified selection or range is at the end-of-row mark in a table.
WdInformation,Enumeration,wdReferenceOfType,32,"Returns a value that indicates where the selection is in relation to a footnote, endnote, or comment reference, as shown in the table in the remarks section."
WdInformation,Enumeration,wdHeaderFooterType,33,Returns a value that indicates the type of header or footer that contains the specified selection or range. See the table in the remarks section for additional information.
WdInformation,Enumeration,wdInMasterDocument,34,"Returns True if the selection or range is in a master document (that is, a document that contains at least one subdocument)."
WdInformation,Enumeration,wdInFootnote,35,Returns True if the specified selection or range is in a footnote area in print layout view or in the footnote pane in normal view.
WdInformation,Enumeration,wdInEndnote,36,Returns True if the specified selection or range is in an endnote area in print layout view or in the endnote pane in normal view.
WdInformation,Enumeration,wdInWordMail,37,Returns True if the selection or range is in the header or footer pane or in a header or footer in print layout view.
WdInformation,Enumeration,wdInClipboard,38,"For information about this constant, consult the language reference Help included with Microsoft Office Macintosh Edition."
WdInformation,Enumeration,wdInCoverPage,41,Returns True if the specified selection or range is in a cover page.
WdInformation,Enumeration,wdInBibliography,42,Returns True if the specified selection or range is in a bibliography.
WdInformation,Enumeration,wdInCitation,43,Returns True if the specified selection or range is in a citation.
WdInformation,Enumeration,wdInFieldCode,44,Returns True if the specified selection or range is in a field code.
WdInformation,Enumeration,wdInFieldResult,45,Returns True if the specified selection or range is in a field result.
WdInformation,Enumeration,wdInContentControl,46,Returns True if the specified selection or range is in a content control.
WdInlineShapeType,Enumeration,wdInlineShapeEmbeddedOLEObject,1,Embedded OLE object.
WdInlineShapeType,Enumeration,wdInlineShapeLinkedOLEObject,2,Linked OLE object.
WdInlineShapeType,Enumeration,wdInlineShapePicture,3,Picture.
WdInlineShapeType,Enumeration,wdInlineShapeLinkedPicture,4,Linked picture.
WdInlineShapeType,Enumeration,wdInlineShapeOLEControlObject,5,OLE control object.
WdInlineShapeType,Enumeration,wdInlineShapeHorizontalLine,6,Horizontal line.
WdInlineShapeType,Enumeration,wdInlineShapePictureHorizontalLine,7,Picture with horizontal line.
WdInlineShapeType,Enumeration,wdInlineShapeLinkedPictureHorizontalLine,8,Linked picture with horizontal line.
WdInlineShapeType,Enumeration,wdInlineShapePictureBullet,9,Picture used as a bullet.
WdInlineShapeType,Enumeration,wdInlineShapeScriptAnchor,10,Script anchor. Refers to anchor location for block of script stored with a document.
WdInlineShapeType,Enumeration,wdInlineShapeOWSAnchor,11,OWS anchor.
WdInlineShapeType,Enumeration,wdInlineShapeChart,12,Inline chart.
WdInlineShapeType,Enumeration,wdInlineShapeDiagram,13,Inline diagram.
WdInlineShapeType,Enumeration,wdInlineShapeLockedCanvas,14,Locked inline shape canvas.
WdInlineShapeType,Enumeration,wdInlineShapeSmartArt,15,A SmartArt graphic.
WdInlineShapeType,Enumeration,wdInlineShapeWebVideo,16,A picture acting as a poster frame for a web video.
WdInlineShapeType,Enumeration,wdInlineShapeGraphic,17,
WdInlineShapeType,Enumeration,wdInlineShapeLinkedGraphic,18,
WdInlineShapeType,Enumeration,wdInlineShape3DModel,19,3D Model.
WdInlineShapeType,Enumeration,wdInlineShapeLinked3DModel,20,Linked 3D Model.
WdInsertCells,Enumeration,wdInsertCellsShiftRight,0,Insert new cells to the left of the selected cells.
WdInsertCells,Enumeration,wdInsertCellsShiftDown,1,Inserts new cells above the selected cells.
WdInsertCells,Enumeration,wdInsertCellsEntireRow,2,Inserts an entire row above the row that contains the selection.
WdInsertCells,Enumeration,wdInsertCellsEntireColumn,3,Inserts an entire column to the left of the column that contains the selection.
WdInsertedTextMark,Enumeration,wdInsertedTextMarkNone,0,Inserted text is not marked up.
WdInsertedTextMark,Enumeration,wdInsertedTextMarkBold,1,Inserted text is displayed in bold.
WdInsertedTextMark,Enumeration,wdInsertedTextMarkItalic,2,Inserted text is displayed in italic.
WdInsertedTextMark,Enumeration,wdInsertedTextMarkUnderline,3,Inserted text is underlined.
WdInsertedTextMark,Enumeration,wdInsertedTextMarkDoubleUnderline,4,Inserted text is marked up by using double-underline characters.
WdInsertedTextMark,Enumeration,wdInsertedTextMarkColorOnly,5,Inserted text is displayed in a specified color.
WdInsertedTextMark,Enumeration,wdInsertedTextMarkStrikeThrough,6,Inserted text is marked up by using strikethrough characters.
WdInsertedTextMark,Enumeration,wdInsertedTextMarkDoubleStrikeThrough,7,Inserted text is marked up by using double-strikethrough characters.
WdInternationalIndex,Enumeration,wdListSeparator,17,"Returns the list separator (, in U.S. English)."
WdInternationalIndex,Enumeration,wdDecimalSeparator,18,Returns the decimal separator (. in U.S. English).
WdInternationalIndex,Enumeration,wdThousandsSeparator,19,"Returns the thousands separator (, in U.S. English)."
WdInternationalIndex,Enumeration,wdCurrencyCode,20,Returns the currency symbol ($ in U.S. English).
WdInternationalIndex,Enumeration,wd24HourClock,21,Returns True if you are using 24-hour time; returns False if you are using 12-hour time.
WdInternationalIndex,Enumeration,wdInternationalAM,22,"Returns the string used to indicate morning hours (for example, 10 A.M)."
WdInternationalIndex,Enumeration,wdInternationalPM,23,"Returns the string used to indicate afternoon and evening hours (for example, 2 P.M)."
WdInternationalIndex,Enumeration,wdTimeSeparator,24,Returns the time separator (: in U.S. English).
WdInternationalIndex,Enumeration,wdDateSeparator,25,Returns the date separator (/ in U.S. English).
WdInternationalIndex,Enumeration,wdProductLanguageID,26,Returns the language version of Word.
WdJustificationMode,Enumeration,wdJustificationModeExpand,0,Expand.
WdJustificationMode,Enumeration,wdJustificationModeCompress,1,Compress.
WdJustificationMode,Enumeration,wdJustificationModeCompressKana,2,"Compress, using rules of the kana syllabaries, Hiragana and Katakana."
WdKana,Enumeration,wdKanaKatakana,8,The text is formatted as Katakana.
WdKana,Enumeration,wdKanaHiragana,9,The text is formatted as Hiragana.
WdKey,Enumeration,wdNoKey,255,No key.
WdKey,Enumeration,wdKeyShift,256,The SHIFT key.
WdKey,Enumeration,wdKeyControl,512,The CTRL key.
WdKey,Enumeration,wdKeyCommand,512,The Windows command key or Macintosh COMMAND key.
WdKey,Enumeration,wdKeyAlt,1024,The ALT key.
WdKey,Enumeration,wdKeyOption,1024,The mouse option key or Macintosh OPTION key.
WdKey,Enumeration,wdKeyA,65,The A key.
WdKey,Enumeration,wdKeyB,66,The B key.
WdKey,Enumeration,wdKeyC,67,The C key.
WdKey,Enumeration,wdKeyD,68,The D key.
WdKey,Enumeration,wdKeyE,69,The E key.
WdKey,Enumeration,wdKeyF,70,The F key.
WdKey,Enumeration,wdKeyG,71,The G key.
WdKey,Enumeration,wdKeyH,72,The H key.
WdKey,Enumeration,wdKeyI,73,The I key.
WdKey,Enumeration,wdKeyJ,74,The J key.
WdKey,Enumeration,wdKeyK,75,The K key.
WdKey,Enumeration,wdKeyL,76,The L key.
WdKey,Enumeration,wdKeyM,77,The M key.
WdKey,Enumeration,wdKeyN,78,The N key.
WdKey,Enumeration,wdKeyO,79,The O key.
WdKey,Enumeration,wdKeyP,80,The P key.
WdKey,Enumeration,wdKeyQ,81,The Q key.
WdKey,Enumeration,wdKeyR,82,The R key.
WdKey,Enumeration,wdKeyS,83,The S key.
WdKey,Enumeration,wdKeyT,84,The T key.
WdKey,Enumeration,wdKeyU,85,The U key.
WdKey,Enumeration,wdKeyV,86,The V key.
WdKey,Enumeration,wdKeyW,87,The W key.
WdKey,Enumeration,wdKeyX,88,The X key.
WdKey,Enumeration,wdKeyY,89,The Y key.
WdKey,Enumeration,wdKeyZ,90,The Z key.
WdKey,Enumeration,wdKey0,48,The 0 key.
WdKey,Enumeration,wdKey1,49,The 1 key.
WdKey,Enumeration,wdKey2,50,The 2 key.
WdKey,Enumeration,wdKey3,51,The 3 key.
WdKey,Enumeration,wdKey4,52,The 4 key.
WdKey,Enumeration,wdKey5,53,The 5 key.
WdKey,Enumeration,wdKey6,54,The 6 key.
WdKey,Enumeration,wdKey7,55,The 7 key.
WdKey,Enumeration,wdKey8,56,The 8 key.
WdKey,Enumeration,wdKey9,57,The 9 key.
WdKey,Enumeration,wdKeyBackspace,8,The BACKSPACE key.
WdKey,Enumeration,wdKeyTab,9,The TAB key.
WdKey,Enumeration,wdKeyNumeric5Special,12,.
WdKey,Enumeration,wdKeyReturn,13,The ENTER or RETURN key.
WdKey,Enumeration,wdKeyPause,19,The PAUSE key.
WdKey,Enumeration,wdKeyEsc,27,The ESC key.
WdKey,Enumeration,wdKeySpacebar,32,The SPACEBAR key.
WdKey,Enumeration,wdKeyPageUp,33,The PAGE UP key.
WdKey,Enumeration,wdKeyPageDown,34,The PAGE DOWN key.
WdKey,Enumeration,wdKeyEnd,35,The END key.
WdKey,Enumeration,wdKeyHome,36,The HOME key.
WdKey,Enumeration,wdKeyInsert,45,The INSERT key.
WdKey,Enumeration,wdKeyDelete,46,The DELETE key.
WdKey,Enumeration,wdKeyNumeric0,96,The 0 key.
WdKey,Enumeration,wdKeyNumeric1,97,The 1 key.
WdKey,Enumeration,wdKeyNumeric2,98,The 2 key.
WdKey,Enumeration,wdKeyNumeric3,99,The 3 key.
WdKey,Enumeration,wdKeyNumeric4,100,The 4 key.
WdKey,Enumeration,wdKeyNumeric5,101,The 5 key.
WdKey,Enumeration,wdKeyNumeric6,102,The 6 key.
WdKey,Enumeration,wdKeyNumeric7,103,The 7 key.
WdKey,Enumeration,wdKeyNumeric8,104,The 8 key.
WdKey,Enumeration,wdKeyNumeric9,105,The 9 key.
WdKey,Enumeration,wdKeyNumericMultiply,106,The * key on the numeric keypad.
WdKey,Enumeration,wdKeyNumericAdd,107,The + key on the numeric keypad.
WdKey,Enumeration,wdKeyNumericSubtract,109,The - key on the numeric keypad.
WdKey,Enumeration,wdKeyNumericDecimal,110,The . key on the numeric keypad.
WdKey,Enumeration,wdKeyNumericDivide,111,The / key on the numeric keypad.
WdKey,Enumeration,wdKeyF1,112,The F1 key.
WdKey,Enumeration,wdKeyF2,113,The F2 key.
WdKey,Enumeration,wdKeyF3,114,The F3 key.
WdKey,Enumeration,wdKeyF4,115,The F4 key.
WdKey,Enumeration,wdKeyF5,116,The F5 key.
WdKey,Enumeration,wdKeyF6,117,The F6 key.
WdKey,Enumeration,wdKeyF7,118,The F7 key.
WdKey,Enumeration,wdKeyF8,119,The F8 key.
WdKey,Enumeration,wdKeyF9,120,The F9 key.
WdKey,Enumeration,wdKeyF10,121,The F10 key.
WdKey,Enumeration,wdKeyF11,122,The F11 key.
WdKey,Enumeration,wdKeyF12,123,The F12 key.
WdKey,Enumeration,wdKeyF13,124,The F13 key.
WdKey,Enumeration,wdKeyF14,125,The F14 key.
WdKey,Enumeration,wdKeyF15,126,The F15 key.
WdKey,Enumeration,wdKeyF16,127,The F16 key.
WdKey,Enumeration,wdKeyScrollLock,145,The SCROLL LOCK key.
WdKey,Enumeration,wdKeySemiColon,186,The ; key.
WdKey,Enumeration,wdKeyEquals,187,The = key.
WdKey,Enumeration,wdKeyComma,188,"The , key."
WdKey,Enumeration,wdKeyHyphen,189,The - key.
WdKey,Enumeration,wdKeyPeriod,190,The . key.
WdKey,Enumeration,wdKeySlash,191,The / key.
WdKey,Enumeration,wdKeyBackSingleQuote,192,The key.
WdKey,Enumeration,wdKeyOpenSquareBrace,219,The [ key.
WdKey,Enumeration,wdKeyBackSlash,220,The \ key.
WdKey,Enumeration,wdKeyCloseSquareBrace,221,The ] key.
WdKey,Enumeration,wdKeySingleQuote,222,The ' key.
WdKeyCategory,Enumeration,wdKeyCategoryNil,-1,Key is not assigned.
WdKeyCategory,Enumeration,wdKeyCategoryDisable,0,Key is disabled.
WdKeyCategory,Enumeration,wdKeyCategoryCommand,1,Key is assigned to a command.
WdKeyCategory,Enumeration,wdKeyCategoryMacro,2,Key is assigned to a macro.
WdKeyCategory,Enumeration,wdKeyCategoryFont,3,Key is assigned to a font.
WdKeyCategory,Enumeration,wdKeyCategoryAutoText,4,Key is assigned to autotext.
WdKeyCategory,Enumeration,wdKeyCategoryStyle,5,Key is assigned to a style.
WdKeyCategory,Enumeration,wdKeyCategorySymbol,6,Key is assigned to a symbol.
WdKeyCategory,Enumeration,wdKeyCategoryPrefix,7,Key is assigned to a prefix.
WdLanguageID,Enumeration,wdLanguageNone,0,No specified language.
WdLanguageID,Enumeration,wdNoProofing,1024,Disables proofing if the language ID identifies a language in which an object is grammatically validated using the Microsoft Word proofing tools.
WdLanguageID,Enumeration,wdAfrikaans,1078,African language.
WdLanguageID,Enumeration,wdAlbanian,1052,Albanian language.
WdLanguageID,Enumeration,wdAmharic,1118,Amharic language.
WdLanguageID,Enumeration,wdArabicAlgeria,5121,Arabic Algerian language.
WdLanguageID,Enumeration,wdArabicBahrain,15361,Arabic Bahraini language.
WdLanguageID,Enumeration,wdArabicEgypt,3073,Arabic Egyptian language.
WdLanguageID,Enumeration,wdArabicIraq,2049,Arabic Iraqi language.
WdLanguageID,Enumeration,wdArabicJordan,11265,Arabic Jordanian language.
WdLanguageID,Enumeration,wdArabicKuwait,13313,Arabic Kuwaiti language.
WdLanguageID,Enumeration,wdArabicLebanon,12289,Arabic Lebanese language.
WdLanguageID,Enumeration,wdArabicLibya,4097,Arabic Libyan language.
WdLanguageID,Enumeration,wdArabicMorocco,6145,Arabic Moroccan language.
WdLanguageID,Enumeration,wdArabicOman,8193,Arabic Omani language.
WdLanguageID,Enumeration,wdArabicQatar,16385,Arabic Qatari language.
WdLanguageID,Enumeration,wdArabic,1025,Arabic language.
WdLanguageID,Enumeration,wdArabicSyria,10241,Arabic Syrian language.
WdLanguageID,Enumeration,wdArabicTunisia,7169,Arabic Tunisian language.
WdLanguageID,Enumeration,wdArabicUAE,14337,Arabic United Arab Emirates language.
WdLanguageID,Enumeration,wdArabicYemen,9217,Arabic Yemeni language.
WdLanguageID,Enumeration,wdArmenian,1067,Armenian language.
WdLanguageID,Enumeration,wdAssamese,1101,Assamese language.
WdLanguageID,Enumeration,wdAzeriCyrillic,2092,Azerbaijani Cyrillic language.
WdLanguageID,Enumeration,wdAzeriLatin,1068,Azerbaijani Latin language.
WdLanguageID,Enumeration,wdBasque,1069,Basque (Basque).
WdLanguageID,Enumeration,wdByelorussian,1059,Belarusian language.
WdLanguageID,Enumeration,wdBengali,1093,Bengali language.
WdLanguageID,Enumeration,wdBulgarian,1026,Bulgarian language.
WdLanguageID,Enumeration,wdBurmese,1109,Burmese language.
WdLanguageID,Enumeration,wdCatalan,1027,Catalan language.
WdLanguageID,Enumeration,wdCherokee,1116,Cherokee language.
WdLanguageID,Enumeration,wdChineseHongKongSAR,3076,Chinese Hong Kong SAR language.
WdLanguageID,Enumeration,wdChineseMacaoSAR,5124,Chinese Macao SAR language.
WdLanguageID,Enumeration,wdSimplifiedChinese,2052,Simplified Chinese language.
WdLanguageID,Enumeration,wdChineseSingapore,4100,Chinese Singapore language.
WdLanguageID,Enumeration,wdTraditionalChinese,1028,Traditional Chinese language.
WdLanguageID,Enumeration,wdCroatian,1050,Croatian language.
WdLanguageID,Enumeration,wdCzech,1029,Czech language.
WdLanguageID,Enumeration,wdDanish,1030,Danish language.
WdLanguageID,Enumeration,wdDivehi,1125,Divehi language.
WdLanguageID,Enumeration,wdBelgianDutch,2067,Belgian Dutch language.
WdLanguageID,Enumeration,wdDutch,1043,Dutch language.
WdLanguageID,Enumeration,wdEdo,1126,Edo language.
WdLanguageID,Enumeration,wdEnglishAUS,3081,Australian English language.
WdLanguageID,Enumeration,wdEnglishBelize,10249,Belize English language.
WdLanguageID,Enumeration,wdEnglishCanadian,4105,Canadian English language.
WdLanguageID,Enumeration,wdEnglishCaribbean,9225,Caribbean English language.
WdLanguageID,Enumeration,wdEnglishIreland,6153,Irish English language.
WdLanguageID,Enumeration,wdEnglishJamaica,8201,Jamaican English language.
WdLanguageID,Enumeration,wdEnglishNewZealand,5129,New Zealand English language.
WdLanguageID,Enumeration,wdEnglishPhilippines,13321,Filipino English language.
WdLanguageID,Enumeration,wdEnglishSouthAfrica,7177,South African English language.
WdLanguageID,Enumeration,wdEnglishTrinidadTobago,11273,Tobago Trinidad English language.
WdLanguageID,Enumeration,wdEnglishUK,2057,United Kingdom English language.
WdLanguageID,Enumeration,wdEnglishUS,1033,United States English language.
WdLanguageID,Enumeration,wdEnglishZimbabwe,12297,Zimbabwe English language.
WdLanguageID,Enumeration,wdEnglishIndonesia,14345,Indonesian English language.
WdLanguageID,Enumeration,wdEstonian,1061,Estonian language.
WdLanguageID,Enumeration,wdFaeroese,1080,Faeroese language.
WdLanguageID,Enumeration,wdPersian,1065,Persian language.
WdLanguageID,Enumeration,wdFilipino,1124,Filipino language.
WdLanguageID,Enumeration,wdFinnish,1035,Finnish language.
WdLanguageID,Enumeration,wdFulfulde,1127,Fulfulde language.
WdLanguageID,Enumeration,wdBelgianFrench,2060,Belgian French language.
WdLanguageID,Enumeration,wdFrenchCameroon,11276,French Cameroon language.
WdLanguageID,Enumeration,wdFrenchCanadian,3084,French Canadian language.
WdLanguageID,Enumeration,wdFrenchCotedIvoire,12300,French Cote d'Ivoire language.
WdLanguageID,Enumeration,wdFrench,1036,French language.
WdLanguageID,Enumeration,wdFrenchLuxembourg,5132,French Luxembourg language.
WdLanguageID,Enumeration,wdFrenchMali,13324,French Mali language.
WdLanguageID,Enumeration,wdFrenchMonaco,6156,French Monaco language.
WdLanguageID,Enumeration,wdFrenchReunion,8204,French Reunion language.
WdLanguageID,Enumeration,wdFrenchSenegal,10252,French Senegal language.
WdLanguageID,Enumeration,wdFrenchMorocco,14348,French Morocco language.
WdLanguageID,Enumeration,wdFrenchHaiti,15372,French Haiti language.
WdLanguageID,Enumeration,wdSwissFrench,4108,Swiss French language.
WdLanguageID,Enumeration,wdFrenchWestIndies,7180,French West Indies language.
WdLanguageID,Enumeration,wdFrenchCongoDRC,9228,French (Congo (DRC)) language.
WdLanguageID,Enumeration,wdFrisianNetherlands,1122,Frisian Netherlands language.
WdLanguageID,Enumeration,wdGaelicIreland,2108,Irish (Irish) language.
WdLanguageID,Enumeration,wdGaelicScotland,1084,Scottish Gaelic language.
WdLanguageID,Enumeration,wdGalician,1110,Galician language.
WdLanguageID,Enumeration,wdGeorgian,1079,Georgian language.
WdLanguageID,Enumeration,wdGermanAustria,3079,German Austrian language.
WdLanguageID,Enumeration,wdGerman,1031,German language.
WdLanguageID,Enumeration,wdGermanLiechtenstein,5127,German Liechtenstein language.
WdLanguageID,Enumeration,wdGermanLuxembourg,4103,German Luxembourg language.
WdLanguageID,Enumeration,wdSwissGerman,2055,Swiss German language.
WdLanguageID,Enumeration,wdGreek,1032,Greek language.
WdLanguageID,Enumeration,wdGuarani,1140,Guarani language.
WdLanguageID,Enumeration,wdGujarati,1095,Gujarati language.
WdLanguageID,Enumeration,wdHausa,1128,Hausa language.
WdLanguageID,Enumeration,wdHawaiian,1141,Hawaiian language.
WdLanguageID,Enumeration,wdHebrew,1037,Hebrew language.
WdLanguageID,Enumeration,wdHindi,1081,Hindi language.
WdLanguageID,Enumeration,wdHungarian,1038,Hungarian language.
WdLanguageID,Enumeration,wdIbibio,1129,Ibibio language.
WdLanguageID,Enumeration,wdIcelandic,1039,Icelandic language.
WdLanguageID,Enumeration,wdIgbo,1136,Igbo language.
WdLanguageID,Enumeration,wdIndonesian,1057,Indonesian language.
WdLanguageID,Enumeration,wdInuktitut,1117,Inuktitut language.
WdLanguageID,Enumeration,wdItalian,1040,Italian language.
WdLanguageID,Enumeration,wdSwissItalian,2064,Swiss Italian language.
WdLanguageID,Enumeration,wdJapanese,1041,Japanese language.
WdLanguageID,Enumeration,wdKannada,1099,Kannada language.
WdLanguageID,Enumeration,wdKanuri,1137,Kanuri language.
WdLanguageID,Enumeration,wdKashmiri,1120,Kashmiri language.
WdLanguageID,Enumeration,wdKazakh,1087,Kazakh language.
WdLanguageID,Enumeration,wdKhmer,1107,Khmer language.
WdLanguageID,Enumeration,wdKirghiz,1088,Kirghiz language.
WdLanguageID,Enumeration,wdKonkani,1111,Konkani language.
WdLanguageID,Enumeration,wdKorean,1042,Korean language.
WdLanguageID,Enumeration,wdKyrgyz,1088,Kyrgyz language.
WdLanguageID,Enumeration,wdLao,1108,Lao language.
WdLanguageID,Enumeration,wdLatin,1142,Latin language.
WdLanguageID,Enumeration,wdLatvian,1062,Latvian language.
WdLanguageID,Enumeration,wdLithuanian,1063,Lithuanian language.
WdLanguageID,Enumeration,wdMacedonianFYROM,1071,Macedonian language.
WdLanguageID,Enumeration,wdMalaysian,1086,Malaysian language.
WdLanguageID,Enumeration,wdMalayBruneiDarussalam,2110,Malay Brunei Darussalam language.
WdLanguageID,Enumeration,wdMalayalam,1100,Malayalam language.
WdLanguageID,Enumeration,wdMaltese,1082,Maltese language.
WdLanguageID,Enumeration,wdManipuri,1112,Manipuri language.
WdLanguageID,Enumeration,wdMarathi,1102,Marathi language.
WdLanguageID,Enumeration,wdMongolian,1104,Mongolian language.
WdLanguageID,Enumeration,wdNepali,1121,Nepali language.
WdLanguageID,Enumeration,wdNorwegianBokmol,1044,Norwegian Bokmol language.
WdLanguageID,Enumeration,wdNorwegianNynorsk,2068,Norwegian Nynorsk language.
WdLanguageID,Enumeration,wdOriya,1096,Odia (Oriya) language.
WdLanguageID,Enumeration,wdOromo,1138,Oromo language.
WdLanguageID,Enumeration,wdPashto,1123,Pashto language.
WdLanguageID,Enumeration,wdPolish,1045,Polish language.
WdLanguageID,Enumeration,wdPortugueseBrazil,1046,Portuguese (Brazil) language.
WdLanguageID,Enumeration,wdPortuguese,2070,Portuguese language.
WdLanguageID,Enumeration,wdPunjabi,1094,Punjabi language.
WdLanguageID,Enumeration,wdRhaetoRomanic,1047,Rhaeto Romanic language.
WdLanguageID,Enumeration,wdRomanianMoldova,2072,Romanian Moldova language.
WdLanguageID,Enumeration,wdRomanian,1048,Romanian language.
WdLanguageID,Enumeration,wdRussianMoldova,2073,Russian Moldova language.
WdLanguageID,Enumeration,wdRussian,1049,Russian language.
WdLanguageID,Enumeration,wdSamiLappish,1083,Sami Lappish language.
WdLanguageID,Enumeration,wdSanskrit,1103,Sanskrit language.
WdLanguageID,Enumeration,wdSerbianCyrillic,3098,Serbian Cyrillic language.
WdLanguageID,Enumeration,wdSerbianLatin,2074,Serbian Latin language.
WdLanguageID,Enumeration,wdSinhalese,1115,Sinhalese language.
WdLanguageID,Enumeration,wdSindhi,1113,Sindhi language.
WdLanguageID,Enumeration,wdSindhiPakistan,2137,Sindhi (Pakistan) language.
WdLanguageID,Enumeration,wdSlovak,1051,Slovakian language.
WdLanguageID,Enumeration,wdSlovenian,1060,Slovenian language.
WdLanguageID,Enumeration,wdSomali,1143,Somali language.
WdLanguageID,Enumeration,wdSorbian,1070,Sorbian language.
WdLanguageID,Enumeration,wdSpanishArgentina,11274,Spanish Argentina language.
WdLanguageID,Enumeration,wdSpanishBolivia,16394,Spanish Bolivian language.
WdLanguageID,Enumeration,wdSpanishChile,13322,Spanish Chilean language.
WdLanguageID,Enumeration,wdSpanishColombia,9226,Spanish Colombian language.
WdLanguageID,Enumeration,wdSpanishCostaRica,5130,Spanish Costa Rican language.
WdLanguageID,Enumeration,wdSpanishDominicanRepublic,7178,Spanish Dominican Republic language.
WdLanguageID,Enumeration,wdSpanishEcuador,12298,Spanish Ecuadorian language.
WdLanguageID,Enumeration,wdSpanishElSalvador,17418,Spanish El Salvadorian language.
WdLanguageID,Enumeration,wdSpanishGuatemala,4106,Spanish Guatemala language.
WdLanguageID,Enumeration,wdSpanishHonduras,18442,Spanish Honduran language.
WdLanguageID,Enumeration,wdMexicanSpanish,2058,Mexican Spanish language.
WdLanguageID,Enumeration,wdSpanishNicaragua,19466,Spanish Nicaraguan language.
WdLanguageID,Enumeration,wdSpanishPanama,6154,Spanish Panamanian language.
WdLanguageID,Enumeration,wdSpanishParaguay,15370,Spanish Paraguayan language.
WdLanguageID,Enumeration,wdSpanishPeru,10250,Spanish Peruvian language.
WdLanguageID,Enumeration,wdSpanishPuertoRico,20490,Spanish Puerto Rican language.
WdLanguageID,Enumeration,wdSpanishModernSort,3082,Spanish Modern Sort language.
WdLanguageID,Enumeration,wdSpanish,1034,Spanish language.
WdLanguageID,Enumeration,wdSpanishUruguay,14346,Spanish Uruguayan language.
WdLanguageID,Enumeration,wdSpanishVenezuela,8202,Spanish Venezuelan language.
WdLanguageID,Enumeration,wdSesotho,1072,Sesotho language.
WdLanguageID,Enumeration,wdSutu,1072,Sutu language.
WdLanguageID,Enumeration,wdSwahili,1089,Swahili language.
WdLanguageID,Enumeration,wdSwedishFinland,2077,Swedish Finnish language.
WdLanguageID,Enumeration,wdSwedish,1053,Swedish language.
WdLanguageID,Enumeration,wdSyriac,1114,Syriac language.
WdLanguageID,Enumeration,wdTajik,1064,Tajik language.
WdLanguageID,Enumeration,wdTamazight,1119,Tamazight language.
WdLanguageID,Enumeration,wdTamazightLatin,2143,Tamazight Latin language.
WdLanguageID,Enumeration,wdTamil,1097,Tamil language.
WdLanguageID,Enumeration,wdTatar,1092,Tatar language.
WdLanguageID,Enumeration,wdTelugu,1098,Telugu language.
WdLanguageID,Enumeration,wdThai,1054,Thai language.
WdLanguageID,Enumeration,wdTibetan,1105,Tibetan language.
WdLanguageID,Enumeration,wdTigrignaEthiopic,1139,Tigrigna Ethiopic language.
WdLanguageID,Enumeration,wdTigrignaEritrea,2163,Tigrigna Eritrea language.
WdLanguageID,Enumeration,wdTsonga,1073,Tsonga language.
WdLanguageID,Enumeration,wdTswana,1074,Tswana language.
WdLanguageID,Enumeration,wdTurkish,1055,Turkish language.
WdLanguageID,Enumeration,wdTurkmen,1090,Turkmen language.
WdLanguageID,Enumeration,wdUkrainian,1058,Ukrainian language.
WdLanguageID,Enumeration,wdUrdu,1056,Urdu language.
WdLanguageID,Enumeration,wdUzbekCyrillic,2115,Uzbek Cyrillic language.
WdLanguageID,Enumeration,wdUzbekLatin,1091,Uzbek Latin language.
WdLanguageID,Enumeration,wdVenda,1075,Venda language.
WdLanguageID,Enumeration,wdVietnamese,1066,Vietnamese language.
WdLanguageID,Enumeration,wdWelsh,1106,Welsh language.
WdLanguageID,Enumeration,wdXhosa,1076,Xhosa language.
WdLanguageID,Enumeration,wdYi,1144,Yi language.
WdLanguageID,Enumeration,wdYiddish,1085,Yiddish language.
WdLanguageID,Enumeration,wdYoruba,1130,Yoruba language.
WdLanguageID,Enumeration,wdZulu,1077,Zulu language.
WdLanguageID2000,Enumeration,wdChineseHongKong,3076,
WdLanguageID2000,Enumeration,wdChineseMacao,5124,
WdLanguageID2000,Enumeration,wdEnglishTrinidad,11273,
WdLayoutMode,Enumeration,wdLayoutModeDefault,0,No grid is used to lay out text.
WdLayoutMode,Enumeration,wdLayoutModeGrid,1,"Text is laid out on a grid; the user specifies the number of lines and the number of characters per line. As the user types, Microsoft Word doesn't automatically align characters with gridlines."
WdLayoutMode,Enumeration,wdLayoutModeLineGrid,2,"Text is laid out on a grid; the user specifies the number of lines, but not the number of characters per line."
WdLayoutMode,Enumeration,wdLayoutModeGenko,3,"Text is laid out on a grid; the user specifies the number of lines and the number of characters per line. As the user types, Microsoft Word automatically aligns characters with gridlines."
WdLetterheadLocation,Enumeration,wdLetterTop,0,At the top of the letter.
WdLetterheadLocation,Enumeration,wdLetterBottom,1,At the bottom of the letter.
WdLetterheadLocation,Enumeration,wdLetterLeft,2,To the left of the letter.
WdLetterheadLocation,Enumeration,wdLetterRight,3,To the right of the letter.
WdLetterStyle,Enumeration,wdFullBlock,0,Full block.
WdLetterStyle,Enumeration,wdModifiedBlock,1,Modified block.
WdLetterStyle,Enumeration,wdSemiBlock,2,Semi-block.
WdLigatures,Enumeration,wdLigaturesNone,0,Does not apply any ligatures to the font.
WdLigatures,Enumeration,wdLigaturesStandard,1,"Applies standard ligatures to the font. Standard ligatures are designed to enhance readability. Standard ligatures in Latin languages include ""fi"", ""fl"", and ""ff"", for example."
WdLigatures,Enumeration,wdLigaturesContextual,2,"Applies contextual ligatures to the font. Contextual ligatures are often designed to enhance readability, but may also be solely ornamental. Contextual ligatures may also be contextual alternates."
WdLigatures,Enumeration,wdLigaturesHistorical,4,"Applies historical ligatures to the font. Historical ligatures are similar to standard ligatures in that they were originally intended to improve the readability of the font, but may look archaic to the modern reader."
WdLigatures,Enumeration,wdLigaturesDiscretional,8,Applies discretional ligatures to the font. Discretional ligatures are most often designed to be ornamental at the discretion of the type developer.
WdLigatures,Enumeration,wdLigaturesStandardContextual,3,Applies standard and contextual ligatures to the font.
WdLigatures,Enumeration,wdLigaturesStandardHistorical,5,Applies standard and historical ligatures to the font.
WdLigatures,Enumeration,wdLigaturesContextualHistorical,6,Applies contextual and historical ligatures to the font.
WdLigatures,Enumeration,wdLigaturesStandardDiscretional,9,Applies standard and discretional ligatures to the font.
WdLigatures,Enumeration,wdLigaturesContextualDiscretional,10,Applies contextual and discretional ligatures to the font.
WdLigatures,Enumeration,wdLigaturesHistoricalDiscretional,12,Applies historical and discretional ligatures to the font.
WdLigatures,Enumeration,wdLigaturesStandardContextualHistorical,7,"Applies standard, contextual, and historical ligatures to the font."
WdLigatures,Enumeration,wdLigaturesStandardContextualDiscretional,11,"Applies standard, contextual and discretional ligatures to the font."
WdLigatures,Enumeration,wdLigaturesStandardHistoricalDiscretional,13,Applies standard historical and discretional ligatures to the font.
WdLigatures,Enumeration,wdLigaturesContextualHistoricalDiscretional,14,"Applies contextual, historical, and discretional ligatures to a font."
WdLigatures,Enumeration,wdLigaturesAll,15,Applies all types of ligatures to the font.
WdLineEndingType,Enumeration,wdCRLF,0,Carriage return plus line feed.
WdLineEndingType,Enumeration,wdCROnly,1,Carriage return only.
WdLineEndingType,Enumeration,wdLFOnly,2,Line feed only.
WdLineEndingType,Enumeration,wdLFCR,3,Line feed plus carriage return.
WdLineEndingType,Enumeration,wdLSPS,4,Not supported.
WdLineSpacing,Enumeration,wdLineSpaceSingle,0,Single spaced. default
WdLineSpacing,Enumeration,wdLineSpace1pt5,1,Space-and-a-half line spacing. Spacing is equivalent to the current font size plus 6 points.
WdLineSpacing,Enumeration,wdLineSpaceDouble,2,Double spaced.
WdLineSpacing,Enumeration,wdLineSpaceAtLeast,3,Line spacing is always at least a specified amount. The amount is specified separately.
WdLineSpacing,Enumeration,wdLineSpaceExactly,4,Line spacing is only the exact maximum amount of space required. This setting commonly uses less space than single spacing.
WdLineSpacing,Enumeration,wdLineSpaceMultiple,5,Line spacing determined by the number of lines indicated.
WdLineStyle,Enumeration,wdLineStyleNone,0,No border.
WdLineStyle,Enumeration,wdLineStyleSingle,1,A single solid line.
WdLineStyle,Enumeration,wdLineStyleDot,2,Dots.
WdLineStyle,Enumeration,wdLineStyleDashSmallGap,3,A dash followed by a small gap.
WdLineStyle,Enumeration,wdLineStyleDashLargeGap,4,A dash followed by a large gap.
WdLineStyle,Enumeration,wdLineStyleDashDot,5,A dash followed by a dot.
WdLineStyle,Enumeration,wdLineStyleDashDotDot,6,A dash followed by two dots.
WdLineStyle,Enumeration,wdLineStyleDouble,7,Double solid lines.
WdLineStyle,Enumeration,wdLineStyleTriple,8,Three solid thin lines.
WdLineStyle,Enumeration,wdLineStyleThinThickSmallGap,9,An internal single thin solid line surrounded by a single thick solid line with a small gap between them.
WdLineStyle,Enumeration,wdLineStyleThickThinSmallGap,10,An internal single thick solid line surrounded by a single thin solid line with a small gap between them.
WdLineStyle,Enumeration,wdLineStyleThinThickThinSmallGap,11,An internal single thin solid line surrounded by a single thick solid line surrounded by a single thin solid line with a small gap between all lines.
WdLineStyle,Enumeration,wdLineStyleThinThickMedGap,12,An internal single thin solid line surrounded by a single thick solid line with a medium gap between them.
WdLineStyle,Enumeration,wdLineStyleThickThinMedGap,13,An internal single thick solid line surrounded by a single thin solid line with a medium gap between them.
WdLineStyle,Enumeration,wdLineStyleThinThickThinMedGap,14,An internal single thin solid line surrounded by a single thick solid line surrounded by a single thin solid line with a medium gap between all lines.
WdLineStyle,Enumeration,wdLineStyleThinThickLargeGap,15,An internal single thin solid line surrounded by a single thick solid line with a large gap between them.
WdLineStyle,Enumeration,wdLineStyleThickThinLargeGap,16,An internal single thick solid line surrounded by a single thin solid line with a large gap between them.
WdLineStyle,Enumeration,wdLineStyleThinThickThinLargeGap,17,An internal single thin solid line surrounded by a single thick solid line surrounded by a single thin solid line with a large gap between all lines.
WdLineStyle,Enumeration,wdLineStyleSingleWavy,18,A single wavy solid line.
WdLineStyle,Enumeration,wdLineStyleDoubleWavy,19,Double wavy solid lines.
WdLineStyle,Enumeration,wdLineStyleDashDotStroked,20,"A dash followed by a dot stroke, thus rendering a border similar to a barber pole."
WdLineStyle,Enumeration,wdLineStyleEmboss3D,21,The border appears to have a 3D embossed look.
WdLineStyle,Enumeration,wdLineStyleEngrave3D,22,The border appears to have a 3D engraved look.
WdLineStyle,Enumeration,wdLineStyleOutset,23,The border appears to be outset.
WdLineStyle,Enumeration,wdLineStyleInset,24,The border appears to be inset.
WdLineType,Enumeration,wdTextLine,0,A line of text in the body of the document.
WdLineType,Enumeration,wdTableRow,1,A table row.
WdLineWidth,Enumeration,wdLineWidth025pt,2,0.25 point.
WdLineWidth,Enumeration,wdLineWidth050pt,4,0.50 point.
WdLineWidth,Enumeration,wdLineWidth075pt,6,0.75 point.
WdLineWidth,Enumeration,wdLineWidth100pt,8,1.00 point. default.
WdLineWidth,Enumeration,wdLineWidth150pt,12,1.50 points.
WdLineWidth,Enumeration,wdLineWidth225pt,18,2.25 points.
WdLineWidth,Enumeration,wdLineWidth300pt,24,3.00 points.
WdLineWidth,Enumeration,wdLineWidth450pt,36,4.50 points.
WdLineWidth,Enumeration,wdLineWidth600pt,48,6.00 points.
WdLinkType,Enumeration,wdLinkTypeOLE,0,OLE object.
WdLinkType,Enumeration,wdLinkTypePicture,1,Picture.
WdLinkType,Enumeration,wdLinkTypeText,2,Text.
WdLinkType,Enumeration,wdLinkTypeReference,3,Reference library.
WdLinkType,Enumeration,wdLinkTypeInclude,4,Include file.
WdLinkType,Enumeration,wdLinkTypeImport,5,Import file.
WdLinkType,Enumeration,wdLinkTypeDDE,6,Dynamic Data Exchange.
WdLinkType,Enumeration,wdLinkTypeDDEAuto,7,DDE automatic.
WdLinkType,Enumeration,wdLinkTypeChart,8,Microsoft Excel chart.
WdListApplyTo,Enumeration,wdListApplyToWholeList,0,Entire list.
WdListApplyTo,Enumeration,wdListApplyToThisPointForward,1,From cursor insertion point to end of list.
WdListApplyTo,Enumeration,wdListApplyToSelection,2,Selection.
WdListGalleryType,Enumeration,wdBulletGallery,1,Bulleted list.
WdListGalleryType,Enumeration,wdNumberGallery,2,Numbered list.
WdListGalleryType,Enumeration,wdOutlineNumberGallery,3,Outline numbered list.
WdListLevelAlignment,Enumeration,wdListLevelAlignLeft,0,Left-aligned.
WdListLevelAlignment,Enumeration,wdListLevelAlignCenter,1,Center-aligned.
WdListLevelAlignment,Enumeration,wdListLevelAlignRight,2,Right-aligned.
WdListNumberStyle,Enumeration,wdListNumberStyleArabic,0,Arabic numeric style.
WdListNumberStyle,Enumeration,wdListNumberStyleUppercaseRoman,1,Uppercase Roman style.
WdListNumberStyle,Enumeration,wdListNumberStyleLowercaseRoman,2,Lowercase Roman style.
WdListNumberStyle,Enumeration,wdListNumberStyleUppercaseLetter,3,Uppercase letter style.
WdListNumberStyle,Enumeration,wdListNumberStyleLowercaseLetter,4,Lowercase letter style.
WdListNumberStyle,Enumeration,wdListNumberStyleOrdinal,5,Ordinal style.
WdListNumberStyle,Enumeration,wdListNumberStyleCardinalText,6,Cardinal text style.
WdListNumberStyle,Enumeration,wdListNumberStyleOrdinalText,7,Ordinal text style.
WdListNumberStyle,Enumeration,wdListNumberStyleKanji,10,Kanji style.
WdListNumberStyle,Enumeration,wdListNumberStyleKanjiDigit,11,Kanji Digit style.
WdListNumberStyle,Enumeration,wdListNumberStyleAiueoHalfWidth,12,Aiueo half-width numeric style.
WdListNumberStyle,Enumeration,wdListNumberStyleIrohaHalfWidth,13,Iroha half width style.
WdListNumberStyle,Enumeration,wdListNumberStyleArabicFullWidth,14,Arabic full-width numeric style.
WdListNumberStyle,Enumeration,wdListNumberStyleKanjiTraditional,16,Kanji traditional style.
WdListNumberStyle,Enumeration,wdListNumberStyleKanjiTraditional2,17,Kanji traditional 2 style.
WdListNumberStyle,Enumeration,wdListNumberStyleNumberInCircle,18,Number in circle style.
WdListNumberStyle,Enumeration,wdListNumberStyleAiueo,20,Aiueo numeric style.
WdListNumberStyle,Enumeration,wdListNumberStyleIroha,21,Iroha style.
WdListNumberStyle,Enumeration,wdListNumberStyleArabicLZ,22,Arabic LZ numeric style.
WdListNumberStyle,Enumeration,wdListNumberStyleBullet,23,Bullet style.
WdListNumberStyle,Enumeration,wdListNumberStyleGanada,24,Ganada style.
WdListNumberStyle,Enumeration,wdListNumberStyleChosung,25,Chosung style.
WdListNumberStyle,Enumeration,wdListNumberStyleGBNum1,26,GB numeric 1 style.
WdListNumberStyle,Enumeration,wdListNumberStyleGBNum2,27,GB numeric 2 style.
WdListNumberStyle,Enumeration,wdListNumberStyleGBNum3,28,GB numeric 3 style.
WdListNumberStyle,Enumeration,wdListNumberStyleGBNum4,29,GB numeric 4 style.
WdListNumberStyle,Enumeration,wdListNumberStyleZodiac1,30,Zodiac 1 style.
WdListNumberStyle,Enumeration,wdListNumberStyleZodiac2,31,Zodiac 2 style.
WdListNumberStyle,Enumeration,wdListNumberStyleZodiac3,32,Zodiac 3 style.
WdListNumberStyle,Enumeration,wdListNumberStyleTradChinNum1,33,Traditional Chinese numeric 1 style.
WdListNumberStyle,Enumeration,wdListNumberStyleTradChinNum2,34,Traditional Chinese numeric 2 style.
WdListNumberStyle,Enumeration,wdListNumberStyleTradChinNum3,35,Traditional Chinese numeric 3 style.
WdListNumberStyle,Enumeration,wdListNumberStyleTradChinNum4,36,Traditional Chinese numeric 4 style.
WdListNumberStyle,Enumeration,wdListNumberStyleSimpChinNum1,37,Simplified Chinese numeric 1 style.
WdListNumberStyle,Enumeration,wdListNumberStyleSimpChinNum2,38,Simplified Chinese numeric 2 style.
WdListNumberStyle,Enumeration,wdListNumberStyleSimpChinNum3,39,Simplified Chinese numeric 3 style.
WdListNumberStyle,Enumeration,wdListNumberStyleSimpChinNum4,40,Simplified Chinese numeric 4 style.
WdListNumberStyle,Enumeration,wdListNumberStyleHanjaRead,41,Hanja Read style.
WdListNumberStyle,Enumeration,wdListNumberStyleHanjaReadDigit,42,Hanja Read Digit style.
WdListNumberStyle,Enumeration,wdListNumberStyleHangul,43,Hanqul style.
WdListNumberStyle,Enumeration,wdListNumberStyleHanja,44,Hanja style.
WdListNumberStyle,Enumeration,wdListNumberStyleHebrew1,45,Hebrew 1 style.
WdListNumberStyle,Enumeration,wdListNumberStyleArabic1,46,Arabic 1 numeric style.
WdListNumberStyle,Enumeration,wdListNumberStyleHebrew2,47,Hebrew 2 style.
WdListNumberStyle,Enumeration,wdListNumberStyleArabic2,48,Arabic 2 numeric style.
WdListNumberStyle,Enumeration,wdListNumberStyleHindiLetter1,49,Hindi letter 1 style.
WdListNumberStyle,Enumeration,wdListNumberStyleHindiLetter2,50,Hindi letter 2 style.
WdListNumberStyle,Enumeration,wdListNumberStyleHindiArabic,51,Hindi Arabic style.
WdListNumberStyle,Enumeration,wdListNumberStyleHindiCardinalText,52,Hindi Cardinal text style.
WdListNumberStyle,Enumeration,wdListNumberStyleThaiLetter,53,Thai letter style.
WdListNumberStyle,Enumeration,wdListNumberStyleThaiArabic,54,Thai Arabic style.
WdListNumberStyle,Enumeration,wdListNumberStyleThaiCardinalText,55,Thai Cardinal text style.
WdListNumberStyle,Enumeration,wdListNumberStyleVietCardinalText,56,Vietnamese Cardinal text style.
WdListNumberStyle,Enumeration,wdListNumberStyleLowercaseRussian,58,Lowercase Russian style.
WdListNumberStyle,Enumeration,wdListNumberStyleUppercaseRussian,59,Uppercase Russian style.
WdListNumberStyle,Enumeration,wdListNumberStyleLowercaseGreek,60,Lowercase Greek style.
WdListNumberStyle,Enumeration,wdListNumberStyleUppercaseGreek,61,Uppercase Greek style.
WdListNumberStyle,Enumeration,wdListNumberStyleArabicLZ2,62,Arabic LZ2 numeric style.
WdListNumberStyle,Enumeration,wdListNumberStyleArabicLZ3,63,Arabic LZ3 numeric style.
WdListNumberStyle,Enumeration,wdListNumberStyleArabicLZ4,64,Arabic LZ4 numeric style.
WdListNumberStyle,Enumeration,wdListNumberStyleLowercaseTurkish,65,Lowercase Turkish style.
WdListNumberStyle,Enumeration,wdListNumberStyleUppercaseTurkish,66,Uppercase Turkish style.
WdListNumberStyle,Enumeration,wdListNumberStyleLowercaseBulgarian,67,Lowercase Bulgarian style.
WdListNumberStyle,Enumeration,wdListNumberStyleUppercaseBulgarian,68,Uppercase Bulgarian style.
WdListNumberStyle,Enumeration,wdListNumberStylePictureBullet,249,Picture bullet style.
WdListNumberStyle,Enumeration,wdListNumberStyleLegal,253,Legal style.
WdListNumberStyle,Enumeration,wdListNumberStyleLegalLZ,254,Legal LZ style.
WdListNumberStyle,Enumeration,wdListNumberStyleNone,255,No style applied.
WdListNumberStyleHID,Enumeration,emptyenum,0,
WdListType,Enumeration,wdListNoNumbering,0,"List with no bullets, numbering, or outlining."
WdListType,Enumeration,wdListListNumOnly,1,ListNum fields that can be used in the body of a paragraph.
WdListType,Enumeration,wdListBullet,2,Bulleted list.
WdListType,Enumeration,wdListSimpleNumbering,3,Simple numeric list.
WdListType,Enumeration,wdListOutlineNumbering,4,Outlined list.
WdListType,Enumeration,wdListMixedNumbering,5,Mixed numeric list.
WdListType,Enumeration,wdListPictureBullet,6,Picture bulleted list.
WdLockType,Enumeration,wdLockNone,0,Reserved for future use.
WdLockType,Enumeration,wdLockReservation,1,Specifies a reservation lock. A reservation lock is explicitly created by a user through the Block Authors button on the Review tab in Word.
WdLockType,Enumeration,wdLockEphemeral,2,Specifies an ephemeral lock. Word implicitly places an ephemeral lock on a range when a user begins editing a range in a document with coauthoring enabled.
WdLockType,Enumeration,wdLockChanged,3,"Specifies a placeholder lock. A placeholder lock indicates that another user has removed their lock from the range, but the current user has not updated their view of the document by saving."
WdMailerPriority,Enumeration,wdPriorityNormal,1,Not supported.
WdMailerPriority,Enumeration,wdPriorityLow,2,Not supported.
WdMailerPriority,Enumeration,wdPriorityHigh,3,Not supported.
WdMailMergeActiveRecord,Enumeration,wdNoActiveRecord,-1,No active record.
WdMailMergeActiveRecord,Enumeration,wdNextRecord,-2,The next record in the result set.
WdMailMergeActiveRecord,Enumeration,wdPreviousRecord,-3,The previous record in the result set.
WdMailMergeActiveRecord,Enumeration,wdFirstRecord,-4,The first record in the result set.
WdMailMergeActiveRecord,Enumeration,wdLastRecord,-5,The last record in the result set.
WdMailMergeActiveRecord,Enumeration,wdFirstDataSourceRecord,-6,The first record in the data source.
WdMailMergeActiveRecord,Enumeration,wdLastDataSourceRecord,-7,The last record in the data source.
WdMailMergeActiveRecord,Enumeration,wdNextDataSourceRecord,-8,The next record in the data source.
WdMailMergeActiveRecord,Enumeration,wdPreviousDataSourceRecord,-9,The previous record in the data source.
WdMailMergeComparison,Enumeration,wdMergeIfEqual,0,A value is output if the mail merge field is equal to a value.
WdMailMergeComparison,Enumeration,wdMergeIfNotEqual,1,A value is output if the mail merge field is not equal to a value.
WdMailMergeComparison,Enumeration,wdMergeIfLessThan,2,A value is output if the mail merge field is less than a value.
WdMailMergeComparison,Enumeration,wdMergeIfGreaterThan,3,A value is output if the mail merge field is greater than a value.
WdMailMergeComparison,Enumeration,wdMergeIfLessThanOrEqual,4,A value is output if the mail merge field is less than or equal to a value.
WdMailMergeComparison,Enumeration,wdMergeIfGreaterThanOrEqual,5,A value is output if the mail merge field is greater than or equal to a value.
WdMailMergeComparison,Enumeration,wdMergeIfIsBlank,6,A value is output if the mail merge field is blank.
WdMailMergeComparison,Enumeration,wdMergeIfIsNotBlank,7,A value is output if the mail merge field is not blank.
WdMailMergeDataSource,Enumeration,wdNoMergeInfo,-1,No merge information provided.
WdMailMergeDataSource,Enumeration,wdMergeInfoFromWord,0,From Microsoft Word.
WdMailMergeDataSource,Enumeration,wdMergeInfoFromAccessDDE,1,From Microsoft Access using Dynamic Data Exchange (DDE).
WdMailMergeDataSource,Enumeration,wdMergeInfoFromExcelDDE,2,From Microsoft Excel using DDE.
WdMailMergeDataSource,Enumeration,wdMergeInfoFromMSQueryDDE,3,From MSQuery using DDE.
WdMailMergeDataSource,Enumeration,wdMergeInfoFromODBC,4,From an Open Database Connectivity (ODBC) connection.
WdMailMergeDataSource,Enumeration,wdMergeInfoFromODSO,5,From an Office Data Source Object (ODSO).
WdMailMergeDefaultRecord,Enumeration,wdDefaultFirstRecord,1,Use the first record in the result set as the default record.
WdMailMergeDefaultRecord,Enumeration,wdDefaultLastRecord,-16,Use the last record in the result set as the default record.
WdMailMergeDestination,Enumeration,wdSendToNewDocument,0,Send results to a new Word document.
WdMailMergeDestination,Enumeration,wdSendToPrinter,1,Send results to a printer.
WdMailMergeDestination,Enumeration,wdSendToEmail,2,Send results to email recipient.
WdMailMergeDestination,Enumeration,wdSendToFax,3,Send results to fax recipient.
WdMailMergeMailFormat,Enumeration,wdMailFormatPlainText,0,Sends mail merge email documents using plain text.
WdMailMergeMailFormat,Enumeration,wdMailFormatHTML,1,Sends mail merge email documents using HTML format.
WdMailMergeMainDocType,Enumeration,wdNotAMergeDocument,-1,Not a merge document.
WdMailMergeMainDocType,Enumeration,wdFormLetters,0,Form letter.
WdMailMergeMainDocType,Enumeration,wdMailingLabels,1,Mailing label.
WdMailMergeMainDocType,Enumeration,wdEnvelopes,2,Envelope.
WdMailMergeMainDocType,Enumeration,wdCatalog,3,Catalog.
WdMailMergeMainDocType,Enumeration,wdEMail,4,Email message.
WdMailMergeMainDocType,Enumeration,wdFax,5,Fax.
WdMailMergeMainDocType,Enumeration,wdDirectory,3,Directory.
WdMailMergeState,Enumeration,wdNormalDocument,0,Document is not involved in a mail merge operation.
WdMailMergeState,Enumeration,wdMainDocumentOnly,1,A main document with no data attached.
WdMailMergeState,Enumeration,wdMainAndDataSource,2,A main document with an attached data source.
WdMailMergeState,Enumeration,wdMainAndHeader,3,A main document with an attached header source.
WdMailMergeState,Enumeration,wdMainAndSourceAndHeader,4,A main document with attached data source and header source.
WdMailMergeState,Enumeration,wdDataSource,5,A data source with no main document.
WdMailSystem,Enumeration,wdNoMailSystem,0,No mail system.
WdMailSystem,Enumeration,wdMAPI,1,Standard Messaging Application Programming Interface (MAPI) mail system.
WdMailSystem,Enumeration,wdPowerTalk,2,PowerTalk mail system.
WdMailSystem,Enumeration,wdMAPIandPowerTalk,3,Both a standard Messaging Application Programming Interface (MAPI) mail system and a PowerTalk mail system.
WdMappedDataFields,Enumeration,wdUniqueIdentifier,1,Unique identifier field.
WdMappedDataFields,Enumeration,wdCourtesyTitle,2,Courtesy title field.
WdMappedDataFields,Enumeration,wdFirstName,3,First name field.
WdMappedDataFields,Enumeration,wdMiddleName,4,Middle name field.
WdMappedDataFields,Enumeration,wdLastName,5,Last name field.
WdMappedDataFields,Enumeration,wdSuffix,6,Suffix field.
WdMappedDataFields,Enumeration,wdNickname,7,Nickname field.
WdMappedDataFields,Enumeration,wdJobTitle,8,Job title field.
WdMappedDataFields,Enumeration,wdCompany,9,Company field.
WdMappedDataFields,Enumeration,wdAddress1,10,Address 1 field.
WdMappedDataFields,Enumeration,wdAddress2,11,Address 2 field.
WdMappedDataFields,Enumeration,wdCity,12,City field.
WdMappedDataFields,Enumeration,wdState,13,State field.
WdMappedDataFields,Enumeration,wdPostalCode,14,Postal code field.
WdMappedDataFields,Enumeration,wdCountryRegion,15,Country/region field.
WdMappedDataFields,Enumeration,wdBusinessPhone,16,Business phone field.
WdMappedDataFields,Enumeration,wdBusinessFax,17,Business fax field.
WdMappedDataFields,Enumeration,wdHomePhone,18,Home phone field.
WdMappedDataFields,Enumeration,wdHomeFax,19,Home fax field.
WdMappedDataFields,Enumeration,wdEmailAddress,20,Email address field.
WdMappedDataFields,Enumeration,wdWebPageURL,21,Web page uniform resource locator (URL) field.
WdMappedDataFields,Enumeration,wdSpouseCourtesyTitle,22,Spouse/partner courtesy title field.
WdMappedDataFields,Enumeration,wdSpouseFirstName,23,Spouse/partner first name field.
WdMappedDataFields,Enumeration,wdSpouseMiddleName,24,Spouse/partner middle name field.
WdMappedDataFields,Enumeration,wdSpouseLastName,25,Spouse/partner last name field.
WdMappedDataFields,Enumeration,wdSpouseNickname,26,Spouse/partner nickname field.
WdMappedDataFields,Enumeration,wdRubyFirstName,27,Ruby first name field.
WdMappedDataFields,Enumeration,wdRubyLastName,28,Ruby last name field.
WdMappedDataFields,Enumeration,wdAddress3,29,Address 3 field.
WdMappedDataFields,Enumeration,wdDepartment,30,Department field.
WdMeasurementUnits,Enumeration,wdInches,0,Inches.
WdMeasurementUnits,Enumeration,wdCentimeters,1,Centimeters.
WdMeasurementUnits,Enumeration,wdMillimeters,2,Millimeters.
WdMeasurementUnits,Enumeration,wdPoints,3,Points.
WdMeasurementUnits,Enumeration,wdPicas,4,Picas (commonly used in traditional typewriter font spacing).
WdMeasurementUnitsHID,Enumeration,emptyenum,0,
WdMergeFormatFrom,Enumeration,wdMergeFormatFromOriginal,0,Retains formatting from the original document.
WdMergeFormatFrom,Enumeration,wdMergeFormatFromRevised,1,Retains formatting from the revised document.
WdMergeFormatFrom,Enumeration,wdMergeFormatFromPrompt,2,Prompt the user for the document to use for formatting.
WdMergeSubType,Enumeration,wdMergeSubTypeOther,0,Other type of data source.
WdMergeSubType,Enumeration,wdMergeSubTypeAccess,1,Microsoft Access.
WdMergeSubType,Enumeration,wdMergeSubTypeOAL,2,Office Address List.
WdMergeSubType,Enumeration,wdMergeSubTypeOLEDBWord,3,OLE database.
WdMergeSubType,Enumeration,wdMergeSubTypeWorks,4,Microsoft Works.
WdMergeSubType,Enumeration,wdMergeSubTypeOLEDBText,5,OLE database.
WdMergeSubType,Enumeration,wdMergeSubTypeOutlook,6,Microsoft Outlook.
WdMergeSubType,Enumeration,wdMergeSubTypeWord,7,Microsoft Word.
WdMergeSubType,Enumeration,wdMergeSubTypeWord2000,8,Microsoft Word 2000.
WdMergeTarget,Enumeration,wdMergeTargetSelected,0,Merge into selected document.
WdMergeTarget,Enumeration,wdMergeTargetCurrent,1,Merge into current document.
WdMergeTarget,Enumeration,wdMergeTargetNew,2,Merge into new document.
WdMonthNames,Enumeration,wdMonthNamesArabic,0,Arabic format.
WdMonthNames,Enumeration,wdMonthNamesEnglish,1,English format.
WdMonthNames,Enumeration,wdMonthNamesFrench,2,French format.
WdMoveFromTextMark,Enumeration,wdMoveFromTextMarkHidden,0,Hides moved text.
WdMoveFromTextMark,Enumeration,wdMoveFromTextMarkDoubleStrikeThrough,1,Marks moved text with a double strikethrough.
WdMoveFromTextMark,Enumeration,wdMoveFromTextMarkStrikeThrough,2,Marks moved text with a strikethrough.
WdMoveFromTextMark,Enumeration,wdMoveFromTextMarkCaret,3,Marks moved text with a caret.
WdMoveFromTextMark,Enumeration,wdMoveFromTextMarkPound,4,Marks moved text with a pound (number) sign.
WdMoveFromTextMark,Enumeration,wdMoveFromTextMarkNone,5,No special formatting for moved text.
WdMoveFromTextMark,Enumeration,wdMoveFromTextMarkBold,6,Marks moved text with bold formatting.
WdMoveFromTextMark,Enumeration,wdMoveFromTextMarkItalic,7,Marks moved text with italic formatting.
WdMoveFromTextMark,Enumeration,wdMoveFromTextMarkUnderline,8,Underlines moved text.
WdMoveFromTextMark,Enumeration,wdMoveFromTextMarkDoubleUnderline,9,Marks moved text with a double underline.
WdMoveFromTextMark,Enumeration,wdMoveFromTextMarkColorOnly,10,Marks moved text with color only. Use the MoveFromTextColor property to set the color of moved text.
WdMovementType,Enumeration,wdMove,0,The selection is collapsed to an insertion point and moved to the end of the specified unit. Default.
WdMovementType,Enumeration,wdExtend,1,The end of the selection is extended to the end of the specified unit.
WdMoveToTextMark,Enumeration,wdMoveToTextMarkNone,0,No special formatting for moved text.
WdMoveToTextMark,Enumeration,wdMoveToTextMarkBold,1,Marks moved text with bold formatting.
WdMoveToTextMark,Enumeration,wdMoveToTextMarkItalic,2,Marks moved text with italic formatting.
WdMoveToTextMark,Enumeration,wdMoveToTextMarkUnderline,3,Underlines moved text.
WdMoveToTextMark,Enumeration,wdMoveToTextMarkDoubleUnderline,4,Moved text is marked with a double underline.
WdMoveToTextMark,Enumeration,wdMoveToTextMarkColorOnly,5,Marks moved text with color only. Use the MoveToTextColor property to set the color of moved text.
WdMoveToTextMark,Enumeration,wdMoveToTextMarkStrikeThrough,6,Moved text is marked with a strikethrough.
WdMoveToTextMark,Enumeration,wdMoveToTextMarkDoubleStrikeThrough,7,Moved text is marked with a double strikethrough.
WdMultipleWordConversionsMode,Enumeration,wdHangulToHanja,0,Hangul to Hanja.
WdMultipleWordConversionsMode,Enumeration,wdHanjaToHangul,1,Hanja to Hangul.
WdNewDocumentType,Enumeration,wdNewBlankDocument,0,Blank document.
WdNewDocumentType,Enumeration,wdNewWebPage,1,Web page.
WdNewDocumentType,Enumeration,wdNewEmailMessage,2,Email message.
WdNewDocumentType,Enumeration,wdNewFrameset,3,Frameset.
WdNewDocumentType,Enumeration,wdNewXMLDocument,4,XML document.
WdNoteNumberStyle,Enumeration,wdNoteNumberStyleArabic,0,Arabic number style.
WdNoteNumberStyle,Enumeration,wdNoteNumberStyleUppercaseRoman,1,Uppercase Roman number style.
WdNoteNumberStyle,Enumeration,wdNoteNumberStyleLowercaseRoman,2,Lowercase Roman number style.
WdNoteNumberStyle,Enumeration,wdNoteNumberStyleUppercaseLetter,3,Uppercase letter style.
WdNoteNumberStyle,Enumeration,wdNoteNumberStyleLowercaseLetter,4,Lowercase letter style.
WdNoteNumberStyle,Enumeration,wdNoteNumberStyleSymbol,9,Symbol number style.
WdNoteNumberStyle,Enumeration,wdNoteNumberStyleArabicFullWidth,14,Arabic full-width number style.
WdNoteNumberStyle,Enumeration,wdNoteNumberStyleKanji,10,Kanji number style.
WdNoteNumberStyle,Enumeration,wdNoteNumberStyleKanjiDigit,11,Kanji digit number style.
WdNoteNumberStyle,Enumeration,wdNoteNumberStyleKanjiTraditional,16,Kanji traditional number style.
WdNoteNumberStyle,Enumeration,wdNoteNumberStyleNumberInCircle,18,Number in circle number style.
WdNoteNumberStyle,Enumeration,wdNoteNumberStyleHanjaRead,41,Hanja read number style.
WdNoteNumberStyle,Enumeration,wdNoteNumberStyleHanjaReadDigit,42,Hanja read digit number style.
WdNoteNumberStyle,Enumeration,wdNoteNumberStyleTradChinNum1,33,Traditional Chinese number style 1.
WdNoteNumberStyle,Enumeration,wdNoteNumberStyleTradChinNum2,34,Traditional Chinese number style 2.
WdNoteNumberStyle,Enumeration,wdNoteNumberStyleSimpChinNum1,37,Simplified Chinese number style 1.
WdNoteNumberStyle,Enumeration,wdNoteNumberStyleSimpChinNum2,38,Simplified Chinese number style 2.
WdNoteNumberStyle,Enumeration,wdNoteNumberStyleHebrewLetter1,45,Hebrew letter style 1.
WdNoteNumberStyle,Enumeration,wdNoteNumberStyleArabicLetter1,46,Arabic letter style 1.
WdNoteNumberStyle,Enumeration,wdNoteNumberStyleHebrewLetter2,47,Hebrew letter style 2.
WdNoteNumberStyle,Enumeration,wdNoteNumberStyleArabicLetter2,48,Arabic letter style 2.
WdNoteNumberStyle,Enumeration,wdNoteNumberStyleHindiLetter1,49,Hindi letter style 1.
WdNoteNumberStyle,Enumeration,wdNoteNumberStyleHindiLetter2,50,Hindi letter style 2.
WdNoteNumberStyle,Enumeration,wdNoteNumberStyleHindiArabic,51,Hindi Arabic number style.
WdNoteNumberStyle,Enumeration,wdNoteNumberStyleHindiCardinalText,52,Hindi Cardinal text style.
WdNoteNumberStyle,Enumeration,wdNoteNumberStyleThaiLetter,53,Thai letter style.
WdNoteNumberStyle,Enumeration,wdNoteNumberStyleThaiArabic,54,Thai Arabic number style.
WdNoteNumberStyle,Enumeration,wdNoteNumberStyleThaiCardinalText,55,Thai Cardinal text style.
WdNoteNumberStyle,Enumeration,wdNoteNumberStyleVietCardinalText,56,Vietnamese Cardinal text style.
WdNoteNumberStyleHID,Enumeration,emptyenum,0,
WdNumberForm,Enumeration,wdNumberFormDefault,0,Applies the default number form for the font.
WdNumberForm,Enumeration,wdNumberFormLining,1,Applies the lining number form to the font.
WdNumberForm,Enumeration,wdNumberFormOldStyle,2,"Applies the ""old-style"" number form to the font."
WdNumberingRule,Enumeration,wdRestartContinuous,0,Numbers are assigned continuously.
WdNumberingRule,Enumeration,wdRestartSection,1,Numbers are reset for each section.
WdNumberingRule,Enumeration,wdRestartPage,2,Numbers are reset for each page.
WdNumberSpacing,Enumeration,wdNumberSpacingDefault,0,Applies the default number spacing for the font.
WdNumberSpacing,Enumeration,wdNumberSpacingProportional,1,Applies proportional number spacing to the font.
WdNumberSpacing,Enumeration,wdNumberSpacingTabular,2,Applies tabular number spacing to the font.
WdNumberStyleWordBasicBiDi,Enumeration,wdListNumberStyleBidi1,49,Not supported.
WdNumberStyleWordBasicBiDi,Enumeration,wdListNumberStyleBidi2,50,Not supported.
WdNumberStyleWordBasicBiDi,Enumeration,wdCaptionNumberStyleBidiLetter1,49,Not supported.
WdNumberStyleWordBasicBiDi,Enumeration,wdCaptionNumberStyleBidiLetter2,50,Not supported.
WdNumberStyleWordBasicBiDi,Enumeration,wdNoteNumberStyleBidiLetter1,49,Not supported.
WdNumberStyleWordBasicBiDi,Enumeration,wdNoteNumberStyleBidiLetter2,50,Not supported.
WdNumberStyleWordBasicBiDi,Enumeration,wdPageNumberStyleBidiLetter1,49,Not supported.
WdNumberStyleWordBasicBiDi,Enumeration,wdPageNumberStyleBidiLetter2,50,Not supported.
WdNumberType,Enumeration,wdNumberParagraph,1,Preset numbers you can add to paragraphs by selecting a template in the Bullets and Numbering dialog box.
WdNumberType,Enumeration,wdNumberListNum,2,Default value for LISTNUM fields.
WdNumberType,Enumeration,wdNumberAllNumbers,3,Default value for all other cases.
WdOLEPlacement,Enumeration,wdInLine,0,In line with text.
WdOLEPlacement,Enumeration,wdFloatOverText,1,Float over text.
WdOLEType,Enumeration,wdOLELink,0,Linked OLE object.
WdOLEType,Enumeration,wdOLEEmbed,1,Embedded OLE object.
WdOLEType,Enumeration,wdOLEControl,2,OLE control.
WdOLEVerb,Enumeration,wdOLEVerbPrimary,0,Performs the verb that is invoked when the user double-clicks the object.
WdOLEVerb,Enumeration,wdOLEVerbShow,-1,Shows the object to the user for editing or viewing. Use it to show a newly inserted object for initial editing.
WdOLEVerb,Enumeration,wdOLEVerbOpen,-2,Opens the object in a separate window.
WdOLEVerb,Enumeration,wdOLEVerbHide,-3,Removes the object's user interface from view.
WdOLEVerb,Enumeration,wdOLEVerbUIActivate,-4,"Activates the object in place and displays any user-interface tools that the object needs, such as menus or toolbars."
WdOLEVerb,Enumeration,wdOLEVerbInPlaceActivate,-5,"Runs the object and installs its window, but doesn't install any user-interface tools."
WdOLEVerb,Enumeration,wdOLEVerbDiscardUndoState,-6,"Forces the object to discard any undo state that it might be maintaining; note that the object remains active, however."
WdOMathBreakBin,Enumeration,wdOMathBreakBinBefore,0,"Places the operator after a line break, at the beginning of the following line."
WdOMathBreakBin,Enumeration,wdOMathBreakBinAfter,1,"Places the operator before a line break, at the end of the line."
WdOMathBreakBin,Enumeration,wdOMathBreakBinRepeat,2,Repeats the operator before a line break at the end of the line and after a line break at the beginning of the following line.
WdOMathBreakSub,Enumeration,wdOMathBreakSubMinusMinus,0,Repeats a minus sign that ends before a line break at the beginning of the next line. Default.
WdOMathBreakSub,Enumeration,wdOMathBreakSubPlusMinus,1,"Inserts a plus sign at the end of the first line, before the line break, and a minus sign at the beginning of the following line, before the number."
WdOMathBreakSub,Enumeration,wdOMathBreakSubMinusPlus,2,"Inserts a minus sign at the end of the first line, before the line break, and a plus sign at the beginning of the following line, before the number."
WdOMathFracType,Enumeration,wdOMathFracBar,0,Normal fraction bar.
WdOMathFracType,Enumeration,wdOMathFracNoBar,1,No fraction bar.
WdOMathFracType,Enumeration,wdOMathFracSkw,2,Skewed fraction bar.
WdOMathFracType,Enumeration,wdOMathFracLin,3,Show fraction inline.
WdOMathFunctionType,Enumeration,wdOMathFunctionAcc,1,Equation accent mark.
WdOMathFunctionType,Enumeration,wdOMathFunctionBar,2,Equation fraction bar.
WdOMathFunctionType,Enumeration,wdOMathFunctionBox,3,Box.
WdOMathFunctionType,Enumeration,wdOMathFunctionBorderBox,4,Border box.
WdOMathFunctionType,Enumeration,wdOMathFunctionDelim,5,Equation delimiters.
WdOMathFunctionType,Enumeration,wdOMathFunctionEqArray,6,Equation array.
WdOMathFunctionType,Enumeration,wdOMathFunctionFrac,7,Equation fraction.
WdOMathFunctionType,Enumeration,wdOMathFunctionFunc,8,Equation function.
WdOMathFunctionType,Enumeration,wdOMathFunctionGroupChar,9,Group character.
WdOMathFunctionType,Enumeration,wdOMathFunctionLimLow,10,Equation lower limit.
WdOMathFunctionType,Enumeration,wdOMathFunctionLimUpp,11,Equation upper limit.
WdOMathFunctionType,Enumeration,wdOMathFunctionMat,12,Equation matrix.
WdOMathFunctionType,Enumeration,wdOMathFunctionNary,13,Equation N-ary operator.
WdOMathFunctionType,Enumeration,wdOMathFunctionPhantom,14,Equation phantom.
WdOMathFunctionType,Enumeration,wdOMathFunctionScrPre,15,Scr pre.
WdOMathFunctionType,Enumeration,wdOMathFunctionRad,16,Equation base expression.
WdOMathFunctionType,Enumeration,wdOMathFunctionScrSub,17,Scr. sub.
WdOMathFunctionType,Enumeration,wdOMathFunctionScrSubSup,18,Scr. sub sup.
WdOMathFunctionType,Enumeration,wdOMathFunctionScrSup,19,Scr sup.
WdOMathFunctionType,Enumeration,wdOMathFunctionText,20,Equation text.
WdOMathFunctionType,Enumeration,wdOMathFunctionNormalText,21,Equation normal text.
WdOMathFunctionType,Enumeration,wdOMathFunctionLiteralText,22,
WdOMathHorizAlignType,Enumeration,wdOMathHorizAlignCenter,0,Centered.
WdOMathHorizAlignType,Enumeration,wdOMathHorizAlignLeft,1,Left alignment.
WdOMathHorizAlignType,Enumeration,wdOMathHorizAlignRight,2,Right alignment.
WdOMathJc,Enumeration,wdOMathJcCenterGroup,1,Center as a group.
WdOMathJc,Enumeration,wdOMathJcCenter,2,Center.
WdOMathJc,Enumeration,wdOMathJcLeft,3,Left.
WdOMathJc,Enumeration,wdOMathJcRight,4,Right.
WdOMathJc,Enumeration,wdOMathJcInline,7,Inline.
WdOMathShapeType,Enumeration,wdOMathShapeCentered,0,Vertically centers delimiters around the entire height of the equation causing delimiters grow equally above and below their midpoint.
WdOMathShapeType,Enumeration,wdOMathShapeMatch,1,Matches the shape of the delimiters to the size of their contents.
WdOMathSpacingRule,Enumeration,wdOMathSpacingSingle,0,Single spacing.
WdOMathSpacingRule,Enumeration,wdOMathSpacing1pt5,1,One and half spaces for each line.
WdOMathSpacingRule,Enumeration,wdOMathSpacingDouble,2,Double spacing.
WdOMathSpacingRule,Enumeration,wdOMathSpacingExactly,3,Exact spacing measurement.
WdOMathSpacingRule,Enumeration,wdOMathSpacingMultiple,4,Custom spacing measurement.
WdOMathType,Enumeration,wdOMathDisplay,0,Professional format.
WdOMathType,Enumeration,wdOMathInline,1,Inline.
WdOMathVertAlignType,Enumeration,wdOMathVertAlignCenter,0,Vertically centers the equation in the shape canvas or line.
WdOMathVertAlignType,Enumeration,wdOMathVertAlignTop,1,Aligns the equation on the top of the shape canvas or line.
WdOMathVertAlignType,Enumeration,wdOMathVertAlignBottom,2,Aligns the equation on the bottom of the shape canvas or line.
WdOpenFormat,Enumeration,wdOpenFormatAuto,0,The existing format.
WdOpenFormat,Enumeration,wdOpenFormatDocument,1,Word format.
WdOpenFormat,Enumeration,wdOpenFormatTemplate,2,As a Word template.
WdOpenFormat,Enumeration,wdOpenFormatRTF,3,Rich text format (RTF).
WdOpenFormat,Enumeration,wdOpenFormatText,4,Unencoded text format.
WdOpenFormat,Enumeration,wdOpenFormatUnicodeText,5,Unicode text format.
WdOpenFormat,Enumeration,wdOpenFormatEncodedText,5,Encoded text format.
WdOpenFormat,Enumeration,wdOpenFormatAllWord,6,A Microsoft Word format that is backward compatible with earlier versions of Word.
WdOpenFormat,Enumeration,wdOpenFormatWebPages,7,HTML format.
WdOpenFormat,Enumeration,wdOpenFormatXML,8,XML format.
WdOpenFormat,Enumeration,wdOpenFormatXMLDocument,9,XML document format.
WdOpenFormat,Enumeration,wdOpenFormatXMLDocumentMacroEnabled,10,XML document format with macros enabled.
WdOpenFormat,Enumeration,wdOpenFormatXMLTemplate,11,XML template format.
WdOpenFormat,Enumeration,wdOpenFormatXMLTemplateMacroEnabled,12,XML template format with macros enabled.
WdOpenFormat,Enumeration,wdOpenFormatDocument97,1,Microsoft Word 97 document format.
WdOpenFormat,Enumeration,wdOpenFormatTemplate97,2,Word 97 template format.
WdOpenFormat,Enumeration,wdOpenFormatAllWordTemplates,13,Word template format.
WdOpenFormat,Enumeration,wdOpenFormatXMLDocumentSerialized,14,Open XML file format saved as a single XML file.
WdOpenFormat,Enumeration,wdOpenFormatXMLDocumentMacroEnabledSerialized,15,Open XML file format with macros enabled saved as a single XML file.
WdOpenFormat,Enumeration,wdOpenFormatXMLTemplateSerialized,16,Open XML template format saved as a XML single file.
WdOpenFormat,Enumeration,wdOpenFormatXMLTemplateMacroEnabledSerialized,17,Open XML template format with macros enabled saved as a single XML file.
WdOpenFormat,Enumeration,wdOpenFormatOpenDocumentText,18,OpenDocument Text format.
WdOrganizerObject,Enumeration,wdOrganizerObjectStyles,0,A style item.
WdOrganizerObject,Enumeration,wdOrganizerObjectAutoText,1,An AutoText item.
WdOrganizerObject,Enumeration,wdOrganizerObjectCommandBars,2,A command bar item.
WdOrganizerObject,Enumeration,wdOrganizerObjectProjectItems,3,A project item.
WdOrientation,Enumeration,wdOrientPortrait,0,Portrait orientation.
WdOrientation,Enumeration,wdOrientLandscape,1,Landscape orientation.
WdOriginalFormat,Enumeration,wdWordDocument,0,Microsoft Word document format.
WdOriginalFormat,Enumeration,wdOriginalDocumentFormat,1,Original document format.
WdOriginalFormat,Enumeration,wdPromptUser,2,Prompt user to select a document format.
WdOutlineLevel,Enumeration,wdOutlineLevel1,1,Outline level 1.
WdOutlineLevel,Enumeration,wdOutlineLevel2,2,Outline level 2.
WdOutlineLevel,Enumeration,wdOutlineLevel3,3,Outline level 3.
WdOutlineLevel,Enumeration,wdOutlineLevel4,4,Outline level 4.
WdOutlineLevel,Enumeration,wdOutlineLevel5,5,Outline level 5.
WdOutlineLevel,Enumeration,wdOutlineLevel6,6,Outline level 6.
WdOutlineLevel,Enumeration,wdOutlineLevel7,7,Outline level 7.
WdOutlineLevel,Enumeration,wdOutlineLevel8,8,Outline level 8.
WdOutlineLevel,Enumeration,wdOutlineLevel9,9,Outline level 9.
WdOutlineLevel,Enumeration,wdOutlineLevelBodyText,10,No outline level.
WdPageBorderArt,Enumeration,wdArtApples,1,An apple border.
WdPageBorderArt,Enumeration,wdArtMapleMuffins,2,A maple muffins border.
WdPageBorderArt,Enumeration,wdArtCakeSlice,3,A cake slice border.
WdPageBorderArt,Enumeration,wdArtCandyCorn,4,A candy corn border.
WdPageBorderArt,Enumeration,wdArtIceCreamCones,5,An ice cream cones border.
WdPageBorderArt,Enumeration,wdArtChampagneBottle,6,A champagne bottle border.
WdPageBorderArt,Enumeration,wdArtPartyGlass,7,A party glass border.
WdPageBorderArt,Enumeration,wdArtChristmasTree,8,A Christmas tree border.
WdPageBorderArt,Enumeration,wdArtTrees,9,A trees border.
WdPageBorderArt,Enumeration,wdArtPalmsColor,10,A colored palms border.
WdPageBorderArt,Enumeration,wdArtBalloons3Colors,11,Balloons in three colors as the border.
WdPageBorderArt,Enumeration,wdArtBalloonsHotAir,12,A hot air balloon border.
WdPageBorderArt,Enumeration,wdArtPartyFavor,13,A party favor border.
WdPageBorderArt,Enumeration,wdArtConfettiStreamers,14,A confetti streamers border.
WdPageBorderArt,Enumeration,wdArtHearts,15,A hearts border.
WdPageBorderArt,Enumeration,wdArtHeartBalloon,16,A heart-balloon border.
WdPageBorderArt,Enumeration,wdArtStars3D,17,A 3D stars border.
WdPageBorderArt,Enumeration,wdArtStarsShadowed,18,A shadowed stars border.
WdPageBorderArt,Enumeration,wdArtStars,19,A stars border.
WdPageBorderArt,Enumeration,wdArtSun,20,A sun border.
WdPageBorderArt,Enumeration,wdArtEarth2,21,An earth number 2 border.
WdPageBorderArt,Enumeration,wdArtEarth1,22,An earth number 1 border.
WdPageBorderArt,Enumeration,wdArtPeopleHats,23,A people-wearing-hats border.
WdPageBorderArt,Enumeration,wdArtSombrero,24,A sombrero border.
WdPageBorderArt,Enumeration,wdArtPencils,25,A pencils border.
WdPageBorderArt,Enumeration,wdArtPackages,26,A packages border.
WdPageBorderArt,Enumeration,wdArtClocks,27,A clocks border.
WdPageBorderArt,Enumeration,wdArtFirecrackers,28,A fire crackers border.
WdPageBorderArt,Enumeration,wdArtRings,29,A rings border.
WdPageBorderArt,Enumeration,wdArtMapPins,30,A map pins border.
WdPageBorderArt,Enumeration,wdArtConfetti,31,A confetti border.
WdPageBorderArt,Enumeration,wdArtCreaturesButterfly,32,A butterfly border.
WdPageBorderArt,Enumeration,wdArtCreaturesLadyBug,33,A ladybug border.
WdPageBorderArt,Enumeration,wdArtCreaturesFish,34,A fish border.
WdPageBorderArt,Enumeration,wdArtBirdsFlight,35,A birds-in-flight border.
WdPageBorderArt,Enumeration,wdArtScaredCat,36,A scared cat border.
WdPageBorderArt,Enumeration,wdArtBats,37,A bats border.
WdPageBorderArt,Enumeration,wdArtFlowersRoses,38,A rose border.
WdPageBorderArt,Enumeration,wdArtFlowersRedRose,39,A red rose border.
WdPageBorderArt,Enumeration,wdArtPoinsettias,40,A poinsettias border.
WdPageBorderArt,Enumeration,wdArtHolly,41,A holly border.
WdPageBorderArt,Enumeration,wdArtFlowersTiny,42,A tiny flower border.
WdPageBorderArt,Enumeration,wdArtFlowersPansy,43,A pansy border.
WdPageBorderArt,Enumeration,wdArtFlowersModern2,44,A modern flowers number 2 border.
WdPageBorderArt,Enumeration,wdArtFlowersModern1,45,A modern flowers number 1 border.
WdPageBorderArt,Enumeration,wdArtWhiteFlowers,46,A white flower border.
WdPageBorderArt,Enumeration,wdArtVine,47,A vine border.
WdPageBorderArt,Enumeration,wdArtFlowersDaisies,48,A daisies border.
WdPageBorderArt,Enumeration,wdArtFlowersBlockPrint,49,A block flowers print border.
WdPageBorderArt,Enumeration,wdArtDecoArchColor,50,A deco arch colored border.
WdPageBorderArt,Enumeration,wdArtFans,51,A fans border.
WdPageBorderArt,Enumeration,wdArtFilm,52,A film border.
WdPageBorderArt,Enumeration,wdArtLightning1,53,A lightning number 1 border.
WdPageBorderArt,Enumeration,wdArtCompass,54,A compass border.
WdPageBorderArt,Enumeration,wdArtDoubleD,55,A double-D border.
WdPageBorderArt,Enumeration,wdArtClassicalWave,56,A classical wave border.
WdPageBorderArt,Enumeration,wdArtShadowedSquares,57,A shadowed squared border.
WdPageBorderArt,Enumeration,wdArtTwistedLines1,58,A twisted lines number 1 border.
WdPageBorderArt,Enumeration,wdArtWaveline,59,A wave-line border.
WdPageBorderArt,Enumeration,wdArtQuadrants,60,A quadrants border.
WdPageBorderArt,Enumeration,wdArtCheckedBarColor,61,A checked-bar colored border.
WdPageBorderArt,Enumeration,wdArtSwirligig,62,A swirling border.
WdPageBorderArt,Enumeration,wdArtPushPinNote1,63,A pushpin note number 1 border.
WdPageBorderArt,Enumeration,wdArtPushPinNote2,64,A pushpin note number 2 border.
WdPageBorderArt,Enumeration,wdArtPumpkin1,65,A pumpkin number 1 border.
WdPageBorderArt,Enumeration,wdArtEggsBlack,66,A black eggs border.
WdPageBorderArt,Enumeration,wdArtCup,67,A cup border.
WdPageBorderArt,Enumeration,wdArtHeartGray,68,A heart border in shades of gray.
WdPageBorderArt,Enumeration,wdArtGingerbreadMan,69,A gingerbread man border.
WdPageBorderArt,Enumeration,wdArtBabyPacifier,70,A baby pacifier border.
WdPageBorderArt,Enumeration,wdArtBabyRattle,71,A baby rattle border.
WdPageBorderArt,Enumeration,wdArtCabins,72,A cabins border.
WdPageBorderArt,Enumeration,wdArtHouseFunky,73,A funky house border.
WdPageBorderArt,Enumeration,wdArtStarsBlack,74,A black stars border.
WdPageBorderArt,Enumeration,wdArtSnowflakes,75,A snowflake border.
WdPageBorderArt,Enumeration,wdArtSnowflakeFancy,76,A fancy snowflake border.
WdPageBorderArt,Enumeration,wdArtSkyrocket,77,A sky rocket border.
WdPageBorderArt,Enumeration,wdArtSeattle,78,A Seattle border.
WdPageBorderArt,Enumeration,wdArtMusicNotes,79,A music notes border.
WdPageBorderArt,Enumeration,wdArtPalmsBlack,80,A black palms border.
WdPageBorderArt,Enumeration,wdArtMapleLeaf,81,A maple leaf border.
WdPageBorderArt,Enumeration,wdArtPaperClips,82,A paper clips border.
WdPageBorderArt,Enumeration,wdArtShorebirdTracks,83,A shorebird tracks border.
WdPageBorderArt,Enumeration,wdArtPeople,84,A people border.
WdPageBorderArt,Enumeration,wdArtPeopleWaving,85,A people-waving border.
WdPageBorderArt,Enumeration,wdArtEclipsingSquares2,86,An eclipsing squares number 2 border.
WdPageBorderArt,Enumeration,wdArtHypnotic,87,An hypnotic border.
WdPageBorderArt,Enumeration,wdArtDiamondsGray,88,A diamond border using shades of gray.
WdPageBorderArt,Enumeration,wdArtDecoArch,89,A deco arch border.
WdPageBorderArt,Enumeration,wdArtDecoBlocks,90,A deco blocks border.
WdPageBorderArt,Enumeration,wdArtCirclesLines,91,A circles-and-lines border.
WdPageBorderArt,Enumeration,wdArtPapyrus,92,A papyrus border.
WdPageBorderArt,Enumeration,wdArtWoodwork,93,A woodwork border.
WdPageBorderArt,Enumeration,wdArtWeavingBraid,94,A weaving braid border.
WdPageBorderArt,Enumeration,wdArtWeavingRibbon,95,A weaving ribbon border.
WdPageBorderArt,Enumeration,wdArtWeavingAngles,96,A weaving angle border.
WdPageBorderArt,Enumeration,wdArtArchedScallops,97,An arched scalloped border.
WdPageBorderArt,Enumeration,wdArtSafari,98,A safari border.
WdPageBorderArt,Enumeration,wdArtCelticKnotwork,99,A Celtic knotwork border.
WdPageBorderArt,Enumeration,wdArtCrazyMaze,100,A crazy maze border.
WdPageBorderArt,Enumeration,wdArtEclipsingSquares1,101,An eclipsing squares number 1 border.
WdPageBorderArt,Enumeration,wdArtBirds,102,A birds border.
WdPageBorderArt,Enumeration,wdArtFlowersTeacup,103,A teacup border.
WdPageBorderArt,Enumeration,wdArtNorthwest,104,A northwest border.
WdPageBorderArt,Enumeration,wdArtSouthwest,105,A southwest border.
WdPageBorderArt,Enumeration,wdArtTribal6,106,A tribal number 6 border.
WdPageBorderArt,Enumeration,wdArtTribal4,107,A tribal number 4 border.
WdPageBorderArt,Enumeration,wdArtTribal3,108,A tribal number 3 border.
WdPageBorderArt,Enumeration,wdArtTribal2,109,A tribal number 2 border.
WdPageBorderArt,Enumeration,wdArtTribal5,110,A tribal number 5 border.
WdPageBorderArt,Enumeration,wdArtXIllusions,111,An X illusion border.
WdPageBorderArt,Enumeration,wdArtZanyTriangles,112,A zany triangle border.
WdPageBorderArt,Enumeration,wdArtPyramids,113,A pyramids border.
WdPageBorderArt,Enumeration,wdArtPyramidsAbove,114,An external pyramids border.
WdPageBorderArt,Enumeration,wdArtConfettiGrays,115,A confetti border using shades of gray.
WdPageBorderArt,Enumeration,wdArtConfettiOutline,116,A confetti outline border.
WdPageBorderArt,Enumeration,wdArtConfettiWhite,117,A confetti white border.
WdPageBorderArt,Enumeration,wdArtMosaic,118,A mosaic border.
WdPageBorderArt,Enumeration,wdArtLightning2,119,A lightning number 2 border.
WdPageBorderArt,Enumeration,wdArtHeebieJeebies,120,A heebie-jeebies border.
WdPageBorderArt,Enumeration,wdArtLightBulb,121,A light bulb border.
WdPageBorderArt,Enumeration,wdArtGradient,122,A gradient border.
WdPageBorderArt,Enumeration,wdArtTriangleParty,123,A triangle party border.
WdPageBorderArt,Enumeration,wdArtTwistedLines2,124,A twisted lines number 2 border.
WdPageBorderArt,Enumeration,wdArtMoons,125,A moons border.
WdPageBorderArt,Enumeration,wdArtOvals,126,An ovals border.
WdPageBorderArt,Enumeration,wdArtDoubleDiamonds,127,A double-diamonds border.
WdPageBorderArt,Enumeration,wdArtChainLink,128,A chain-link border.
WdPageBorderArt,Enumeration,wdArtTriangles,129,A triangles border.
WdPageBorderArt,Enumeration,wdArtTribal1,130,A tribal number 1 border.
WdPageBorderArt,Enumeration,wdArtMarqueeToothed,131,A marquee toothed border.
WdPageBorderArt,Enumeration,wdArtSharksTeeth,132,A shark-tooth border.
WdPageBorderArt,Enumeration,wdArtSawtooth,133,A saw-tooth border.
WdPageBorderArt,Enumeration,wdArtSawtoothGray,134,A saw-tooth border using shades of gray.
WdPageBorderArt,Enumeration,wdArtPostageStamp,135,A postage stamp border.
WdPageBorderArt,Enumeration,wdArtWeavingStrips,136,A weaving strips border.
WdPageBorderArt,Enumeration,wdArtZigZag,137,A zigzag border.
WdPageBorderArt,Enumeration,wdArtCrossStitch,138,A cross-stitch border.
WdPageBorderArt,Enumeration,wdArtGems,139,A gems border.
WdPageBorderArt,Enumeration,wdArtCirclesRectangles,140,A circles-and-rectangles border.
WdPageBorderArt,Enumeration,wdArtCornerTriangles,141,A triangles border.
WdPageBorderArt,Enumeration,wdArtCreaturesInsects,142,An insect border.
WdPageBorderArt,Enumeration,wdArtZigZagStitch,143,A zigzag stitch border.
WdPageBorderArt,Enumeration,wdArtCheckered,144,A checkered border.
WdPageBorderArt,Enumeration,wdArtCheckedBarBlack,145,A checked-bar black border.
WdPageBorderArt,Enumeration,wdArtMarquee,146,A marquee border.
WdPageBorderArt,Enumeration,wdArtBasicWhiteDots,147,A basic white-dotted border.
WdPageBorderArt,Enumeration,wdArtBasicWideMidline,148,A basic wide midline border.
WdPageBorderArt,Enumeration,wdArtBasicWideOutline,149,A basic wide outline border.
WdPageBorderArt,Enumeration,wdArtBasicWideInline,150,A basic wide inline border.
WdPageBorderArt,Enumeration,wdArtBasicThinLines,151,A basic thin-lines border.
WdPageBorderArt,Enumeration,wdArtBasicWhiteDashes,152,A basic white-dashed border.
WdPageBorderArt,Enumeration,wdArtBasicWhiteSquares,153,A basic white squares border.
WdPageBorderArt,Enumeration,wdArtBasicBlackSquares,154,A basic black squares border.
WdPageBorderArt,Enumeration,wdArtBasicBlackDashes,155,A basic black-dashed border.
WdPageBorderArt,Enumeration,wdArtBasicBlackDots,156,A basic black-dotted border.
WdPageBorderArt,Enumeration,wdArtStarsTop,157,A stars-on-top border.
WdPageBorderArt,Enumeration,wdArtCertificateBanner,158,A certificate banner border.
WdPageBorderArt,Enumeration,wdArtHandmade1,159,A handmade number 1 border.
WdPageBorderArt,Enumeration,wdArtHandmade2,160,A handmade number 2 border.
WdPageBorderArt,Enumeration,wdArtTornPaper,161,A torn-paper border.
WdPageBorderArt,Enumeration,wdArtTornPaperBlack,162,A black torn-paper border.
WdPageBorderArt,Enumeration,wdArtCouponCutoutDashes,163,A coupon-cut-out dashes border.
WdPageBorderArt,Enumeration,wdArtCouponCutoutDots,164,A coupon-cut-out dots border.
WdPageColor,Enumeration,wdPageColorNone,0,"No page color, the default. The page background is rendered in white. Any assigned page background colors are ignored."
WdPageColor,Enumeration,wdPageColorSepia,1,"Sepia page color, RGB (112, 66, 20) at 80% transparency. Makes no changes to the contents of the document."
WdPageColor,Enumeration,wdPageColorInverse,2,"Inverse page color. Renders the document content in a manner that resembles high-contrast black, although not necessarily exactly so. Some figures are rendered in full color on a black background."
WdPageFit,Enumeration,wdPageFitNone,0,Do not adjust the view settings for the page.
WdPageFit,Enumeration,wdPageFitFullPage,1,View the full page.
WdPageFit,Enumeration,wdPageFitBestFit,2,Best fit the page to the active window.
WdPageFit,Enumeration,wdPageFitTextFit,3,Best fit the text of the page to the active window.
WdPageMovementType,Enumeration,wdVertical,1,Document page movement type vertical.
WdPageMovementType,Enumeration,wdSideToSide,2,Document page movement type side-to-side.
WdPageNumberAlignment,Enumeration,wdAlignPageNumberLeft,0,Left-aligned.
WdPageNumberAlignment,Enumeration,wdAlignPageNumberCenter,1,Centered.
WdPageNumberAlignment,Enumeration,wdAlignPageNumberRight,2,Right-aligned.
WdPageNumberAlignment,Enumeration,wdAlignPageNumberInside,3,Left-aligned just inside the footer.
WdPageNumberAlignment,Enumeration,wdAlignPageNumberOutside,4,Right-aligned just outside the footer.
WdPageNumberStyle,Enumeration,wdPageNumberStyleArabic,0,Arabic style.
WdPageNumberStyle,Enumeration,wdPageNumberStyleUppercaseRoman,1,Uppercase Roman style.
WdPageNumberStyle,Enumeration,wdPageNumberStyleLowercaseRoman,2,Lowercase Roman style.
WdPageNumberStyle,Enumeration,wdPageNumberStyleUppercaseLetter,3,Uppercase letter style.
WdPageNumberStyle,Enumeration,wdPageNumberStyleLowercaseLetter,4,Lowercase letter style.
WdPageNumberStyle,Enumeration,wdPageNumberStyleArabicFullWidth,14,Arabic full width style.
WdPageNumberStyle,Enumeration,wdPageNumberStyleKanji,10,Kanji style.
WdPageNumberStyle,Enumeration,wdPageNumberStyleKanjiDigit,11,Kanji Digit style.
WdPageNumberStyle,Enumeration,wdPageNumberStyleKanjiTraditional,16,Kanji traditional style.
WdPageNumberStyle,Enumeration,wdPageNumberStyleNumberInCircle,18,Number in circle style.
WdPageNumberStyle,Enumeration,wdPageNumberStyleHanjaRead,41,Hanja Read style.
WdPageNumberStyle,Enumeration,wdPageNumberStyleHanjaReadDigit,42,Hanja Read Digit style.
WdPageNumberStyle,Enumeration,wdPageNumberStyleTradChinNum1,33,Traditional Chinese number 1 style.
WdPageNumberStyle,Enumeration,wdPageNumberStyleTradChinNum2,34,Traditional Chinese number 2 style.
WdPageNumberStyle,Enumeration,wdPageNumberStyleSimpChinNum1,37,Simplified Chinese number 1 style.
WdPageNumberStyle,Enumeration,wdPageNumberStyleSimpChinNum2,38,Simplified Chinese number 2 style.
WdPageNumberStyle,Enumeration,wdPageNumberStyleHebrewLetter1,45,Hebrew letter 1 style.
WdPageNumberStyle,Enumeration,wdPageNumberStyleArabicLetter1,46,Arabic letter 1 style.
WdPageNumberStyle,Enumeration,wdPageNumberStyleHebrewLetter2,47,Hebrew letter 2 style.
WdPageNumberStyle,Enumeration,wdPageNumberStyleArabicLetter2,48,Arabic letter 2 style.
WdPageNumberStyle,Enumeration,wdPageNumberStyleHindiLetter1,49,Hindi letter 1 style.
WdPageNumberStyle,Enumeration,wdPageNumberStyleHindiLetter2,50,Hindi letter 2 style.
WdPageNumberStyle,Enumeration,wdPageNumberStyleHindiArabic,51,Hindi Arabic style.
WdPageNumberStyle,Enumeration,wdPageNumberStyleHindiCardinalText,52,Hindi Cardinal text style.
WdPageNumberStyle,Enumeration,wdPageNumberStyleThaiLetter,53,Thai letter style.
WdPageNumberStyle,Enumeration,wdPageNumberStyleThaiArabic,54,Thai Arabic style.
WdPageNumberStyle,Enumeration,wdPageNumberStyleThaiCardinalText,55,Thai Cardinal Text style.
WdPageNumberStyle,Enumeration,wdPageNumberStyleVietCardinalText,56,Vietnamese Cardinal text style.
WdPageNumberStyle,Enumeration,wdPageNumberStyleNumberInDash,57,Number in dash style.
WdPageNumberStyleHID,Enumeration,emptyenum,0,
WdPaperSize,Enumeration,wdPaper10x14,0,"10 inches wide, 14 inches long."
WdPaperSize,Enumeration,wdPaper11x17,1,"Legal 11 inches wide, 17 inches long."
WdPaperSize,Enumeration,wdPaperLetter,2,Letter dimensions.
WdPaperSize,Enumeration,wdPaperLetterSmall,3,Small letter dimensions.
WdPaperSize,Enumeration,wdPaperLegal,4,Legal dimensions.
WdPaperSize,Enumeration,wdPaperExecutive,5,Executive dimensions.
WdPaperSize,Enumeration,wdPaperA3,6,A3 dimensions.
WdPaperSize,Enumeration,wdPaperA4,7,A4 dimensions.
WdPaperSize,Enumeration,wdPaperA4Small,8,Small A4 dimensions.
WdPaperSize,Enumeration,wdPaperA5,9,A5 dimensions.
WdPaperSize,Enumeration,wdPaperB4,10,B4 dimensions.
WdPaperSize,Enumeration,wdPaperB5,11,B5 dimensions.
WdPaperSize,Enumeration,wdPaperCSheet,12,C sheet dimensions.
WdPaperSize,Enumeration,wdPaperDSheet,13,D sheet dimensions.
WdPaperSize,Enumeration,wdPaperESheet,14,E sheet dimensions.
WdPaperSize,Enumeration,wdPaperFanfoldLegalGerman,15,German legal fanfold dimensions.
WdPaperSize,Enumeration,wdPaperFanfoldStdGerman,16,German standard fanfold dimensions.
WdPaperSize,Enumeration,wdPaperFanfoldUS,17,United States fanfold dimensions.
WdPaperSize,Enumeration,wdPaperFolio,18,Folio dimensions.
WdPaperSize,Enumeration,wdPaperLedger,19,Ledger dimensions.
WdPaperSize,Enumeration,wdPaperNote,20,Note dimensions.
WdPaperSize,Enumeration,wdPaperQuarto,21,Quarto dimensions.
WdPaperSize,Enumeration,wdPaperStatement,22,Statement dimensions.
WdPaperSize,Enumeration,wdPaperTabloid,23,Tabloid dimensions.
WdPaperSize,Enumeration,wdPaperEnvelope9,24,"Envelope, size 9."
WdPaperSize,Enumeration,wdPaperEnvelope10,25,"Legal envelope, size 10."
WdPaperSize,Enumeration,wdPaperEnvelope11,26,"Envelope, size 11."
WdPaperSize,Enumeration,wdPaperEnvelope12,27,"Envelope, size 12."
WdPaperSize,Enumeration,wdPaperEnvelope14,28,"Envelope, size 14."
WdPaperSize,Enumeration,wdPaperEnvelopeB4,29,B4 envelope.
WdPaperSize,Enumeration,wdPaperEnvelopeB5,30,B5 envelope.
WdPaperSize,Enumeration,wdPaperEnvelopeB6,31,B6 envelope.
WdPaperSize,Enumeration,wdPaperEnvelopeC3,32,C3 envelope.
WdPaperSize,Enumeration,wdPaperEnvelopeC4,33,C4 envelope.
WdPaperSize,Enumeration,wdPaperEnvelopeC5,34,C5 envelope.
WdPaperSize,Enumeration,wdPaperEnvelopeC6,35,C6 envelope.
WdPaperSize,Enumeration,wdPaperEnvelopeC65,36,C65 envelope.
WdPaperSize,Enumeration,wdPaperEnvelopeDL,37,DL envelope.
WdPaperSize,Enumeration,wdPaperEnvelopeItaly,38,Italian envelope.
WdPaperSize,Enumeration,wdPaperEnvelopeMonarch,39,Monarch envelope.
WdPaperSize,Enumeration,wdPaperEnvelopePersonal,40,Personal envelope.
WdPaperSize,Enumeration,wdPaperCustom,41,Custom paper size.
WdPaperTray,Enumeration,wdPrinterDefaultBin,0,Default bin.
WdPaperTray,Enumeration,wdPrinterUpperBin,1,Upper bin.
WdPaperTray,Enumeration,wdPrinterOnlyBin,1,Printer's only bin.
WdPaperTray,Enumeration,wdPrinterLowerBin,2,Lower bin.
WdPaperTray,Enumeration,wdPrinterMiddleBin,3,Middle bin.
WdPaperTray,Enumeration,wdPrinterManualFeed,4,Manual feed.
WdPaperTray,Enumeration,wdPrinterEnvelopeFeed,5,Envelope feed.
WdPaperTray,Enumeration,wdPrinterManualEnvelopeFeed,6,Manual envelope feed.
WdPaperTray,Enumeration,wdPrinterAutomaticSheetFeed,7,Automatic sheet feed.
WdPaperTray,Enumeration,wdPrinterTractorFeed,8,Tractor feed.
WdPaperTray,Enumeration,wdPrinterSmallFormatBin,9,Small-format bin.
WdPaperTray,Enumeration,wdPrinterLargeFormatBin,10,Large-format bin.
WdPaperTray,Enumeration,wdPrinterLargeCapacityBin,11,Large-capacity bin.
WdPaperTray,Enumeration,wdPrinterPaperCassette,14,Paper cassette.
WdPaperTray,Enumeration,wdPrinterFormSource,15,Form source.
WdParagraphAlignment,Enumeration,wdAlignParagraphLeft,0,Left-aligned.
WdParagraphAlignment,Enumeration,wdAlignParagraphCenter,1,Center-aligned.
WdParagraphAlignment,Enumeration,wdAlignParagraphRight,2,Right-aligned.
WdParagraphAlignment,Enumeration,wdAlignParagraphJustify,3,Fully justified.
WdParagraphAlignment,Enumeration,wdAlignParagraphDistribute,4,Paragraph characters are distributed to fill the entire width of the paragraph.
WdParagraphAlignment,Enumeration,wdAlignParagraphJustifyMed,5,Justified with a medium character compression ratio.
WdParagraphAlignment,Enumeration,wdAlignParagraphJustifyHi,7,Justified with a high character compression ratio.
WdParagraphAlignment,Enumeration,wdAlignParagraphJustifyLow,8,Justified with a low character compression ratio.
WdParagraphAlignment,Enumeration,wdAlignParagraphThaiJustify,9,Justified according to Thai formatting layout.
WdParagraphAlignmentHID,Enumeration,emptyenum,0,
WdPartOfSpeech,Enumeration,wdAdjective,0,An adjective.
WdPartOfSpeech,Enumeration,wdNoun,1,A noun.
WdPartOfSpeech,Enumeration,wdAdverb,2,An adverb.
WdPartOfSpeech,Enumeration,wdVerb,3,A verb.
WdPartOfSpeech,Enumeration,wdPronoun,4,A pronoun.
WdPartOfSpeech,Enumeration,wdConjunction,5,A conjunction.
WdPartOfSpeech,Enumeration,wdPreposition,6,A preposition.
WdPartOfSpeech,Enumeration,wdInterjection,7,An interjection.
WdPartOfSpeech,Enumeration,wdIdiom,8,An idiom.
WdPartOfSpeech,Enumeration,wdOther,9,Some other part of speech.
WdPasteDataType,Enumeration,wdPasteOLEObject,0,OLE object.
WdPasteDataType,Enumeration,wdPasteRTF,1,Rich Text Format (RTF).
WdPasteDataType,Enumeration,wdPasteText,2,Text.
WdPasteDataType,Enumeration,wdPasteMetafilePicture,3,Metafile picture.
WdPasteDataType,Enumeration,wdPasteBitmap,4,Bitmap.
WdPasteDataType,Enumeration,wdPasteDeviceIndependentBitmap,5,Device-independent bitmap.
WdPasteDataType,Enumeration,wdPasteHyperlink,7,Hyperlink.
WdPasteDataType,Enumeration,wdPasteShape,8,Shape.
WdPasteDataType,Enumeration,wdPasteEnhancedMetafile,9,Enhanced metafile.
WdPasteDataType,Enumeration,wdPasteHTML,10,HTML.
WdPasteOptions,Enumeration,wdKeepSourceFormatting,0,Keeps formatting from the source document.
WdPasteOptions,Enumeration,wdMatchDestinationFormatting,1,Matches formatting to the destination document.
WdPasteOptions,Enumeration,wdKeepTextOnly,2,"Keeps text only, without formatting."
WdPasteOptions,Enumeration,wdUseDestinationStyles,3,Matches formatting to the destination document using styles for formatting.
WdPhoneticGuideAlignmentType,Enumeration,wdPhoneticGuideAlignmentCenter,0,Microsoft Word centers phonetic text over the specified range. This is the default value.
WdPhoneticGuideAlignmentType,Enumeration,wdPhoneticGuideAlignmentZeroOneZero,1,Word adjusts the inside and outside spacing of the phonetic text in a 0:1:0 ratio.
WdPhoneticGuideAlignmentType,Enumeration,wdPhoneticGuideAlignmentOneTwoOne,2,Word adjusts the inside and outside spacing of the phonetic text in a 1:2:1 ratio.
WdPhoneticGuideAlignmentType,Enumeration,wdPhoneticGuideAlignmentLeft,3,Word left-aligns phonetic text with the specified range.
WdPhoneticGuideAlignmentType,Enumeration,wdPhoneticGuideAlignmentRight,4,Word right-aligns phonetic text with the specified range.
WdPhoneticGuideAlignmentType,Enumeration,wdPhoneticGuideAlignmentRightVertical,5,Word aligns the phonetic text on the right side of vertical text.
WdPictureLinkType,Enumeration,wdLinkNone,0,Do not link to or embed the picture in the document.
WdPictureLinkType,Enumeration,wdLinkDataInDoc,1,Embed the picture in the document.
WdPictureLinkType,Enumeration,wdLinkDataOnDisk,2,Link the picture to the document.
WdPortugueseReform,Enumeration,wdPortuguesePreReform,1,Use the pre-reform spelling rules.
WdPortugueseReform,Enumeration,wdPortuguesePostReform,2,Use the post-reform spelling rules.
WdPortugueseReform,Enumeration,wdPortugueseBoth,3,Use both the pre-reform and post-reform spelling rules.
WdPreferredWidthType,Enumeration,wdPreferredWidthAuto,1,Automatically select the unit of measure to use based on the current selection.
WdPreferredWidthType,Enumeration,wdPreferredWidthPercent,2,Measure the current item width using a specified percentage.
WdPreferredWidthType,Enumeration,wdPreferredWidthPoints,3,Measure the current item width using a specified number of points.
WdPrintOutItem,Enumeration,wdPrintDocumentContent,0,Current document content.
WdPrintOutItem,Enumeration,wdPrintProperties,1,Properties in the current document.
WdPrintOutItem,Enumeration,wdPrintComments,2,Comments in the current document.
WdPrintOutItem,Enumeration,wdPrintMarkup,2,Markup in the current document.
WdPrintOutItem,Enumeration,wdPrintStyles,3,Styles in the current document.
WdPrintOutItem,Enumeration,wdPrintAutoTextEntries,4,Autotext entries in the current document.
WdPrintOutItem,Enumeration,wdPrintKeyAssignments,5,Key assignments in the current document.
WdPrintOutItem,Enumeration,wdPrintEnvelope,6,An envelope.
WdPrintOutItem,Enumeration,wdPrintDocumentWithMarkup,7,Current document content including markup.
WdPrintOutPages,Enumeration,wdPrintAllPages,0,All pages.
WdPrintOutPages,Enumeration,wdPrintOddPagesOnly,1,Odd-numbered pages only.
WdPrintOutPages,Enumeration,wdPrintEvenPagesOnly,2,Even-numbered pages only.
WdPrintOutRange,Enumeration,wdPrintAllDocument,0,The entire document.
WdPrintOutRange,Enumeration,wdPrintSelection,1,The current selection.
WdPrintOutRange,Enumeration,wdPrintCurrentPage,2,The current page.
WdPrintOutRange,Enumeration,wdPrintFromTo,3,A specified range.
WdPrintOutRange,Enumeration,wdPrintRangeOfPages,4,A specified range of pages.
WdProofreadingErrorType,Enumeration,wdSpellingError,0,Spelling error.
WdProofreadingErrorType,Enumeration,wdGrammaticalError,1,Grammatical error.
WdProtectedViewCloseReason,Enumeration,wdProtectedViewCloseNormal,0,The window was closed normally.
WdProtectedViewCloseReason,Enumeration,wdProtectedViewCloseEdit,1,The window was closed when the user clicked the Enable Editing or Edit Anyway button while in Protected View.
WdProtectedViewCloseReason,Enumeration,wdProtectedViewCloseForced,2,The window was closed because the application shut it down forcefully or it stopped responding.
WdProtectionType,Enumeration,wdNoProtection,-1,Do not apply protection to the document.
WdProtectionType,Enumeration,wdAllowOnlyRevisions,0,Allow only revisions to be made to existing content.
WdProtectionType,Enumeration,wdAllowOnlyComments,1,Allow only comments to be added to the document.
WdProtectionType,Enumeration,wdAllowOnlyFormFields,2,Allow content to be added to the document only through form fields.
WdProtectionType,Enumeration,wdAllowOnlyReading,3,Allow read-only access to the document.
WdReadingLayoutMargin,Enumeration,wdAutomaticMargin,0,Shows the pages without margins.
WdReadingLayoutMargin,Enumeration,wdSuppressMargin,1,Microsoft Word determines automatically whether to show or hide the margins based on the available space.
WdReadingLayoutMargin,Enumeration,wdFullMargin,2,Shows the pages with margins.
WdReadingOrder,Enumeration,wdReadingOrderRtl,0,Right-to-left reading order.
WdReadingOrder,Enumeration,wdReadingOrderLtr,1,Left-to-right reading order.
WdRecoveryType,Enumeration,wdPasteDefault,0,Not supported.
WdRecoveryType,Enumeration,wdSingleCellText,5,Pastes a single cell as text.
WdRecoveryType,Enumeration,wdSingleCellTable,6,Pastes a single cell table as a separate table.
WdRecoveryType,Enumeration,wdListContinueNumbering,7,Continues numbering of a pasted list from the list in the document.
WdRecoveryType,Enumeration,wdListRestartNumbering,8,Restarts numbering of a pasted list.
WdRecoveryType,Enumeration,wdTableInsertAsRows,11,Inserts a pasted table as rows between two rows in the target table.
WdRecoveryType,Enumeration,wdTableAppendTable,10,Merges pasted cells into an existing table by inserting the pasted rows between the selected rows.
WdRecoveryType,Enumeration,wdTableOriginalFormatting,12,Pastes an appended table without merging table styles.
WdRecoveryType,Enumeration,wdChartPicture,13,Pastes an Excel chart as a picture.
WdRecoveryType,Enumeration,wdChart,14,Pastes a Microsoft Office Excel chart as an embedded OLE object.
WdRecoveryType,Enumeration,wdChartLinked,15,Pastes an Excel chart and links it to the original Excel spreadsheet.
WdRecoveryType,Enumeration,wdFormatOriginalFormatting,16,Preserves original formatting of the pasted material.
WdRecoveryType,Enumeration,wdFormatSurroundingFormattingWithEmphasis,20,Matches the formatting of the pasted text to the formatting of surrounding text.
WdRecoveryType,Enumeration,wdFormatPlainText,22,"Pastes as plain, unformatted text."
WdRecoveryType,Enumeration,wdTableOverwriteCells,23,Pastes table cells and overwrites existing table cells.
WdRecoveryType,Enumeration,wdListCombineWithExistingList,24,Merges a pasted list with neighboring lists.
WdRecoveryType,Enumeration,wdListDontMerge,25,Not supported.
WdRecoveryType,Enumeration,wdUseDestinationStylesRecovery,19,Uses the styles that are in use in the destination document.
WdRectangleType,Enumeration,wdTextRectangle,0,Represents a space occupied by text.
WdRectangleType,Enumeration,wdShapeRectangle,1,Represents a space occupied by a shape.
WdRectangleType,Enumeration,wdMarkupRectangle,2,Represents a space occupied by a comment balloon.
WdRectangleType,Enumeration,wdMarkupRectangleButton,3,Represents a space occupied by the more (...) indicator that appears in a comment balloon when there is additional text for the comment.
WdRectangleType,Enumeration,wdPageBorderRectangle,4,Represents a space occupied by a page border.
WdRectangleType,Enumeration,wdLineBetweenColumnRectangle,5,Represents a region corresponding to a line that separates columns.
WdRectangleType,Enumeration,wdSelection,6,"Represents a space occupied by a selection tool, for example the table selection tool in the upper-left corner of a table or the anchor for an image."
WdRectangleType,Enumeration,wdSystem,7,Not applicable.
WdRectangleType,Enumeration,wdMarkupRectangleArea,8,"Represents space occupied for the presentation of revision balloons on the page. This space is only printed if you print using ""Document Showing Markup"" in the Print dialog box."
WdRectangleType,Enumeration,wdReadingModeNavigation,9,Represents space occupied by the page navigation buttons when reading a document in full page reading view.
WdRectangleType,Enumeration,wdMarkupRectangleMoveMatch,10,Represents space occupied by the Go button used to find matching pairs of tracked moves in a document.
WdRectangleType,Enumeration,wdReadingModePanningArea,11,Represents space occupied for page turning when reading a document in full page reading view.
WdRectangleType,Enumeration,wdMailNavArea,12,Represents space occupied by the email message navigation buttons when reading email in Microsoft Office Outlook.
WdRectangleType,Enumeration,wdDocumentControlRectangle,13,"Represents space occupied by a content control, equation, or document building block in-document control."
WdReferenceKind,Enumeration,wdContentText,-1,"Insert text value of the specified item. For example, insert text of the specified heading."
WdReferenceKind,Enumeration,wdNumberRelativeContext,-2,Insert heading or paragraph with as much of its relative position in the outline numbered list as necessary to identify the item.
WdReferenceKind,Enumeration,wdNumberNoContext,-3,Insert heading or paragraph without its relative position in the outline numbered list.
WdReferenceKind,Enumeration,wdNumberFullContext,-4,Insert complete heading or paragraph number.
WdReferenceKind,Enumeration,wdEntireCaption,2,"Insert label, number, and any additional caption of specified equation, figure, or table."
WdReferenceKind,Enumeration,wdOnlyLabelAndNumber,3,"Insert only the label and number of the specified equation, figure, or table."
WdReferenceKind,Enumeration,wdOnlyCaptionText,4,"Insert only the caption text of the specified equation, figure, or table."
WdReferenceKind,Enumeration,wdFootnoteNumber,5,Insert footnote reference mark.
WdReferenceKind,Enumeration,wdEndnoteNumber,6,Insert endnote reference mark.
WdReferenceKind,Enumeration,wdPageNumber,7,Insert page number of specified item.
WdReferenceKind,Enumeration,wdPosition,15,"Insert the word ""Above"" or the word ""Below"" as appropriate."
WdReferenceKind,Enumeration,wdFootnoteNumberFormatted,16,Insert formatted footnote reference mark.
WdReferenceKind,Enumeration,wdEndnoteNumberFormatted,17,Insert formatted endnote reference mark.
WdReferenceType,Enumeration,wdRefTypeNumberedItem,0,Numbered item.
WdReferenceType,Enumeration,wdRefTypeHeading,1,Heading.
WdReferenceType,Enumeration,wdRefTypeBookmark,2,Bookmark.
WdReferenceType,Enumeration,wdRefTypeFootnote,3,Footnote.
WdReferenceType,Enumeration,wdRefTypeEndnote,4,Endnote.
WdRelativeHorizontalPosition,Enumeration,wdRelativeHorizontalPositionMargin,0,Relative to margin.
WdRelativeHorizontalPosition,Enumeration,wdRelativeHorizontalPositionPage,1,Relative to page.
WdRelativeHorizontalPosition,Enumeration,wdRelativeHorizontalPositionColumn,2,Relative to column.
WdRelativeHorizontalPosition,Enumeration,wdRelativeHorizontalPositionCharacter,3,Relative to character.
WdRelativeHorizontalPosition,Enumeration,wdRelativeHorizontalPositionLeftMarginArea,4,Relative to left margin.
WdRelativeHorizontalPosition,Enumeration,wdRelativeHorizontalPositionRightMarginArea,5,Relative to right margin.
WdRelativeHorizontalPosition,Enumeration,wdRelativeHorizontalPositionInnerMarginArea,6,Relative to inner margin area.
WdRelativeHorizontalPosition,Enumeration,wdRelativeHorizontalPositionOuterMarginArea,7,Relative to outer margin area.
WdRelativeHorizontalSize,Enumeration,wdRelativeHorizontalSizeMargin,0,Width is relative to the space between the left margin and the right margin.
WdRelativeHorizontalSize,Enumeration,wdRelativeHorizontalSizePage,1,Width is relative to the width of the page.
WdRelativeHorizontalSize,Enumeration,wdRelativeHorizontalSizeLeftMarginArea,2,Width is relative to the size of the left margin.
WdRelativeHorizontalSize,Enumeration,wdRelativeHorizontalSizeRightMarginArea,3,Width is relative to the width of the right margin.
WdRelativeHorizontalSize,Enumeration,wdRelativeHorizontalSizeInnerMarginArea,4,"Width is relative to the size of the inside margin; to the size of the left margin for odd pages, and to the size of the right margin for even pages."
WdRelativeHorizontalSize,Enumeration,wdRelativeHorizontalSizeOuterMarginArea,5,"Width is relative to the size of the outside margin; to the size of the right margin for odd pages, and to the size of the left margin for even pages."
WdRelativeVerticalPosition,Enumeration,wdRelativeVerticalPositionMargin,0,Relative to margin.
WdRelativeVerticalPosition,Enumeration,wdRelativeVerticalPositionPage,1,Relative to page.
WdRelativeVerticalPosition,Enumeration,wdRelativeVerticalPositionParagraph,2,Relative to paragraph.
WdRelativeVerticalPosition,Enumeration,wdRelativeVerticalPositionLine,3,Relative to line.
WdRelativeVerticalPosition,Enumeration,wdRelativeVerticalPositionTopMarginArea,4,Relative to top margin.
WdRelativeVerticalPosition,Enumeration,wdRelativeVerticalPositionBottomMarginArea,5,Relative to bottom margin.
WdRelativeVerticalPosition,Enumeration,wdRelativeVerticalPositionInnerMarginArea,6,Relative to inner margin area.
WdRelativeVerticalPosition,Enumeration,wdRelativeVerticalPositionOuterMarginArea,7,Relative to outer margin area.
WdRelativeVerticalSize,Enumeration,wdRelativeVerticalSizeMargin,0,Height is relative to the space between the left margin and the right margin.
WdRelativeVerticalSize,Enumeration,wdRelativeVerticalSizePage,1,Height is relative to the height of the page.
WdRelativeVerticalSize,Enumeration,wdRelativeVerticalSizeTopMarginArea,2,Height is relative to the size of the top margin.
WdRelativeVerticalSize,Enumeration,wdRelativeVerticalSizeBottomMarginArea,3,Height is relative to the size of the bottom margin.
WdRelativeVerticalSize,Enumeration,wdRelativeVerticalSizeInnerMarginArea,4,"Height is relative to the size of the inside margin; to the size of the top margin for odd pages, and to the size of the bottom margin for even pages."
WdRelativeVerticalSize,Enumeration,wdRelativeVerticalSizeOuterMarginArea,5,"Height is relative to the size of the outside margin; to the size of the bottom margin for odd pages, and to the size of the top margin for even pages."
WdRelocate,Enumeration,wdRelocateUp,0,Above the previous visible paragraph.
WdRelocate,Enumeration,wdRelocateDown,1,Below the next visible paragraph.
WdRemoveDocInfoType,Enumeration,wdRDIComments,1,Removes document comments.
WdRemoveDocInfoType,Enumeration,wdRDIRevisions,2,Removes revision marks.
WdRemoveDocInfoType,Enumeration,wdRDIVersions,3,Removes document version information.
WdRemoveDocInfoType,Enumeration,wdRDIRemovePersonalInformation,4,Removes personal information.
WdRemoveDocInfoType,Enumeration,wdRDIEmailHeader,5,Removes email header information.
WdRemoveDocInfoType,Enumeration,wdRDIRoutingSlip,6,Removes routing slip information.
WdRemoveDocInfoType,Enumeration,wdRDISendForReview,7,Removes information stored when sending a document for review.
WdRemoveDocInfoType,Enumeration,wdRDIDocumentProperties,8,Removes document properties.
WdRemoveDocInfoType,Enumeration,wdRDITemplate,9,Removes template information.
WdRemoveDocInfoType,Enumeration,wdRDIDocumentWorkspace,10,Removes document workspace information.
WdRemoveDocInfoType,Enumeration,wdRDIInkAnnotations,11,Removes ink annotations.
WdRemoveDocInfoType,Enumeration,wdRDIDocumentServerProperties,14,Removes document server properties.
WdRemoveDocInfoType,Enumeration,wdRDIDocumentManagementPolicy,15,Removes document management policy information.
WdRemoveDocInfoType,Enumeration,wdRDIContentType,16,Removes content type information.
WdRemoveDocInfoType,Enumeration,wdRDITaskpaneWebExtensions,17,Removes taskpane web extensions information.
WdRemoveDocInfoType,Enumeration,wdRDIAtMentions,18,
WdRemoveDocInfoType,Enumeration,wdRDIDocumentTasks,19,
WdRemoveDocInfoType,Enumeration,wdRDIDocumentIntelligence,20,
WdRemoveDocInfoType,Enumeration,wdRDICommentReactions,21,
WdRemoveDocInfoType,Enumeration,wdRDIAll,99,Removes all document information.
WdReplace,Enumeration,wdReplaceNone,0,Replace no occurrences.
WdReplace,Enumeration,wdReplaceOne,1,Replace the first occurrence encountered.
WdReplace,Enumeration,wdReplaceAll,2,Replace all occurrences.
WdRevisedLinesMark,Enumeration,wdRevisedLinesMarkNone,0,Not displayed.
WdRevisedLinesMark,Enumeration,wdRevisedLinesMarkLeftBorder,1,In the left border.
WdRevisedLinesMark,Enumeration,wdRevisedLinesMarkRightBorder,2,In the right border.
WdRevisedLinesMark,Enumeration,wdRevisedLinesMarkOutsideBorder,3,Outside the border.
WdRevisedPropertiesMark,Enumeration,wdRevisedPropertiesMarkNone,0,Using a special character.
WdRevisedPropertiesMark,Enumeration,wdRevisedPropertiesMarkBold,1,In bold.
WdRevisedPropertiesMark,Enumeration,wdRevisedPropertiesMarkItalic,2,In italic.
WdRevisedPropertiesMark,Enumeration,wdRevisedPropertiesMarkUnderline,3,In underline.
WdRevisedPropertiesMark,Enumeration,wdRevisedPropertiesMarkDoubleUnderline,4,With double-underline characters.
WdRevisedPropertiesMark,Enumeration,wdRevisedPropertiesMarkColorOnly,5,In the designated color.
WdRevisedPropertiesMark,Enumeration,wdRevisedPropertiesMarkStrikeThrough,6,Using strikethrough characters.
WdRevisedPropertiesMark,Enumeration,wdRevisedPropertiesMarkDoubleStrikeThrough,7,Using double-strikethrough characters.
WdRevisionsBalloonMargin,Enumeration,wdLeftMargin,0,Left margin.
WdRevisionsBalloonMargin,Enumeration,wdRightMargin,1,Right margin. default.
WdRevisionsBalloonPrintOrientation,Enumeration,wdBalloonPrintOrientationAuto,0,Microsoft Word automatically selects the orientation that keeps the zoom factor closest to 100%.
WdRevisionsBalloonPrintOrientation,Enumeration,wdBalloonPrintOrientationPreserve,1,"Word preserves the orientation of the original, uncommented document."
WdRevisionsBalloonPrintOrientation,Enumeration,wdBalloonPrintOrientationForceLandscape,2,"Word forces all sections to be printed in Landscape mode, regardless of original orientation, and prints the revision and comment balloons on the side opposite to the document text."
WdRevisionsBalloonWidthType,Enumeration,wdBalloonWidthPercent,0,Measured as a percentage of the width of the document.
WdRevisionsBalloonWidthType,Enumeration,wdBalloonWidthPoints,1,Measured in points.
WdRevisionsMarkup,Enumeration,wdRevisionsMarkupNone,0,Displays the final document with no markup visible.
WdRevisionsMarkup,Enumeration,wdRevisionsMarkupSimple,1,"Displays the final document in simple markup: with revisions incorporated, but with no markup visible."
WdRevisionsMarkup,Enumeration,wdRevisionsMarkupAll,2,Displays the final document with all markup visible.
WdRevisionsMode,Enumeration,wdBalloonRevisions,0,Displays revisions in balloons in the left or right margin.
WdRevisionsMode,Enumeration,wdInLineRevisions,1,Displays revisions within the text using strikethrough for deletions and underlining for insertions. This is the default setting for prior versions of Word.
WdRevisionsMode,Enumeration,wdMixedRevisions,2,Not supported.
WdRevisionsView,Enumeration,wdRevisionsViewFinal,0,Displays the document with formatting and content changes applied.
WdRevisionsView,Enumeration,wdRevisionsViewOriginal,1,Displays the document before changes were made.
WdRevisionsWrap,Enumeration,wdWrapNever,0,Never wrap revisions.
WdRevisionsWrap,Enumeration,wdWrapAlways,1,Revisions are wrapped.
WdRevisionsWrap,Enumeration,wdWrapAsk,2,Ask the user if revisions should be wrapped.
WdRevisionType,Enumeration,wdNoRevision,0,No revision.
WdRevisionType,Enumeration,wdRevisionInsert,1,Insertion.
WdRevisionType,Enumeration,wdRevisionDelete,2,Deletion.
WdRevisionType,Enumeration,wdRevisionProperty,3,Property changed.
WdRevisionType,Enumeration,wdRevisionParagraphNumber,4,Paragraph number changed.
WdRevisionType,Enumeration,wdRevisionDisplayField,5,Field display changed.
WdRevisionType,Enumeration,wdRevisionReconcile,6,Revision marked as reconciled conflict.
WdRevisionType,Enumeration,wdRevisionConflict,7,Revision marked as a conflict.
WdRevisionType,Enumeration,wdRevisionStyle,8,Style changed.
WdRevisionType,Enumeration,wdRevisionReplace,9,Replaced.
WdRevisionType,Enumeration,wdRevisionParagraphProperty,10,Paragraph property changed.
WdRevisionType,Enumeration,wdRevisionTableProperty,11,Table property changed.
WdRevisionType,Enumeration,wdRevisionSectionProperty,12,Section property changed.
WdRevisionType,Enumeration,wdRevisionStyleDefinition,13,Style definition changed.
WdRevisionType,Enumeration,wdRevisionMovedFrom,14,Content moved from.
WdRevisionType,Enumeration,wdRevisionMovedTo,15,Content moved to.
WdRevisionType,Enumeration,wdRevisionCellInsertion,16,Table cell inserted.
WdRevisionType,Enumeration,wdRevisionCellDeletion,17,Table cell deleted.
WdRevisionType,Enumeration,wdRevisionCellMerge,18,Table cells merged.
WdRevisionType,Enumeration,wdRevisionCellSplit,19,"This object, member, or enumeration is deprecated and is not intended to be used in your code."
WdRevisionType,Enumeration,wdRevisionConflictInsert,20,Insertion revision conflict in a coauthored document
WdRevisionType,Enumeration,wdRevisionConflictDelete,21,Deletion revision conflict in a coauthored document.
WdRoutingSlipDelivery,Enumeration,wdOneAfterAnother,0,
WdRoutingSlipDelivery,Enumeration,wdAllAtOnce,1,
WdRoutingSlipStatus,Enumeration,wdNotYetRouted,0,
WdRoutingSlipStatus,Enumeration,wdRouteInProgress,1,
WdRoutingSlipStatus,Enumeration,wdRouteComplete,2,
WdRowAlignment,Enumeration,wdAlignRowLeft,0,Left-aligned. Default.
WdRowAlignment,Enumeration,wdAlignRowCenter,1,Centered.
WdRowAlignment,Enumeration,wdAlignRowRight,2,Right-aligned.
WdRowHeightRule,Enumeration,wdRowHeightAuto,0,The row height is adjusted to accommodate the tallest value in the row.
WdRowHeightRule,Enumeration,wdRowHeightAtLeast,1,The row height is at least a minimum specified value.
WdRowHeightRule,Enumeration,wdRowHeightExactly,2,The row height is an exact value.
WdRulerStyle,Enumeration,wdAdjustNone,0,"Adjusts the left edge of row or rows, preserving the width of all columns by shifting them to the left or right. This is the default value."
WdRulerStyle,Enumeration,wdAdjustProportional,1,"Adjusts the left edge of the first column, preserving the position of the right edge of the table by proportionally adjusting the widths of all the cells in the specified row or rows."
WdRulerStyle,Enumeration,wdAdjustFirstColumn,2,"Adjusts the left edge of the first column only, preserving the positions of the other columns and the right edge of the table."
WdRulerStyle,Enumeration,wdAdjustSameWidth,3,"Adjusts the left edge of the first column, preserving the position of the right edge of the table by setting the widths of all the cells in the specified row or rows to the same value."
WdSalutationGender,Enumeration,wdGenderFemale,0,Female gender.
WdSalutationGender,Enumeration,wdGenderMale,1,Male gender.
WdSalutationGender,Enumeration,wdGenderNeutral,2,Neutral gender.
WdSalutationGender,Enumeration,wdGenderUnknown,3,Unknown gender.
WdSalutationType,Enumeration,wdSalutationInformal,0,Informal salutation.
WdSalutationType,Enumeration,wdSalutationFormal,1,Format salutation.
WdSalutationType,Enumeration,wdSalutationBusiness,2,Business salutation
WdSalutationType,Enumeration,wdSalutationOther,3,Custom salutation.
WdSaveFormat,Enumeration,wdFormatDocument,0,Microsoft Office Word 97 - 2003 binary file format.
WdSaveFormat,Enumeration,wdFormatDocument97,0,Microsoft Word 97 document format.
WdSaveFormat,Enumeration,wdFormatTemplate,1,Word template format.
WdSaveFormat,Enumeration,wdFormatTemplate97,1,Word 97 template format.
WdSaveFormat,Enumeration,wdFormatText,2,Microsoft Windows text format.
WdSaveFormat,Enumeration,wdFormatTextLineBreaks,3,Windows text format with line breaks preserved.
WdSaveFormat,Enumeration,wdFormatDOSText,4,Microsoft DOS text format.
WdSaveFormat,Enumeration,wdFormatDOSTextLineBreaks,5,Microsoft DOS text with line breaks preserved.
WdSaveFormat,Enumeration,wdFormatRTF,6,Rich text format (RTF).
WdSaveFormat,Enumeration,wdFormatUnicodeText,7,Unicode text format.
WdSaveFormat,Enumeration,wdFormatEncodedText,7,Encoded text format.
WdSaveFormat,Enumeration,wdFormatHTML,8,Standard HTML format.
WdSaveFormat,Enumeration,wdFormatWebArchive,9,Web archive format.
WdSaveFormat,Enumeration,wdFormatFilteredHTML,10,Filtered HTML format.
WdSaveFormat,Enumeration,wdFormatXML,11,Extensible Markup Language (XML) format.
WdSaveFormat,Enumeration,wdFormatXMLDocument,12,XML document format.
WdSaveFormat,Enumeration,wdFormatXMLDocumentMacroEnabled,13,XML document format with macros enabled.
WdSaveFormat,Enumeration,wdFormatXMLTemplate,14,XML template format.
WdSaveFormat,Enumeration,wdFormatXMLTemplateMacroEnabled,15,XML template format with macros enabled.
WdSaveFormat,Enumeration,wdFormatDocumentDefault,16,"Word default document file format. For Word, this is the DOCX format."
WdSaveFormat,Enumeration,wdFormatPDF,17,PDF format.
WdSaveFormat,Enumeration,wdFormatXPS,18,XPS format.
WdSaveFormat,Enumeration,wdFormatFlatXML,19,Open XML file format saved as a single XML file.
WdSaveFormat,Enumeration,wdFormatFlatXMLMacroEnabled,20,Open XML file format with macros enabled saved as a single XML file.
WdSaveFormat,Enumeration,wdFormatFlatXMLTemplate,21,Open XML template format saved as a XML single file.
WdSaveFormat,Enumeration,wdFormatFlatXMLTemplateMacroEnabled,22,Open XML template format with macros enabled saved as a single XML file.
WdSaveFormat,Enumeration,wdFormatOpenDocumentText,23,OpenDocument Text format.
WdSaveFormat,Enumeration,wdFormatStrictOpenXMLDocument,24,Strict Open XML document format.
WdSaveOptions,Enumeration,wdDoNotSaveChanges,0,Do not save pending changes.
WdSaveOptions,Enumeration,wdSaveChanges,-1,Save pending changes automatically without prompting the user.
WdSaveOptions,Enumeration,wdPromptToSaveChanges,-2,Prompt the user to save pending changes.
WdScrollbarType,Enumeration,wdScrollbarTypeAuto,0,Scroll bars are available for the specified frame only if the contents are too large to fit in the allotted space.
WdScrollbarType,Enumeration,wdScrollbarTypeYes,1,Scroll bars are always available for the specified frame.
WdScrollbarType,Enumeration,wdScrollbarTypeNo,2,Scroll bars are never available for the specified frame.
WdSectionDirection,Enumeration,wdSectionDirectionRtl,0,Displays the section with right alignment and right-to-left reading order.
WdSectionDirection,Enumeration,wdSectionDirectionLtr,1,Displays the section with left alignment and left-to-right reading order.
WdSectionStart,Enumeration,wdSectionContinuous,0,Continuous section break.
WdSectionStart,Enumeration,wdSectionNewColumn,1,New column section break.
WdSectionStart,Enumeration,wdSectionNewPage,2,New page section break.
WdSectionStart,Enumeration,wdSectionEvenPage,3,Even pages section break.
WdSectionStart,Enumeration,wdSectionOddPage,4,Odd pages section break.
WdSeekView,Enumeration,wdSeekMainDocument,0,The main document.
WdSeekView,Enumeration,wdSeekPrimaryHeader,1,The primary header.
WdSeekView,Enumeration,wdSeekFirstPageHeader,2,The first page header.
WdSeekView,Enumeration,wdSeekEvenPagesHeader,3,The even pages header.
WdSeekView,Enumeration,wdSeekPrimaryFooter,4,The primary footer.
WdSeekView,Enumeration,wdSeekFirstPageFooter,5,The first page footer.
WdSeekView,Enumeration,wdSeekEvenPagesFooter,6,The even pages footer.
WdSeekView,Enumeration,wdSeekFootnotes,7,Footnotes.
WdSeekView,Enumeration,wdSeekEndnotes,8,Endnotes.
WdSeekView,Enumeration,wdSeekCurrentPageHeader,9,The current page header.
WdSeekView,Enumeration,wdSeekCurrentPageFooter,10,The current page footer.
WdSelectionFlags,Enumeration,wdSelStartActive,1,The selection is at the start of the active document.
WdSelectionFlags,Enumeration,wdSelAtEOL,2,The selection is at the end of the letter.
WdSelectionFlags,Enumeration,wdSelOvertype,4,The selection was overtyped.
WdSelectionFlags,Enumeration,wdSelActive,8,The selection is the active selection.
WdSelectionFlags,Enumeration,wdSelReplace,16,The selection was replaced.
WdSelectionType,Enumeration,wdNoSelection,0,No selection.
WdSelectionType,Enumeration,wdSelectionIP,1,An inline paragraph selection.
WdSelectionType,Enumeration,wdSelectionNormal,2,A normal or user-defined selection.
WdSelectionType,Enumeration,wdSelectionFrame,3,A frame selection.
WdSelectionType,Enumeration,wdSelectionColumn,4,A column selection.
WdSelectionType,Enumeration,wdSelectionRow,5,A row selection.
WdSelectionType,Enumeration,wdSelectionBlock,6,A block selection.
WdSelectionType,Enumeration,wdSelectionInlineShape,7,An inline shape selection.
WdSelectionType,Enumeration,wdSelectionShape,8,A shape selection.
WdSeparatorType,Enumeration,wdSeparatorHyphen,0,A hyphen.
WdSeparatorType,Enumeration,wdSeparatorPeriod,1,A period.
WdSeparatorType,Enumeration,wdSeparatorColon,2,A colon.
WdSeparatorType,Enumeration,wdSeparatorEmDash,3,An emphasized dash.
WdSeparatorType,Enumeration,wdSeparatorEnDash,4,A standard dash.
WdShapePosition,Enumeration,wdShapeTop,-999999,At the top.
WdShapePosition,Enumeration,wdShapeLeft,-999998,On the left.
WdShapePosition,Enumeration,wdShapeBottom,-999997,At the bottom.
WdShapePosition,Enumeration,wdShapeRight,-999996,On the right.
WdShapePosition,Enumeration,wdShapeCenter,-999995,In the center.
WdShapePosition,Enumeration,wdShapeInside,-999994,Inside the selected range.
WdShapePosition,Enumeration,wdShapeOutside,-999993,Outside the selected range.
WdShapePositionRelative,Enumeration,wdShapePositionRelativeNone,-999999,"Specifies that the LeftRelative or TopRelative property is not currently valid, so the shape is positioned according to the value specified in the Left or Top property, respectively."
WdShapeSizeRelative,Enumeration,wdShapeSizeRelativeNone,-999999,"Specifies that the WidthRelative or HeightRelative property is not currently valid, so the shape is positioned according to the value specified in the Left or Top property, respectively."
WdShowFilter,Enumeration,wdShowFilterStylesAvailable,0,All styles available.
WdShowFilter,Enumeration,wdShowFilterStylesInUse,1,All styles in use.
WdShowFilter,Enumeration,wdShowFilterStylesAll,2,All styles.
WdShowFilter,Enumeration,wdShowFilterFormattingInUse,3,All formatting in use.
WdShowFilter,Enumeration,wdShowFilterFormattingAvailable,4,All formatting available.
WdShowFilter,Enumeration,wdShowFilterFormattingRecommended,5,Only recommended styles.
WdShowSourceDocuments,Enumeration,wdShowSourceDocumentsNone,0,Shows neither the original nor the revised documents for the source document used in a Compare function.
WdShowSourceDocuments,Enumeration,wdShowSourceDocumentsOriginal,1,Shows the original document only.
WdShowSourceDocuments,Enumeration,wdShowSourceDocumentsRevised,2,Shows the revised document only.
WdShowSourceDocuments,Enumeration,wdShowSourceDocumentsBoth,3,Shows both original and revised documents.
WdSmartTagControlType,Enumeration,wdControlSmartTag,1,Smart tag.
WdSmartTagControlType,Enumeration,wdControlLink,2,Link.
WdSmartTagControlType,Enumeration,wdControlHelp,3,Help.
WdSmartTagControlType,Enumeration,wdControlHelpURL,4,Help URL.
WdSmartTagControlType,Enumeration,wdControlSeparator,5,Separator.
WdSmartTagControlType,Enumeration,wdControlButton,6,Button.
WdSmartTagControlType,Enumeration,wdControlLabel,7,Label.
WdSmartTagControlType,Enumeration,wdControlImage,8,Image.
WdSmartTagControlType,Enumeration,wdControlCheckbox,9,Check box.
WdSmartTagControlType,Enumeration,wdControlTextbox,10,Text box.
WdSmartTagControlType,Enumeration,wdControlListbox,11,List box.
WdSmartTagControlType,Enumeration,wdControlCombo,12,Combo box.
WdSmartTagControlType,Enumeration,wdControlActiveX,13,ActiveX control.
WdSmartTagControlType,Enumeration,wdControlDocumentFragment,14,Document fragment.
WdSmartTagControlType,Enumeration,wdControlDocumentFragmentURL,15,Document fragment URL.
WdSmartTagControlType,Enumeration,wdControlRadioGroup,16,Radio group.
WdSortFieldType,Enumeration,wdSortFieldAlphanumeric,0,Alphanumeric order.
WdSortFieldType,Enumeration,wdSortFieldNumeric,1,Numeric order.
WdSortFieldType,Enumeration,wdSortFieldDate,2,Date order.
WdSortFieldType,Enumeration,wdSortFieldSyllable,3,Syllable order.
WdSortFieldType,Enumeration,wdSortFieldJapanJIS,4,Japanese JIS order.
WdSortFieldType,Enumeration,wdSortFieldStroke,5,Stroke order.
WdSortFieldType,Enumeration,wdSortFieldKoreaKS,6,Korean KS order.
WdSortFieldTypeHID,Enumeration,emptyenum,0,
WdSortOrder,Enumeration,wdSortOrderAscending,0,Ascending order. Default.
WdSortOrder,Enumeration,wdSortOrderDescending,1,Descending order.
WdSortSeparator,Enumeration,wdSortSeparateByTabs,0,Tab.
WdSortSeparator,Enumeration,wdSortSeparateByCommas,1,Comma.
WdSortSeparator,Enumeration,wdSortSeparateByDefaultTableSeparator,2,Default table separator.
WdSpanishSpeller,Enumeration,wdSpanishTuteoOnly,0,The Spanish spelling checker recognizes only tuteo verb forms.
WdSpanishSpeller,Enumeration,wdSpanishTuteoAndVoseo,1,The Spanish spelling checker recognizes both tuteo and voseo verb forms.
WdSpanishSpeller,Enumeration,wdSpanishVoseoOnly,2,The Spanish spelling checker recognizes only voseo verb forms.
WdSpecialPane,Enumeration,wdPaneNone,0,No display.
WdSpecialPane,Enumeration,wdPanePrimaryHeader,1,The primary header pane.
WdSpecialPane,Enumeration,wdPaneFirstPageHeader,2,The first page header.
WdSpecialPane,Enumeration,wdPaneEvenPagesHeader,3,The even pages header.
WdSpecialPane,Enumeration,wdPanePrimaryFooter,4,The primary footer pane.
WdSpecialPane,Enumeration,wdPaneFirstPageFooter,5,The first page footer.
WdSpecialPane,Enumeration,wdPaneEvenPagesFooter,6,The even pages footer.
WdSpecialPane,Enumeration,wdPaneFootnotes,7,Footnotes.
WdSpecialPane,Enumeration,wdPaneEndnotes,8,Endnotes.
WdSpecialPane,Enumeration,wdPaneFootnoteContinuationNotice,9,The footnote continuation notice.
WdSpecialPane,Enumeration,wdPaneFootnoteContinuationSeparator,10,The footnote continuation separator.
WdSpecialPane,Enumeration,wdPaneFootnoteSeparator,11,The footnote separator.
WdSpecialPane,Enumeration,wdPaneEndnoteContinuationNotice,12,The endnote continuation notice.
WdSpecialPane,Enumeration,wdPaneEndnoteContinuationSeparator,13,The endnote continuation separator.
WdSpecialPane,Enumeration,wdPaneEndnoteSeparator,14,The endnote separator.
WdSpecialPane,Enumeration,wdPaneComments,15,Selected comments.
WdSpecialPane,Enumeration,wdPaneCurrentPageHeader,16,The page header.
WdSpecialPane,Enumeration,wdPaneCurrentPageFooter,17,The page footer.
WdSpecialPane,Enumeration,wdPaneRevisions,18,The revisions pane.
WdSpecialPane,Enumeration,wdPaneRevisionsHoriz,19,The revisions pane displays along the bottom of the document window.
WdSpecialPane,Enumeration,wdPaneRevisionsVert,20,The revisions pane displays along the left side of the document window.
WdSpellingErrorType,Enumeration,wdSpellingCorrect,0,Spelling is correct.
WdSpellingErrorType,Enumeration,wdSpellingNotInDictionary,1,The word is not in the specified dictionary.
WdSpellingErrorType,Enumeration,wdSpellingCapitalization,2,Capitalization error.
WdSpellingWordType,Enumeration,wdSpellword,0,Spellword searching.
WdSpellingWordType,Enumeration,wdWildcard,1,Wildcard searching.
WdSpellingWordType,Enumeration,wdAnagram,2,Anagram searching.
WdStatistic,Enumeration,wdStatisticWords,0,Count of words.
WdStatistic,Enumeration,wdStatisticLines,1,Count of lines.
WdStatistic,Enumeration,wdStatisticPages,2,Count of pages.
WdStatistic,Enumeration,wdStatisticCharacters,3,Count of characters.
WdStatistic,Enumeration,wdStatisticParagraphs,4,Count of paragraphs.
WdStatistic,Enumeration,wdStatisticCharactersWithSpaces,5,Count of characters including spaces.
WdStatistic,Enumeration,wdStatisticFarEastCharacters,6,Count of characters for Asian languages.
WdStatisticHID,Enumeration,emptyenum,0,
WdStoryType,Enumeration,wdMainTextStory,1,Main text story.
WdStoryType,Enumeration,wdFootnotesStory,2,Footnotes story.
WdStoryType,Enumeration,wdEndnotesStory,3,Endnotes story.
WdStoryType,Enumeration,wdCommentsStory,4,Comments story.
WdStoryType,Enumeration,wdTextFrameStory,5,Text frame story.
WdStoryType,Enumeration,wdEvenPagesHeaderStory,6,Even pages header story.
WdStoryType,Enumeration,wdPrimaryHeaderStory,7,Primary header story.
WdStoryType,Enumeration,wdEvenPagesFooterStory,8,Even pages footer story.
WdStoryType,Enumeration,wdPrimaryFooterStory,9,Primary footer story.
WdStoryType,Enumeration,wdFirstPageHeaderStory,10,First page header story.
WdStoryType,Enumeration,wdFirstPageFooterStory,11,First page footer story.
WdStoryType,Enumeration,wdFootnoteSeparatorStory,12,Footnote separator story.
WdStoryType,Enumeration,wdFootnoteContinuationSeparatorStory,13,Footnote continuation separator story.
WdStoryType,Enumeration,wdFootnoteContinuationNoticeStory,14,Footnote continuation notice story.
WdStoryType,Enumeration,wdEndnoteSeparatorStory,15,Endnote separator story.
WdStoryType,Enumeration,wdEndnoteContinuationSeparatorStory,16,Endnote continuation separator story.
WdStoryType,Enumeration,wdEndnoteContinuationNoticeStory,17,Endnote continuation notice story.
WdStyleSheetLinkType,Enumeration,wdStyleSheetLinkTypeLinked,0,Linked external style sheet.
WdStyleSheetLinkType,Enumeration,wdStyleSheetLinkTypeImported,1,Imported internal style sheet.
WdStyleSheetPrecedence,Enumeration,wdStyleSheetPrecedenceHigher,-1,Raise precedence.
WdStyleSheetPrecedence,Enumeration,wdStyleSheetPrecedenceLower,-2,Lower precedence.
WdStyleSheetPrecedence,Enumeration,wdStyleSheetPrecedenceHighest,1,Highest precedence.
WdStyleSheetPrecedence,Enumeration,wdStyleSheetPrecedenceLowest,0,Lowest precedence.
WdStyleSort,Enumeration,wdStyleSortByName,0,Sorts styles alphabetically based on the name of the style.
WdStyleSort,Enumeration,wdStyleSortRecommended,1,Sorts styles based on whether they are recommended for use.
WdStyleSort,Enumeration,wdStyleSortByFont,2,Sorts styles based on the name of the font used.
WdStyleSort,Enumeration,wdStyleSortByBasedOn,3,Sorts styles based on the item indicated in the Sort Styles Based On option.
WdStyleSort,Enumeration,wdStyleSortByType,4,Sorts styles based on whether the style is a paragraph style or character style.
WdStyleType,Enumeration,wdStyleTypeParagraph,1,Paragraph style.
WdStyleType,Enumeration,wdStyleTypeCharacter,2,Body character style.
WdStyleType,Enumeration,wdStyleTypeTable,3,Table style.
WdStyleType,Enumeration,wdStyleTypeList,4,List style.
WdStyleType,Enumeration,wdStyleTypeParagraphOnly,5,
WdStyleType,Enumeration,wdStyleTypeLinked,6,
WdStylisticSet,Enumeration,wdStylisticSetDefault,0,Default stylistic set for the specified font.
WdStylisticSet,Enumeration,wdStylisticSet01,1,First stylistic set for the specified font.
WdStylisticSet,Enumeration,wdStylisticSet02,2,Second stylistic set for the specified font.
WdStylisticSet,Enumeration,wdStylisticSet03,4,Third stylistic set for the specified font.
WdStylisticSet,Enumeration,wdStylisticSet04,8,Fourth stylistic set for the specified font.
WdStylisticSet,Enumeration,wdStylisticSet05,16,Fifth stylistic set for the specified font.
WdStylisticSet,Enumeration,wdStylisticSet06,32,Sixth stylistic set for the specified font.
WdStylisticSet,Enumeration,wdStylisticSet07,64,Seventh stylistic set for the specified font.
WdStylisticSet,Enumeration,wdStylisticSet08,128,Eighth stylistic set for the specified font.
WdStylisticSet,Enumeration,wdStylisticSet09,256,Ninth stylistic set for the specified font.
WdStylisticSet,Enumeration,wdStylisticSet10,512,Tenth stylistic set for the specified font.
WdStylisticSet,Enumeration,wdStylisticSet11,1024,Eleventh stylistic set for the specified font.
WdStylisticSet,Enumeration,wdStylisticSet12,2048,Twelfth stylistic set for the specified font.
WdStylisticSet,Enumeration,wdStylisticSet13,4096,Thirteenth stylistic set for the specified font.
WdStylisticSet,Enumeration,wdStylisticSet14,8192,Fourtheenth stylistic set for the specified font.
WdStylisticSet,Enumeration,wdStylisticSet15,16384,Fifthteenth stylistic set for the specified font.
WdStylisticSet,Enumeration,wdStylisticSet16,32768,Sixteenth stylistic set for the specified font.
WdStylisticSet,Enumeration,wdStylisticSet17,65536,Seventeenth stylistic set for the specified font.
WdStylisticSet,Enumeration,wdStylisticSet18,131072,Eighteenth stylistic set for the specified font.
WdStylisticSet,Enumeration,wdStylisticSet19,262144,Nineteenth stylistic set for the specified font.
WdStylisticSet,Enumeration,wdStylisticSet20,524288,Twentieth stylistic set for the specified font.
WdSubscriberFormats,Enumeration,wdSubscriberBestFormat,0,Not supported.
WdSubscriberFormats,Enumeration,wdSubscriberRTF,1,Not supported.
WdSubscriberFormats,Enumeration,wdSubscriberText,2,Not supported.
WdSubscriberFormats,Enumeration,wdSubscriberPict,4,Not supported.
WdSummaryLength,Enumeration,wd10Sentences,-2,
WdSummaryLength,Enumeration,wd20Sentences,-3,
WdSummaryLength,Enumeration,wd100Words,-4,
WdSummaryLength,Enumeration,wd500Words,-5,
WdSummaryLength,Enumeration,wd10Percent,-6,
WdSummaryLength,Enumeration,wd25Percent,-7,
WdSummaryLength,Enumeration,wd50Percent,-8,
WdSummaryLength,Enumeration,wd75Percent,-9,
WdSummaryMode,Enumeration,wdSummaryModeHighlight,0,
WdSummaryMode,Enumeration,wdSummaryModeHideAllButSummary,1,
WdSummaryMode,Enumeration,wdSummaryModeInsert,2,
WdSummaryMode,Enumeration,wdSummaryModeCreateNew,3,
WdTabAlignment,Enumeration,wdAlignTabLeft,0,Left-aligned.
WdTabAlignment,Enumeration,wdAlignTabCenter,1,Center-aligned.
WdTabAlignment,Enumeration,wdAlignTabRight,2,Right-aligned.
WdTabAlignment,Enumeration,wdAlignTabDecimal,3,Decimal-aligned.
WdTabAlignment,Enumeration,wdAlignTabBar,4,Bar-aligned.
WdTabAlignment,Enumeration,wdAlignTabList,6,List-aligned.
WdTabLeader,Enumeration,wdTabLeaderSpaces,0,Spaces. Default.
WdTabLeader,Enumeration,wdTabLeaderDots,1,Dots.
WdTabLeader,Enumeration,wdTabLeaderDashes,2,Dashes.
WdTabLeader,Enumeration,wdTabLeaderLines,3,Double lines.
WdTabLeader,Enumeration,wdTabLeaderHeavy,4,A heavy line.
WdTabLeader,Enumeration,wdTabLeaderMiddleDot,5,A middle dot.
WdTabLeaderHID,Enumeration,emptyenum,0,
WdTableDirection,Enumeration,wdTableDirectionRtl,0,The selected rows are arranged with the first column in the rightmost position.
WdTableDirection,Enumeration,wdTableDirectionLtr,1,The selected rows are arranged with the first column in the leftmost position.
WdTableFieldSeparator,Enumeration,wdSeparateByParagraphs,0,Paragraph markers.
WdTableFieldSeparator,Enumeration,wdSeparateByTabs,1,A tab.
WdTableFieldSeparator,Enumeration,wdSeparateByCommas,2,A comma.
WdTableFieldSeparator,Enumeration,wdSeparateByDefaultListSeparator,3,The default list separator.
WdTableFormat,Enumeration,wdTableFormatNone,0,No formatting.
WdTableFormat,Enumeration,wdTableFormatSimple1,1,Simple format number 1.
WdTableFormat,Enumeration,wdTableFormatSimple2,2,Simple format number 2.
WdTableFormat,Enumeration,wdTableFormatSimple3,3,Simple format number 3.
WdTableFormat,Enumeration,wdTableFormatClassic1,4,Classic format number 1.
WdTableFormat,Enumeration,wdTableFormatClassic2,5,Classic format number 2.
WdTableFormat,Enumeration,wdTableFormatClassic3,6,Classic format number 3.
WdTableFormat,Enumeration,wdTableFormatClassic4,7,Classic format number 4.
WdTableFormat,Enumeration,wdTableFormatColorful1,8,Colorful format number 1.
WdTableFormat,Enumeration,wdTableFormatColorful2,9,Colorful format number 2.
WdTableFormat,Enumeration,wdTableFormatColorful3,10,Colorful format number 3.
WdTableFormat,Enumeration,wdTableFormatColumns1,11,Columns format number 1.
WdTableFormat,Enumeration,wdTableFormatColumns2,12,Columns format number 2.
WdTableFormat,Enumeration,wdTableFormatColumns3,13,Columns format number 3.
WdTableFormat,Enumeration,wdTableFormatColumns4,14,Columns format number 4.
WdTableFormat,Enumeration,wdTableFormatColumns5,15,Columns format number 5.
WdTableFormat,Enumeration,wdTableFormatGrid1,16,Grid format number 1.
WdTableFormat,Enumeration,wdTableFormatGrid2,17,Grid format number 2.
WdTableFormat,Enumeration,wdTableFormatGrid3,18,Grid format number 3.
WdTableFormat,Enumeration,wdTableFormatGrid4,19,Grid format number 4.
WdTableFormat,Enumeration,wdTableFormatGrid5,20,Grid format number 5.
WdTableFormat,Enumeration,wdTableFormatGrid6,21,Grid format number 6.
WdTableFormat,Enumeration,wdTableFormatGrid7,22,Grid format number 7.
WdTableFormat,Enumeration,wdTableFormatGrid8,23,Grid format number 8.
WdTableFormat,Enumeration,wdTableFormatList1,24,List format number 1.
WdTableFormat,Enumeration,wdTableFormatList2,25,List format number 2.
WdTableFormat,Enumeration,wdTableFormatList3,26,List format number 3.
WdTableFormat,Enumeration,wdTableFormatList4,27,List format number 4.
WdTableFormat,Enumeration,wdTableFormatList5,28,List format number 5.
WdTableFormat,Enumeration,wdTableFormatList6,29,List format number 6.
WdTableFormat,Enumeration,wdTableFormatList7,30,List format number 7.
WdTableFormat,Enumeration,wdTableFormatList8,31,List format number 8.
WdTableFormat,Enumeration,wdTableFormat3DEffects1,32,3D effects format number 1.
WdTableFormat,Enumeration,wdTableFormat3DEffects2,33,3D effects format number 2.
WdTableFormat,Enumeration,wdTableFormat3DEffects3,34,3D effects format number 3.
WdTableFormat,Enumeration,wdTableFormatContemporary,35,Contemporary format.
WdTableFormat,Enumeration,wdTableFormatElegant,36,Elegant format.
WdTableFormat,Enumeration,wdTableFormatProfessional,37,Professional format.
WdTableFormat,Enumeration,wdTableFormatSubtle1,38,Subtle format number 1.
WdTableFormat,Enumeration,wdTableFormatSubtle2,39,Subtle format number 2.
WdTableFormat,Enumeration,wdTableFormatWeb1,40,Web format number 1.
WdTableFormat,Enumeration,wdTableFormatWeb2,41,Web format number 2.
WdTableFormat,Enumeration,wdTableFormatWeb3,42,Web format number 3.
WdTableFormatApply,Enumeration,wdTableFormatApplyBorders,1,Borders.
WdTableFormatApply,Enumeration,wdTableFormatApplyShading,2,Shading.
WdTableFormatApply,Enumeration,wdTableFormatApplyFont,4,Font.
WdTableFormatApply,Enumeration,wdTableFormatApplyColor,8,Color.
WdTableFormatApply,Enumeration,wdTableFormatApplyAutoFit,16,AutoFit.
WdTableFormatApply,Enumeration,wdTableFormatApplyHeadingRows,32,Apply AutoFormat to heading rows.
WdTableFormatApply,Enumeration,wdTableFormatApplyLastRow,64,Apply AutoFormat to last row.
WdTableFormatApply,Enumeration,wdTableFormatApplyFirstColumn,128,Apply AutoFormat to first column.
WdTableFormatApply,Enumeration,wdTableFormatApplyLastColumn,256,Apply AutoFormat to last column.
WdTablePosition,Enumeration,wdTableTop,-999999,At the top of the document.
WdTablePosition,Enumeration,wdTableLeft,-999998,Aligned to the left side of the document.
WdTablePosition,Enumeration,wdTableBottom,-999997,At the bottom of the document.
WdTablePosition,Enumeration,wdTableRight,-999996,Aligned to the right side of the document.
WdTablePosition,Enumeration,wdTableCenter,-999995,Centered.
WdTablePosition,Enumeration,wdTableInside,-999994,Placed inside a range.
WdTablePosition,Enumeration,wdTableOutside,-999993,Placed outside a range.
WdTaskPanes,Enumeration,wdTaskPaneFormatting,0,Formatting pane.
WdTaskPanes,Enumeration,wdTaskPaneRevealFormatting,1,Reveal formatting codes pane.
WdTaskPanes,Enumeration,wdTaskPaneMailMerge,2,Mail merge pane.
WdTaskPanes,Enumeration,wdTaskPaneTranslate,3,Translate pane.
WdTaskPanes,Enumeration,wdTaskPaneSearch,4,Search pane.
WdTaskPanes,Enumeration,wdTaskPaneXMLStructure,5,XML structure pane.
WdTaskPanes,Enumeration,wdTaskPaneDocumentProtection,6,Document protection pane.
WdTaskPanes,Enumeration,wdTaskPaneDocumentActions,7,Document actions pane.
WdTaskPanes,Enumeration,wdTaskPaneSharedWorkspace,8,
WdTaskPanes,Enumeration,wdTaskPaneHelp,9,Help pane.
WdTaskPanes,Enumeration,wdTaskPaneResearch,10,Research pane.
WdTaskPanes,Enumeration,wdTaskPaneFaxService,11,Fax service pane.
WdTaskPanes,Enumeration,wdTaskPaneXMLDocument,12,XML document pane.
WdTaskPanes,Enumeration,wdTaskPaneDocumentUpdates,13,
WdTaskPanes,Enumeration,wdTaskPaneSignature,14,Signature pane.
WdTaskPanes,Enumeration,wdTaskPaneStyleInspector,15,Style inspector pane.
WdTaskPanes,Enumeration,wdTaskPaneDocumentManagement,16,
WdTaskPanes,Enumeration,wdTaskPaneApplyStyles,17,Apply styles pane.
WdTaskPanes,Enumeration,wdTaskPaneNav,18,
WdTaskPanes,Enumeration,wdTaskPaneSelection,19,
WdTaskPanes,Enumeration,wdTaskPaneProofing,20,Proofing pane.
WdTaskPanes,Enumeration,wdTaskPaneXMLMapping,21,XML mapping pane.
WdTaskPanes,Enumeration,wdTaskPaneRevPaneFlex,22,Revisions pane flex pane.
WdTaskPanes,Enumeration,wdTaskPaneThesaurus,23,Thesaurus pane.
WdTCSCConverterDirection,Enumeration,wdTCSCConverterDirectionSCTC,0,Convert from Simplified Chinese to Traditional Chinese.
WdTCSCConverterDirection,Enumeration,wdTCSCConverterDirectionTCSC,1,Convert from Traditional Chinese to Simplified Chinese.
WdTCSCConverterDirection,Enumeration,wdTCSCConverterDirectionAuto,2,Convert in the appropriate direction based on the detected language of the specified range.
WdTemplateType,Enumeration,wdNormalTemplate,0,The normal default template.
WdTemplateType,Enumeration,wdGlobalTemplate,1,A global template.
WdTemplateType,Enumeration,wdAttachedTemplate,2,An attached template.
WdTextboxTightWrap,Enumeration,wdTightNone,0,Does not wrap text tightly around the contents of a text box.
WdTextboxTightWrap,Enumeration,wdTightAll,1,Wraps text around the text box tightly to the contents of the text box on all lines.
WdTextboxTightWrap,Enumeration,wdTightFirstAndLastLines,2,Wraps text tightly only on first and last lines.
WdTextboxTightWrap,Enumeration,wdTightFirstLineOnly,3,Wraps text tightly only on the first line.
WdTextboxTightWrap,Enumeration,wdTightLastLineOnly,4,Wraps text tightly only on the last line.
WdTextFormFieldType,Enumeration,wdRegularText,0,Regular text field.
WdTextFormFieldType,Enumeration,wdNumberText,1,Number text field.
WdTextFormFieldType,Enumeration,wdDateText,2,Date text field.
WdTextFormFieldType,Enumeration,wdCurrentDateText,3,Current date text field.
WdTextFormFieldType,Enumeration,wdCurrentTimeText,4,Current time text field.
WdTextFormFieldType,Enumeration,wdCalculationText,5,Calculation text field.
WdTextOrientation,Enumeration,wdTextOrientationHorizontal,0,Text flows horizontally. Default.
WdTextOrientation,Enumeration,wdTextOrientationUpward,2,Text flows upward on a slope.
WdTextOrientation,Enumeration,wdTextOrientationDownward,3,Text flows downward on a slope.
WdTextOrientation,Enumeration,wdTextOrientationVerticalFarEast,1,"Text flows vertically and reads downward from the top, right to left."
WdTextOrientation,Enumeration,wdTextOrientationHorizontalRotatedFarEast,4,Text flows horizontally but from right to left to accommodate right-to-left languages.
WdTextOrientation,Enumeration,wdTextOrientationVertical,5,"Text flows vertically and reads downward from the top, left to right."
WdTextOrientationHID,Enumeration,emptyenum,0,
WdTextureIndex,Enumeration,wdTextureNone,0,No shading.
WdTextureIndex,Enumeration,wdTexture2Pt5Percent,25,2.5 percent shading.
WdTextureIndex,Enumeration,wdTexture5Percent,50,5 percent shading.
WdTextureIndex,Enumeration,wdTexture7Pt5Percent,75,7.5 percent shading.
WdTextureIndex,Enumeration,wdTexture10Percent,100,10 percent shading.
WdTextureIndex,Enumeration,wdTexture12Pt5Percent,125,12.5 percent shading.
WdTextureIndex,Enumeration,wdTexture15Percent,150,15 percent shading.
WdTextureIndex,Enumeration,wdTexture17Pt5Percent,175,17.5 percent shading.
WdTextureIndex,Enumeration,wdTexture20Percent,200,20 percent shading.
WdTextureIndex,Enumeration,wdTexture22Pt5Percent,225,22.5 percent shading.
WdTextureIndex,Enumeration,wdTexture25Percent,250,25 percent shading.
WdTextureIndex,Enumeration,wdTexture27Pt5Percent,275,27.5 percent shading.
WdTextureIndex,Enumeration,wdTexture30Percent,300,30 percent shading.
WdTextureIndex,Enumeration,wdTexture32Pt5Percent,325,32.5 percent shading.
WdTextureIndex,Enumeration,wdTexture35Percent,350,35 percent shading.
WdTextureIndex,Enumeration,wdTexture37Pt5Percent,375,37.5 percent shading.
WdTextureIndex,Enumeration,wdTexture40Percent,400,40 percent shading.
WdTextureIndex,Enumeration,wdTexture42Pt5Percent,425,42.5 percent shading.
WdTextureIndex,Enumeration,wdTexture45Percent,450,45 percent shading.
WdTextureIndex,Enumeration,wdTexture47Pt5Percent,475,47.5 percent shading.
WdTextureIndex,Enumeration,wdTexture50Percent,500,50 percent shading.
WdTextureIndex,Enumeration,wdTexture52Pt5Percent,525,52.5 percent shading.
WdTextureIndex,Enumeration,wdTexture55Percent,550,55 percent shading.
WdTextureIndex,Enumeration,wdTexture57Pt5Percent,575,57.5 percent shading.
WdTextureIndex,Enumeration,wdTexture60Percent,600,60 percent shading.
WdTextureIndex,Enumeration,wdTexture62Pt5Percent,625,62.5 percent shading.
WdTextureIndex,Enumeration,wdTexture65Percent,650,65 percent shading.
WdTextureIndex,Enumeration,wdTexture67Pt5Percent,675,67.5 percent shading.
WdTextureIndex,Enumeration,wdTexture70Percent,700,70 percent shading.
WdTextureIndex,Enumeration,wdTexture72Pt5Percent,725,72.5 percent shading.
WdTextureIndex,Enumeration,wdTexture75Percent,750,75 percent shading.
WdTextureIndex,Enumeration,wdTexture77Pt5Percent,775,77.5 percent shading.
WdTextureIndex,Enumeration,wdTexture80Percent,800,80 percent shading.
WdTextureIndex,Enumeration,wdTexture82Pt5Percent,825,82.5 percent shading.
WdTextureIndex,Enumeration,wdTexture85Percent,850,85 percent shading.
WdTextureIndex,Enumeration,wdTexture87Pt5Percent,875,87.5 percent shading.
WdTextureIndex,Enumeration,wdTexture90Percent,900,90 percent shading.
WdTextureIndex,Enumeration,wdTexture92Pt5Percent,925,92.5 percent shading.
WdTextureIndex,Enumeration,wdTexture95Percent,950,95 percent shading.
WdTextureIndex,Enumeration,wdTexture97Pt5Percent,975,97.5 percent shading.
WdTextureIndex,Enumeration,wdTextureSolid,1000,Solid shading.
WdTextureIndex,Enumeration,wdTextureDarkHorizontal,-1,Dark horizontal shading.
WdTextureIndex,Enumeration,wdTextureDarkVertical,-2,Dark vertical shading.
WdTextureIndex,Enumeration,wdTextureDarkDiagonalDown,-3,Dark diagonal down shading.
WdTextureIndex,Enumeration,wdTextureDarkDiagonalUp,-4,Dark diagonal up shading.
WdTextureIndex,Enumeration,wdTextureDarkCross,-5,Dark horizontal cross shading.
WdTextureIndex,Enumeration,wdTextureDarkDiagonalCross,-6,Dark diagonal cross shading.
WdTextureIndex,Enumeration,wdTextureHorizontal,-7,Horizontal shading.
WdTextureIndex,Enumeration,wdTextureVertical,-8,Vertical shading.
WdTextureIndex,Enumeration,wdTextureDiagonalDown,-9,Diagonal down shading.
WdTextureIndex,Enumeration,wdTextureDiagonalUp,-10,Diagonal up shading.
WdTextureIndex,Enumeration,wdTextureCross,-11,Horizontal cross shading.
WdTextureIndex,Enumeration,wdTextureDiagonalCross,-12,Diagonal cross shading.
WdThemeColorIndex,Enumeration,wdNotThemeColor,-1,No color.
WdThemeColorIndex,Enumeration,wdThemeColorMainDark1,0,Dark main color 1.
WdThemeColorIndex,Enumeration,wdThemeColorMainLight1,1,Light main color 1.
WdThemeColorIndex,Enumeration,wdThemeColorMainDark2,2,Dark main color 2.
WdThemeColorIndex,Enumeration,wdThemeColorMainLight2,3,Light main color 2.
WdThemeColorIndex,Enumeration,wdThemeColorAccent1,4,Accent color 1.
WdThemeColorIndex,Enumeration,wdThemeColorAccent2,5,Accent color 2.
WdThemeColorIndex,Enumeration,wdThemeColorAccent3,6,Accent color 3.
WdThemeColorIndex,Enumeration,wdThemeColorAccent4,7,Accent color 4.
WdThemeColorIndex,Enumeration,wdThemeColorAccent5,8,Accent color 5.
WdThemeColorIndex,Enumeration,wdThemeColorAccent6,9,Accent color 6.
WdThemeColorIndex,Enumeration,wdThemeColorHyperlink,10,Hyperlink color.
WdThemeColorIndex,Enumeration,wdThemeColorHyperlinkFollowed,11,Followed hyperlink color.
WdThemeColorIndex,Enumeration,wdThemeColorBackground1,12,Background color 1.
WdThemeColorIndex,Enumeration,wdThemeColorText1,13,Text color 1.
WdThemeColorIndex,Enumeration,wdThemeColorBackground2,14,Background color 2.
WdThemeColorIndex,Enumeration,wdThemeColorText2,15,Text color 2.
WdToaFormat,Enumeration,wdTOATemplate,0,Template formatting.
WdToaFormat,Enumeration,wdTOAClassic,1,Classic formatting.
WdToaFormat,Enumeration,wdTOADistinctive,2,Distinctive formatting.
WdToaFormat,Enumeration,wdTOAFormal,3,Formal formatting.
WdToaFormat,Enumeration,wdTOASimple,4,Simple formatting.
WdTocFormat,Enumeration,wdTOCTemplate,0,Template formatting.
WdTocFormat,Enumeration,wdTOCClassic,1,Classic formatting.
WdTocFormat,Enumeration,wdTOCDistinctive,2,Distinctive formatting.
WdTocFormat,Enumeration,wdTOCFancy,3,Fancy formatting.
WdTocFormat,Enumeration,wdTOCModern,4,Modern formatting.
WdTocFormat,Enumeration,wdTOCFormal,5,Formal formatting.
WdTocFormat,Enumeration,wdTOCSimple,6,Simple formatting.
WdTofFormat,Enumeration,wdTOFTemplate,0,Template formatting.
WdTofFormat,Enumeration,wdTOFClassic,1,Classic formatting.
WdTofFormat,Enumeration,wdTOFDistinctive,2,Distinctive formatting.
WdTofFormat,Enumeration,wdTOFCentered,3,Centered formatting.
WdTofFormat,Enumeration,wdTOFFormal,4,Formal formatting.
WdTofFormat,Enumeration,wdTOFSimple,5,Simple formatting.
WdTrailingCharacter,Enumeration,wdTrailingTab,0,A tab is inserted.
WdTrailingCharacter,Enumeration,wdTrailingSpace,1,A space is inserted. Default.
WdTrailingCharacter,Enumeration,wdTrailingNone,2,No character is inserted.
WdTwoLinesInOneType,Enumeration,wdTwoLinesInOneNone,0,Restore the two lines of text written into one to two separate lines.
WdTwoLinesInOneType,Enumeration,wdTwoLinesInOneNoBrackets,1,Use no enclosing character.
WdTwoLinesInOneType,Enumeration,wdTwoLinesInOneParentheses,2,Enclose the lines using parentheses.
WdTwoLinesInOneType,Enumeration,wdTwoLinesInOneSquareBrackets,3,Enclose the lines using square brackets.
WdTwoLinesInOneType,Enumeration,wdTwoLinesInOneAngleBrackets,4,Enclose the lines using angle brackets.
WdTwoLinesInOneType,Enumeration,wdTwoLinesInOneCurlyBrackets,5,Enclose the lines using curly brackets.
WdUnderline,Enumeration,wdUnderlineNone,0,No underline.
WdUnderline,Enumeration,wdUnderlineSingle,1,A single line. default.
WdUnderline,Enumeration,wdUnderlineWords,2,Underline individual words only.
WdUnderline,Enumeration,wdUnderlineDouble,3,A double line.
WdUnderline,Enumeration,wdUnderlineDotted,4,Dots.
WdUnderline,Enumeration,wdUnderlineThick,6,A single thick line.
WdUnderline,Enumeration,wdUnderlineDash,7,Dashes.
WdUnderline,Enumeration,wdUnderlineDotDash,9,Alternating dots and dashes.
WdUnderline,Enumeration,wdUnderlineDotDotDash,10,An alternating dot-dot-dash pattern.
WdUnderline,Enumeration,wdUnderlineWavy,11,A single wavy line.
WdUnderline,Enumeration,wdUnderlineWavyHeavy,27,A heavy wavy line.
WdUnderline,Enumeration,wdUnderlineDottedHeavy,20,Heavy dots.
WdUnderline,Enumeration,wdUnderlineDashHeavy,23,Heavy dashes.
WdUnderline,Enumeration,wdUnderlineDotDashHeavy,25,Alternating heavy dots and heavy dashes.
WdUnderline,Enumeration,wdUnderlineDotDotDashHeavy,26,An alternating heavy dot-dot-dash pattern.
WdUnderline,Enumeration,wdUnderlineDashLong,39,Long dashes.
WdUnderline,Enumeration,wdUnderlineDashLongHeavy,55,Long heavy dashes.
WdUnderline,Enumeration,wdUnderlineWavyDouble,43,A double wavy line.
WdUnits,Enumeration,wdCharacter,1,A character.
WdUnits,Enumeration,wdWord,2,A word.
WdUnits,Enumeration,wdSentence,3,A sentence.
WdUnits,Enumeration,wdParagraph,4,A paragraph.
WdUnits,Enumeration,wdLine,5,A line.
WdUnits,Enumeration,wdStory,6,A story.
WdUnits,Enumeration,wdScreen,7,The screen dimensions.
WdUnits,Enumeration,wdSection,8,A section.
WdUnits,Enumeration,wdColumn,9,A column.
WdUnits,Enumeration,wdRow,10,A row.
WdUnits,Enumeration,wdWindow,11,A window.
WdUnits,Enumeration,wdCell,12,A cell.
WdUnits,Enumeration,wdCharacterFormatting,13,Character formatting.
WdUnits,Enumeration,wdParagraphFormatting,14,Paragraph formatting.
WdUnits,Enumeration,wdTable,15,A table.
WdUnits,Enumeration,wdItem,16,The selected item.
WdUpdateStyleListBehavior,Enumeration,wdListBehaviorKeepPreviousPattern,0,Keeps the existing numbering or bullets pattern for all other paragraphs that use the same style and does not apply the numbering or bullets pattern of the selection.
WdUpdateStyleListBehavior,Enumeration,wdListBehaviorAddBulletsNumbering,1,Adds the numbering or bullets pattern of the selection to all paragraphs in the document that use the same style.
WdUseFormattingFrom,Enumeration,wdFormattingFromCurrent,0,Copy source formatting from the current item.
WdUseFormattingFrom,Enumeration,wdFormattingFromSelected,1,Copy source formatting from the current selection.
WdUseFormattingFrom,Enumeration,wdFormattingFromPrompt,2,Prompt the user for formatting to use.
WdVerticalAlignment,Enumeration,wdAlignVerticalTop,0,Top vertical alignment.
WdVerticalAlignment,Enumeration,wdAlignVerticalCenter,1,Center vertical alignment.
WdVerticalAlignment,Enumeration,wdAlignVerticalJustify,2,Justified vertical alignment.
WdVerticalAlignment,Enumeration,wdAlignVerticalBottom,3,Bottom vertical alignment.
WdViewType,Enumeration,wdNormalView,1,A normal view.
WdViewType,Enumeration,wdOutlineView,2,An outline view.
WdViewType,Enumeration,wdPrintView,3,A print view.
WdViewType,Enumeration,wdPrintPreview,4,A print preview view.
WdViewType,Enumeration,wdMasterView,5,A master view.
WdViewType,Enumeration,wdWebView,6,A Web view.
WdViewType,Enumeration,wdReadingView,7,A reading view.
WdViewType,Enumeration,wdConflictView,8,
WdViewTypeOld,Enumeration,wdPageView,3,
WdViewTypeOld,Enumeration,wdOnlineView,6,
WdVisualSelection,Enumeration,wdVisualSelectionBlock,0,All selected lines are the same width.
WdVisualSelection,Enumeration,wdVisualSelectionContinuous,1,The selection wraps from line to line.
WdWindowState,Enumeration,wdWindowStateNormal,0,Normal.
WdWindowState,Enumeration,wdWindowStateMaximize,1,Maximized.
WdWindowState,Enumeration,wdWindowStateMinimize,2,Minimized.
WdWindowType,Enumeration,wdWindowDocument,0,A document window.
WdWindowType,Enumeration,wdWindowTemplate,1,A template window.
WdWordDialog,Enumeration,wdDialogHelpAbout,9,"APPNAME, APPCOPYRIGHT, APPUSERNAME, APPORGANIZATION, APPSERIALNUMBER"
WdWordDialog,Enumeration,wdDialogHelpWordPerfectHelp,10,"WPCommand, HelpText, DemoGuidance"
WdWordDialog,Enumeration,wdDialogDocumentStatistics,78,"FileName, Directory, Template, Title, Created, LastSaved, LastSavedBy, Revision, Time, Printed, Pages, Words, Characters, Paragraphs, Lines, FileSize"
WdWordDialog,Enumeration,wdDialogFileNew,79,"Template, NewTemplate, DocumentType, Visible"
WdWordDialog,Enumeration,wdDialogFileOpen,80,"Name, ConfirmConversions, ReadOnly, LinkToSource, AddToMru, PasswordDoc, PasswordDot, Revert, WritePasswordDoc, WritePasswordDot, Connection, SQLStatement, SQLStatement1, Format, Encoding, Visible, OpenExclusive, OpenAndRepair, SubType, DocumentDirection, NoEncodingDialog, XMLTransform"
WdWordDialog,Enumeration,wdDialogMailMergeOpenDataSource,81,(none)
WdWordDialog,Enumeration,wdDialogMailMergeOpenHeaderSource,82,(none)
WdWordDialog,Enumeration,wdDialogFileSaveAs,84,"Name, Format, LockAnnot, Password, AddToMru, WritePassword, RecommendReadOnly, EmbedFonts, NativePictureFormat, FormsData, SaveAsAOCELetter, WriteVersion, VersionDesc, InsertLineBreaks, AllowSubstitutions, LineEnding, AddBiDiMarks"
WdWordDialog,Enumeration,wdDialogFileSummaryInfo,86,"Title, Subject, Author, Keywords, Comments, FileName, Directory, Template, CreateDate, LastSavedDate, LastSavedBy, RevisionNumber, EditTime, LastPrintedDate, NumPages, NumWords, NumChars, NumParas, NumLines, Update, FileSize"
WdWordDialog,Enumeration,wdDialogToolsTemplates,87,(none)
WdWordDialog,Enumeration,wdDialogFilePrint,88,"Background, AppendPrFile, Range, PrToFileName, From, To, Type, NumCopies, Pages, Order, PrintToFile, Collate, FileName, Printer, OutputPrinter, DuplexPrint, PrintZoomColumn, PrintZoomRow, PrintZoomPaperWidth, PrintZoomPaperHeight, ZoomPaper"
WdWordDialog,Enumeration,wdDialogFilePrintSetup,97,"Printer, Options, Network, DoNotSetAsSysDefault"
WdWordDialog,Enumeration,wdDialogFileFind,99,"SearchName, SearchPath, Name, SubDir, Title, Author, Keywords, Subject, Options, MatchCase, Text, PatternMatch, DateSavedFrom, DateSavedTo, SavedBy, DateCreatedFrom, DateCreatedTo, View, SortBy, ListBy, SelectedFile, Add, Delete, ShowFolders, MatchByte"
WdWordDialog,Enumeration,wdDialogFormatAddrFonts,103,"Points, Underline, Color, StrikeThrough, Superscript, Subscript, Hidden, SmallCaps, AllCaps, Spacing, Position, Kerning, KerningMin, Default, Tab, Font, Bold, Italic, DoubleStrikeThrough, Shadow, Outline, Emboss, Engrave, Scale, Animations, CharAccent, FontMajor, FontLowAnsi, FontHighAnsi, CharacterWidthGrid, ColorRGB, UnderlineColor, PointsBi, ColorBi, FontNameBi, BoldBi, ItalicBi, DiacColor"
WdWordDialog,Enumeration,wdDialogEditPasteSpecial,111,"IconNumber, Link, DisplayIcon, Class, DataType, IconFileName, Caption, Floating"
WdWordDialog,Enumeration,wdDialogEditFind,112,"Find, Replace, Direction, MatchCase, WholeWord, PatternMatch, SoundsLike, FindNext, ReplaceOne, ReplaceAll, Format, Wrap, FindAllWordForms, MatchByte, FuzzyFind, Destination, CorrectEnd, MatchKashida, MatchDiacritics, MatchAlefHamza, MatchControl"
WdWordDialog,Enumeration,wdDialogEditReplace,117,"Find, Replace, Direction, MatchCase, WholeWord, PatternMatch, SoundsLike, FindNext, ReplaceOne, ReplaceAll, Format, Wrap, FindAllWordForms, MatchByte, FuzzyFind, Destination, CorrectEnd, MatchKashida, MatchDiacritics, MatchAlefHamza, MatchControl"
WdWordDialog,Enumeration,wdDialogEditStyle,120,(none)
WdWordDialog,Enumeration,wdDialogEditLinks,124,"UpdateMode, Locked, SavePictureInDoc, UpdateNow, OpenSource, KillLink, Link, Application, Item, FileName, PreserveFormatLinkUpdate"
WdWordDialog,Enumeration,wdDialogEditObject,125,Verb
WdWordDialog,Enumeration,wdDialogTableToText,128,(none)
WdWordDialog,Enumeration,wdDialogTextToTable,127,(none)
WdWordDialog,Enumeration,wdDialogTableInsertTable,129,(none)
WdWordDialog,Enumeration,wdDialogTableInsertCells,130,(none)
WdWordDialog,Enumeration,wdDialogTableInsertRow,131,(none)
WdWordDialog,Enumeration,wdDialogTableDeleteCells,133,(none)
WdWordDialog,Enumeration,wdDialogTableSplitCells,137,(none)
WdWordDialog,Enumeration,wdDialogTableRowHeight,142,(none)
WdWordDialog,Enumeration,wdDialogTableColumnWidth,143,(none)
WdWordDialog,Enumeration,wdDialogToolsCustomize,152,(none)
WdWordDialog,Enumeration,wdDialogInsertBreak,159,Type
WdWordDialog,Enumeration,wdDialogInsertSymbol,162,"Font, Tab, CharNum, CharNumLow, Unicode, Hint"
WdWordDialog,Enumeration,wdDialogInsertPicture,163,"Name, LinkToFile, New, FloatOverText"
WdWordDialog,Enumeration,wdDialogInsertFile,164,"Name, Range, ConfirmConversions, Link, Attachment"
WdWordDialog,Enumeration,wdDialogInsertDateTime,165,"DateTimePic, InsertAsField, DbCharField, DateLanguage, CalendarType"
WdWordDialog,Enumeration,wdDialogInsertField,166,Field
WdWordDialog,Enumeration,wdDialogInsertMergeField,167,"MergeField, WordField"
WdWordDialog,Enumeration,wdDialogInsertBookmark,168,"Name, SortBy, Add, Delete, Goto, Hidden"
WdWordDialog,Enumeration,wdDialogMarkIndexEntry,169,(none)
WdWordDialog,Enumeration,wdDialogInsertIndex,170,"Outline, Fields, From, To, TableId, AddedStyles, Caption, HeadingSeparator, Replace, MarkEntry, AutoMark, MarkCitation, Type, RightAlignPageNumbers, Passim, KeepFormatting, Columns, Category, Label, ShowPageNumbers, AccentedLetters, Filter, SortBy, Leader, TOCUseHyperlinks, TOCHidePageNumInWeb, IndexLanguage, UseOutlineLevel"
WdWordDialog,Enumeration,wdDialogInsertTableOfContents,171,"Outline, Fields, From, To, TableId, AddedStyles, Caption, HeadingSeparator, Replace, MarkEntry, AutoMark, MarkCitation, Type, RightAlignPageNumbers, Passim, KeepFormatting, Columns, Category, Label, ShowPageNumbers, AccentedLetters, Filter, SortBy, Leader, TOCUseHyperlinks, TOCHidePageNumInWeb, IndexLanguage, UseOutlineLevel"
WdWordDialog,Enumeration,wdDialogInsertObject,172,"IconNumber, FileName, Link, DisplayIcon, Tab, Class, IconFileName, Caption, Floating"
WdWordDialog,Enumeration,wdDialogToolsCreateEnvelope,173,(none)
WdWordDialog,Enumeration,wdDialogFormatFont,174,"Points, Underline, Color, StrikeThrough, Superscript, Subscript, Hidden, SmallCaps, AllCaps, Spacing, Position, Kerning, KerningMin, Default, Tab, Font, Bold, Italic, DoubleStrikeThrough, Shadow, Outline, Emboss, Engrave, Scale, Animations, CharAccent, FontMajor, FontLowAnsi, FontHighAnsi, CharacterWidthGrid, ColorRGB, UnderlineColor, PointsBi, ColorBi, FontNameBi, BoldBi, ItalicBi, DiacColor"
WdWordDialog,Enumeration,wdDialogFormatParagraph,175,"LeftIndent, RightIndent, Before, After, LineSpacingRule, LineSpacing, Alignment, WidowControl, KeepWithNext, KeepTogether, PageBreak, NoLineNum, DontHyphen, Tab, FirstIndent, OutlineLevel, Kinsoku, WordWrap, OverflowPunct, TopLinePunct, AutoSpaceDE, LineHeightGrid, AutoSpaceDN, CharAlign, CharacterUnitLeftIndent, AdjustRight, CharacterUnitFirstIndent, CharacterUnitRightIndent, LineUnitBefore, LineUnitAfter, NoSpaceBetweenParagraphsOfSameStyle, OrientationBi"
WdWordDialog,Enumeration,wdDialogFormatSectionLayout,176,"SectionStart, VertAlign, Endnotes, LineNum, StartingNum, FromText, CountBy, NumMode, SectionType"
WdWordDialog,Enumeration,wdDialogFormatColumns,177,"Columns, ColumnNo, ColumnWidth, ColumnSpacing, EvenlySpaced, ApplyColsTo, ColLine, StartNewCol, FlowColumnsRtl"
WdWordDialog,Enumeration,wdDialogFileDocumentLayout,178,"Tab, PaperSize, TopMargin, BottomMargin, LeftMargin, RightMargin, Gutter, PageWidth, PageHeight, Orientation, FirstPage, OtherPages, VertAlign, ApplyPropsTo, Default, FacingPages, HeaderDistance, FooterDistance, SectionStart, OddAndEvenPages, DifferentFirstPage, Endnotes, LineNum, StartingNum, FromText, CountBy, NumMode, TwoOnOne, GutterPosition, LayoutMode, CharsLine, LinesPage, CharPitch, LinePitch, DocFontName, DocFontSize, PageColumns, TextFlow, FirstPageOnLeft, SectionType, RTLAlignment"
WdWordDialog,Enumeration,wdDialogFilePageSetup,178,"Tab, PaperSize, TopMargin, BottomMargin, LeftMargin, RightMargin, Gutter, PageWidth, PageHeight, Orientation, FirstPage, OtherPages, VertAlign, ApplyPropsTo, Default, FacingPages, HeaderDistance, FooterDistance, SectionStart, OddAndEvenPages, DifferentFirstPage, Endnotes, LineNum, StartingNum, FromText, CountBy, NumMode, TwoOnOne, GutterPosition, LayoutMode, CharsLine, LinesPage, CharPitch, LinePitch, DocFontName, DocFontSize, PageColumns, TextFlow, FirstPageOnLeft, SectionType, RTLAlignment, FolioPrint"
WdWordDialog,Enumeration,wdDialogFormatTabs,179,"Position, DefTabs, Align, Leader, Set, Clear, ClearAll"
WdWordDialog,Enumeration,wdDialogFormatStyle,180,"Name, Delete, Merge, NewName, BasedOn, NextStyle, Type, FileName, Source, AddToTemplate, Define, Rename, Apply, New, Link"
WdWordDialog,Enumeration,wdDialogFormatDefineStyleFont,181,"Points, Underline, Color, StrikeThrough, Superscript, Subscript, Hidden, SmallCaps, AllCaps, Spacing, Position, Kerning, KerningMin, Default, Tab, Font, Bold, Italic, DoubleStrikeThrough, Shadow, Outline, Emboss, Engrave, Scale, Animations, CharAccent, FontMajor, FontLowAnsi, FontHighAnsi, CharacterWidthGrid, ColorRGB, UnderlineColor, PointsBi, ColorBi, FontNameBi, BoldBi, ItalicBi, DiacColor"
WdWordDialog,Enumeration,wdDialogFormatDefineStylePara,182,"LeftIndent, RightIndent, Before, After, LineSpacingRule, LineSpacing, Alignment, WidowControl, KeepWithNext, KeepTogether, PageBreak, NoLineNum, DontHyphen, Tab, FirstIndent, OutlineLevel, Kinsoku, WordWrap, OverflowPunct, TopLinePunct, AutoSpaceDE, LineHeightGrid, AutoSpaceDN, CharAlign, CharacterUnitLeftIndent, AdjustRight, CharacterUnitFirstIndent, CharacterUnitRightIndent, LineUnitBefore, LineUnitAfter, NoSpaceBetweenParagraphsOfSameStyle, OrientationBi"
WdWordDialog,Enumeration,wdDialogFormatDefineStyleTabs,183,"Position, DefTabs, Align, Leader, Set, Clear, ClearAll"
WdWordDialog,Enumeration,wdDialogFormatDefineStyleFrame,184,"Wrap, WidthRule, FixedWidth, HeightRule, FixedHeight, PositionHorz, PositionHorzRel, DistFromText, PositionVert, PositionVertRel, DistVertFromText, MoveWithText, LockAnchor, RemoveFrame"
WdWordDialog,Enumeration,wdDialogFormatDefineStyleBorders,185,"ApplyTo, Shadow, TopBorder, LeftBorder, BottomBorder, RightBorder, HorizBorder, VertBorder, TopColor, LeftColor, BottomColor, RightColor, HorizColor, VertColor, FromText, Shading, Foreground, Background, Tab, FineShading, TopStyle, LeftStyle, BottomStyle, RightStyle, HorizStyle, VertStyle, TopWeight, LeftWeight, BottomWeight, RightWeight, HorizWeight, VertWeight, BorderObjectType, BorderArtWeight, BorderArt, FromTextTop, FromTextBottom, FromTextLeft, FromTextRight, OffsetFrom, InFront, SurroundHeader, SurroundFooter, JoinBorder, LineColor, WhichPages, TL2BRBorder, TR2BLBorder, TL2BRColor, TR2BLColor, TL2BRStyle, TR2BLStyle, TL2BRWeight, TR2BLWeight, ForegroundRGB, BackgroundRGB, TopColorRGB, LeftColorRGB, BottomColorRGB, RightColorRGB, HorizColorRGB, VertColorRGB, TL2BRColorRGB, TR2BLColorRGB, LineColorRGB"
WdWordDialog,Enumeration,wdDialogFormatDefineStyleLang,186,"Language, CheckLanguage, Default, NoProof"
WdWordDialog,Enumeration,wdDialogFormatPicture,187,"SetSize, CropLeft, CropRight, CropTop, CropBottom, ScaleX, ScaleY, SizeX, SizeY"
WdWordDialog,Enumeration,wdDialogToolsLanguage,188,(none)
WdWordDialog,Enumeration,wdDialogFormatBordersAndShading,189,"ApplyTo, Shadow, TopBorder, LeftBorder, BottomBorder, RightBorder, HorizBorder, VertBorder, TopColor, LeftColor, BottomColor, RightColor, HorizColor, VertColor, FromText, Shading, Foreground, Background, Tab, FineShading, TopStyle, LeftStyle, BottomStyle, RightStyle, HorizStyle, VertStyle, TopWeight, LeftWeight, BottomWeight, RightWeight, HorizWeight, VertWeight, BorderObjectType, BorderArtWeight, BorderArt, FromTextTop, FromTextBottom, FromTextLeft, FromTextRight, OffsetFrom, InFront, SurroundHeader, SurroundFooter, JoinBorder, LineColor, WhichPages, TL2BRBorder, TR2BLBorder, TL2BRColor, TR2BLColor, TL2BRStyle, TR2BLStyle, TL2BRWeight, TR2BLWeight, ForegroundRGB, BackgroundRGB, TopColorRGB, LeftColorRGB, BottomColorRGB, RightColorRGB, HorizColorRGB, VertColorRGB, TL2BRColorRGB, TR2BLColorRGB, LineColorRGB"
WdWordDialog,Enumeration,wdDialogFormatFrame,190,"Wrap, WidthRule, FixedWidth, HeightRule, FixedHeight, PositionHorz, PositionHorzRel, DistFromText, PositionVert, PositionVertRel, DistVertFromText, MoveWithText, LockAnchor, RemoveFrame"
WdWordDialog,Enumeration,wdDialogToolsThesaurus,194,(none)
WdWordDialog,Enumeration,wdDialogToolsHyphenation,195,(none)
WdWordDialog,Enumeration,wdDialogToolsBulletsNumbers,196,(none)
WdWordDialog,Enumeration,wdDialogToolsHighlightChanges,197,(none)
WdWordDialog,Enumeration,wdDialogToolsRevisions,197,(none)
WdWordDialog,Enumeration,wdDialogToolsCompareDocuments,198,(none)
WdWordDialog,Enumeration,wdDialogTableSort,199,(none)
WdWordDialog,Enumeration,wdDialogToolsOptionsGeneral,203,(none)
WdWordDialog,Enumeration,wdDialogToolsOptionsView,204,(none)
WdWordDialog,Enumeration,wdDialogToolsAdvancedSettings,206,(none)
WdWordDialog,Enumeration,wdDialogToolsOptionsPrint,208,(none)
WdWordDialog,Enumeration,wdDialogToolsOptionsSave,209,(none)
WdWordDialog,Enumeration,wdDialogToolsOptionsSpellingAndGrammar,211,(none)
WdWordDialog,Enumeration,wdDialogToolsOptionsUserInfo,213,(none)
WdWordDialog,Enumeration,wdDialogToolsMacroRecord,214,(none)
WdWordDialog,Enumeration,wdDialogToolsMacro,215,(none)
WdWordDialog,Enumeration,wdDialogWindowActivate,220,(none)
WdWordDialog,Enumeration,wdDialogFormatRetAddrFonts,221,"Points, Underline, Color, StrikeThrough, Superscript, Subscript, Hidden, SmallCaps, AllCaps, Spacing, Position, Kerning, KerningMin, Default, Tab, Font, Bold, Italic, DoubleStrikeThrough, Shadow, Outline, Emboss, Engrave, Scale, Animations, CharAccent, FontMajor, FontLowAnsi, FontHighAnsi, CharacterWidthGrid, ColorRGB, UnderlineColor, PointsBi, ColorBi, FontNameBi, BoldBi, ItalicBi, DiacColor"
WdWordDialog,Enumeration,wdDialogOrganizer,222,(none)
WdWordDialog,Enumeration,wdDialogToolsOptionsEdit,224,(none)
WdWordDialog,Enumeration,wdDialogToolsOptionsFileLocations,225,(none)
WdWordDialog,Enumeration,wdDialogToolsWordCount,228,(none)
WdWordDialog,Enumeration,wdDialogControlRun,235,Application
WdWordDialog,Enumeration,wdDialogInsertPageNumbers,294,"Type, Position, FirstPage"
WdWordDialog,Enumeration,wdDialogFormatPageNumber,298,"ChapterNumber, NumRestart, NumFormat, StartingNum, Level, Separator, DoubleQuote, PgNumberingStyle"
WdWordDialog,Enumeration,wdDialogCopyFile,300,"FileName, Directory"
WdWordDialog,Enumeration,wdDialogFormatChangeCase,322,Type
WdWordDialog,Enumeration,wdDialogUpdateTOC,331,(none)
WdWordDialog,Enumeration,wdDialogInsertDatabase,341,"Format, Style, LinkToSource, Connection, SQLStatement, SQLStatement1, PasswordDoc, PasswordDot, DataSource, From, To, IncludeFields, WritePasswordDoc, WritePasswordDot"
WdWordDialog,Enumeration,wdDialogTableFormula,348,(none)
WdWordDialog,Enumeration,wdDialogFormFieldOptions,353,"Entry, Exit, Name, Enable, TextType, TextWidth, TextDefault, TextFormat, CheckSize, CheckWidth, CheckDefault, Type, OwnHelp, HelpText, OwnStat, StatText, Calculate"
WdWordDialog,Enumeration,wdDialogInsertCaption,357,"Label, TitleAutoText, Title, Delete, Position, AutoCaption, ExcludeLabel"
WdWordDialog,Enumeration,wdDialogInsertCaptionNumbering,358,"Label, FormatNumber, ChapterNumber, Level, Separator, CapNumberingStyle"
WdWordDialog,Enumeration,wdDialogInsertAutoCaption,359,"Clear, ClearAll, Object, Label, Position"
WdWordDialog,Enumeration,wdDialogFormFieldHelp,361,(none)
WdWordDialog,Enumeration,wdDialogInsertCrossReference,367,"ReferenceType, ReferenceKind, ReferenceItem, InsertAsHyperLink, InsertPosition, SeparateNumbers, SeparatorCharacters"
WdWordDialog,Enumeration,wdDialogInsertFootnote,370,"Reference, NoteType, Symbol, FootNumberAs, EndNumberAs, FootnotesAt, EndnotesAt, FootNumberingStyle, EndNumberingStyle, FootStartingNum, FootRestartNum, EndStartingNum, EndRestartNum, ApplyPropsTo"
WdWordDialog,Enumeration,wdDialogNoteOptions,373,(none)
WdWordDialog,Enumeration,wdDialogToolsAutoCorrect,378,(none)
WdWordDialog,Enumeration,wdDialogToolsOptionsTrackChanges,386,(none)
WdWordDialog,Enumeration,wdDialogConvertObject,392,"IconNumber, ActivateAs, IconFileName, Caption, Class, DisplayIcon, Floating"
WdWordDialog,Enumeration,wdDialogInsertAddCaption,402,Name
WdWordDialog,Enumeration,wdDialogConnect,420,"Drive, Path, Password"
WdWordDialog,Enumeration,wdDialogToolsCustomizeKeyboard,432,(none)
WdWordDialog,Enumeration,wdDialogToolsCustomizeMenus,433,(none)
WdWordDialog,Enumeration,wdDialogToolsMergeDocuments,435,(none)
WdWordDialog,Enumeration,wdDialogMarkTableOfContentsEntry,442,(none)
WdWordDialog,Enumeration,wdDialogFileMacPageSetupGX,444,"Macintosh-only. For information about this constant, consult the language reference Help included with Microsoft Office Macintosh Edition."
WdWordDialog,Enumeration,wdDialogFilePrintOneCopy,445,"Macintosh-only. For information about this constant, consult the language reference Help included with Microsoft Office Macintosh Edition."
WdWordDialog,Enumeration,wdDialogEditFrame,458,"Wrap, WidthRule, FixedWidth, HeightRule, FixedHeight, PositionHorz, PositionHorzRel, DistFromText, PositionVert, PositionVertRel, DistVertFromText, MoveWithText, LockAnchor, RemoveFrame"
WdWordDialog,Enumeration,wdDialogMarkCitation,463,(none)
WdWordDialog,Enumeration,wdDialogTableOfContentsOptions,470,(none)
WdWordDialog,Enumeration,wdDialogInsertTableOfAuthorities,471,"Outline, Fields, From, To, TableId, AddedStyles, Caption, HeadingSeparator, Replace, MarkEntry, AutoMark, MarkCitation, Type, RightAlignPageNumbers, Passim, KeepFormatting, Columns, Category, Label, ShowPageNumbers, AccentedLetters, Filter, SortBy, Leader, TOCUseHyperlinks, TOCHidePageNumInWeb, IndexLanguage, UseOutlineLevel"
WdWordDialog,Enumeration,wdDialogInsertTableOfFigures,472,"Outline, Fields, From, To, TableId, AddedStyles, Caption, HeadingSeparator, Replace, MarkEntry, AutoMark, MarkCitation, Type, RightAlignPageNumbers, Passim, KeepFormatting, Columns, Category, Label, ShowPageNumbers, AccentedLetters, Filter, SortBy, Leader, TOCUseHyperlinks, TOCHidePageNumInWeb, IndexLanguage, UseOutlineLevel"
WdWordDialog,Enumeration,wdDialogInsertIndexAndTables,473,"Outline, Fields, From, To, TableId, AddedStyles, Caption, HeadingSeparator, Replace, MarkEntry, AutoMark, MarkCitation, Type, RightAlignPageNumbers, Passim, KeepFormatting, Columns, Category, Label, ShowPageNumbers, AccentedLetters, Filter, SortBy, Leader, TOCUseHyperlinks, TOCHidePageNumInWeb, IndexLanguage, UseOutlineLevel"
WdWordDialog,Enumeration,wdDialogInsertFormField,483,"Entry, Exit, Name, Enable, TextType, TextWidth, TextDefault, TextFormat, CheckSize, CheckWidth, CheckDefault, Type, OwnHelp, HelpText, OwnStat, StatText, Calculate"
WdWordDialog,Enumeration,wdDialogFormatDropCap,488,"Position, Font, DropHeight, DistFromText"
WdWordDialog,Enumeration,wdDialogToolsCreateLabels,489,(none)
WdWordDialog,Enumeration,wdDialogToolsProtectDocument,503,(none)
WdWordDialog,Enumeration,wdDialogFormatStyleGallery,505,"Template, Preview"
WdWordDialog,Enumeration,wdDialogToolsAcceptRejectChanges,506,(none)
WdWordDialog,Enumeration,wdDialogHelpWordPerfectHelpOptions,511,"CommandKeyHelp, DocNavKeys, MouseSimulation, DemoGuidance, DemoSpeed, HelpType"
WdWordDialog,Enumeration,wdDialogToolsUnprotectDocument,521,(none)
WdWordDialog,Enumeration,wdDialogToolsOptionsCompatibility,525,(none)
WdWordDialog,Enumeration,wdDialogTableOfCaptionsOptions,551,(none)
WdWordDialog,Enumeration,wdDialogTableAutoFormat,563,(none)
WdWordDialog,Enumeration,wdDialogMailMergeFindRecord,569,(none)
WdWordDialog,Enumeration,wdDialogReviewAfmtRevisions,570,(none)
WdWordDialog,Enumeration,wdDialogViewZoom,577,(none)
WdWordDialog,Enumeration,wdDialogToolsProtectSection,578,(none)
WdWordDialog,Enumeration,wdDialogFontSubstitution,581,"UnavailableFont, SubstituteFont"
WdWordDialog,Enumeration,wdDialogInsertSubdocument,583,"Name, ConfirmConversions, ReadOnly, LinkToSource, AddToMru, PasswordDoc, PasswordDot, Revert, WritePasswordDoc, WritePasswordDot, Connection, SQLStatement, SQLStatement1, Format, Encoding, Visible, OpenExclusive, OpenAndRepair, SubType, DocumentDirection, NoEncodingDialog, XMLTransform"
WdWordDialog,Enumeration,wdDialogNewToolbar,586,(none)
WdWordDialog,Enumeration,wdDialogToolsEnvelopesAndLabels,607,(none)
WdWordDialog,Enumeration,wdDialogFormatCallout,610,"Type, Gap, Angle, Drop, Length, Border, AutoAttach, Accent"
WdWordDialog,Enumeration,wdDialogTableFormatCell,612,(none)
WdWordDialog,Enumeration,wdDialogToolsCustomizeMenuBar,615,(none)
WdWordDialog,Enumeration,wdDialogFileRoutingSlip,624,"Subject, Message, AllAtOnce, ReturnWhenDone, TrackStatus, Protect, AddSlip, RouteDocument, AddRecipient, OldRecipient, ResetSlip, ClearSlip, ClearRecipients, Address"
WdWordDialog,Enumeration,wdDialogEditTOACategory,625,"Category, CategoryName"
WdWordDialog,Enumeration,wdDialogToolsManageFields,631,(none)
WdWordDialog,Enumeration,wdDialogDrawSnapToGrid,633,"SnapToGrid, XGrid, YGrid, XOrigin, YOrigin, SnapToShapes, XGridDisplay, YGridDisplay, FollowMargins, ViewGridLines, DefineLineBasedOnGrid"
WdWordDialog,Enumeration,wdDialogDrawAlign,634,"Horizontal, Vertical, RelativeTo"
WdWordDialog,Enumeration,wdDialogMailMergeCreateDataSource,642,"FileName, PasswordDoc, PasswordDot, HeaderRecord, MSQuery, SQLStatement, SQLStatement1, Connection, LinkToSource, WritePasswordDoc"
WdWordDialog,Enumeration,wdDialogMailMergeCreateHeaderSource,643,"FileName, PasswordDoc, PasswordDot, HeaderRecord, MSQuery, SQLStatement, SQLStatement1, Connection, LinkToSource, WritePasswordDoc"
WdWordDialog,Enumeration,wdDialogMailMerge,676,"CheckErrors, Destination, MergeRecords, From, To, Suppression, MailMerge, QueryOptions, MailSubject, MailAsAttachment, MailAddress"
WdWordDialog,Enumeration,wdDialogMailMergeCheck,677,CheckErrors
WdWordDialog,Enumeration,wdDialogMailMergeHelper,680,(none)
WdWordDialog,Enumeration,wdDialogMailMergeQueryOptions,681,(none)
WdWordDialog,Enumeration,wdDialogFileMacPageSetup,685,"Macintosh-only. For information about this constant, consult the language reference Help included with Microsoft Office Macintosh Edition."
WdWordDialog,Enumeration,wdDialogListCommands,723,ListType
WdWordDialog,Enumeration,wdDialogEditCreatePublisher,732,"Macintosh-only. For information about this constant, consult the language reference Help included with Microsoft Office Macintosh Edition."
WdWordDialog,Enumeration,wdDialogEditSubscribeTo,733,"Macintosh-only. For information about this constant, consult the language reference Help included with Microsoft Office Macintosh Edition."
WdWordDialog,Enumeration,wdDialogEditPublishOptions,735,"Macintosh-only. For information about this constant, consult the language reference Help included with Microsoft Office Macintosh Edition."
WdWordDialog,Enumeration,wdDialogEditSubscribeOptions,736,"Macintosh-only. For information about this constant, consult the language reference Help included with Microsoft Office Macintosh Edition."
WdWordDialog,Enumeration,wdDialogFileMacCustomPageSetupGX,737,"Macintosh-only. For information about this constant, consult the language reference Help included with Microsoft Office Macintosh Edition."
WdWordDialog,Enumeration,wdDialogToolsOptionsTypography,739,(none)
WdWordDialog,Enumeration,wdDialogToolsAutoCorrectExceptions,762,(none)
WdWordDialog,Enumeration,wdDialogToolsOptionsAutoFormatAsYouType,778,(none)
WdWordDialog,Enumeration,wdDialogMailMergeUseAddressBook,779,(none)
WdWordDialog,Enumeration,wdDialogToolsHangulHanjaConversion,784,(none)
WdWordDialog,Enumeration,wdDialogToolsOptionsFuzzy,790,(none)
WdWordDialog,Enumeration,wdDialogEditGoToOld,811,(none)
WdWordDialog,Enumeration,wdDialogInsertNumber,812,NumPic
WdWordDialog,Enumeration,wdDialogLetterWizard,821,"SenderCity, DateFormat, IncludeHeaderFooter, LetterStyle, Letterhead, LetterheadLocation, LetterheadSize, RecipientName, RecipientAddress, Salutation, SalutationType, RecipientGender, RecipientReference, MailingInstructions, AttentionLine, LetterSubject, CCList, SenderName, ReturnAddress, Closing, SenderJobTitle, SenderCompany, SenderInitials, EnclosureNumber, PageDesign, InfoBlock, SenderGender, ReturnAddressSF, RecipientCode, SenderCode, SenderReference"
WdWordDialog,Enumeration,wdDialogFormatBulletsAndNumbering,824,(none)
WdWordDialog,Enumeration,wdDialogToolsSpellingAndGrammar,828,(none)
WdWordDialog,Enumeration,wdDialogToolsCreateDirectory,833,(none)
WdWordDialog,Enumeration,wdDialogTableWrapping,854,(none)
WdWordDialog,Enumeration,wdDialogFormatTheme,855,(none)
WdWordDialog,Enumeration,wdDialogTableProperties,861,(none)
WdWordDialog,Enumeration,wdDialogEmailOptions,863,(none)
WdWordDialog,Enumeration,wdDialogCreateAutoText,872,(none)
WdWordDialog,Enumeration,wdDialogToolsAutoSummarize,874,(none)
WdWordDialog,Enumeration,wdDialogToolsGrammarSettings,885,(none)
WdWordDialog,Enumeration,wdDialogEditGoTo,896,"Find, Replace, Direction, MatchCase, WholeWord, PatternMatch, SoundsLike, FindNext, ReplaceOne, ReplaceAll, Format, Wrap, FindAllWordForms, MatchByte, FuzzyFind, Destination, CorrectEnd, MatchKashida, MatchDiacritics, MatchAlefHamza, MatchControl"
WdWordDialog,Enumeration,wdDialogWebOptions,898,(none)
WdWordDialog,Enumeration,wdDialogInsertHyperlink,925,(none)
WdWordDialog,Enumeration,wdDialogToolsAutoManager,915,(none)
WdWordDialog,Enumeration,wdDialogFileVersions,945,"AutoVersion, VersionDesc"
WdWordDialog,Enumeration,wdDialogToolsOptionsAutoFormat,959,(none)
WdWordDialog,Enumeration,wdDialogFormatDrawingObject,960,"Left, PositionHorzRel, Top, PositionVertRel, LockAnchor, FloatOverText, LayoutInCell, WrapSide, TopDistanceFromText, BottomDistanceFromText, LeftDistanceFromText, RightDistanceFromText, Wrap, WordWrap, AutoSize, HRWidthType, HRHeight, HRNoshade, HRAlign, Text, AllowOverlap, HorizRule"
WdWordDialog,Enumeration,wdDialogToolsOptions,974,(none)
WdWordDialog,Enumeration,wdDialogFitText,983,FitTextWidth
WdWordDialog,Enumeration,wdDialogEditAutoText,985,"Name, Context, InsertAs, Insert, Add, Define, InsertAsText, Delete, CompleteAT"
WdWordDialog,Enumeration,wdDialogPhoneticGuide,986,(none)
WdWordDialog,Enumeration,wdDialogToolsDictionary,989,(none)
WdWordDialog,Enumeration,wdDialogFileSaveVersion,1007,(none)
WdWordDialog,Enumeration,wdDialogToolsOptionsBidi,1029,(none)
WdWordDialog,Enumeration,wdDialogFrameSetProperties,1074,(none)
WdWordDialog,Enumeration,wdDialogTableTableOptions,1080,(none)
WdWordDialog,Enumeration,wdDialogTableCellOptions,1081,(none)
WdWordDialog,Enumeration,wdDialogIMESetDefault,1094,(none)
WdWordDialog,Enumeration,wdDialogTCSCTranslator,1156,(none)
WdWordDialog,Enumeration,wdDialogHorizontalInVertical,1160,(none)
WdWordDialog,Enumeration,wdDialogTwoLinesInOne,1161,(none)
WdWordDialog,Enumeration,wdDialogFormatEncloseCharacters,1162,"Style, Text, Enclosure"
WdWordDialog,Enumeration,wdDialogConsistencyChecker,1121,(none)
WdWordDialog,Enumeration,wdDialogToolsOptionsSmartTag,1395,(none)
WdWordDialog,Enumeration,wdDialogFormatStylesCustom,1248,(none)
WdWordDialog,Enumeration,wdDialogCSSLinks,1261,LinkStyles
WdWordDialog,Enumeration,wdDialogInsertWebComponent,1324,"IconNumber, FileName, Link, DisplayIcon, Tab, Class, IconFileName, Caption, Floating"
WdWordDialog,Enumeration,wdDialogToolsOptionsEditCopyPaste,1356,(none)
WdWordDialog,Enumeration,wdDialogToolsOptionsSecurity,1361,(none)
WdWordDialog,Enumeration,wdDialogSearch,1363,(none)
WdWordDialog,Enumeration,wdDialogShowRepairs,1381,(none)
WdWordDialog,Enumeration,wdDialogMailMergeInsertAsk,4047,(none)
WdWordDialog,Enumeration,wdDialogMailMergeInsertFillIn,4048,(none)
WdWordDialog,Enumeration,wdDialogMailMergeInsertIf,4049,(none)
WdWordDialog,Enumeration,wdDialogMailMergeInsertNextIf,4053,(none)
WdWordDialog,Enumeration,wdDialogMailMergeInsertSet,4054,(none)
WdWordDialog,Enumeration,wdDialogMailMergeInsertSkipIf,4055,(none)
WdWordDialog,Enumeration,wdDialogMailMergeFieldMapping,1304,(none)
WdWordDialog,Enumeration,wdDialogMailMergeInsertAddressBlock,1305,(none)
WdWordDialog,Enumeration,wdDialogMailMergeInsertGreetingLine,1306,(none)
WdWordDialog,Enumeration,wdDialogMailMergeInsertFields,1307,(none)
WdWordDialog,Enumeration,wdDialogMailMergeRecipients,1308,(none)
WdWordDialog,Enumeration,wdDialogMailMergeFindRecipient,1326,(none)
WdWordDialog,Enumeration,wdDialogMailMergeSetDocumentType,1339,(none)
WdWordDialog,Enumeration,wdDialogLabelOptions,1367,(none)
WdWordDialog,Enumeration,wdDialogXMLElementAttributes,1460,(none)
WdWordDialog,Enumeration,wdDialogSchemaLibrary,1417,(none)
WdWordDialog,Enumeration,wdDialogPermission,1469,(none)
WdWordDialog,Enumeration,wdDialogMyPermission,1437,(none)
WdWordDialog,Enumeration,wdDialogXMLOptions,1425,(none)
WdWordDialog,Enumeration,wdDialogFormattingRestrictions,1427,(none)
WdWordDialog,Enumeration,wdDialogSourceManager,1920,(none)
WdWordDialog,Enumeration,wdDialogCreateSource,1922,(none)
WdWordDialog,Enumeration,wdDialogDocumentInspector,1482,(none)
WdWordDialog,Enumeration,wdDialogStyleManagement,1948,(none)
WdWordDialog,Enumeration,wdDialogInsertSource,2120,(none)
WdWordDialog,Enumeration,wdDialogOMathRecognizedFunctions,2165,(none)
WdWordDialog,Enumeration,wdDialogInsertPlaceholder,2348,(none)
WdWordDialog,Enumeration,wdDialogBuildingBlockOrganizer,2067,(none)
WdWordDialog,Enumeration,wdDialogContentControlProperties,2394,(none)
WdWordDialog,Enumeration,wdDialogCompatibilityChecker,2439,
WdWordDialog,Enumeration,wdDialogExportAsFixedFormat,2349,
WdWordDialog,Enumeration,wdDialogFileNew2007,1116,
WdWordDialogHID,Enumeration,emptyenum,0,
WdWordDialogTab,Enumeration,wdDialogToolsOptionsTabView,204,View tab of the Options dialog box.
WdWordDialogTab,Enumeration,wdDialogToolsOptionsTabGeneral,203,General tab of the Options dialog box.
WdWordDialogTab,Enumeration,wdDialogToolsOptionsTabEdit,224,Edit tab of the Options dialog box.
WdWordDialogTab,Enumeration,wdDialogToolsOptionsTabPrint,208,Print tab of the Options dialog box.
WdWordDialogTab,Enumeration,wdDialogToolsOptionsTabSave,209,Save tab of the Options dialog box.
WdWordDialogTab,Enumeration,wdDialogToolsOptionsTabProofread,211,Spelling and Grammar tab of the Options dialog box.
WdWordDialogTab,Enumeration,wdDialogToolsOptionsTabTrackChanges,386,Track Changes tab of the Options dialog box.
WdWordDialogTab,Enumeration,wdDialogToolsOptionsTabUserInfo,213,User Information tab of the Options dialog box.
WdWordDialogTab,Enumeration,wdDialogToolsOptionsTabCompatibility,525,Compatibility tab of the Options dialog box.
WdWordDialogTab,Enumeration,wdDialogToolsOptionsTabTypography,739,Asian Typography tab of the Options dialog box.
WdWordDialogTab,Enumeration,wdDialogToolsOptionsTabFileLocations,225,File Locations tab of the Options dialog box.
WdWordDialogTab,Enumeration,wdDialogToolsOptionsTabFuzzy,790,Not supported.
WdWordDialogTab,Enumeration,wdDialogToolsOptionsTabHangulHanjaConversion,786,Hangul Hanja Conversion tab of the Options dialog box.
WdWordDialogTab,Enumeration,wdDialogToolsOptionsTabBidi,1029,Complex Scripts tab of the Options dialog box.
WdWordDialogTab,Enumeration,wdDialogToolsOptionsTabSecurity,1361,Security tab of the Options dialog box.
WdWordDialogTab,Enumeration,wdDialogFilePageSetupTabMargins,150000,Margins tab of the Page Setup dialog box.
WdWordDialogTab,Enumeration,wdDialogFilePageSetupTabPaper,150001,Paper tab of the Page Setup dialog box.
WdWordDialogTab,Enumeration,wdDialogFilePageSetupTabLayout,150003,Layout tab of the Page Setup dialog box.
WdWordDialogTab,Enumeration,wdDialogFilePageSetupTabCharsLines,150004,"Margins tab of the Page Setup dialog box, with Apply To drop-down list active."
WdWordDialogTab,Enumeration,wdDialogInsertSymbolTabSymbols,200000,Symbols tab of the Symbol dialog box.
WdWordDialogTab,Enumeration,wdDialogInsertSymbolTabSpecialCharacters,200001,Special Characters tab of the Symbol dialog box.
WdWordDialogTab,Enumeration,wdDialogNoteOptionsTabAllFootnotes,300000,All Footnotes tab of the Note Options dialog box.
WdWordDialogTab,Enumeration,wdDialogNoteOptionsTabAllEndnotes,300001,All Endnotes tab of the Note Options dialog box.
WdWordDialogTab,Enumeration,wdDialogInsertIndexAndTablesTabIndex,400000,Index tab of the Index and Tables dialog box.
WdWordDialogTab,Enumeration,wdDialogInsertIndexAndTablesTabTableOfContents,400001,Table of Contents tab of the Index and Tables dialog box.
WdWordDialogTab,Enumeration,wdDialogInsertIndexAndTablesTabTableOfFigures,400002,Table of Figures tab of the Index and Tables dialog box.
WdWordDialogTab,Enumeration,wdDialogInsertIndexAndTablesTabTableOfAuthorities,400003,Table of Authorities tab of the Index and Tables dialog box.
WdWordDialogTab,Enumeration,wdDialogOrganizerTabStyles,500000,Styles tab of the Organizer dialog box.
WdWordDialogTab,Enumeration,wdDialogOrganizerTabAutoText,500001,AutoText tab of the Organizer dialog box.
WdWordDialogTab,Enumeration,wdDialogOrganizerTabCommandBars,500002,Command Bars tab of the Organizer dialog box.
WdWordDialogTab,Enumeration,wdDialogOrganizerTabMacros,500003,Macros tab of the Organizer dialog box.
WdWordDialogTab,Enumeration,wdDialogFormatFontTabFont,600000,Font tab of the Font dialog box.
WdWordDialogTab,Enumeration,wdDialogFormatFontTabCharacterSpacing,600001,Character Spacing tab of the Font dialog box.
WdWordDialogTab,Enumeration,wdDialogFormatFontTabAnimation,600002,Animation tab of the Font dialog box.
WdWordDialogTab,Enumeration,wdDialogFormatBordersAndShadingTabBorders,700000,Borders tab of the Borders dialog box.
WdWordDialogTab,Enumeration,wdDialogFormatBordersAndShadingTabPageBorder,700001,Page Border tab of the Borders dialog box.
WdWordDialogTab,Enumeration,wdDialogFormatBordersAndShadingTabShading,700002,Shading tab of the Borders dialog box.
WdWordDialogTab,Enumeration,wdDialogToolsEnvelopesAndLabelsTabEnvelopes,800000,Envelopes tab of the Envelopes and Labels dialog box.
WdWordDialogTab,Enumeration,wdDialogToolsEnvelopesAndLabelsTabLabels,800001,Labels tab of the Envelopes and Labels dialog box.
WdWordDialogTab,Enumeration,wdDialogFormatParagraphTabIndentsAndSpacing,1000000,Indents and Spacing tab of the Paragraph dialog box.
WdWordDialogTab,Enumeration,wdDialogFormatParagraphTabTextFlow,1000001,Line and Page Breaks tab of the Paragraph dialog box.
WdWordDialogTab,Enumeration,wdDialogFormatParagraphTabTeisai,1000002,"Line and Page Breaks tab of the Paragraph dialog box, with choices appropriate for Asian text."
WdWordDialogTab,Enumeration,wdDialogFormatDrawingObjectTabColorsAndLines,1200000,Colors and Lines tab of the Format Drawing Object dialog box.
WdWordDialogTab,Enumeration,wdDialogFormatDrawingObjectTabSize,1200001,Size tab of the Format Drawing Object dialog box.
WdWordDialogTab,Enumeration,wdDialogFormatDrawingObjectTabPosition,1200002,Position tab of the Format Drawing Object dialog box.
WdWordDialogTab,Enumeration,wdDialogFormatDrawingObjectTabWrapping,1200003,Wrapping tab of the Format Drawing Object dialog box.
WdWordDialogTab,Enumeration,wdDialogFormatDrawingObjectTabPicture,1200004,Picture tab of the Format Drawing Object dialog box.
WdWordDialogTab,Enumeration,wdDialogFormatDrawingObjectTabTextbox,1200005,Textbox tab of the Format Drawing Object dialog box.
WdWordDialogTab,Enumeration,wdDialogFormatDrawingObjectTabWeb,1200006,Web tab of the Format Drawing Object dialog box.
WdWordDialogTab,Enumeration,wdDialogFormatDrawingObjectTabHR,1200007,Colors and Lines tab of the Format Drawing Object dialog box.
WdWordDialogTab,Enumeration,wdDialogToolsAutoCorrectExceptionsTabFirstLetter,1400000,First Letter tab of the AutoCorrect Exceptions dialog box.
WdWordDialogTab,Enumeration,wdDialogToolsAutoCorrectExceptionsTabInitialCaps,1400001,Initial Caps tab of the AutoCorrect Exceptions dialog box.
WdWordDialogTab,Enumeration,wdDialogToolsAutoCorrectExceptionsTabHangulAndAlphabet,1400002,Hangul and Alphabet tab of the AutoCorrect Exceptions dialog box. Available only in multi-language versions.
WdWordDialogTab,Enumeration,wdDialogToolsAutoCorrectExceptionsTabIac,1400003,Other Corrections tab of the AutoCorrect Exceptions dialog box.
WdWordDialogTab,Enumeration,wdDialogFormatBulletsAndNumberingTabBulleted,1500000,Bulleted tab of the Bullets and Numbering dialog box.
WdWordDialogTab,Enumeration,wdDialogFormatBulletsAndNumberingTabNumbered,1500001,Numbered tab of the Bullets and Numbering dialog box.
WdWordDialogTab,Enumeration,wdDialogFormatBulletsAndNumberingTabOutlineNumbered,1500002,Outline Numbered tab of the Bullets and Numbering dialog box.
WdWordDialogTab,Enumeration,wdDialogLetterWizardTabLetterFormat,1600000,Letter Format tab of the Letter Wizard dialog box.
WdWordDialogTab,Enumeration,wdDialogLetterWizardTabRecipientInfo,1600001,Recipient Info tab of the Letter Wizard dialog box.
WdWordDialogTab,Enumeration,wdDialogLetterWizardTabOtherElements,1600002,Other Elements tab of the Letter Wizard dialog box.
WdWordDialogTab,Enumeration,wdDialogLetterWizardTabSenderInfo,1600003,Sender Info tab of the Letter Wizard dialog box.
WdWordDialogTab,Enumeration,wdDialogToolsAutoManagerTabAutoCorrect,1700000,AutoCorrect tab of the AutoCorrect dialog box.
WdWordDialogTab,Enumeration,wdDialogToolsAutoManagerTabAutoFormatAsYouType,1700001,Format As You Type tab of the AutoCorrect dialog box.
WdWordDialogTab,Enumeration,wdDialogToolsAutoManagerTabAutoText,1700002,AutoText tab of the AutoCorrect dialog box.
WdWordDialogTab,Enumeration,wdDialogToolsAutoManagerTabAutoFormat,1700003,AutoFormat tab of the AutoCorrect dialog box.
WdWordDialogTab,Enumeration,wdDialogToolsAutoManagerTabSmartTags,1700004,Smart Tags tab of the AutoCorrect dialog box.
WdWordDialogTab,Enumeration,wdDialogTablePropertiesTabTable,1800000,Table tab of the Table Properties dialog box.
WdWordDialogTab,Enumeration,wdDialogTablePropertiesTabRow,1800001,Row tab of the Table Properties dialog box.
WdWordDialogTab,Enumeration,wdDialogTablePropertiesTabColumn,1800002,Column tab of the Table Properties dialog box.
WdWordDialogTab,Enumeration,wdDialogTablePropertiesTabCell,1800003,Cell tab of the Table Properties dialog box.
WdWordDialogTab,Enumeration,wdDialogEmailOptionsTabSignature,1900000,Email Signature tab of the Email Options dialog box.
WdWordDialogTab,Enumeration,wdDialogEmailOptionsTabStationary,1900001,Personal Stationary tab of the Email Options dialog box.
WdWordDialogTab,Enumeration,wdDialogEmailOptionsTabQuoting,1900002,General tab of the Email Options dialog box.
WdWordDialogTab,Enumeration,wdDialogWebOptionsBrowsers,2000000,Browsers tab of the Web Options dialog box.
WdWordDialogTab,Enumeration,wdDialogWebOptionsGeneral,2000000,General tab of the Web Options dialog box.
WdWordDialogTab,Enumeration,wdDialogWebOptionsFiles,2000001,Files tab of the Web Options dialog box.
WdWordDialogTab,Enumeration,wdDialogWebOptionsPictures,2000002,Pictures tab of the Web Options dialog box.
WdWordDialogTab,Enumeration,wdDialogWebOptionsEncoding,2000003,Encoding tab of the Web Options dialog box.
WdWordDialogTab,Enumeration,wdDialogWebOptionsFonts,2000004,Fonts tab of the Web Options dialog box.
WdWordDialogTab,Enumeration,wdDialogToolsOptionsTabAcetate,1266,Not supported.
WdWordDialogTab,Enumeration,wdDialogTemplates,2100000,Templates tab of the Templates and Add-ins dialog box.
WdWordDialogTab,Enumeration,wdDialogTemplatesXMLSchema,2100001,XML Schema tab of the Templates and Add-ins dialog box.
WdWordDialogTab,Enumeration,wdDialogTemplatesXMLExpansionPacks,2100002,XML Expansion Packs tab of the Templates and Add-ins dialog box.
WdWordDialogTab,Enumeration,wdDialogTemplatesLinkedCSS,2100003,Linked CSS tab of the Templates and Add-ins dialog box.
WdWordDialogTab,Enumeration,wdDialogStyleManagementTabEdit,2200000,Edit tab of the Style Management dialog box.
WdWordDialogTab,Enumeration,wdDialogStyleManagementTabRecommend,2200001,Recommend tab of the Style Management dialog box.
WdWordDialogTab,Enumeration,wdDialogStyleManagementTabRestrict,2200002,Restrict tab of the Style Management dialog box.
WdWordDialogTabHID,Enumeration,wdDialogFilePageSetupTabPaperSize,150001,
WdWordDialogTabHID,Enumeration,wdDialogFilePageSetupTabPaperSource,150002,
WdWrapSideType,Enumeration,wdWrapBoth,0,Both sides of the specified shape.
WdWrapSideType,Enumeration,wdWrapLeft,1,Left side of shape only.
WdWrapSideType,Enumeration,wdWrapRight,2,Right side of shape only.
WdWrapSideType,Enumeration,wdWrapLargest,3,Side of the shape that is farthest from the page margin.
WdWrapType,Enumeration,wdWrapSquare,0,Wraps text around the shape. Line continuation is on the opposite side of the shape.
WdWrapType,Enumeration,wdWrapTight,1,Wraps text close to the shape.
WdWrapType,Enumeration,wdWrapThrough,2,Wraps text around the shape.
WdWrapType,Enumeration,wdWrapNone,3,Places shape in front of text. See also wdWrapFront.
WdWrapType,Enumeration,wdWrapTopBottom,4,Places text above and below the shape.
WdWrapType,Enumeration,wdWrapBehind,5,Places shape behind text.
WdWrapType,Enumeration,wdWrapFront,3,Places shape in front of text. See also wdWrapNone.
WdWrapType,Enumeration,wdWrapInline,7,Places shapes in line with text.
WdWrapTypeMerged,Enumeration,wdWrapMergeInline,0,In line with text.
WdWrapTypeMerged,Enumeration,wdWrapMergeSquare,1,Square.
WdWrapTypeMerged,Enumeration,wdWrapMergeTight,2,Tight.
WdWrapTypeMerged,Enumeration,wdWrapMergeBehind,3,Behind text.
WdWrapTypeMerged,Enumeration,wdWrapMergeFront,4,In front of text.
WdWrapTypeMerged,Enumeration,wdWrapMergeThrough,5,Through.
WdWrapTypeMerged,Enumeration,wdWrapMergeTopBottom,6,Top and bottom.
WdXMLNodeLevel,Enumeration,wdXMLNodeLevelInline,0,
WdXMLNodeLevel,Enumeration,wdXMLNodeLevelParagraph,1,
WdXMLNodeLevel,Enumeration,wdXMLNodeLevelRow,2,
WdXMLNodeLevel,Enumeration,wdXMLNodeLevelCell,3,
WdXMLNodeType,Enumeration,wdXMLNodeElement,1,
WdXMLNodeType,Enumeration,wdXMLNodeAttribute,2,
WdXMLSelectionChangeReason,Enumeration,wdXMLSelectionChangeReasonMove,0,
WdXMLSelectionChangeReason,Enumeration,wdXMLSelectionChangeReasonInsert,1,
WdXMLSelectionChangeReason,Enumeration,wdXMLSelectionChangeReasonDelete,2,
WdXMLValidationStatus,Enumeration,wdXMLValidationStatusOK,0,
WdXMLValidationStatus,Enumeration,wdXMLValidationStatusCustom,-1072898048,
XlAxisCrosses,Enumeration,xlAxisCrossesAutomatic,-4105,Word sets the axis crossing point.
XlAxisCrosses,Enumeration,xlAxisCrossesCustom,-4114,The CrossesAt property specifies the axis crossing point.
XlAxisCrosses,Enumeration,xlAxisCrossesMaximum,2,The axis crosses at the maximum value.
XlAxisCrosses,Enumeration,xlAxisCrossesMinimum,4,The axis crosses at the minimum value.
XlAxisGroup,Enumeration,xlPrimary,1,The primary axis group.
XlAxisGroup,Enumeration,xlSecondary,2,The secondary axis group.
XlAxisType,Enumeration,xlCategory,1,Axis displays categories.
XlAxisType,Enumeration,xlSeriesAxis,3,Axis displays data series.
XlAxisType,Enumeration,xlValue,2,Axis displays values.
XlBackground,Enumeration,xlBackgroundAutomatic,-4105,Word controls the background.
XlBackground,Enumeration,xlBackgroundOpaque,3,An opaque background.
XlBackground,Enumeration,xlBackgroundTransparent,2,A transparent background.
XlBarShape,Enumeration,xlBox,0,A box.
XlBarShape,Enumeration,xlPyramidToPoint,1,"A pyramid, coming to a point at the specified value."
XlBarShape,Enumeration,xlPyramidToMax,2,"A pyramid, truncated at the specified value."
XlBarShape,Enumeration,xlCylinder,3,A cylinder.
XlBarShape,Enumeration,xlConeToPoint,4,"A cone, coming to a point at the specified value."
XlBarShape,Enumeration,xlConeToMax,5,"A cone, truncated at the specified value."
XlBinsType,Enumeration,xlBinsTypeAutomatic,0,Sets bins type automatically.
XlBinsType,Enumeration,xlBinsTypeCategorical,1,Sets bins type by category.
XlBinsType,Enumeration,xlBinsTypeManual,2,Sets bins type manually.
XlBinsType,Enumeration,xlBinsTypeBinSize,3,Sets bins type by size.
XlBinsType,Enumeration,xlBinsTypeBinCount,4,Sets bins type by count.
XlBorderWeight,Enumeration,xlHairline,1,A hairline border (thinnest border).
XlBorderWeight,Enumeration,xlMedium,-4138,A medium border.
XlBorderWeight,Enumeration,xlThick,4,A thick border (widest border).
XlBorderWeight,Enumeration,xlThin,2,A thin border.
XlCategoryLabelLevel,Enumeration,xlCategoryLabelLevelNone,-3,Use no category labels in the chart. Defaults to automatic indexed labels.
XlCategoryLabelLevel,Enumeration,xlCategoryLabelLevelCustom,-2,Indicates literal data in the category labels.
XlCategoryLabelLevel,Enumeration,xlCategoryLabelLevelAll,-1,Use all category label levels within range on the chart. The default.
XlCategorySortOrder,Enumeration,xlIndexAscending,0,
XlCategorySortOrder,Enumeration,xlIndexDescending,1,
XlCategorySortOrder,Enumeration,xlCategoryAscending,2,
XlCategorySortOrder,Enumeration,xlCategoryDescending,3,
XlCategoryType,Enumeration,xlCategoryScale,2,Axis groups data by an arbitrary set of categories.
XlCategoryType,Enumeration,xlTimeScale,3,Axis groups data on a time scale.
XlCategoryType,Enumeration,xlAutomaticScale,-4105,Word controls the axis type.
XlChartElementPosition,Enumeration,xlChartElementPositionAutomatic,-4105,Automatically sets the position of the chart element.
XlChartElementPosition,Enumeration,xlChartElementPositionCustom,-4114,Specifies a specific position for the chart element.
XlChartGallery,Enumeration,xlBuiltIn,21,The built-in gallery.
XlChartGallery,Enumeration,xlUserDefined,22,The user-defined gallery.
XlChartGallery,Enumeration,xlAnyGallery,23,Either of the galleries.
XlChartItem,Enumeration,xlDataLabel,0,Data label.
XlChartItem,Enumeration,xlChartArea,2,Chart area.
XlChartItem,Enumeration,xlSeries,3,Series.
XlChartItem,Enumeration,xlChartTitle,4,Chart title.
XlChartItem,Enumeration,xlWalls,5,Walls.
XlChartItem,Enumeration,xlCorners,6,Corners.
XlChartItem,Enumeration,xlDataTable,7,Data table.
XlChartItem,Enumeration,xlTrendline,8,Trend line.
XlChartItem,Enumeration,xlErrorBars,9,Error bars.
XlChartItem,Enumeration,xlXErrorBars,10,X error bars.
XlChartItem,Enumeration,xlYErrorBars,11,Y error bars.
XlChartItem,Enumeration,xlLegendEntry,12,Legend entry.
XlChartItem,Enumeration,xlLegendKey,13,Legend key.
XlChartItem,Enumeration,xlShape,14,Shape.
XlChartItem,Enumeration,xlMajorGridlines,15,Major gridlines.
XlChartItem,Enumeration,xlMinorGridlines,16,Minor gridlines.
XlChartItem,Enumeration,xlAxisTitle,17,Axis title.
XlChartItem,Enumeration,xlUpBars,18,Up bars.
XlChartItem,Enumeration,xlPlotArea,19,Plot area.
XlChartItem,Enumeration,xlDownBars,20,Down bars.
XlChartItem,Enumeration,xlAxis,21,Axis.
XlChartItem,Enumeration,xlSeriesLines,22,Series lines.
XlChartItem,Enumeration,xlFloor,23,Floor.
XlChartItem,Enumeration,xlLegend,24,Legend.
XlChartItem,Enumeration,xlHiLoLines,25,HiLo lines.
XlChartItem,Enumeration,xlDropLines,26,Drop lines.
XlChartItem,Enumeration,xlRadarAxisLabels,27,Radar axis labels.
XlChartItem,Enumeration,xlNothing,28,Nothing.
XlChartItem,Enumeration,xlLeaderLines,29,Leader lines.
XlChartItem,Enumeration,xlDisplayUnitLabel,30,Display unit label.
XlChartItem,Enumeration,xlPivotChartFieldButton,31,PivotChart field button.
XlChartItem,Enumeration,xlPivotChartDropZone,32,PivotChart drop zone.
XlChartPicturePlacement,Enumeration,xlSides,1,Display on sides.
XlChartPicturePlacement,Enumeration,xlEnd,2,Display on end.
XlChartPicturePlacement,Enumeration,xlEndSides,3,Display on end and sides.
XlChartPicturePlacement,Enumeration,xlFront,4,Display on front.
XlChartPicturePlacement,Enumeration,xlFrontSides,5,Display on front and sides.
XlChartPicturePlacement,Enumeration,xlFrontEnd,6,Display on front and end.
XlChartPicturePlacement,Enumeration,xlAllFaces,7,Display on all faces.
XlChartPictureType,Enumeration,xlStackScale,3,The picture is sized to a specified number of units and repeated the length of the bar.
XlChartPictureType,Enumeration,xlStack,2,The picture is sized to repeat a maximum of 15 times in the longest stacked bar.
XlChartPictureType,Enumeration,xlStretch,1,The picture is stretched the full length of the stacked bar.
XlChartSplitType,Enumeration,xlSplitByPosition,1,The second chart displays the smallest values in the data series. The number of values to display is specified by the SplitValue property.
XlChartSplitType,Enumeration,xlSplitByPercentValue,3,The second chart displays values less than a percentage of the total value. The percentage is specified by the SplitValue property.
XlChartSplitType,Enumeration,xlSplitByCustomSplit,4,The second chart displays arbitrary slides.
XlChartSplitType,Enumeration,xlSplitByValue,2,The second chart displays values less than the value specified by the SplitValue property.
XlColorIndex,Enumeration,xlColorIndexAutomatic,-4105,Automatic color.
XlColorIndex,Enumeration,xlColorIndexNone,-4142,No color.
XlConstants,Enumeration,xlAutomatic,-4105,"Word applies automatic settings, such as a color or page number, to the specified object."
XlConstants,Enumeration,xlCombination,-4111,Combination.
XlConstants,Enumeration,xlCustom,-4114,"Word applies custom settings, such as a color or error amount, to the specified object."
XlConstants,Enumeration,xlBar,2,Two-dimensional bar chart group or series.
XlConstants,Enumeration,xlColumn,3,Columnar chart group or series.
XlConstants,Enumeration,xl3DBar,-4099,Three-dimensional bar chart group or series.
XlConstants,Enumeration,xl3DSurface,-4103,Three-dimensional surface chart group or series.
XlConstants,Enumeration,xlDefaultAutoFormat,-1,Word applies default or automatic formatting.
XlConstants,Enumeration,xlNone,-4142,Do not display error bars in the specified chart group or series.
XlConstants,Enumeration,xlAbove,0,The summary row is displayed above the specified range.
XlConstants,Enumeration,xlBelow,1,The summary row is displayed below the specified range.
XlConstants,Enumeration,xlBoth,1,Display positive and negative error bars in the specified chart group or series.
XlConstants,Enumeration,xlBottom,-4107,Bottom.
XlConstants,Enumeration,xlCenter,-4108,Center.
XlConstants,Enumeration,xlChecker,9,Checker pattern.
XlConstants,Enumeration,xlCircle,8,Circle.
XlConstants,Enumeration,xlCorner,2,Corner.
XlConstants,Enumeration,xlCrissCross,16,Criss-cross pattern.
XlConstants,Enumeration,xlCross,4,Cross pattern.
XlConstants,Enumeration,xlDiamond,2,Diamond pattern.
XlConstants,Enumeration,xlDistributed,-4117,Distributed.
XlConstants,Enumeration,xlFill,5,Fill.
XlConstants,Enumeration,xlFixedValue,1,Display error amounts as a fixed value.
XlConstants,Enumeration,xlGeneral,1,General.
XlConstants,Enumeration,xlGray16,17,16% gray pattern.
XlConstants,Enumeration,xlGray25,-4124,25% gray pattern.
XlConstants,Enumeration,xlGray50,-4125,50% gray pattern.
XlConstants,Enumeration,xlGray75,-4126,75% gray pattern.
XlConstants,Enumeration,xlGray8,18,8% gray pattern.
XlConstants,Enumeration,xlGrid,15,Grid pattern.
XlConstants,Enumeration,xlHigh,-4127,High.
XlConstants,Enumeration,xlInside,2,Inside.
XlConstants,Enumeration,xlJustify,-4130,Justify.
XlConstants,Enumeration,xlLeft,-4131,Left.
XlConstants,Enumeration,xlLightDown,13,Light down line pattern.
XlConstants,Enumeration,xlLightHorizontal,11,Light horizontal line pattern.
XlConstants,Enumeration,xlLightUp,14,Light up line pattern.
XlConstants,Enumeration,xlLightVertical,12,Light vertical line pattern.
XlConstants,Enumeration,xlLow,-4134,Low.
XlConstants,Enumeration,xlMaximum,2,Maximum.
XlConstants,Enumeration,xlMinimum,4,Minimum.
XlConstants,Enumeration,xlMinusValues,3,Minus values.
XlConstants,Enumeration,xlNextToAxis,4,Next to axis.
XlConstants,Enumeration,xlOpaque,3,Opaque fill.
XlConstants,Enumeration,xlOutside,3,Outside.
XlConstants,Enumeration,xlPercent,2,Display error amounts as a percentage.
XlConstants,Enumeration,xlPlus,9,Display positive error bars in the specified chart group or series.
XlConstants,Enumeration,xlPlusValues,2,Plus values.
XlConstants,Enumeration,xlRight,-4152,Right.
XlConstants,Enumeration,xlScale,3,Scale.
XlConstants,Enumeration,xlSemiGray75,10,75% semi-gray pattern.
XlConstants,Enumeration,xlShowLabel,4,Show label.
XlConstants,Enumeration,xlShowLabelAndPercent,5,Show label and percent.
XlConstants,Enumeration,xlShowPercent,3,Show percent.
XlConstants,Enumeration,xlShowValue,2,Show value.
XlConstants,Enumeration,xlSingle,2,Single line.
XlConstants,Enumeration,xlSolid,1,Solid pattern.
XlConstants,Enumeration,xlSquare,1,Square.
XlConstants,Enumeration,xlStar,5,Star.
XlConstants,Enumeration,xlStError,4,Display error amounts as a standard error.
XlConstants,Enumeration,xlTop,-4160,Top.
XlConstants,Enumeration,xlTransparent,2,Transparent fill.
XlConstants,Enumeration,xlTriangle,3,Triangle.
XlCopyPictureFormat,Enumeration,xlBitmap,2,"A bitmap (.bmp, .jpg, .gif)."
XlCopyPictureFormat,Enumeration,xlPicture,-4147,"A drawn picture (.png, .wmf, .mix)."
XlDataLabelPosition,Enumeration,xlLabelPositionCenter,-4108,The data label is centered on the data point or is inside a bar or pie chart.
XlDataLabelPosition,Enumeration,xlLabelPositionAbove,0,The data label is positioned above the data point.
XlDataLabelPosition,Enumeration,xlLabelPositionBelow,1,The data label is positioned below the data point.
XlDataLabelPosition,Enumeration,xlLabelPositionLeft,-4131,The data label is positioned to the left of the data point.
XlDataLabelPosition,Enumeration,xlLabelPositionRight,-4152,The data label is positioned to the right of the data point.
XlDataLabelPosition,Enumeration,xlLabelPositionOutsideEnd,2,The data label is positioned outside the data point at the top edge.
XlDataLabelPosition,Enumeration,xlLabelPositionInsideEnd,3,The data label is positioned inside the data point at the top edge.
XlDataLabelPosition,Enumeration,xlLabelPositionInsideBase,4,The data label is positioned inside the data point at the bottom edge.
XlDataLabelPosition,Enumeration,xlLabelPositionBestFit,5,Word sets the position of the data label.
XlDataLabelPosition,Enumeration,xlLabelPositionMixed,6,Data labels are in multiple positions.
XlDataLabelPosition,Enumeration,xlLabelPositionCustom,7,The data label is in a custom position.
XlDataLabelSeparator,Enumeration,xlDataLabelSeparatorDefault,1,Word selects the separator.
XlDataLabelsType,Enumeration,xlDataLabelsShowNone,-4142,No data labels.
XlDataLabelsType,Enumeration,xlDataLabelsShowValue,2,The default value for the point (assumed if this argument is not specified).
XlDataLabelsType,Enumeration,xlDataLabelsShowPercent,3,The percentage of the total. Available only for pie charts and doughnut charts.
XlDataLabelsType,Enumeration,xlDataLabelsShowLabel,4,The category for the point.
XlDataLabelsType,Enumeration,xlDataLabelsShowLabelAndPercent,5,"The percentage of the total, and the category for the point. Available only for pie charts and doughnut charts."
XlDataLabelsType,Enumeration,xlDataLabelsShowBubbleSizes,6,Show the size of the bubble in reference to the absolute value.
XlDisplayBlanksAs,Enumeration,xlInterpolated,3,Values are interpolated into the chart.
XlDisplayBlanksAs,Enumeration,xlNotPlotted,1,Blank cells are not plotted.
XlDisplayBlanksAs,Enumeration,xlZero,2,Blanks are plotted as zero.
XlDisplayUnit,Enumeration,xlHundreds,-2,Hundreds.
XlDisplayUnit,Enumeration,xlThousands,-3,Thousands.
XlDisplayUnit,Enumeration,xlTenThousands,-4,Tens of thousands.
XlDisplayUnit,Enumeration,xlHundredThousands,-5,Hundreds of thousands.
XlDisplayUnit,Enumeration,xlMillions,-6,Millions.
XlDisplayUnit,Enumeration,xlTenMillions,-7,Tens of millions.
XlDisplayUnit,Enumeration,xlHundredMillions,-8,Hundreds of millions.
XlDisplayUnit,Enumeration,xlThousandMillions,-9,Thousands of millions.
XlDisplayUnit,Enumeration,xlMillionMillions,-10,Millions of millions.
XlEndStyleCap,Enumeration,xlCap,1,Caps are applied.
XlEndStyleCap,Enumeration,xlNoCap,2,No caps are applied.
XlErrorBarDirection,Enumeration,xlChartX,-4168,Bars run parallel to the y-axis for x-axis values.
XlErrorBarDirection,Enumeration,xlChartY,1,Bars run parallel to the x-axis for y-axis values.
XlErrorBarInclude,Enumeration,xlErrorBarIncludeBoth,1,Both the positive and negative error range.
XlErrorBarInclude,Enumeration,xlErrorBarIncludeMinusValues,3,Only the negative error range.
XlErrorBarInclude,Enumeration,xlErrorBarIncludeNone,-4142,No error bar range.
XlErrorBarInclude,Enumeration,xlErrorBarIncludePlusValues,2,Only the positive error range.
XlErrorBarType,Enumeration,xlErrorBarTypeCustom,-4114,The range is set by fixed values or cell values.
XlErrorBarType,Enumeration,xlErrorBarTypeFixedValue,1,Fixed-length error bars.
XlErrorBarType,Enumeration,xlErrorBarTypePercent,2,The percentage of the range to be covered by the error bars.
XlErrorBarType,Enumeration,xlErrorBarTypeStDev,-4155,Shows the range for a specified number of standard deviations.
XlErrorBarType,Enumeration,xlErrorBarTypeStError,4,Shows the standard error range.
XlGeoMappingLevel,Enumeration,xlGeoMappingLevelAutomatic,0,
XlGeoMappingLevel,Enumeration,xlGeoMappingLevelDataOnly,1,
XlGeoMappingLevel,Enumeration,xlGeoMappingLevelPostalCode,2,
XlGeoMappingLevel,Enumeration,xlGeoMappingLevelCounty,3,
XlGeoMappingLevel,Enumeration,xlGeoMappingLevelState,4,
XlGeoMappingLevel,Enumeration,xlGeoMappingLevelCountryRegion,5,
XlGeoMappingLevel,Enumeration,xlGeoMappingLevelCountryRegionList,6,
XlGeoMappingLevel,Enumeration,xlGeoMappingLevelWorld,7,
XlGeoProjectionType,Enumeration,xlGeoProjectionTypeAutomatic,0,
XlGeoProjectionType,Enumeration,xlGeoProjectionTypeMercator,1,
XlGeoProjectionType,Enumeration,xlGeoProjectionTypeMiller,2,
XlGeoProjectionType,Enumeration,xlGeoProjectionTypeAlbers,3,
XlGeoProjectionType,Enumeration,xlGeoProjectionTypeRobinson,4,
XlGradientStopPositionType,Enumeration,xlGradientStopPositionTypeExtremeValue,0,
XlGradientStopPositionType,Enumeration,xlGradientStopPositionTypeNumber,1,
XlGradientStopPositionType,Enumeration,xlGradientStopPositionTypePercent,2,
XlHAlign,Enumeration,xlHAlignCenter,-4108,Center.
XlHAlign,Enumeration,xlHAlignCenterAcrossSelection,7,Center across selection.
XlHAlign,Enumeration,xlHAlignDistributed,-4117,Distribute.
XlHAlign,Enumeration,xlHAlignFill,5,Fill.
XlHAlign,Enumeration,xlHAlignGeneral,1,Align according to data type.
XlHAlign,Enumeration,xlHAlignJustify,-4130,Justify.
XlHAlign,Enumeration,xlHAlignLeft,-4131,Left.
XlHAlign,Enumeration,xlHAlignRight,-4152,Right.
XlLegendPosition,Enumeration,xlLegendPositionBottom,-4107,Below the chart.
XlLegendPosition,Enumeration,xlLegendPositionCorner,2,In the upper-right corner of the chart border.
XlLegendPosition,Enumeration,xlLegendPositionLeft,-4131,Left of the chart.
XlLegendPosition,Enumeration,xlLegendPositionRight,-4152,Right of the chart.
XlLegendPosition,Enumeration,xlLegendPositionTop,-4160,Above the chart.
XlLegendPosition,Enumeration,xlLegendPositionCustom,-4161,A custom position.
XlLineStyle,Enumeration,xlContinuous,1,A continuous line.
XlLineStyle,Enumeration,xlDash,-4115,A dashed line.
XlLineStyle,Enumeration,xlDashDot,4,Alternating dashes and dots.
XlLineStyle,Enumeration,xlDashDotDot,5,A dash followed by two dots.
XlLineStyle,Enumeration,xlDot,-4118,A dotted line.
XlLineStyle,Enumeration,xlDouble,-4119,A double line.
XlLineStyle,Enumeration,xlSlantDashDot,13,Slanted dashes.
XlLineStyle,Enumeration,xlLineStyleNone,-4142,No line.
XlMarkerStyle,Enumeration,xlMarkerStyleAutomatic,-4105,Automatic markers.
XlMarkerStyle,Enumeration,xlMarkerStyleCircle,8,Circular markers.
XlMarkerStyle,Enumeration,xlMarkerStyleDash,-4115,Long bar markers.
XlMarkerStyle,Enumeration,xlMarkerStyleDiamond,2,Diamond-shaped markers.
XlMarkerStyle,Enumeration,xlMarkerStyleDot,-4118,Short bar markers.
XlMarkerStyle,Enumeration,xlMarkerStyleNone,-4142,No markers.
XlMarkerStyle,Enumeration,xlMarkerStylePicture,-4147,Picture markers.
XlMarkerStyle,Enumeration,xlMarkerStylePlus,9,Square markers with a plus sign.
XlMarkerStyle,Enumeration,xlMarkerStyleSquare,1,Square markers.
XlMarkerStyle,Enumeration,xlMarkerStyleStar,5,Square markers with an asterisk.
XlMarkerStyle,Enumeration,xlMarkerStyleTriangle,3,Triangular markers.
XlMarkerStyle,Enumeration,xlMarkerStyleX,-4168,Square markers with an X.
XlOrientation,Enumeration,xlDownward,-4170,Text runs downward.
XlOrientation,Enumeration,xlHorizontal,-4128,Text runs horizontally.
XlOrientation,Enumeration,xlUpward,-4171,Text runs upward.
XlOrientation,Enumeration,xlVertical,-4166,Text runs downward and is centered in the cell.
XlParentDataLabelOptions,Enumeration,xlParentDataLabelOptionsNone,0,No parent labels are shown.
XlParentDataLabelOptions,Enumeration,xlParentDataLabelOptionsBanner,1,The parent label layout is a banner above the category.
XlParentDataLabelOptions,Enumeration,xlParentDataLabelOptionsOverlapping,2,The parent label is laid out within the category.
XlPattern,Enumeration,xlPatternAutomatic,-4105,Word controls the pattern.
XlPattern,Enumeration,xlPatternChecker,9,A checkerboard.
XlPattern,Enumeration,xlPatternCrissCross,16,Criss-crossed lines.
XlPattern,Enumeration,xlPatternDown,-4121,Dark diagonal lines running from the upper-left to the lower-right.
XlPattern,Enumeration,xlPatternGray16,17,16% gray.
XlPattern,Enumeration,xlPatternGray25,-4124,25% gray.
XlPattern,Enumeration,xlPatternGray50,-4125,50% gray.
XlPattern,Enumeration,xlPatternGray75,-4126,75% gray.
XlPattern,Enumeration,xlPatternGray8,18,8% gray.
XlPattern,Enumeration,xlPatternGrid,15,A grid.
XlPattern,Enumeration,xlPatternHorizontal,-4128,Dark horizontal lines.
XlPattern,Enumeration,xlPatternLightDown,13,Light diagonal lines running from the upper-left to the lower-right.
XlPattern,Enumeration,xlPatternLightHorizontal,11,Light horizontal lines.
XlPattern,Enumeration,xlPatternLightUp,14,Light diagonal lines running from the lower-left to the upper-right.
XlPattern,Enumeration,xlPatternLightVertical,12,Light vertical bars.
XlPattern,Enumeration,xlPatternNone,-4142,No pattern.
XlPattern,Enumeration,xlPatternSemiGray75,10,75% dark moir.
XlPattern,Enumeration,xlPatternSolid,1,A solid color.
XlPattern,Enumeration,xlPatternUp,-4162,Dark diagonal lines running from the lower-left to the upper-right.
XlPattern,Enumeration,xlPatternVertical,-4166,Dark vertical bars.
XlPattern,Enumeration,xlPatternLinearGradient,4000,A linear gradient.
XlPattern,Enumeration,xlPatternRectangularGradient,4001,A rectangular gradient.
XlPictureAppearance,Enumeration,xlPrinter,2,The picture is copied as it will look when it is printed.
XlPictureAppearance,Enumeration,xlScreen,1,The picture is copied to resemble its display on the screen as closely as possible.
XlPieSliceIndex,Enumeration,xlOuterCounterClockwisePoint,1,The outermost counterclockwise point of the circumference of a slice.
XlPieSliceIndex,Enumeration,xlOuterCenterPoint,2,The outer center point of the circumference of a slice.
XlPieSliceIndex,Enumeration,xlOuterClockwisePoint,3,The outermost clockwise point of the circumference of a slice.
XlPieSliceIndex,Enumeration,xlMidClockwiseRadiusPoint,4,The midpoint of the most clockwise radius of a slice.
XlPieSliceIndex,Enumeration,xlCenterPoint,5,The center point of a pie slice.
XlPieSliceIndex,Enumeration,xlMidCounterClockwiseRadiusPoint,6,The midpoint of the most counterclockwise radius of a slice.
XlPieSliceIndex,Enumeration,xlInnerClockwisePoint,7,The innermost point of the most clockwise radius of a doughnut slice.
XlPieSliceIndex,Enumeration,xlInnerCenterPoint,8,The innermost center point of a doughnut slice.
XlPieSliceIndex,Enumeration,xlInnerCounterClockwisePoint,9,The innermost point of the most counterclockwise radius of a doughnut slice.
XlPieSliceLocation,Enumeration,xlHorizontalCoordinate,1,
XlPieSliceLocation,Enumeration,xlVerticalCoordinate,2,
XlPivotFieldOrientation,Enumeration,xlColumnField,2,A column field.
XlPivotFieldOrientation,Enumeration,xlDataField,4,A data field.
XlPivotFieldOrientation,Enumeration,xlHidden,0,A hidden field.
XlPivotFieldOrientation,Enumeration,xlPageField,3,A page field.
XlPivotFieldOrientation,Enumeration,xlRowField,1,A row field.
XlReadingOrder,Enumeration,xlContext,-5002,According to context.
XlReadingOrder,Enumeration,xlLTR,-5003,Left-to-right.
XlReadingOrder,Enumeration,xlRTL,-5004,Right-to-left.
XlRegionLabelOptions,Enumeration,xlRegionLabelOptionsNone,0,
XlRegionLabelOptions,Enumeration,xlRegionLabelOptionsBestFitOnly,1,
XlRegionLabelOptions,Enumeration,xlRegionLabelOptionsShowAll,2,
XlRgbColor,Enumeration,xlAliceBlue,16775408,Alice Blue
XlRgbColor,Enumeration,xlAntiqueWhite,14150650,Antique White
XlRgbColor,Enumeration,xlAqua,16776960,Aqua
XlRgbColor,Enumeration,xlAquamarine,13959039,Aquamarine
XlRgbColor,Enumeration,xlAzure,16777200,Azure
XlRgbColor,Enumeration,xlBeige,14480885,Beige
XlRgbColor,Enumeration,xlBisque,12903679,Bisque
XlRgbColor,Enumeration,xlBlack,0,Black
XlRgbColor,Enumeration,xlBlanchedAlmond,13495295,Blanched Almond
XlRgbColor,Enumeration,xlBlue,16711680,Blue
XlRgbColor,Enumeration,xlBlueViolet,14822282,Blue Violet
XlRgbColor,Enumeration,xlBrown,2763429,Brown
XlRgbColor,Enumeration,xlBurlyWood,8894686,Burly Wood
XlRgbColor,Enumeration,xlCadetBlue,10526303,Cadet Blue
XlRgbColor,Enumeration,xlChartreuse,65407,Chartreuse
XlRgbColor,Enumeration,xlCoral,5275647,Coral
XlRgbColor,Enumeration,xlCornflowerBlue,15570276,Cornflower Blue
XlRgbColor,Enumeration,xlCornsilk,14481663,Cornsilk
XlRgbColor,Enumeration,xlCrimson,3937500,Crimson
XlRgbColor,Enumeration,xlDarkBlue,9109504,Dark Blue
XlRgbColor,Enumeration,xlDarkCyan,9145088,Dark Cyan
XlRgbColor,Enumeration,xlDarkGoldenrod,755384,Dark Goldenrod
XlRgbColor,Enumeration,xlDarkGreen,25600,Dark Green
XlRgbColor,Enumeration,xlDarkGray,11119017,Dark Gray
XlRgbColor,Enumeration,xlDarkGrey,11119017,Dark Grey
XlRgbColor,Enumeration,xlDarkKhaki,7059389,Dark Khaki
XlRgbColor,Enumeration,xlDarkMagenta,9109643,Dark Magenta
XlRgbColor,Enumeration,xlDarkOliveGreen,3107669,Dark Olive Green
XlRgbColor,Enumeration,xlDarkOrange,36095,Dark Orange
XlRgbColor,Enumeration,xlDarkOrchid,13382297,Dark Orchid
XlRgbColor,Enumeration,xlDarkRed,139,Dark Red
XlRgbColor,Enumeration,xlDarkSalmon,8034025,Dark Salmon
XlRgbColor,Enumeration,xlDarkSeaGreen,9419919,Dark Sea Green
XlRgbColor,Enumeration,xlDarkSlateBlue,9125192,Dark Slate Blue
XlRgbColor,Enumeration,xlDarkSlateGray,5197615,Dark Slate Gray
XlRgbColor,Enumeration,xlDarkSlateGrey,5197615,Dark Slate Grey
XlRgbColor,Enumeration,xlDarkTurquoise,13749760,Dark Turquoise
XlRgbColor,Enumeration,xlDarkViolet,13828244,Dark Violet
XlRgbColor,Enumeration,xlDeepPink,9639167,Deep Pink
XlRgbColor,Enumeration,xlDeepSkyBlue,16760576,Deep Sky Blue
XlRgbColor,Enumeration,xlDimGray,6908265,Dim Gray
XlRgbColor,Enumeration,xlDimGrey,6908265,Dim Grey
XlRgbColor,Enumeration,xlDodgerBlue,16748574,Dodger Blue
XlRgbColor,Enumeration,xlFireBrick,2237106,Fire Brick
XlRgbColor,Enumeration,xlFloralWhite,15792895,Floral White
XlRgbColor,Enumeration,xlForestGreen,2263842,Forest Green
XlRgbColor,Enumeration,xlFuchsia,16711935,Fuchsia
XlRgbColor,Enumeration,xlGainsboro,14474460,Gainsboro
XlRgbColor,Enumeration,xlGhostWhite,16775416,Ghost White
XlRgbColor,Enumeration,xlGold,55295,Gold
XlRgbColor,Enumeration,xlGoldenrod,2139610,Goldenrod
XlRgbColor,Enumeration,xlGray,8421504,Gray
XlRgbColor,Enumeration,xlGreen,32768,Green
XlRgbColor,Enumeration,xlGrey,8421504,Grey
XlRgbColor,Enumeration,xlGreenYellow,3145645,Green Yellow
XlRgbColor,Enumeration,xlHoneydew,15794160,Honeydew
XlRgbColor,Enumeration,xlHotPink,11823615,Hot Pink
XlRgbColor,Enumeration,xlIndianRed,6053069,Indian Red
XlRgbColor,Enumeration,xlIndigo,8519755,Indigo
XlRgbColor,Enumeration,xlIvory,15794175,Ivory
XlRgbColor,Enumeration,xlKhaki,9234160,Khaki
XlRgbColor,Enumeration,xlLavender,16443110,Lavender
XlRgbColor,Enumeration,xlLavenderBlush,16118015,Lavender Blush
XlRgbColor,Enumeration,xlLawnGreen,64636,Lawn Green
XlRgbColor,Enumeration,xlLemonChiffon,13499135,Lemon Chiffon
XlRgbColor,Enumeration,xlLightBlue,15128749,Light Blue
XlRgbColor,Enumeration,xlLightCoral,8421616,Light Coral
XlRgbColor,Enumeration,xlLightCyan,9145088,Light Cyan
XlRgbColor,Enumeration,xlLightGoldenrodYellow,13826810,LightGoldenrodYellow
XlRgbColor,Enumeration,xlLightGray,13882323,Light Gray
XlRgbColor,Enumeration,xlLightGreen,9498256,Light Green
XlRgbColor,Enumeration,xlLightGrey,13882323,Light Grey
XlRgbColor,Enumeration,xlLightPink,12695295,Light Pink
XlRgbColor,Enumeration,xlLightSalmon,8036607,Light Salmon
XlRgbColor,Enumeration,xlLightSeaGreen,11186720,Light Sea Green
XlRgbColor,Enumeration,xlLightSkyBlue,16436871,Light Sky Blue
XlRgbColor,Enumeration,xlLightSlateGray,10061943,Light Slate Gray
XlRgbColor,Enumeration,xlLightSlateGrey,10061943,Light Slate Grey
XlRgbColor,Enumeration,xlLightSteelBlue,14599344,Light Steel Blue
XlRgbColor,Enumeration,xlLightYellow,14745599,Light Yellow
XlRgbColor,Enumeration,xlLime,65280,Lime
XlRgbColor,Enumeration,xlLimeGreen,3329330,Lime Green
XlRgbColor,Enumeration,xlLinen,15134970,Linen
XlRgbColor,Enumeration,xlMaroon,128,Maroon
XlRgbColor,Enumeration,xlMediumAquamarine,11206502,Medium Aquamarine
XlRgbColor,Enumeration,xlMediumBlue,13434880,Medium Blue
XlRgbColor,Enumeration,xlMediumOrchid,13850042,Medium Orchid
XlRgbColor,Enumeration,xlMediumPurple,14381203,Medium Purple
XlRgbColor,Enumeration,xlMediumSeaGreen,7451452,Medium Sea Green
XlRgbColor,Enumeration,xlMediumSlateBlue,15624315,Medium Slate Blue
XlRgbColor,Enumeration,xlMediumSpringGreen,10156544,Medium Spring Green
XlRgbColor,Enumeration,xlMediumTurquoise,13422920,Medium Turquoise
XlRgbColor,Enumeration,xlMediumVioletRed,8721863,Medium Violet Red
XlRgbColor,Enumeration,xlMidnightBlue,7346457,Midnight Blue
XlRgbColor,Enumeration,xlMintCream,16449525,Mint Cream
XlRgbColor,Enumeration,xlMistyRose,14804223,Misty Rose
XlRgbColor,Enumeration,xlMoccasin,11920639,Moccasin
XlRgbColor,Enumeration,xlNavajoWhite,11394815,Navajo White
XlRgbColor,Enumeration,xlNavy,8388608,Navy
XlRgbColor,Enumeration,xlNavyBlue,8388608,Navy Blue
XlRgbColor,Enumeration,xlOldLace,15136253,Old Lace
XlRgbColor,Enumeration,xlOlive,32896,Olive
XlRgbColor,Enumeration,xlOliveDrab,2330219,Olive Drab
XlRgbColor,Enumeration,xlOrange,42495,Orange
XlRgbColor,Enumeration,xlOrangeRed,17919,Orange Red
XlRgbColor,Enumeration,xlOrchid,14053594,Orchid
XlRgbColor,Enumeration,xlPaleGoldenrod,7071982,Pale Goldenrod
XlRgbColor,Enumeration,xlPaleGreen,10025880,Pale Green
XlRgbColor,Enumeration,xlPaleTurquoise,15658671,Pale Turquoise
XlRgbColor,Enumeration,xlPaleVioletRed,9662683,Pale Violet Red
XlRgbColor,Enumeration,xlPapayaWhip,14020607,Papaya Whip
XlRgbColor,Enumeration,xlPeachPuff,12180223,Peach Puff
XlRgbColor,Enumeration,xlPeru,4163021,Peru
XlRgbColor,Enumeration,xlPink,13353215,Pink
XlRgbColor,Enumeration,xlPlum,14524637,Plum
XlRgbColor,Enumeration,xlPowderBlue,15130800,Powder Blue
XlRgbColor,Enumeration,xlPurple,8388736,Purple
XlRgbColor,Enumeration,xlRed,255,Red
XlRgbColor,Enumeration,xlRosyBrown,9408444,Rosy Brown
XlRgbColor,Enumeration,xlRoyalBlue,14772545,Royal Blue
XlRgbColor,Enumeration,xlSalmon,7504122,Salmon
XlRgbColor,Enumeration,xlSandyBrown,6333684,Sandy Brown
XlRgbColor,Enumeration,xlSeaGreen,5737262,Sea Green
XlRgbColor,Enumeration,xlSeashell,15660543,Seashell
XlRgbColor,Enumeration,xlSienna,2970272,Sienna
XlRgbColor,Enumeration,xlSilver,12632256,Silver
XlRgbColor,Enumeration,xlSkyBlue,15453831,Sky Blue
XlRgbColor,Enumeration,xlSlateBlue,13458026,Slate Blue
XlRgbColor,Enumeration,xlSlateGray,9470064,Slate Gray
XlRgbColor,Enumeration,xlSlateGrey,9470064,Slate Grey
XlRgbColor,Enumeration,xlSnow,16448255,Snow
XlRgbColor,Enumeration,xlSpringGreen,8388352,Spring Green
XlRgbColor,Enumeration,xlSteelBlue,11829830,Steel Blue
XlRgbColor,Enumeration,xlTan,9221330,Tan
XlRgbColor,Enumeration,xlTeal,8421376,Teal
XlRgbColor,Enumeration,xlThistle,14204888,Thistle
XlRgbColor,Enumeration,xlTomato,4678655,Tomato
XlRgbColor,Enumeration,xlTurquoise,13688896,Turquoise
XlRgbColor,Enumeration,xlYellow,65535,Yellow
XlRgbColor,Enumeration,xlYellowGreen,3329434,Yellow Green
XlRgbColor,Enumeration,xlViolet,15631086,Violet
XlRgbColor,Enumeration,xlWheat,11788021,Wheat
XlRgbColor,Enumeration,xlWhite,16777215,White
XlRgbColor,Enumeration,xlWhiteSmoke,16119285,White Smoke
XlRowCol,Enumeration,xlColumns,2,The data series is in a row.
XlRowCol,Enumeration,xlRows,1,The data series is in a column.
XlScaleType,Enumeration,xlScaleLinear,-4132,A linear scale.
XlScaleType,Enumeration,xlScaleLogarithmic,-4133,A logarithmic scale.
XlSeriesColorGradientStyle,Enumeration,xlSeriesColorGradientStyleSequential,0,
XlSeriesColorGradientStyle,Enumeration,xlSeriesColorGradientStyleDiverging,1,
XlSeriesNameLevel,Enumeration,xlSeriesNameLevelNone,-3,Sets no series names in the chart.
XlSeriesNameLevel,Enumeration,xlSeriesNameLevelCustom,-2,Indicates literal data in the series names.
XlSeriesNameLevel,Enumeration,xlSeriesNameLevelAll,-1,Sets series names to all series name levels within range on the chart. The default.
XlSizeRepresents,Enumeration,xlSizeIsWidth,2,The width of the bubble.
XlSizeRepresents,Enumeration,xlSizeIsArea,1,The area of the bubble.
XlTickLabelOrientation,Enumeration,xlTickLabelOrientationAutomatic,-4105,The text orientation is set by Microsoft Word.
XlTickLabelOrientation,Enumeration,xlTickLabelOrientationDownward,-4170,The text runs downward.
XlTickLabelOrientation,Enumeration,xlTickLabelOrientationHorizontal,-4128,The characters run horizontally.
XlTickLabelOrientation,Enumeration,xlTickLabelOrientationUpward,-4171,The text runs upward.
XlTickLabelOrientation,Enumeration,xlTickLabelOrientationVertical,-4166,The characters run vertically.
XlTickLabelPosition,Enumeration,xlTickLabelPositionHigh,-4127,The top or right side of the chart.
XlTickLabelPosition,Enumeration,xlTickLabelPositionLow,-4134,The bottom or left side of the chart.
XlTickLabelPosition,Enumeration,xlTickLabelPositionNextToAxis,4,Next to the axis (where the axis is not at either side of the chart).
XlTickLabelPosition,Enumeration,xlTickLabelPositionNone,-4142,No tick marks.
XlTickMark,Enumeration,xlTickMarkCross,4,Crosses the axis.
XlTickMark,Enumeration,xlTickMarkInside,2,Inside the axis.
XlTickMark,Enumeration,xlTickMarkNone,-4142,No mark.
XlTickMark,Enumeration,xlTickMarkOutside,3,Outside the axis.
XlTimeUnit,Enumeration,xlDays,0,Days
XlTimeUnit,Enumeration,xlMonths,1,Months
XlTimeUnit,Enumeration,xlYears,2,Years
XlTrendlineType,Enumeration,xlExponential,5,"Uses an equation to calculate the least squares fit through points (for example, y=ab^x) ."
XlTrendlineType,Enumeration,xlLinear,-4132,Uses the linear equation y = mx + b to calculate the least squares fit through points.
XlTrendlineType,Enumeration,xlLogarithmic,-4133,Uses the equation y = c ln x + b to calculate the least squares fit through points.
XlTrendlineType,Enumeration,xlMovingAvg,6,Uses a sequence of averages computed from parts of the data series. The number of points equals the total number of points in the series minus the number specified for the period.
XlTrendlineType,Enumeration,xlPolynomial,3,"Uses an equation to calculate the least squares fit through points (for example, y = ax^6 + bx^5 + cx^4 + dx^3 + ex^2 + fx + g)."
XlTrendlineType,Enumeration,xlPower,4,"Uses an equation to calculate the least squares fit through points (for example, y = ax^b)."
XlUnderlineStyle,Enumeration,xlUnderlineStyleDouble,-4119,Double thick underline.
XlUnderlineStyle,Enumeration,xlUnderlineStyleDoubleAccounting,5,Two thin underlines placed close together.
XlUnderlineStyle,Enumeration,xlUnderlineStyleNone,-4142,No underline.
XlUnderlineStyle,Enumeration,xlUnderlineStyleSingle,2,Single underline.
XlUnderlineStyle,Enumeration,xlUnderlineStyleSingleAccounting,4,Not supported.
XlVAlign,Enumeration,xlVAlignBottom,-4107,Bottom alignment.
XlVAlign,Enumeration,xlVAlignCenter,-4108,Center alignment.
XlVAlign,Enumeration,xlVAlignDistributed,-4117,Distributed alignment.
XlVAlign,Enumeration,xlVAlignJustify,-4130,Justified alignment.
XlVAlign,Enumeration,xlVAlignTop,-4160,Top alignment.
XlValueSortOrder,Enumeration,xlValueNone,0,
XlValueSortOrder,Enumeration,xlValueAscending,1,
XlValueSortOrder,Enumeration,xlValueDescending,2,
